timestamp,Delta,Theta,Alpha,Beta,Gamma
0.0,-2.3594326859092187,-0.2475788094423585,3.6699608865494335,-17.5206459943852,-0.1290673105356929
0.00390625,-4.229185193374612,0.7272661255328572,10.996760414200425,17.272462945693963,0.7445821915339356
0.0078125,-2.003583493849746,3.95807584604103,-8.910773960374197,-16.80467504671079,0.20070288421715127
0.01171875,2.5002626218177615,-0.9936532183165824,2.581869217520685,31.614464161696077,0.3906841017111982
0.015625,-2.3314702670894527,-0.15234428828725868,1.8063420696916097,42.82181304681333,-0.19277942056352487
0.01953125,-0.354000205649468,-0.5891713694799036,9.161667685876267,11.178093063123068,-1.1803251138524045
0.0234375,-4.2958750937330406,-3.6523067692989155,15.707397551038245,-10.932482100785858,0.3806324505544602
0.02734375,2.075977467340569,2.095499859905998,6.427234153581959,46.9077405495065,-0.7414834545732463
0.03125,-0.8399134958505668,-3.433985153107731,20.561897965324526,6.845330570743325,-0.3419170004524722
0.03515625,-3.3772238721020984,-3.62979846030514,-5.598635536135039,-60.96298890119355,0.672945629312522
0.0390625,-0.7877393341981235,1.8542169264193769,14.38126783017591,11.072481899817891,-0.7551168517592709
0.04296875,6.911980807785659,-4.6565556094190965,-3.6268667250929103,5.656717481608254,0.6263782158050168
0.046875,0.8256741717914408,1.725212565999629,5.375383089102529,-13.395016533091157,0.23392372388009663
0.05078125,2.156294374300547,-1.4023181168579637,-7.663507755275736,3.628081581481971,0.04099363833103671
0.0546875,2.481842720302956,5.621453319521988,-11.93218117317137,-22.646781109059276,0.6209675827727518
0.05859375,6.2879695333216725,-4.044639429992212,-5.051540844046464,54.932542555999945,0.9340522463421592
0.0625,1.50169582556493,-2.4908835769123376,-15.810077850304973,39.815922142143975,-1.194318243645388
0.06640625,2.9052878939861406,2.7445030600539426,-10.356139089350558,6.5879286136146185,0.013179331370981399
0.0703125,4.5383224953580985,6.29370249777744,4.518533523708571,9.585690829200486,0.026163168306506616
0.07421875,3.860478643187061,2.134322528100217,-4.055235351469452,11.59073927201949,0.363048925543645
0.078125,1.5997648772318338,1.921989615237497,0.7139354879723019,41.85597679919531,0.30798855129909664
0.08203125,-4.665189988668197,0.17304221390637092,-6.575682798861773,-7.918200005128783,-0.9991327774670323
0.0859375,2.1433458077975036,-0.955926005840936,-0.8070415328641904,-57.65150906539834,-0.2725143041487842
0.08984375,0.09631353731306198,1.6621705564618061,-9.080102339374827,-37.270230132374714,0.06046387332038881
0.09375,-2.9128668095999495,6.079300331175607,-13.963713442360877,-72.10999225258709,-0.512017822967712
0.09765625,-0.4967004711336483,1.2963192149521567,-8.245236620581956,-23.262023524654342,-0.3616250872422232
0.1015625,5.384998448577487,2.6795654990664612,2.868811510341527,8.350315556983013,-0.5471735597192067
0.10546875,3.127474244761935,-0.9159855953601266,-2.041044987463626,35.30510065747206,-0.2414272873679666
0.109375,2.3694099023393833,-4.325688051826444,-12.663630321523954,13.651425889239707,0.21567927015833122
0.11328125,-4.5051499003297915,4.735945355185555,-10.569548647337822,54.890085108525106,0.7937805906111877
0.1171875,3.76278380461956,-1.372860748892561,11.62296422199676,42.640301964135425,0.4945459321102722
0.12109375,5.34922105489508,4.246649112740897,4.964433752030608,16.159291400436686,0.4350759747125174
0.125,-2.0328541617291207,-1.6299562582218963,-5.7660416545304045,-35.89292144101958,0.645536117935888
0.12890625,3.7522683117913145,7.228354579337132,3.951175029499182,-8.629493945548566,-0.10880068522801052
0.1328125,-3.8260103066617286,-3.6201927684883994,-8.091394770603536,54.40794835239625,-0.5652790943587551
0.13671875,-7.302382310551213,3.4966946525133644,-1.0052094519822479,4.0684689021115865,0.1618422130902717
0.140625,-4.838462576693586,-2.014182032755924,14.782940971267015,-56.95461660385661,0.337229759452035
0.14453125,-7.251728180404903,5.365784045145545,14.340558923848965,-23.904289634806307,-1.1203974441569868
0.1484375,3.35053409527692,2.009499229630333,1.860174678314599,-4.9690328780713315,0.9354282224640185
0.15234375,-7.840484494929695,1.7367671771164135,6.261622321790907,16.84723281201186,0.42520941549328717
0.15625,-2.3166898066810737,-0.4049864841597815,0.8013655125710468,-13.377460479969443,-0.7350875022601734
0.16015625,-3.5494042550930205,1.1128383335696195,-4.851170891557994,18.52675057127344,-0.38039081163074495
0.1640625,3.167521322324236,5.501897503909303,8.215784500388018,48.935700499470336,1.2045129660953773
0.16796875,-2.207833994480536,-2.0971299507618055,3.1244356171906587,27.770073296062776,0.0633909232179428
0.171875,-0.8197927058552431,-0.16541311050807503,-14.038618345597115,-20.605553661668928,0.026680072823883193
0.17578125,-0.39010847097025075,-4.1451508969651005,-7.930289832205542,-31.979752356922265,0.8374381446695639
0.1796875,-6.851427339969157,-2.516338849090894,-9.84748176632543,-14.199951696005023,-0.4990038481253359
0.18359375,-2.604355376475363,-0.7017185783069466,6.147247739738724,-63.85900864949153,-1.1207612105359952
0.1875,-5.650435446324667,4.174346204487462,5.332608419102972,-11.403365980462768,-0.21431776185215334
0.19140625,5.289014209839672,1.200729831213951,8.319052444872796,-8.374914000064216,-0.20072908475356513
0.1953125,-7.271932956867785,4.43666905622226,-0.6326400012333738,-24.436329753119697,0.28126643729331874
0.19921875,3.9389641868452143,-3.9092413450042933,-18.690051146138103,-36.815031896798864,0.7535172616554061
0.203125,8.58419870725069,0.5803319774178457,9.851597093945772,-7.221390612060311,-0.6404586385894978
0.20703125,6.597588445634916,0.05658812699055439,1.2424153942260707,18.612295284441156,0.3016119117085021
0.2109375,-4.276205042398436,-1.081238616097671,1.7256139509261912,21.875024446103826,-0.32618988098011265
0.21484375,0.3042659413984639,0.8250214762941365,-5.521760281670712,-12.934453634178805,-0.054885294033154945
0.21875,-2.852675506063745,3.2336304926529116,15.321281672256983,86.70352216262204,0.35239226334123075
0.22265625,4.182806469946189,-1.5994003610055554,1.1641343759141893,12.031325148334023,0.8709952182042477
0.2265625,-2.8469561931625886,-3.9301666933660453,5.967834410418031,-23.800040591359778,0.5485304916598267
0.23046875,-1.8070734784434717,3.612421119040957,12.048375731042666,-7.359917331150236,-0.29991841046260354
0.234375,0.6272795973460694,-2.1818138270737473,5.564907939635506,-34.878616769389545,0.2772209594758364
0.23828125,-5.576397752235198,0.4255694001624857,3.568647411713487,-25.86457854245199,0.6437529043303806
0.2421875,-2.610402899581447,1.112762778224852,-0.5706244171214219,-19.236627243674604,-0.4001975077928576
0.24609375,-4.06746824370052,-2.081478426719532,-10.06553891745904,4.129160212134883,0.4910585955293915
0.25,-2.0070183143680733,-3.506947632550375,-7.076987009612073,12.924797074696164,0.04141733725020438
0.25390625,-2.456047682168044,1.4608613839873557,-20.8745500431418,3.695380674192064,0.17663137512900481
0.2578125,6.325379665833075,-2.6159736574256263,-12.191064633745565,21.166960379308478,-0.6219746606156266
0.26171875,1.176045265294972,-1.5558222246079407,22.255208611331824,34.78453990504191,1.0913010598954056
0.265625,-5.55549942864842,4.170319061864063,-8.283769196821616,-5.5714740723565725,-0.2332571787497413
0.26953125,0.17287802567553673,1.4967004138510611,-18.034188944190433,15.357606368029224,-0.3703048373565338
0.2734375,5.792201411450258,1.339034279894335,-10.252448773684417,-30.018810338226857,-0.8221479069990489
0.27734375,4.353208875469156,2.7986382137671897,-2.3567349575753656,12.169935626035937,-0.7061384507892223
0.28125,-1.4429872301316666,-5.413290977376266,-18.105797482495618,17.7969867933207,0.37355539783864905
0.28515625,2.8838782209522202,-0.8564015165667781,-3.4614839432589064,-63.78110919049844,-0.004633634979796281
0.2890625,-6.356486918325611,-3.537621778374767,-2.6225782246766247,-24.54669291774545,0.7046638598179077
0.29296875,1.6552049764155463,-1.2631311330557247,-3.8277410660362223,17.602112538436906,-0.40609011738517486
0.296875,-4.146218020656476,2.9073714630702194,3.514286950188935,-14.987767535987956,-0.2663584487710958
0.30078125,4.951435164107216,0.10039995772007582,-3.2215079532185578,-8.541254945853156,-0.04418079185525393
0.3046875,-0.9452818569893889,5.264507205784213,11.360910473781605,21.355189227798515,-0.19650222828845612
0.30859375,-1.806454993629105,0.5155418763679297,8.474413850233818,-13.461051178456064,-0.7063952592349222
0.3125,2.178133116192106,1.2872111213059712,20.4911085504082,-23.459748049460444,-0.13573290242841285
0.31640625,1.226168215667504,0.1527710698195059,5.696204422819003,13.330438516532439,-0.4462893150999306
0.3203125,6.332733613456832,-4.3375022246008035,3.992134098463024,13.232484587420094,-0.23910755831390645
0.32421875,0.7936214610587546,2.525511273926126,-2.7014139649652487,-8.607061527344657,-0.2779191269056859
0.328125,-2.2679455253766347,4.210315022226924,22.097330996027367,6.445642872284681,0.9769211510307799
0.33203125,0.684931961224037,-4.691710383702307,-3.654598007227394,-8.7249082466828,-0.010521731385142986
0.3359375,0.7394265823956409,0.7924607188271542,0.8492032697425889,-40.74240808813777,-0.7736178284979003
0.33984375,5.251025326713758,-2.4114496439444624,2.8780527463825227,-32.67780573983129,-0.13379022144705355
0.34375,2.0219711069243673,6.98327198685408,7.535813033168386,-17.481482455469823,0.21872116980594417
0.34765625,0.04284101804212399,5.114429955168107,-13.71170817354584,15.954746760232819,-0.45147206346471586
0.3515625,6.067669816996474,3.2744468388449075,8.005829129973733,-2.5054082934578377,0.8522836510011331
0.35546875,3.9880019322208344,1.8792208083835138,5.005223024217772,23.362167751003433,-0.26456313806296716
0.359375,1.0998466213233995,-0.0804013632928759,-1.786924378845753,22.306757625550723,0.5098767981927838
0.36328125,-2.4378875063159664,3.7090966780752046,-2.9028311068538724,15.037615637316446,-0.7501575158260264
0.3671875,2.7867904700607227,5.348841054786008,2.5940230513222744,60.09840707944467,-0.39622211838441496
0.37109375,3.9309672939240685,-2.770996948247952,-0.7623448879670542,29.252578126869075,0.5451738458569346
0.375,-2.6218994605208064,-4.755607240465465,-5.046308107464936,36.998567603360236,0.15814762826962322
0.37890625,4.957740496957793,-0.6130808659102217,2.400042015320669,7.908289775799982,0.303745465050647
0.3828125,0.9244530963997247,-1.4235114085371403,-4.763127173295951,20.542566765678718,0.03258519569478823
0.38671875,-5.86887075110373,-0.5141054784974097,-8.190911967097996,11.570764058014014,1.441657491999533
0.390625,-3.846128601356509,0.6286347981821793,-20.757239303194066,-9.020300450087614,-0.0009314564665681614
0.39453125,-0.5298446508399979,3.419138815925887,0.2439635098136841,-16.744576885643436,-1.1259202126768804
0.3984375,1.2286163544610726,1.4843582496763512,-7.41579869884314,-66.0710016376908,0.006818367749272908
0.40234375,-0.26824252685502126,-1.9728069236218855,0.7609558506198384,11.796501871409497,-0.08769711695891771
0.40625,-4.505766630176878,0.5254350805030534,-4.890301987628888,23.817876808130436,-0.1834626373038501
0.41015625,3.4819221285206314,0.8971616217897824,3.5024692314443326,-5.3342400025821455,0.5575546909231559
0.4140625,0.18695228349675128,0.07618293489357804,-2.0215751376613547,-34.74745530898442,0.24048920517107697
0.41796875,9.512350009689206,-2.377676268873328,4.309032871402066,-34.682410492486525,0.6442577423542079
0.421875,-7.3909602693675005,1.6115227495455615,0.4698590965442557,8.314082663940685,0.2665081716858184
0.42578125,0.6218415846559644,-5.873975000077587,5.997520864871558,10.808665497982552,-0.47345361309730766
0.4296875,-2.4483804274665215,-1.8815998613761447,19.721363623173136,-5.900227112700415,-0.8041078109405294
0.43359375,3.9484466923967214,-0.9610838440730022,22.30731354771606,-37.906848222879084,0.15780945287277964
0.4375,2.336403683840821,3.2621946311002814,6.803064821464021,-28.54658039745016,0.5704346281049408
0.44140625,-0.2698791349971502,0.016132710439005517,-9.414199523889643,-27.374032800549024,0.3621199895801255
0.4453125,1.0727872394956932,0.4482790467538363,0.5908029649418042,-4.921385798620521,0.47486391289057167
0.44921875,-3.6548302875111003,4.566944593760807,16.21071384025806,-11.439693884537562,0.5468164714285499
0.453125,-1.8643659287478667,-0.9967861629568524,-9.013633859518926,29.91500624440437,0.42661466735490355
0.45703125,2.0589436488574107,-6.279901706505892,-2.4312463962973148,1.2959167298729692,-0.4351287447003497
0.4609375,0.8726151209619788,-4.889334020392423,0.43584431070964635,29.959579139587,0.326099496407595
0.46484375,-2.630250904068045,0.9756749439808938,-8.907259468375116,48.185547694146194,-1.049786260660719
0.46875,-0.7019970857348609,1.0387899803936689,-11.600417521757453,44.10382517882226,-0.23555555487208354
0.47265625,-1.4327690219226485,0.6224477433041337,1.4765006500477522,48.10487671563277,0.3460852185081013
0.4765625,3.5566293622279193,-2.395483933548631,-11.714087924364803,-12.281177969988455,-0.7681496131832378
0.48046875,2.8130661646639368,-0.7349812201426695,-7.639554965487763,-12.04681925508023,0.6250470343038649
0.484375,0.3402322023970909,-5.06279493592372,-13.885639217972118,22.842102742178728,0.7527404441003575
0.48828125,3.5401911695423998,0.051935172289035506,-9.612502893789319,-25.221036014804508,-0.2547580077447939
0.4921875,0.8584131199966437,-0.9889259986972337,6.025137916993332,42.66474697679173,0.5695293304451101
0.49609375,-3.795126123632753,-3.7870777152008093,7.045135970220432,-1.7589213079181292,-0.519473709637556
0.5,-1.3167379310410912,1.3354262371176984,-3.2445282613863204,37.95073005497879,-1.1985840172853852
0.50390625,3.6707966313570353,3.4291760113887824,-2.609963383916422,-19.56139708122942,-0.4486964739363666
0.5078125,-0.787222919053197,7.359537829929916,11.90030134776685,33.61988500540632,-0.3368449441106205
0.51171875,1.4907801552451918,1.3293128293277925,7.240706254071605,5.625937392290101,0.3135514962177546
0.515625,8.213037851128572,-2.2179154968724686,-0.14393570629080887,13.315447085799033,0.08943492907770802
0.51953125,0.4524196412770199,-1.6247670815279354,1.287617161948884,26.82862313521941,-0.2361056307006602
0.5234375,-0.9140219733116594,-1.3380420914092532,19.226563273245137,-35.2116926715759,-0.27288940966377023
0.52734375,1.6199841290281551,0.795776664693842,-10.308914944876799,-23.716496557564724,-1.1227996470187738
0.53125,-1.5928387740208736,-5.895234598825975,1.2621378770918277,-45.54448706442761,0.5374761235980389
0.53515625,2.3067118766243118,1.413276278622578,3.5483056721279147,-25.592849559338333,-0.023176436569039987
0.5390625,3.787149004623286,-0.9158462513937458,7.708329935874605,26.88610112621819,-0.6700401247946642
0.54296875,-1.3294040634789543,-3.2538037114142266,11.76130064267791,12.377330719327894,-0.013817211463826373
0.546875,0.8615556216543026,-3.325260973177936,14.588241462085403,1.6402434621758761,0.05578722588560852
0.55078125,6.061658498949132,0.9256920110213387,1.9647321788131278,1.832434376275103,0.8317695486095432
0.5546875,4.360768721209208,-1.7488455883335767,-6.893900971844012,4.095532728104928,-0.40705584882714313
0.55859375,2.0047394636400706,3.4436685455375478,0.5290346803033725,6.291315585081195,-0.6834521838462494
0.5625,7.328479986130804,2.0548049034593463,-5.520044943199106,-5.016461698070366,0.08638466738412752
0.56640625,-2.1226160207061886,-0.41371993630439374,-14.704413593967285,4.768690698978157,0.41964432173255467
0.5703125,-1.0001104816202788,-3.105496531008866,1.4544756979885607,6.044735981456029,0.039284383472822905
0.57421875,1.0651104635085926,-0.5576258283711579,2.8578889920193573,-41.67872679372312,0.6695783973963668
0.578125,-2.7888141995317306,-0.8708264423908754,-3.8947490558573117,-6.371229766155494,0.9737142854683162
0.58203125,-1.2567793661371036,-7.210230166229273,-1.0900264662542183,-2.0222742454255673,0.5120460260534436
0.5859375,-1.4430808715851735,0.23207531825786681,-11.759619224873113,1.4957468637532116,-0.27478309694859826
0.58984375,-8.493889319083499,-1.2062605486866838,-3.162560062821449,-69.29363701096341,-0.38098563549891695
0.59375,-2.577902114162604,-2.9163918202410546,5.48105388229431,1.6072606989820404,-0.17359941578626978
0.59765625,-1.9613222505138512,1.7074163783755383,-11.662785297545334,-15.241674697999406,0.37238262481057965
0.6015625,-0.6557675584190981,-1.5728248217164986,14.334358186943659,17.396401330686952,0.21031902221227208
0.60546875,-6.9136018306754305,-0.03944348411596453,-1.3778516917846426,18.088237791490442,-0.5918354361160796
0.609375,-4.948902459354611,0.11794699732416622,10.265158169782255,-41.01952816795578,-0.05991710235455913
0.61328125,-5.543698729860324,-2.2902652266627266,-1.9066466201416432,23.079475575767443,0.4400096311076458
0.6171875,-2.25857237542087,-1.9317144333089407,17.067110316581896,49.82387641851524,0.12815376804932588
0.62109375,-1.3491506528913704,3.0372856539260344,-9.348065379879806,63.799474080720124,0.4564320846568358
0.625,3.352944903825521,1.7815561173253607,1.2560691491628422,13.049614401630148,-0.6565872814174218
0.62890625,7.985912772661718,-4.504522341564327,-8.254207568675758,2.0922874470957886,-0.32250080781685375
0.6328125,-4.35245153542401,-2.2382091880857615,-10.80665678103882,-0.37139293150915975,1.1662076221804
0.63671875,-2.5351732559968654,2.731528923881692,-7.021118040693843,-14.769372629438609,0.4299525608168486
0.640625,-2.6233711639618678,4.193920222777644,-2.125030449795757,-26.505355520496177,0.6252382227452545
0.64453125,-0.5228267585526444,-1.4688291697996838,-2.6868149935236074,-13.914504560364485,-0.502123759971534
0.6484375,-4.576704500047056,-0.879638004982195,-5.351142063563161,39.14262193652334,0.4287423181706516
0.65234375,2.588092659179947,5.665969276536393,-9.801832445730883,24.195890735670087,0.05176563146060939
0.65625,-5.361423253872241,0.132471716308723,7.693441911167852,9.161137172834264,1.3659153375351574
0.66015625,1.953632542949201,-4.676827333381239,1.246965368414891,-8.635582594510598,-0.03627590455933234
0.6640625,-5.229043322780475,-2.7728602866305003,0.5801401922110667,11.31817623218853,0.2145303603894214
0.66796875,1.9498933448099485,-8.185622813068301,-6.398375960628054,-1.8453534135758574,0.19414875382280275
0.671875,-4.126421516392559,0.16763216018774754,-3.121072981744489,-3.043190090336658,-0.4126040179104294
0.67578125,3.177209889336398,3.212576425355633,2.3690102985691244,16.8984433854344,-0.213856679958981
0.6796875,-2.134556599708336,-3.3146814923792274,-4.512227922295737,-1.6259671025431146,-0.7600976944034381
0.68359375,-0.6428734346506559,1.10570378693583,3.105637397133597,10.06214950730962,0.07074269644754083
0.6875,2.165696280923021,3.194288807478835,-0.912801799564563,-27.121473794065114,-0.43089612528920596
0.69140625,3.6849264896197895,-2.140959536753993,-5.419083204846524,-21.28837516946417,0.2514561790187044
0.6953125,-4.475701415283836,-1.0468064610946313,-1.52057578051874,-47.52897112637298,-0.13857818087825485
0.69921875,-0.3469777306994719,-5.214522658189361,-5.99777735685864,14.633804289094446,0.1390531775977222
0.703125,-7.071658559388706,3.153330337647137,-3.2764561930522658,-11.960337757616097,-0.015013179262863038
0.70703125,-0.8687802874086911,0.6716851219935862,-11.805875286615676,32.12356896143846,-0.007375141092849329
0.7109375,-4.569106396305178,-5.351242723438482,-1.5690481357865629,22.283480809748553,-0.09549068917109571
0.71484375,3.5432015686202014,0.45834222430149696,-2.4314448095284558,38.745606795564655,-0.033357687236376374
0.71875,-3.0283309430625343,-2.6059156702781325,17.48612518655096,25.20146745164754,0.28397630066728785
0.72265625,4.440263544854738,0.159441888786466,1.0002826898065926,-40.02605294721672,0.7832879877089931
0.7265625,-1.5055138591343917,0.9854498022614272,12.47250234369927,43.381942010665284,0.27804831123714563
0.73046875,-3.7136831209381134,-1.1013031116464878,3.54058896084232,-10.441978205546567,0.7939384784348175
0.734375,-0.10148920318003309,1.4622327710998273,7.140571159022285,-4.457507261823004,-0.43061395171769085
0.73828125,-1.001423220913196,-2.5653507747101116,8.821868131142852,-23.132478607509764,-0.040668019500863926
0.7421875,7.268215126522421,4.760424757918917,5.836894451399736,-41.201580176657316,-0.34639552731712625
0.74609375,-6.0378275658683025,-0.8186337157546695,-5.09087940577791,-6.0940882552681,-1.6523354182423338
0.75,-1.2762966221132483,-9.187950861855416,-0.32843633786148024,-29.44923806642082,-0.07544934255220105
0.75390625,10.623999919435455,-4.298064025511082,-6.123481976860292,30.039664405859952,-0.8119250813709221
0.7578125,-0.41690731267797887,1.9752931230669886,-9.9977450309462,20.99343918871413,0.9055871147494046
0.76171875,-2.783300067920876,0.6898631783263175,-12.744660603259842,48.34038871075448,0.1538102810191012
0.765625,-4.4490822305979885,-0.7245422392575731,-1.334606715716443,6.840496842631509,0.3307461403335945
0.76953125,-3.324172041643349,0.8241713290428145,-11.544415746062477,28.528952513841105,-0.2864772632711256
0.7734375,2.02804625128986,2.774829747708361,-12.735981209033788,-5.503340661214362,-0.3813906175987936
0.77734375,10.129294662718388,-0.2411120241068777,10.913047133487913,47.13204779726894,-0.25368534558247174
0.78125,5.209483250820132,-0.0893146645275445,-14.467334895879388,15.972202810689204,-0.6779696387972775
0.78515625,-3.2159627863338325,1.9958843079465867,6.441335546986792,-9.235400379662954,-0.8810846479196182
0.7890625,5.395521365846085,-3.107633068716912,-18.7620325304381,-16.026686053299834,0.006122534853306897
0.79296875,0.6392509996328909,-0.6504643030093973,-8.01012724417819,-10.693508530257064,-0.022815822103167325
0.796875,4.699526297023905,2.111573090528579,-10.321265325375098,-2.7913622967067964,0.610399437858547
0.80078125,2.549532251983028,-0.9443841771989374,4.863992118010108,25.23062476751138,-0.06127979192830724
0.8046875,1.702016757946177,-0.5684579900874275,7.1271702901739005,48.73078260409236,0.01398542436210939
0.80859375,3.2255143661465806,-1.0876171153941647,4.6791892786763984,6.219708932533534,-0.6587603607536644
0.8125,1.1698223493044713,-1.323369407169274,15.104827609903095,14.651990238335497,0.7187838558004485
0.81640625,-1.1621377392546928,6.776871448917003,-9.461167862216847,20.814822644506574,-0.04572757133219891
0.8203125,-2.1557002792384634,0.19884241981636708,10.047189323627933,2.6301943939847074,-0.5936494896894132
0.82421875,-3.137050012950944,1.0068875975574298,4.066617794851134,22.970902253200446,0.40132071668318503
0.828125,0.3519325831933447,-1.5014505999081034,11.594404484751028,-11.337055004289365,0.6981928496117983
0.83203125,-1.899833963136719,-2.20220374212181,9.541715454093877,6.564535269330811,-0.2405688502980623
0.8359375,-2.8403092816715225,-2.175698663596354,12.28982079321954,-42.821566388063204,0.7900198307544335
0.83984375,5.231161361359479,-1.2783280831537032,2.5993095237415735,20.22953886512927,1.1819653569758912
0.84375,1.3480362829006964,-1.8980911910298959,-1.227127369185233,-25.485430765351914,-0.0713790919649043
0.84765625,0.228241921856803,3.2723651701152057,-2.887667052861202,-21.344771393036126,0.16711336441509939
0.8515625,-7.699866230787679,-0.9606214062131275,-6.159645916748187,4.377708505131249,0.2303272294667347
0.85546875,-2.438267791790437,1.3758424587139055,-6.339310435541192,45.12987253262814,0.25974277520470407
0.859375,-1.3101572242800001,7.060785291903121,12.694103910378939,50.47340182026779,-0.6911305148856818
0.86328125,-0.25754450207817964,-1.1260007803583463,-5.116788377361582,-5.043714926665974,0.3035781060542258
0.8671875,-2.813937583637303,0.18013839191669118,-3.1882573853448397,6.033425937523933,0.16537154749918623
0.87109375,0.7225759300221516,-1.878133742144919,-1.7441892165290716,33.418864049675676,-0.24218942746786037
0.875,-3.3994653415144183,2.698473362794301,-6.9397421512951665,50.36408061323136,-0.10844998915871938
0.87890625,-4.257466121443365,4.499348997282078,1.7725984450773806,0.6370015927953201,-0.0001214204267380682
0.8828125,-6.184306855786364,1.5761407921683266,3.0937267356406277,-25.54611829182852,-0.17594082131197814
0.88671875,2.3230965256312253,-2.509144315850908,-2.4643415782679643,-45.97075045864206,-0.5358621700185728
0.890625,1.8038366152885699,-3.1052798927974568,-21.625989312768418,-48.940816176885576,-0.07403255818451751
0.89453125,-3.6644932420704888,-0.6610952336696431,1.9218673243826943,28.871020177199796,-0.042687228445017336
0.8984375,-2.3841192649734815,-5.33114584531128,11.219829645222726,-27.038346248142627,0.32481698393274916
0.90234375,2.157170344750259,1.7582481572113244,5.173527864660737,-0.03045709855673895,-0.4339153060311573
0.90625,-0.85574758467364,1.4097372023037793,-4.498915061171372,-1.54153532526737,-0.1496856620230721
0.91015625,-3.3321333469858176,2.607746269182531,0.5309669152328849,19.180593106630273,0.19881710991679372
0.9140625,2.9481220657840437,-3.6819320496908,-2.002928260116662,48.066171534501834,-0.7644584733196201
0.91796875,7.035595470370486,-3.7274815996033355,-7.9261465195426135,32.45982547303697,0.46126213266575394
0.921875,0.1276899173567408,4.050361784422636,-3.461965079339044,49.99616576472773,-0.14655934582486319
0.92578125,0.025721140608407956,-3.9937264906751446,9.700288187082696,-7.581194341540895,0.5091686330276292
0.9296875,-4.044448476891417,-2.1607028449150345,-1.1778239563265238,-19.892875534362553,0.3147752734162388
0.93359375,-1.1902569876953144,-0.7632894760464676,-0.48047398455234624,-31.34580402445204,-0.27218210460667164
0.9375,5.77568944193218,2.8951340728471298,-3.6684798595911308,-11.14648379287098,0.26514871258666717
0.94140625,2.73298041832699,3.4986625428756,-1.783892382526334,40.177366573756785,0.32693806487683735
0.9453125,6.756342789123838,1.5824812878307633,1.7788141561601216,-32.56685341014313,0.5227519336443488
0.94921875,-4.699049747525602,-6.127241151520051,-4.368648655074976,-2.4636974578197623,-0.7263160878074769
0.953125,2.3117555037292012,0.23511384125850504,-1.796378219690593,77.18835099650242,-0.10233473945629498
0.95703125,3.76344783429536,5.400488976774669,-0.7146303314395863,39.196284910770856,-0.04789017334839886
0.9609375,2.713253641157788,2.2034586040327833,0.3776743198709278,-24.333298376065912,0.3401306920096561
0.96484375,-1.2495603245907965,-3.8726233009394484,-2.8625508175813166,7.448381957817096,0.6011022559914302
0.96875,-1.9401585783674586,-1.5178606587979147,-5.6232279915031125,2.5086334658769225,0.18425164517411854
0.97265625,3.1145131509000596,1.9853637707838176,-22.474109626162832,32.554047335877584,-0.31960033823296563
0.9765625,2.7861371460977837,2.2557464641614637,4.393587012860946,22.5552562848669,0.7423069431436784
0.98046875,-4.524258557323049,5.407913633116392,-11.036531768580751,2.3799480345335944,-0.10571361314473104
0.984375,-0.2889203056933625,-0.6697820733956648,-1.4375987030134083,-29.59620798622108,0.4620206430102482
0.98828125,0.019940896854800782,-2.470264243411728,1.2009946460657535,-29.471290309370335,-0.5840317229265527
0.9921875,-4.527299266559089,3.385746693298535,-6.018271837765376,-9.805572473811232,-0.02034735864340934
0.99609375,-3.6539011418434613,2.3937259141082268,17.61767537493623,7.397400677199849,0.08278057083929849
1.0,2.300739446869809,-3.4442917741201056,-13.207248012424044,-66.38378131490595,-0.3198062015566875
1.00390625,-8.388350854917169,-0.3045609594134017,5.668896216771806,-7.097277572864275,-0.10140759376834438
1.0078125,11.599498757027714,3.7320475040878986,9.122121075796047,-20.64819243233861,-0.21206244790777962
1.01171875,-3.345001307662986,0.3870440222149941,6.017295293047383,11.801240217076057,1.0813724400785212
1.015625,-2.7603536847412733,1.376491252808954,8.889372575304538,-4.219054670584164,-0.2085574966081026
1.01953125,-1.5877026216372654,-2.937840211987887,-8.165731543318895,7.944079286188565,-0.5570873247865533
1.0234375,5.5204392430561295,0.32799764174735074,-0.1311674758560777,11.917109465650494,-0.03818455427949194
1.02734375,-1.0435037503972995,3.4819756209035013,16.733663735500915,32.205888291226586,0.74502356669795
1.03125,7.593875215955424,-4.912945757631501,2.5981458659191268,-0.2826069959248638,0.18888533350916392
1.03515625,-1.6494450598883013,-4.071807785176908,-7.375506362207879,-15.969854567302995,-0.12310607098324367
1.0390625,-2.1709219514829043,0.3192259062782833,4.983994908560382,-6.186366148431002,0.2627302156081981
1.04296875,0.1961611629921774,-4.4317658076296915,1.896547346177997,15.476768406757838,-0.43686533308725495
1.046875,-1.4855301217963028,5.119422852720984,0.9703274553689194,-8.459658549489369,-0.2893633413342632
1.05078125,0.9673913506388477,-1.7232772194014983,-7.836401723276,-46.0894383902753,-0.5215042941330439
1.0546875,4.088548562623984,-3.816999370298704,-16.003240311615208,44.16760493732867,-0.19821609005599966
1.05859375,-4.494116275200885,3.3323904183992346,9.561757150339403,2.5255136908180624,0.8229094693248762
1.0625,1.490252597790419,0.9543424310634366,-7.353875453350268,29.51988550831279,0.33294257989347037
1.06640625,1.4984023515424758,-0.18884210440179083,16.765562272873694,20.129808887565286,-0.24211937194500535
1.0703125,5.565556628835167,1.0792745367397973,-18.685648715665113,6.659044504918411,-0.35174151388441915
1.07421875,6.979101374606422,-1.4675803712694337,-2.3811817967312208,20.644892863462648,0.2796214320178354
1.078125,7.401065868991254,-2.2744042320323214,-10.343872140310875,10.21769982054068,-0.2325835634406918
1.08203125,7.0341408285471525,5.1714034511155145,-5.8476951198945475,-45.24900900964654,-0.4080796068086006
1.0859375,2.345967837070211,-1.6078823570462888,-4.40228251912828,-11.8550793007908,-0.6422284467176925
1.08984375,10.076491989715002,1.9091356583402992,-2.9878026606006713,-17.45318790781041,0.3836554273896224
1.09375,-7.46920029622728,6.311463157067758,2.5821318841549017,-34.35005793831485,-0.8211278021643674
1.09765625,-0.8852369063457906,-2.4841804472368105,0.42942720190614403,14.669817936074539,1.0906231287525663
1.1015625,-0.783722660594164,-1.6428713187203163,-0.5295080684798503,25.21052081308676,-0.45209823622035433
1.10546875,-1.147165971034112,-0.9759672363661182,-2.1528837442946154,-27.24472866679491,0.22153800891882314
1.109375,-6.920887737459682,-1.4387185970649752,-9.168392096217179,-17.818698547460613,-0.33825519261328707
1.11328125,6.0172664644411995,-0.09870295876982751,-2.114842367506361,17.246670362290665,-0.24801761633703442
1.1171875,-1.2356634061347402,-5.955067217573947,4.391763076729555,1.2733255231413168,0.25814713257509764
1.12109375,4.700300381519965,-0.8698617534435087,6.849543807173356,-10.070079377526097,0.29464705438420635
1.125,-3.5624900828759305,-2.0627165853345,17.388474160009896,-44.228278663576276,-0.12379433318427455
1.12890625,-2.7690241155491475,-5.555533943574699,-4.25084877758012,-35.19678839101307,0.5371657087790688
1.1328125,-0.18132341746096964,-0.5038855066855448,4.967161032365233,28.19302117899422,-0.25923996081465384
1.13671875,3.940576566640938,-2.9474415494980124,13.974496649814567,-19.405925083005375,-0.030472370868657166
1.140625,-3.0424597772311657,2.413552358068518,14.679572726474904,-51.34602743846665,-0.3279593836862465
1.14453125,-2.1347030875209723,-6.222995313375295,4.127214144102611,-1.645065268558362,-0.42910135886251044
1.1484375,6.652751867906028,0.8009078769018092,0.34390007206138096,4.439630849316421,0.5931777384557465
1.15234375,1.3613174375791803,1.009208142963207,-5.3028955860422045,-20.653714147188346,0.05764864796895054
1.15625,1.8519389758702254,-3.082485686120548,10.846774837534447,23.059561648235725,-0.5320859921877217
1.16015625,-4.0750255511627405,-7.349875123030685,-3.0995859297230943,39.00972276853345,1.5774905861810886
1.1640625,-0.2591924587745851,-3.1198941296633995,-5.232753454325915,-1.369821389592719,0.07241261312138418
1.16796875,-1.3714625046307456,-1.3848338904814286,-7.750167322537076,47.45719651727461,1.3276136116268757
1.171875,3.330298424088186,2.8635544839437292,-7.041546434635071,-29.46406637472065,-0.495618330029164
1.17578125,3.767632932106357,-2.90300006780705,0.8581416722287871,-35.46168280041988,-0.8098500344346928
1.1796875,3.6242274478350063,-4.032138444578341,-8.115166117366497,-19.255613167940183,0.2667948471024953
1.18359375,5.215271197113586,1.8701735061351552,-4.483267320919797,-41.676230828927046,0.020246566600407582
1.1875,-8.285960593328056,0.6792110575316632,7.71639689475911,-25.970327251680047,0.34055563298403435
1.19140625,2.239617877732255,5.088300446385883,4.188255658911801,-16.349685530143887,-0.238798892510164
1.1953125,3.2968174075235424,1.3276896777911948,20.03736425009294,-47.59236525695316,-0.22059859000269513
1.19921875,-0.026208022414759793,1.3660825919551045,-6.95346188032671,7.007210215114881,0.7397559111826324
1.203125,-4.259666988500185,2.2453301043110914,-10.072395007514896,15.556328458543835,-0.12071354388267447
1.20703125,-1.3693861870642794,-6.904132834591152,9.722311227111376,13.663181895799939,-0.09607466974454919
1.2109375,-5.977317501999644,2.7608958813573667,-11.782943523427965,10.42252942769635,0.4664782041773672
1.21484375,-0.8643831916614362,8.153571449653024,3.6505172328381903,-19.480230359569227,0.4708230947533983
1.21875,-4.564529303786618,1.233380855424321,-5.0503069414078725,41.935275964462306,0.07557380858825401
1.22265625,1.0039237211260323,2.0564312965238836,-3.796614799832099,40.6048599565621,-0.09935096904419664
1.2265625,-0.9210463734897574,2.9354298438766517,-3.7687937142030012,22.91284769832397,0.08976230290369021
1.23046875,0.06271890215016519,1.1858587670210796,5.8928245591356445,1.0510045786986808,0.7192710431912149
1.234375,4.128852868487876,1.3426778048449985,-0.8175473505792228,-8.27138282914607,-0.16118053508790864
1.23828125,0.5671920105518864,1.198846183040386,1.8878000662644856,-37.98429039875768,-0.6638885708651884
1.2421875,6.7550247415471185,0.523336416641173,0.6703884101284032,3.4751619294303246,-0.5051607108178476
1.24609375,0.4052073360007818,2.0653259396915886,-14.069684080767628,-41.124870726721184,-0.18057172004688885
1.25,-3.2211082887304108,1.0419751775259465,-3.650141666881563,19.35738431072593,-0.30452873572243483
1.25390625,2.397913938801055,-1.4311230066039577,18.657545459333477,-14.183760756986157,-0.1753751868519183
1.2578125,-5.354090858371548,0.09029641341854336,1.5512632682837055,13.004000453651663,-0.7773572719586561
1.26171875,7.2188545391587375,-2.230827999407614,-7.976422703002236,-3.9203143506021156,-0.13863507271857828
1.265625,4.072473663933055,-2.3538417697967464,-4.555819594105918,17.020713594585473,0.5120391965927691
1.26953125,3.1172300766131396,-2.335155888417975,-6.701984513242217,5.786536321833008,1.3314229283952752
1.2734375,-4.589120244089828,2.1877469037440522,-3.5472635888691064,-6.03669977951504,-0.1372131661643355
1.27734375,-8.537199048347533,4.164685279652803,-10.531728963858086,-11.434786522457053,0.03897467870044994
1.28125,2.894049270362671,-0.08252444287192387,-7.527964710942972,-33.80202816340382,0.18210353238961707
1.28515625,-5.290622280359922,0.7594053127032658,-7.026435640216121,1.2070279526845908,-0.08565714995699081
1.2890625,2.588037580031656,-1.237989008183619,-17.390516647610134,-0.8273793176243949,-1.0087848291591845
1.29296875,-1.042997904026137,-1.0061374575442696,5.107980152801293,-43.60901459375878,0.24294439590432584
1.296875,-2.250400861811888,-2.5725728377119594,-1.3076167655383015,-12.127277749958296,0.5426268977037161
1.30078125,-3.472607819524328,-5.9494200529374055,-4.6140477680310585,29.308891143493312,0.6539601186956342
1.3046875,-2.438888751373222,-5.755358010711364,13.182211546224075,-1.8950082567157427,-0.3926392305349817
1.30859375,-1.5096608256413695,-2.1208177551264376,5.776898622754487,26.104431801853483,0.8509959104717084
1.3125,-3.2834998623069893,2.5741460371861677,4.926962536714941,50.32348539670434,0.2944364105904635
1.31640625,-7.714304725052112,-3.4496503622754506,7.586709570637865,-34.10864755012644,1.0005586573976797
1.3203125,-7.717058783662717,-1.3664831770723622,11.705151618877577,43.56191592880962,-0.10549040852009932
1.32421875,2.4152956474830853,0.7584702255312599,-0.9182755240789691,3.2117709514740582,0.19066026416523674
1.328125,7.649469527197408,2.614308941854566,12.558485618740002,-10.869424516043381,0.6068420315942163
1.33203125,-0.16746187242299468,0.8504011956742036,-12.45622140324044,-41.75221403003717,0.013000893620603617
1.3359375,1.6860286842004288,-0.563004078064701,13.116944755527399,0.29970858214808516,-0.8061457278798418
1.33984375,-1.5581404269896473,-3.269494734785589,-7.409223546789818,-41.92330356277239,-0.4695566749450488
1.34375,-3.8176928277764515,-2.450152841075973,-2.7779615470105075,21.97503150690957,-0.293110845954906
1.34765625,-1.4332927681660743,0.3691952517157474,1.9552324278495061,-32.44150559765757,-0.11939139785180033
1.3515625,-1.5994034549254141,-3.6075516564167684,-13.39565972737171,6.248998178480505,-0.016631767395639006
1.35546875,-0.19169445552086642,1.9234339294422123,-4.549878596416541,-1.3347392601081278,0.1541870389589535
1.359375,-3.54436634736372,6.881592020235777,-0.1511909246492391,28.931292709216898,0.4514782370353895
1.36328125,1.5527724324862968,4.151247427113783,-20.397905612966994,29.111143105032138,0.029423127471706355
1.3671875,5.970505289767609,1.8132028783080634,-0.20383808912637758,18.714528707406817,1.4558328915037881
1.37109375,-4.250860388426139,2.375389837403115,4.5043224556617565,31.953480943658697,-0.3877265540872517
1.375,5.77104113236775,-0.6602296623077117,-3.8155618377109786,34.53404089390386,0.1684653524649719
1.37890625,4.3103109502273735,-2.244519433158142,-13.269624371999539,6.875145084197417,0.4038880047887357
1.3828125,0.5806313104586928,-6.235600720988346,5.171603142397644,8.059015145714227,0.30285607467495573
1.38671875,-5.238493182869525,-2.53924696573474,3.383583381354863,-4.745303227955791,-0.2137172257069842
1.390625,1.7601636977028476,-2.3707065220030215,2.5512761828204784,-40.62275915077771,0.18047603579814556
1.39453125,1.845581516254067,2.1215581892501634,-2.1406379348254463,23.34529588151777,-0.5595632784281063
1.3984375,-3.403543422114584,-8.76065978812879,6.943622052543866,-45.52576139368042,-0.3248931055517457
1.40234375,-1.8870199897660738,-0.2013912403948182,5.2482454464875055,42.19428671846286,0.14579166783063274
1.40625,-2.655902342888787,-3.8003597262015747,-7.553980263964828,6.215509866460504,-0.3646522005159844
1.41015625,-6.504230969641896,-2.4239320266896143,-1.4369035551247413,-39.890236550064216,0.3151154696484702
1.4140625,-1.147671250155296,-2.827656127836925,-1.298300700730989,33.07197449215907,0.6322014768458634
1.41796875,0.6689678695700013,1.6757852632095451,-1.1817577489274314,30.011874559086785,0.7237860437748058
1.421875,-3.4602775114582807,1.190914492275263,10.379171344312855,11.647044503776726,0.687631107541831
1.42578125,5.424814203166606,1.3592906324222724,0.5790614815947208,-33.08786350342712,0.41444014036297827
1.4296875,-3.225277485166668,2.5344374556751617,10.526454312933677,23.994255044569027,0.011438685294831287
1.43359375,5.227996339013096,-2.390553579391667,-5.694114341095357,-53.009093608413195,0.19076054355577426
1.4375,-4.044878828910489,1.1617377912697866,-8.11175158656975,-13.54643418490763,0.3084022649606249
1.44140625,-0.8233366873486605,0.6623387568531027,-4.877220305383134,-12.740366529955727,0.026440263380045226
1.4453125,-5.176624854394808,-4.221392399965675,10.083442955584047,-8.459712762162404,0.483208817447677
1.44921875,4.504020776364738,-0.9927128792025455,-7.2630067291779605,-12.200248070173927,-0.5231858748346311
1.453125,-5.485229304344582,2.439999036832224,3.441814859245053,9.270100272945031,-0.25539759752333974
1.45703125,-3.51722748182335,2.4490866054358635,-20.210034968475153,-12.750603369848978,-0.6187297167145529
1.4609375,0.6475060267400112,-0.07105486013753991,-15.086073357700513,-9.023083392130726,-0.2692384900939563
1.46484375,0.3858081014610889,-1.9705095467394498,1.1831439784603504,28.247753693475758,-0.056732142436902194
1.46875,4.342553368313722,-1.105095700692735,0.515679850151983,-34.76007214392832,-0.24924266955670113
1.47265625,-1.055155197863768,1.0905957924315348,2.0210609683147425,9.2059376520799,-0.5658317395061659
1.4765625,-2.3110642882791375,-3.942714506067701,-5.505926294221216,-8.503150801532584,-0.4237798064505886
1.48046875,-1.4402453646920572,-5.384681624251288,-1.317216227067437,-16.19777360867833,0.6215545268337719
1.484375,-2.0247042565656486,3.4652739718772296,-4.795806592724527,-16.968505644689134,0.3280641384650256
1.48828125,-2.417855651299109,1.8499904733215518,7.267558623852187,-6.927468826353998,0.2683220178158202
1.4921875,-8.640759622521651,-4.11264589224092,-15.082110031524836,-84.95709335180334,-0.9940390595236069
1.49609375,2.3980339519231046,-2.1956318727614543,-1.506205802002318,-37.12994014556732,-0.1454572982366868
1.5,4.820796962726301,-4.47845704810815,-2.7459641207222134,0.904278290229158,0.6699271284673552
1.50390625,4.823051128207598,6.125338308682819,-3.238380625294401,51.62968238494291,0.042559372635971454
1.5078125,6.472609058294529,1.04135042813642,-1.8057386577480306,73.80455696444713,-0.6016378568593971
1.51171875,1.8969822358627957,1.1579175038799563,-0.6991679464851108,-0.9337887115065158,-0.04634665187993833
1.515625,-0.22628179978490115,-0.09603374867704159,9.872729671542036,36.92288749289959,-0.368940071954461
1.51953125,6.201687079952481,3.7587158411783204,2.1319952921394916,8.981863695664273,0.2643354902971614
1.5234375,-8.062766869698724,-1.5339307258864978,-0.9691927834426002,-4.460279152389483,-0.4130222768806544
1.52734375,0.6188997832057983,1.3237157687480312,11.985481710101306,18.536958627204193,-0.8321469280490876
1.53125,-9.016231074485798,-3.6136541131968305,-0.28513338750242223,9.112827839797284,-0.15386377980167124
1.53515625,5.177478087609994,-1.6775546670045443,4.296441797806006,-36.476995555764304,0.5276595501756548
1.5390625,1.4898677540470626,-2.151219726480835,11.464108263842132,16.521250978441657,-0.4011382130994944
1.54296875,0.5759289616114703,1.1800998551788493,-0.5967685502250659,-4.674787315252692,-0.44258139226264265
1.546875,1.3434284394015312,-3.8478663174577132,2.572504632057606,3.930610008624784,0.0494566768971072
1.55078125,4.361076732667129,2.999567276605876,9.07055510276819,-4.072924299677525,-0.28280547678456974
1.5546875,7.245615035998545,0.6124394658808043,5.478670120831518,33.89740013930285,0.2806858940064624
1.55859375,-2.6221919986443427,-0.7800469156965955,7.152469869935432,36.940522033696475,-0.3238195881146509
1.5625,4.184391362316636,1.9298559390309646,-12.607533212383968,79.74375911971003,-0.31877832952418744
1.56640625,0.2097626478172855,-2.4981759772790983,-9.253403125365537,9.990230051930281,-0.37661069500556227
1.5703125,-3.3308238387818276,4.422629217021397,4.219176171951227,41.05356905403876,-0.37982069411542413
1.57421875,2.5652473118499537,0.6759537367477498,10.513374904609847,-6.108814365096765,-0.46474425597910124
1.578125,4.053804185452275,1.6593411621587544,6.357237484826126,-0.5533749674333093,0.1386029571852322
1.58203125,4.939030221187103,-2.4715365186812965,-9.410616066453718,22.51647846263921,-0.1296871571521568
1.5859375,-3.5303515426267666,-2.4698313745737996,-2.555112341265003,-3.7733533728481845,0.19065111240496552
1.58984375,4.23514841984469,1.3977120019998523,-4.598837855586819,-1.9368167217916152,0.19605628032768568
1.59375,-3.6409347979932027,-0.8775322744458698,3.6958168855102227,-37.76099510483249,-0.6302689517857506
1.59765625,5.798497344661408,4.43959501403343,7.755598430722602,-16.277985512128346,-0.6529515119918351
1.6015625,7.97542257771123,-2.6824407785661633,4.0917102967515815,-18.185461168423036,-0.45699396623939914
1.60546875,-3.810846317609307,0.6193364605531291,5.730569525885937,32.21138783328264,-0.7948709686829823
1.609375,0.033259701369504166,-2.119815465477081,17.043394561352702,8.197139074406662,-0.7544093725605432
1.61328125,0.09893871520857535,2.603566372609783,2.707991259981794,12.234874087826215,-0.08846705520112184
1.6171875,0.46915989517272877,-3.731951948619774,0.8321237603138854,30.023014601740627,0.36706900500219464
1.62109375,3.885401819045471,4.234198175317534,-0.2120194963160147,20.43147709713571,0.8094212800174169
1.625,0.1502043787422604,-1.4341166836068728,7.756608752059169,36.4496559590575,0.5603770009400076
1.62890625,-2.263940547983833,-2.76889400186439,17.009604462843686,15.808862634806642,0.5686871022716219
1.6328125,-2.37696892348266,-0.9783372900071853,4.368789185117043,-34.36302045436928,0.7235262280593128
1.63671875,3.8920598412329577,4.842941924240624,-3.3168745503359855,-19.918894187819255,-0.5797995301046966
1.640625,-1.9156144089968983,-0.41872600257783227,7.915533402616929,-34.2466135266788,0.4769504296440712
1.64453125,2.1477377593664477,3.975794605006276,7.627675718811407,-6.366285039061582,0.8540863011872033
1.6484375,1.1698977911767545,-2.7176887174397026,2.8385716527941764,-6.741613136843428,0.21206642891571453
1.65234375,2.2180625054279273,-1.5387257063605957,10.373080462780752,-10.071780678476088,0.36759325216745564
1.65625,1.43736634755218,-2.330465861913207,2.4124811820426064,52.45572825234219,-0.8703942922824801
1.66015625,3.1836921342006717,-2.7781802639961497,5.9798510967081535,58.996192883280344,-0.07412441825587397
1.6640625,-4.534615004214523,0.8861239703497544,-1.9406164652039903,-15.976164098830651,0.18189232264703403
1.66796875,4.028769572283755,4.2822860440947315,1.9305460570087938,41.654029413235776,0.20231898071263135
1.671875,-5.958429293858543,-5.3072564366599,11.000474091786307,-18.249307916405826,-0.07055077956010115
1.67578125,-0.6409283973782517,1.9393079120557553,0.6649576497320897,-21.92919476644017,0.2708983561121822
1.6796875,0.5231167415609776,-1.754747896758975,-1.5102892007448028,-4.934828686091512,-0.19706262899473426
1.68359375,9.389632077324837,-4.862363853740876,-6.5082744062988525,-25.37373909839779,0.282807443695675
1.6875,-3.1165101267768534,4.3234795561718995,-6.066225362043614,1.7688829853177985,0.3633815979707842
1.69140625,-5.704984913115152,-1.3377436390575772,-7.710459470162759,-42.27921791948939,-0.9910865680468939
1.6953125,3.194084220939985,-2.2398760685055876,-3.6161026788371684,-54.79011468266545,-0.8093798786370715
1.69921875,-1.2296346952026707,-3.3837592418213394,-5.471218967374291,8.11563115676357,-0.21424758358653226
1.703125,-6.383251202911012,1.500426545767598,14.48657408023475,-16.73059656672109,0.1928652454463898
1.70703125,-3.146621067248636,-4.704565555961285,5.430224889103166,54.429418780226385,0.28248863287798054
1.7109375,3.130342402022315,2.166540529929385,-10.819884324390738,26.37224313520868,0.3568409949227474
1.71484375,1.7002979483082312,-5.426007608478256,-2.2106699982132794,58.282614535962786,-0.2639577471728856
1.71875,-3.8490681068396344,0.20709426276952542,16.18542726164453,-2.8197523442352743,0.5216286179791844
1.72265625,-7.1560225433636635,-2.0917883272948012,-4.280460561783678,-13.527939877018408,0.4797121586635614
1.7265625,0.8647854745361648,2.1682746946955738,-18.326771279100676,-26.457784052114896,-0.06553648550166565
1.73046875,0.050323243128240186,0.6327909981113133,17.39512039577019,-44.33918344460099,0.06441073791754166
1.734375,-0.13812911776308273,1.1327239318650437,7.311256225807373,-31.589672807985558,0.16125354150214496
1.73828125,2.320606001969889,0.7553746518917813,5.081164889833346,2.9696882320285667,-0.007662061064743698
1.7421875,-2.911836681192617,-5.325464219096455,7.333975318175635,12.464570301311294,-0.2237713256746555
1.74609375,6.774676665377965,-2.927639859284466,18.046193867998053,-5.816542888936786,0.6358873002298274
1.75,1.9157225952903343,-0.7757785779019652,3.100137358080376,-52.98940232286371,0.40498114645322997
1.75390625,-1.991054501355346,-4.011677516520768,-1.6082230891981948,-19.613490212585788,0.008054202821605036
1.7578125,-0.8729208394484648,-0.6348163741649051,13.728311334286218,42.978254577790985,-0.20053679545820025
1.76171875,6.644909146846786,-3.0168696511840407,7.445137433199797,22.09330766733751,0.0572319956578985
1.765625,-1.5533676329408188,-1.0657570283661628,1.7978624967954335,4.686591945899165,0.5694489225170232
1.76953125,4.096786240347894,-1.6862398361177826,-6.341115501833206,-18.457947343297405,0.8240623054535148
1.7734375,1.4400039009548964,-4.937117604759358,-3.5796997492203655,30.808371260357728,0.8854074576240479
1.77734375,0.8698313810811189,-3.681382878062128,-3.9891690037496916,-11.222322386694868,-0.33783159656566125
1.78125,3.9866267791801975,2.070239911303066,4.085732875688382,-15.668447708897977,0.6130639984605912
1.78515625,-0.851760930086796,1.50156487106451,-16.431628080732267,-97.31483915498367,-0.2866811653976038
1.7890625,-7.536755145324604,5.353092786842643,1.4964286274796192,29.35351621699753,0.60556353471888
1.79296875,-1.003495866718487,0.2581541599156411,9.168869620355474,-18.083260115227304,-0.5184398703153924
1.796875,-3.9377266882664577,-1.6095656770651945,3.0279703559773385,4.9180466947897195,-0.24631729261573518
1.80078125,7.314530330372958,0.9255714942462132,1.0443548212859346,-28.326163495514358,0.28898096655960837
1.8046875,-0.09473138847079016,2.0469191330251424,-5.833112554015193,28.715903111233075,-0.49288122882594865
1.80859375,-5.982324211363137,1.5741618708127514,1.0912164588277962,15.138706247449946,-0.46647325812556434
1.8125,3.6197353784986785,3.844016454088348,16.48724989728279,31.121240271872093,0.14542797371801286
1.81640625,-3.3118111352416917,0.8559488186380613,-2.5752115224939187,57.74042415216856,-0.28013842642562886
1.8203125,-6.4783565568621615,4.252929521007417,-1.2067624772526147,19.080614349898795,-0.8570517674369825
1.82421875,-3.335725155916597,-1.0522593106231415,9.172489048738438,36.65251930476238,0.7502994040838977
1.828125,7.853445605105453,1.5544449786528995,8.599827510737358,10.066427913119446,-1.0468336745113398
1.83203125,8.079036862578205,-3.7288872488259064,9.215659680664043,-18.18751977951811,-0.5306922040580426
1.8359375,3.00242268118615,1.7379143998840243,-0.8488675266309809,-5.665996454851678,-0.04198004858682018
1.83984375,-1.755847515720187,1.4171083993992075,11.463698372319815,-49.31596597027217,0.09823518247013253
1.84375,6.643495464891231,2.1147117358028202,1.0433526836586053,-16.884677957025524,-0.36810812721267744
1.84765625,1.2329850271272007,-1.1988532497190572,-9.02975587172417,22.928510058839024,0.40856924342888834
1.8515625,1.5169734416113925,-2.0318377500801574,0.3384275734866384,1.7081883632172281,0.9920842593548024
1.85546875,-1.6127898137295074,3.221920162315688,-1.7609133571593967,-2.800846053926941,-0.49318391179323096
1.859375,5.905018958619196,-4.8150309550615455,11.417247889370415,88.77018875925319,0.4560260729866458
1.86328125,-6.70336454281661,-0.29567347515334286,2.068321125279291,37.75060542448476,-0.16460515977726947
1.8671875,7.296713297083904,-0.10762740662228096,-5.267122898860812,56.249594077983325,-0.02770040753417383
1.87109375,3.6520853910786584,-1.577832839309019,-11.106688634709833,4.115164935364643,-0.5682277147290539
1.875,4.91370849867982,-0.19088372528784908,-17.97884050010648,46.40843436068406,0.8388898499621393
1.87890625,0.9934073486735979,-0.4321800207359283,2.058700320489436,-1.995058727355648,0.3291102158343914
1.8828125,-0.5756198121479406,-7.240732585387775,-4.661829325389165,-49.57347893204596,0.005576041731650722
1.88671875,-7.502151315329661,-2.4534616087802177,-13.124339577983688,-23.826944796119445,-0.4083691570888448
1.890625,-4.6164423706966105,-3.299830420710811,0.8792807129375158,-57.51621540949675,0.5137353722620668
1.89453125,-1.340429567472134,-1.9423461886673334,0.2679756676971057,-1.6471878623006937,-0.722341054811626
1.8984375,1.31880497147466,0.5612511617864258,-4.5676922010571275,-16.01149155761553,-0.2380996234600225
1.90234375,-3.9804008467732537,-2.1299615952289366,0.36788625384296525,30.802210396818523,0.039740199015238016
1.90625,-2.283572331751797,-1.514236226922466,5.613811941402946,-33.77932454070643,-0.7688453942087031
1.91015625,-4.451480790297714,0.7783904460098194,21.77727040577544,55.00232617865379,0.40381339659998233
1.9140625,-0.24760273986541975,-0.9842764697212363,11.877987430210942,64.25930208667442,-0.09128701396607464
1.91796875,-5.187932042297743,-0.9776269911989838,6.604682307925215,17.638262400427415,0.6151059773642806
1.921875,1.8169478898377909,1.1086257859523483,3.4354463051237323,6.779143581704189,-0.19475059504051478
1.92578125,-5.923298527901609,-0.5182873758471789,-1.524831522100242,-9.199681348645399,-0.09011674341203034
1.9296875,-4.7589390864175956,-0.16511066266176025,18.97775825680388,9.057499193298488,0.054771413085794474
1.93359375,-5.568108738539013,4.719293477625863,14.27486265382893,-52.74260758219273,-0.7895186230994172
1.9375,-3.470926756457685,-4.044860035380617,6.640784470904225,9.241016259439526,0.3261668750739726
1.94140625,1.7035796889523211,-4.7730027110857245,15.952720702680976,-25.12780044827904,0.09759876341057612
1.9453125,3.2593089123218495,-2.537883824379822,12.687680807781646,-48.936034329982235,-0.26018979753523136
1.94921875,-2.7535982708248263,5.072885210576485,-0.8071109540825232,-0.5055193827063167,0.08556004926048871
1.953125,2.3314211474981636,-2.997411327167213,5.902623573320079,-10.112577808613521,0.18881983166903826
1.95703125,1.2044545679547611,4.524994196867615,-0.7887000084046094,18.774554850714683,-0.22834360534304654
1.9609375,-1.9571295264659958,-5.899234717043946,7.2250912507218725,34.447298107294046,-0.6425211975392555
1.96484375,-1.8390660000811696,-2.9864674137796037,7.323824936820813,18.10920012483445,0.1169626675734753
1.96875,3.5290124742833937,0.18663293205019676,-15.072872595853935,42.814768746564944,0.25463247209994344
1.97265625,3.8719209178563654,4.725487066478993,7.622329005341971,50.80289652803292,0.8782070359902912
1.9765625,2.553020467024408,1.1823393586329212,-9.266325813782164,4.646309675640334,-0.776212424065883
1.98046875,-1.9648910369414512,-2.9081625841813583,-6.580642283818613,14.940975333883964,0.7923010129625224
1.984375,1.3592806284977226,3.3708969546217555,7.948554852243693,-4.03168694994395,-0.05417067721969
1.98828125,-2.111155747996674,-0.16030909625743697,-3.8107938661117884,21.01870753994788,-0.961093486312017
1.9921875,-0.8566810083927765,-1.1588400964287038,-3.6039266725820167,31.106962526331472,0.4342182750915375
1.99609375,-1.4462351678981633,1.4295544856209403,-6.5796223806270575,3.2044325425362636,-0.17767953564313108
2.0,-5.669374450592001,-0.272739183901158,-7.98135063463084,20.562164931828708,-0.8718562825629372
2.00390625,2.7482071752569635,-5.047928645241949,-7.103080986062305,20.52947338515254,0.16445002685483284
2.0078125,0.00859006743809774,-2.145765951342578,4.060918474661973,0.6318081606133532,0.24142188397898268
2.01171875,3.5296251940589607,-2.3509481530621965,18.352062472691706,54.854621589349726,-0.7212180706736853
2.015625,3.3014660251474655,2.1559847639580996,13.75356732201252,93.35176785173005,-0.005897730850151572
2.01953125,-7.792770760417977,1.6821643136746451,-6.1799672561840975,-11.31816527317004,-0.14823897244336842
2.0234375,-6.112719116581076,-1.3106242272621609,9.549308366122162,36.324399091474035,-0.131663136715194
2.02734375,-2.6869636242653603,-0.9477722505048587,-2.9841050408827154,-17.115215480938208,-0.13940462907747003
2.03125,-4.9911532326529695,-0.9654914365320445,12.22994693564922,-22.759565781994652,0.0322036780471939
2.03515625,-3.662051685730442,-0.4763174944778009,-4.35906285719562,-18.26188965581641,-0.29600437725019346
2.0390625,-1.355257418555496,-1.1325556404811457,-7.924167922818199,-21.532506478901556,0.12984224000999028
2.04296875,-3.591279076573001,2.5115510900999443,-9.304734586366195,-31.81359094644364,-0.2687753194711309
2.046875,0.887359322819979,2.4596401260561707,-6.195103504371596,14.750815666608181,-0.17755455799386513
2.05078125,0.0894743310899672,-2.2581490537811986,-11.764717662978445,-23.730143978432494,0.7534912563106809
2.0546875,2.851880661389553,-0.043675512679846984,-8.116315365468374,36.64315159619758,-0.10084584370640133
2.05859375,-0.5929001833677133,-1.4333384500913462,-20.095241115589108,39.45330022482257,0.07094417847577472
2.0625,-8.276609826235385,-0.8408487047123439,-2.4855483902335127,23.965288824057385,0.15637874934534046
2.06640625,-0.9146323378333785,1.4495719126585291,14.910374828542487,2.6565971612948225,-0.03388045761230589
2.0703125,1.8211808330748038,1.4778906600259003,-17.608297232933225,4.130048465766336,-0.38184598135373
2.07421875,7.164920857333541,0.9181883358340643,0.22201518890687044,-7.446408906269206,0.4722712056740566
2.078125,0.45050254538940576,-1.1512886415309833,-3.4151753638834483,19.88503814772931,0.5113614917080622
2.08203125,1.2914417553601774,8.44110967498116,-7.903767435218859,-6.217523699515141,-0.023280008595135595
2.0859375,2.6949975518506437,-0.7464141316702253,-4.742603067885748,6.913452765228328,-1.2086089395218536
2.08984375,1.7604886173782057,2.715226881738193,-17.31280216934171,-12.108165899168041,0.37213741726165256
2.09375,-0.8629283536656015,-0.6521341992115911,15.119114223336553,33.66464953333389,-1.334548777559202
2.09765625,0.9234509307615143,-5.846807011628408,-2.0867594217476757,-11.364846226100692,0.7304526955428621
2.1015625,4.062674193371179,5.313889801812673,-3.256858754746492,-0.27352970440922775,-0.07045677526944312
2.10546875,-3.7640897863121827,4.263180444275649,5.212896958335068,-32.15458958016399,-0.5334477338024022
2.109375,4.022559105323828,-2.572508240627982,17.77816244460425,28.157000803974622,0.5269249598760802
2.11328125,-4.3223941886359105,0.09656346140212113,13.671577497698289,27.36185683492869,-0.07710358474962493
2.1171875,-0.5593794091145662,3.270830227091114,0.8994755905679646,21.26553075748696,0.19769514340903924
2.12109375,-0.09875438416339252,-2.615466325995191,3.9201326275625803,7.156504821637707,-0.5095589065905168
2.125,0.45983155066709736,2.9711764863572414,23.730163943870497,-10.368185724980073,-0.017481283576375316
2.12890625,-3.5111645220524386,3.273950631179284,6.433534202414525,-19.808528636246017,0.42495916885213175
2.1328125,-5.688390672699239,-5.2497810722407,-0.462518473951568,-33.87810620350827,-0.683999652045502
2.13671875,0.2571407498162225,4.651949369044871,-1.2823304576157817,-7.929641290547044,-0.351011861971151
2.140625,12.091694949646781,5.441991577095724,15.29334625832982,14.62128608640927,0.05469438033305823
2.14453125,-1.2611731977784015,2.5620962912464447,-3.6285295660342443,-15.685582701607839,0.7621863079366417
2.1484375,-2.4704385271488314,-0.04972866563063195,9.24265399013925,11.494596515683963,-1.1950826576405071
2.15234375,1.9095770756790802,-2.702163130628178,0.8726685444947306,-6.9880251743765145,0.2663949155752766
2.15625,2.0966106956026906,-1.4094548441723798,3.0590135268102054,-0.1431246396969179,-0.05818175444607969
2.16015625,-2.814383908205143,-2.469170611515797,-2.944016569968925,19.524269217101995,-0.26246232535337716
2.1640625,-2.7601172709421773,-0.8160575389495813,-7.640781423594415,55.39774894872781,0.42787645709291355
2.16796875,2.2025789574105583,-1.8011084908183632,-6.0379861356128535,-14.274113562082803,0.488569994136895
2.171875,-0.4940037999577969,-1.127461014693952,-3.4917184973805973,-28.420360435936914,-0.09648348075410393
2.17578125,-6.299325059621807,-0.9544195239379092,-13.028960549239631,-60.3721177678638,-0.012407713228291897
2.1796875,6.044890077898494,2.9628246178201363,-3.4915886259170703,0.6646851216617282,0.3219134747608538
2.18359375,1.0544805170482994,3.085562856823564,-5.723176427728558,-3.1751095229851174,0.14440215539172965
2.1875,-2.4731364358324814,3.88440180698939,-3.0582936558067066,8.56945987716231,-0.2059545018841051
2.19140625,-3.3735414159719443,-1.8669912906038744,-5.025594583424761,-55.36516338305438,-0.115522246243959
2.1953125,3.2579644250268047,2.3737014921565196,3.85936691834267,-16.834163529082517,-0.6559737613550787
2.19921875,3.635969578362746,-0.8688189467165592,5.722014859668545,7.563170242407484,0.04545059352419508
2.203125,-0.3630458928649915,-4.279227286511383,-8.803545391252646,-5.777671588608509,-0.11462236900268041
2.20703125,-0.19814033700272304,-5.190117995283538,-1.7050353099712456,14.83824994383771,-0.4987569288740528
2.2109375,-0.25138901174808287,2.1856032285403346,-14.94272211949555,74.13199324019625,0.15881796114855534
2.21484375,-0.2960353294463966,-2.175622328067222,0.7947174511898107,50.97650607065722,0.4244280617222786
2.21875,1.9237069775017726,-1.7224390673956513,-3.453599714843211,19.200963793045045,-0.38755901070682136
2.22265625,2.769000404360949,-0.43431839267036154,19.85317244140139,-20.18193721279218,-0.24376895213194472
2.2265625,11.157787975442206,-6.119359955831985,9.333030841926991,12.810072770014969,-0.4378423628211401
2.23046875,-8.911840123488867,4.708031840833443,2.6784698897913923,-40.746476320389235,0.12463242213115433
2.234375,-3.003633539739764,-0.4781302185416428,-12.950940588393514,10.207471187460957,0.4963142963232713
2.23828125,-3.6132402855895647,3.414497042692478,12.245437314957034,-22.72172836514256,-0.38373721930268784
2.2421875,7.642413077079447,-2.416128642960588,-0.7574186306886976,-25.57332700956187,-0.7855918502677752
2.24609375,5.600846258711525,1.9332619207246715,-3.6088365611791366,-28.3744040740115,-0.19497404140134755
2.25,2.6951935270501632,-3.1387690427418518,10.394509826175701,-13.856353527368219,-0.7432274219993846
2.25390625,5.443340631005438,2.0005554812913084,2.5931606309752295,-38.05165595003774,-0.1784585752282426
2.2578125,4.891961270532668,4.4722129445030046,-8.576154517675876,-22.581598217164736,-1.1288625298083381
2.26171875,-0.3995069792664015,-9.610311845587264,-9.243840731474332,29.62704874952791,0.040690253043205886
2.265625,9.759075470772016,-0.68276993379266,11.067613098375933,-12.551390099985515,-0.1088257613329475
2.26953125,-1.9894927296917901,-3.544451663274753,-2.176613308726978,47.999902668151826,-0.5415695213129589
2.2734375,-2.854270366671498,0.4827842480115343,-1.4440924733512337,12.193756420996714,-0.9076741003295999
2.27734375,5.56658973054791,5.200417945068559,-18.988055795734304,-11.957889142858232,0.2711652188155021
2.28125,2.083287498377104,4.8535923175395395,-5.80116329343439,-21.939816041225193,0.7164028315527187
2.28515625,0.3299252898107988,-1.4936449548699666,6.492780182189368,-25.96932397004516,-0.22509008169874334
2.2890625,-3.99625586422576,5.877971537949002,-21.831814772301527,-20.343120622599095,0.22385397131348148
2.29296875,0.2993733914151412,-0.1618912508089444,-9.458186173706654,-24.612158111937212,-0.12096659461382933
2.296875,1.4019281585661383,7.818478719145064,-5.446246725747049,-0.14540977306332614,0.6653961918077197
2.30078125,-1.8754541346242506,0.29188568895304634,2.7640051795674734,-34.462546656720164,-0.16603482730514216
2.3046875,-0.10143038669815616,2.5712713162041285,4.974279713730401,78.98315026515617,-0.08131984735106931
2.30859375,-3.868824200872888,4.2320164009785755,2.030466754940239,0.43652309493432284,0.45491642950258043
2.3125,0.018342352284859236,3.1963307832972303,18.26372641543898,8.828953336781387,0.8223152918816192
2.31640625,-3.248407658707055,1.1305480075759107,22.086252807791666,30.775915383989272,1.097055688378159
2.3203125,6.768068297871509,-3.0400531653495753,-1.3468540079516185,-39.92537144674998,-0.9793541784624796
2.32421875,1.932807816456972,-0.6041932635703923,0.7154427944397588,-2.017766485238351,-0.3979107943152046
2.328125,8.155359752137159,-2.1862043649642455,5.264729816279428,-28.353023445607327,-0.7047521541371395
2.33203125,-0.3026550986083778,0.3050601287066457,7.227804663778807,-29.85586669273046,0.6778040543092083
2.3359375,-1.4714050804935788,0.179777431602864,1.0922996544868524,-25.461217763134545,-1.1812226983136187
2.33984375,-4.989776802739451,1.1492443221222852,-1.6265503123625398,-51.42067273705395,-0.733056329834956
2.34375,4.657089086663349,1.493460600757701,25.135374852702576,15.898276915763146,0.36585629749612736
2.34765625,-1.4209117213593978,3.0553038646721458,1.3620428157969022,-36.97827361009576,0.4487799287745637
2.3515625,0.8552402755483111,-4.513668439131676,6.332525226440242,9.860234139940111,0.6300277564708823
2.35546875,-0.43468391652020594,2.8359169861375157,0.17899001262189929,13.025387915296397,-0.17367969252419702
2.359375,-1.9258942089567628,4.2716086817794805,-17.358681023167264,5.373522295981063,-0.36249897907776174
2.36328125,-0.47356259382417476,1.0898292225557484,-7.562834994501665,36.76506638529109,0.03258988850251931
2.3671875,3.6023310818048038,3.1457456512106763,1.6925130597845737,65.82113173309409,-0.6121210816002373
2.37109375,-5.638152633210453,1.8843318305624495,-1.6798380302042748,22.760127953447242,0.31484072141665104
2.375,4.245127066505603,0.4292268976517651,4.142120348488609,-20.345199031480227,-0.04160876521595693
2.37890625,7.035165968936395,-5.21276743780722,-4.633842394811668,-30.000986786578903,0.7245247962603497
2.3828125,-0.4784923189692934,3.362165827658409,-7.212994513122069,-6.253664796420791,0.26229449201229094
2.38671875,-0.6255044651692259,1.8399213364019285,-6.563291763143782,-77.34239051756192,-0.20056228299628248
2.390625,-9.776501469242321,0.9989086094797819,-13.212098198171075,-11.650127120220077,0.2116389803926111
2.39453125,-4.64287169746446,-2.2301394733083706,8.361978221708352,-27.20140259271514,-0.6721879971486278
2.3984375,0.9037415434516133,-1.6474764079189668,0.9212317141713051,20.923584724198253,0.5984676608880881
2.40234375,2.256627275566752,-1.2518720414490008,-4.158131977117445,22.756277598960335,-0.2979024220191425
2.40625,1.1611709270390733,-1.3087945524507054,8.008262824653157,10.944042754746715,-0.027999259810047136
2.41015625,-3.6569607855868305,-6.575683680211652,6.298233222885805,-20.874190093550133,0.24317781116936055
2.4140625,-0.30628258401138786,0.4989344047090255,2.141831361939219,17.30297899985971,0.25780369552982835
2.41796875,-1.5701254547245127,-1.3889779379160063,0.005824062336297509,-3.0760536160322154,-0.04361705163654876
2.421875,-2.8060813615170512,-1.4771482943654357,3.853254014041123,4.631394295627914,0.3631558317485111
2.42578125,2.9053632318373728,-0.5770383891053881,-9.89666511252129,7.6817121438897065,0.09681215945969605
2.4296875,-1.4200433366832432,1.122491119792128,-5.708721888105219,-59.11258476381053,0.0618530982426623
2.43359375,1.6470501337921983,5.116374203889295,-7.49863877848446,-41.23576533060266,0.5106409901162631
2.4375,3.955614610739472,-0.624787948843407,4.2056000394374395,-41.78063314758756,0.1742078752115724
2.44140625,-0.20666060445059622,2.9460329651174435,16.648372938737122,7.534331067441272,0.8580042952298275
2.4453125,-0.6533266313467948,4.896466927333307,18.527990533521855,-10.189044459795614,-0.3029953159449372
2.44921875,2.153263509729585,5.969812135321128,8.736509213868414,1.5047237983730093,0.4514513221705625
2.453125,5.111352758362576,4.341328889059531,-3.3369675706388278,-27.800211301796665,-1.459919662927146
2.45703125,1.0942244890658497,-4.158805049403621,-8.853007154495856,32.03322525003263,0.24077283695074206
2.4609375,1.2443547263111312,5.0768125920079825,9.332265433887754,33.84918365185996,0.9866854146443804
2.46484375,-8.512354885559901,-6.4869360932677935,-4.9753255866283626,8.851294124561933,-0.04659226465497504
2.46875,3.7634396025907155,-0.057421285217434184,-15.484861346123745,8.479384890063642,-0.5878139512991502
2.47265625,-3.235100576933985,0.09312053781222226,-15.181734042151781,25.838559907507825,-0.5563710882924295
2.4765625,0.43207604777918224,0.6111107409306131,-16.921161180002663,-20.680835224242443,-1.2396276184151738
2.48046875,-3.1627189797167734,5.99963256446995,4.910552527064107,0.45002656218372117,0.24129388792112486
2.484375,1.5934907490516401,3.096554894960635,-5.353779956841137,-21.118655710443402,-0.20792069726710166
2.48828125,-4.831651720264551,-1.1456887572388779,0.13491630563737544,-2.7011873734034495,0.3131668825787155
2.4921875,-4.971253937030411,1.2938900380417275,8.44957087883606,-2.4306455315622113,0.3048863000375224
2.49609375,4.797549423999301,1.8546641243100568,-0.21498715704722648,23.063609767445268,0.25402990790740987
2.5,3.3813653280626466,-3.0674642164400927,14.995221618124937,39.027349512199585,0.031539683668174195
2.50390625,2.0257081555295935,1.0502717124694736,-4.7070749158340535,-10.853525615031819,0.279126910615339
2.5078125,-1.9417434749873586,1.881464989018823,-5.904805913688047,38.23851881738899,0.4533067589841085
2.51171875,-0.32612220910368905,-1.6849236189273245,-5.350595628700012,44.965917367097525,1.420212371180125
2.515625,8.673350078445035,-3.308479193872272,-0.7689856717917376,-8.711234384087984,0.5931537790338566
2.51953125,3.06016596071122,-1.5134873742162753,20.5447540085162,24.858368049693954,-0.8321602377073183
2.5234375,1.2028386524076864,0.26759980229973945,2.744098930689829,23.84471184376947,-0.5428426235056115
2.52734375,-4.734257327140935,-0.7223316691439837,13.077613382709114,-9.327342450617724,0.022276917302236757
2.53125,0.02123606308448225,-2.314119815683697,11.126334759827575,-61.245883871104624,-0.226240888610278
2.53515625,-0.6505500169418722,0.2914990753929484,7.741438787243828,-17.72254427587011,-0.3411426945552689
2.5390625,-4.3388319203430505,-1.4165624498065141,0.07477874188132194,-18.45383290258529,0.07309289859184377
2.54296875,-8.322579206079231,-0.264643138909628,15.758897175016244,4.919294786612394,0.0020112453023681948
2.546875,-9.27919728691565,0.951865577848197,-12.693617698081841,-0.9083695202437614,0.7657939551709108
2.55078125,0.2564432624598709,3.644082233362025,-10.457650944722335,-33.96056068025223,-0.2746170591002697
2.5546875,0.1992468165025055,-0.21478417981563314,8.582524025244691,-5.058494366778298,0.619735861411585
2.55859375,6.7825145642200235,-0.7622474181198297,-8.755473385053907,-4.330821456686664,0.9128053879576822
2.5625,2.262710955970103,-2.3779588027341028,-3.4117445698652036,-8.646409575330807,-0.6483727773452257
2.56640625,-0.7932257789054193,5.7382571477104785,-7.474380169079069,23.145294892169446,-0.12704067753874132
2.5703125,2.9562057457150965,5.349018914562451,-7.593747501116859,40.90962117933247,-0.18697461246749095
2.57421875,-3.281657690310596,1.1009002674051327,-13.107035439942177,-10.772092608305769,-0.01892156481485862
2.578125,-4.544541175434838,-4.974589131397372,-5.770691421132566,4.651707212567349,0.3341532426105948
2.58203125,-0.5320268030850673,4.217557345019549,-19.226896779651778,10.188922783757363,0.7630858683204482
2.5859375,-5.079790027855562,-2.6846501177001105,9.08349010556713,-22.661124067084703,0.9260270310747323
2.58984375,-6.68662189037458,-3.9234245972200616,-3.4355558165620104,-40.54799034452228,0.493519803369121
2.59375,4.989852252294076,-4.811756802178459,1.4457535997291302,8.746762522358924,-0.5232134354415473
2.59765625,0.5783894537960184,2.0803872051609513,-0.3733878721547416,-31.130223784092372,0.672047916738172
2.6015625,-4.453744794141419,-0.3767519415026649,-8.185390589947906,8.283029095820456,0.07943937253709164
2.60546875,1.6875450494885844,-1.6431758458327073,-6.479274113091859,-18.457448366464817,0.4299793570081096
2.609375,-2.1808411010535034,-3.472558268610798,-9.462214410329173,-16.512362867928484,0.06913964565050625
2.61328125,1.6869411165867836,-1.7826220570764855,14.561289378376038,34.25459121146047,0.6649833221380637
2.6171875,-3.2507197012447158,-3.060538995759832,4.041203771139921,68.93703137299643,-0.7901011235830888
2.62109375,-1.7184753524722056,1.1021563810313924,-8.428337209708179,21.4304206265642,-0.0694622399279487
2.625,1.4559735412445274,-3.176907062412888,4.423181248095165,-45.98608716120877,0.26006189448367456
2.62890625,3.158054675659146,-1.6314607941509929,-1.1855706100967467,-7.6208198266618545,0.4628898675255075
2.6328125,2.133589785698702,-2.1341086716381756,7.28407033315032,23.798866193099517,0.14709643186938165
2.63671875,1.4081375009878174,6.552583200735633,0.23237004290909713,-25.10152053966428,0.5689731443826453
2.640625,8.348887488593876,-0.328567180382783,-5.078518134822463,-29.179798694505656,-0.18014504818236354
2.64453125,0.4318386449434298,-2.482489178929325,14.914590626515313,1.005561168484892,-0.2450385134161546
2.6484375,-1.0434094254892137,-0.5609529389180025,14.722437553943639,-11.210707278202884,-0.05605332774407286
2.65234375,-7.123628369072854,1.450031115083232,-2.514740235776842,33.13042746596444,-0.411015624692527
2.65625,-2.021758416555758,0.6417497549154648,3.66310957476297,34.93992580641674,0.6673981477417604
2.66015625,-2.160308413668435,-2.102921558990133,-2.8365077413536812,-14.992848175183848,-0.707632672938024
2.6640625,-4.142618929102308,1.4219381954291943,2.7023701363354795,26.89339674447519,0.3457720101096106
2.66796875,0.5143098599743416,0.7805579801937343,6.986348563683115,25.49605311010199,0.6765806401009751
2.671875,-5.849665704789206,1.7444332714672584,-3.335056146446692,8.684140768981496,-0.33704562587831993
2.67578125,-2.2964356744187464,5.116613487928906,-5.324995051197115,7.752597086849009,0.14452077549806425
2.6796875,4.591055598392348,-0.7985526598506231,5.055794065431963,-9.198661883102094,0.2837282406755825
2.68359375,0.5224358562361763,1.0218483659028499,1.5859529349607264,-29.600218239955087,-0.0004422605413462152
2.6875,4.577979832338264,-4.545560797360013,-1.5490248504006199,24.607629079716304,-0.2782568491348844
2.69140625,-4.723179019212205,4.623229032011771,0.243455710269465,13.6315722829932,0.49612713257793994
2.6953125,5.307906695966141,-1.7271058790901779,-3.794408096521719,26.874365650925828,-0.698938710111976
2.69921875,7.699497007916035,1.1997004681262777,21.86436701064084,20.46218000528043,-0.08518510599511266
2.703125,2.2313517419741045,6.836389920955519,12.893746218823747,2.5817318076104607,0.29060892507342573
2.70703125,2.7541498713310153,0.5288547714003031,4.146095744945492,20.515271694305618,-0.3024110624878869
2.7109375,3.37299451527325,2.409375174817158,-6.9748628267569055,33.87947045223317,-0.13259460290954111
2.71484375,1.0759707029598113,4.3321480111864314,17.03763711232268,22.31616465800677,-0.2930403851470786
2.71875,-4.721689968016054,2.743629195070551,8.767517494453347,33.338907126253915,0.3328885252446061
2.72265625,1.2473157151303829,-1.2760494137696283,0.5853731668880533,-47.94619732923418,-0.7064810283109979
2.7265625,1.6860721153981713,-2.579664288023136,13.851213049581927,-0.6861256635062691,0.4593779020564514
2.73046875,0.585601279158147,2.14508404263033,6.969348499440226,-38.538702604333864,1.0684339834481755
2.734375,3.702252868372489,0.4329114425314343,11.106342551341104,12.839035561059138,-0.47900222502282647
2.73828125,2.459078838664205,-2.369495737360269,7.634055902583853,-29.294577668750268,-0.09308493844915076
2.7421875,-1.352606282508367,0.5204031554147759,-5.162255912253149,5.626207619010199,-0.3515423463178202
2.74609375,2.2924745332138112,0.8298496199540502,15.918521602606662,-9.38968153886651,0.08750604799709084
2.75,-4.073859533308786,1.6323774558964668,1.7591654497969447,23.24887885038543,-0.5639773714416798
2.75390625,3.2587024200337162,2.81863912578677,-1.6658301494040157,-61.20032231466636,-0.09897546921539746
2.7578125,-13.528989810379866,0.9860211348962308,-20.633144579733028,41.19062618224949,0.11254202605924034
2.76171875,-1.6473061225313352,-2.6270124079131363,4.928449602180174,-1.518576033269202,-0.038817789568241196
2.765625,2.4694020907385443,2.82268816265632,-15.045347190552135,69.67222421597515,0.5455196477702927
2.76953125,-5.720111279659429,1.244412704137328,4.074756389657971,23.48384386233784,-0.17908200374428632
2.7734375,4.0929303056728505,1.9155132802661634,-16.325461313899787,21.023196937157067,0.4820615889654652
2.77734375,0.3846322298436997,-0.8591674985340925,-3.81547208002998,-40.376163557871045,0.9760198328341154
2.78125,-0.15105857549791118,-3.7465419477613118,-21.665565634377664,-13.99478492087994,-0.11608509040207883
2.78515625,-0.03995122020745857,-2.444394718817911,0.18735031183450346,-53.770784994228066,-0.05859533293483283
2.7890625,-4.831337360935768,-5.489006314701308,-13.43852720971664,-9.957124556756817,-0.05463967111084541
2.79296875,-1.1698704887215172,4.642294513101266,-12.478656916856474,-59.06251302102208,-0.18385486938882722
2.796875,0.11484913505211905,2.1185649475453507,3.3176626958675235,12.260755225430428,-0.23181643536703356
2.80078125,-3.6985164989642425,1.7341091477526311,1.5475963262225223,-2.8060253522676684,0.5560874268071131
2.8046875,-0.6149274129208554,4.9012452934178405,-2.2225715948345193,30.20670463550301,0.18650830770286644
2.80859375,3.578593904196678,1.711644467821595,-0.003161204244536364,51.31792631274941,0.3802798675073648
2.8125,-5.148722178314808,-2.327722322602003,21.589832522927416,20.401485229618338,0.3119371552878973
2.81640625,-1.8234696609795242,0.30838257202566316,6.486843287006931,61.14172646205506,-0.06234430820446074
2.8203125,-5.043560958069348,2.834016538239736,14.809206399273735,-1.9473859021430524,0.5204366998071243
2.82421875,3.4393833403149627,-2.242949186354221,15.438895984227294,1.0368104359970187,-0.28616784764169667
2.828125,2.046125208617303,-1.7534120280959147,9.661675668045646,0.8400085208688832,-0.02743633552980823
2.83203125,5.990997149108535,2.229574991592173,-3.4747256982652353,-34.235253052089625,-0.02939192100808266
2.8359375,6.685614773299581,-0.19990785960161295,3.5325464013560075,-4.040784564854267,-0.016828813908637504
2.83984375,0.4980091632483461,3.2138170373969963,1.0780364849522552,7.715491295934889,0.5917764559404857
2.84375,-1.3765742848226,3.110160800053623,6.212721457156146,-0.6764227867343937,0.2724037267613176
2.84765625,-5.017211711826773,5.191849012262216,-11.703456730054402,-16.688422386395263,-0.44239941930128246
2.8515625,2.220379350748077,-0.15515221344552665,-3.022683083801899,6.838678558491075,0.8320673889637625
2.85546875,-2.8413835036889767,-5.0727912728519495,5.006728983785205,-33.589042748541566,0.20506193088264063
2.859375,-9.364941218657801,0.5935876758852553,-9.98534772680252,18.853530802496646,0.7766064119273334
2.86328125,-0.8114350781381874,-3.9402433753701223,-7.419668474985919,14.295906555970475,0.46720850040282613
2.8671875,-6.185660176969772,-3.702097955811606,7.6053788312492925,-35.398166551929414,0.25440657103369646
2.87109375,7.1806025536266285,-2.3245646766835577,-6.35910737701645,30.720222703940095,-0.49936598193984827
2.875,-6.0040660206898355,-0.5170983460365146,3.165474967894786,5.263712346862294,0.6137862287531233
2.87890625,4.764994770875848,-1.5764816333464728,0.7258436373873662,42.036641571848,-0.37320159935813313
2.8828125,0.9294163517489208,2.250671937949776,-10.092612313452884,8.160174085237305,-0.28219434460108256
2.88671875,0.6802944689502184,3.2330475244662082,1.6575494717974601,-42.223154925392315,0.1736697828711167
2.890625,3.5853528569309407,0.5007136273887187,-12.261576299487384,-46.916972879601246,-1.0673350811252205
2.89453125,-3.8665266529664875,1.055614157161338,-3.2327485554816944,20.963155838226875,0.047076265628306926
2.8984375,3.6856418560976065,-3.5683039607379676,-2.141989795728697,-24.799491393762988,-0.6218191046087426
2.90234375,-2.6777242807499855,0.24220036654882682,-18.295271923980255,19.526654020592144,-0.2274459795739446
2.90625,-1.3107621840547636,-0.892785348143184,-4.001369745348864,54.69571958644388,-1.1641018741651687
2.91015625,0.19422900883367378,2.2342671177794955,0.12006840605493929,27.112758591207236,0.3499940914343594
2.9140625,0.2280950452453415,1.5186946837271107,-5.433848580115811,0.7282952174386708,0.604195939253359
2.91796875,0.3806548565827516,2.31052072921141,-3.2266310547577355,5.553877454321814,-0.7244564720056829
2.921875,-6.714119825989526,1.3986485111911735,-9.785487763011592,34.886604808011064,1.164146825426228
2.92578125,0.36165426643805776,3.6525212003881933,0.3216508698493401,4.466112408206415,0.10225584237832158
2.9296875,-3.9204100014525807,7.831908944116355,-0.10174087829475642,5.847953354742634,-0.11059803933706003
2.93359375,-5.837707897817595,-2.283315033235423,-2.1421638211811924,-3.306273585200316,0.5232329728567724
2.9375,2.208014721670035,1.7698899129364096,8.325984486609304,2.616420332249181,-0.40078473324412184
2.94140625,-0.2431431060460248,-4.106339422747775,2.5456013893737692,-35.240434755593505,-0.09580637743869483
2.9453125,2.363959568915538,-1.5414283539866869,-7.522353416949164,-2.5952966051178965,0.16388119070063528
2.94921875,-4.994160251602317,-2.7637600908117985,3.0601799061610837,-20.928207622851907,-1.0513777017426986
2.953125,-0.7992726614019828,1.6629003096590496,-0.6901249997895589,3.210928159349221,-0.5580994382242466
2.95703125,4.030971099587835,0.7979148296429224,3.954368512179504,-26.979594494488225,-0.4511161268123274
2.9609375,2.058377837510317,4.892110110144897,-16.049048522008533,22.962848119352515,-0.7333393115781972
2.96484375,6.754507093308551,0.29631327304259536,-7.839091562568351,0.953217658743835,-0.23163323116056267
2.96875,1.46964988588153,-4.199920831541608,-7.749178787187078,10.1722056317264,0.5828980469939661
2.97265625,-2.8726845729274872,1.4683469204376576,3.9468428148176864,-13.501809506441703,0.014831141179020232
2.9765625,-2.4024064101981324,-0.5254695624857264,-8.671867350184398,29.818256612518542,-0.5659983266054652
2.98046875,0.7293873785991349,-3.02779016250316,5.819255753330066,-10.36300326424992,-0.009326039405018588
2.984375,0.275174046218322,5.386818565951857,1.9417440044431142,-69.35188002740114,-0.17742767972336798
2.98828125,7.011818637269404,2.1416322128000864,3.2716125695813467,-35.98232339446424,-0.2689491188984735
2.9921875,-0.5279846226835418,0.6620213530492207,2.0086032597561556,-74.13687196777656,0.141585338886025
2.99609375,1.3170535984346083,-2.663978018140756,6.480330690402541,28.299652310703795,-0.6389316909289412
3.0,4.079018942260131,0.1912528993648402,-1.2198494378819122,7.438852046870186,-0.4767472034517323
3.00390625,3.03685636824234,-1.8666632555282812,11.211548610230743,-7.531642416731602,-0.43285454283144564
3.0078125,6.123347526268694,1.5018644592929995,13.111208296316352,15.587648376613139,0.40615077776498787
3.01171875,-3.2783972273770203,-1.6652254146668257,13.978517458158827,39.222849484430796,0.04500290395245181
3.015625,-1.5228488699096372,0.6206567578113502,9.082063936128527,35.45603800004423,-0.09877943311838909
3.01953125,3.586315808453721,2.1314998105087604,-6.5596943280255955,-31.29398218920954,0.6957027631321354
3.0234375,-2.202941449229874,5.9272783939755165,1.3467149867744164,20.56365598730233,0.2109344330924381
3.02734375,-0.6928624747275745,-0.0697373581149523,-8.921624118942416,-16.06419301442083,0.05073386364090513
3.03125,-1.2893476939315067,0.2284992884093176,7.073661918517961,13.363209084279728,1.096611583442439
3.03515625,1.112879992628492,1.794304625219928,10.112694935570268,-43.34283585610122,1.3151480130675317
3.0390625,-1.1807426359904396,0.17629670061663938,0.3314551266553529,11.055374544285854,-0.08589834049610162
3.04296875,-3.6319819523123096,-7.747302033703031,-3.469175523901445,-22.778310234924096,-0.4883056437743708
3.046875,-3.1329215166681097,1.0192683497012816,-1.6223679580389343,19.68244224638633,0.3133339181824161
3.05078125,-1.9377238577117128,-2.446851129309743,5.103259846252402,12.157722441827703,-1.0103664486072197
3.0546875,0.4714531504405508,6.87375482773945,-7.247227171434709,7.379191264424604,-1.6494157634910762
3.05859375,-0.7260919427261184,1.498843850488586,-7.4999826414571675,10.82070147564252,0.34406882684793577
3.0625,4.608490904480685,0.13694584623372766,-8.479932442815429,89.89891378459384,1.2844104170034731
3.06640625,-0.17461610406956848,-4.937384223772096,0.5657012421320333,26.202871078538582,0.657324973319334
3.0703125,1.2226399836920476,-0.19425574825795464,2.83074286096737,34.62760859809292,-0.33046313236716074
3.07421875,8.461254823297141,0.7355657339214066,-23.874367663584145,5.864644986545719,0.2766954084465267
3.078125,-1.5187318652144446,4.520483251330018,-0.9818418344674029,-15.729366312712505,-0.10255167284164815
3.08203125,-3.3784219841937033,-0.2263053113714398,-8.591489653135767,-12.928602000890336,-0.37621951774077195
3.0859375,3.0680087823686275,-2.016525117645288,-3.0854633146095485,6.542797441564314,0.27902268191951496
3.08984375,-3.1222797488466862,0.006549860230071681,9.494332019508816,33.467667198923294,0.7173190689783498
3.09375,0.2783483362809229,3.0119940899164925,-2.2934274910175625,6.930390206166228,-0.03007295985119299
3.09765625,2.70462453285265,2.306188115985181,6.861678472534037,-37.12977299044305,-0.054224328336689345
3.1015625,-4.929468568883999,-2.298961171953068,-12.575980933724912,0.9705171993746431,-0.3182786999297581
3.10546875,-1.4977849800436744,-0.20530259937055167,-9.646430775618324,1.938694073337425,0.2891452778952151
3.109375,4.421181002545347,-1.3985592833439329,0.6512604378673421,34.799178892663825,0.4581364903546272
3.11328125,-1.939458411721125,-3.9241986678941565,8.792265298832447,21.11394079809982,-0.5322481702818641
3.1171875,4.37596482248156,-1.2090185332476922,-14.864811609036735,25.19840206008738,0.6782480298778996
3.12109375,1.2236051491795286,1.4255785784358854,-3.208356285986599,-10.168321857455094,-0.23837316081925097
3.125,-5.463223292870118,-5.753816833437624,-5.761363846676918,-28.87954033531581,-0.15340619135929937
3.12890625,-4.391586803179327,-0.4795733623760742,16.158969869969365,-47.93953485726726,-0.8293570523652677
3.1328125,-0.42264431449649653,-2.9277370243444913,2.471013807581245,-10.166665619033179,0.406576042700815
3.13671875,0.11737696888292524,-4.372333922267718,1.3675853162724416,-23.182422482098517,-0.5440558201407568
3.140625,1.0307203691284343,0.021476748387467756,3.4084521524887252,-3.215604906909711,0.035775132734853214
3.14453125,4.673187735482595,5.085558392603998,14.977813972776035,5.906491801277356,-0.09626405746109279
3.1484375,-3.621984343660288,-0.2468471907026919,1.9645354006472049,21.98947476134233,0.3209758999998457
3.15234375,1.7619997084498085,0.9702800270355147,5.597717327365775,-19.456800053896124,0.5822747345880618
3.15625,3.868788991033602,5.297715428153149,-4.196794627835578,22.25904555821085,0.764039874747064
3.16015625,3.5672177521235633,0.8885539078360661,-12.415799125147219,2.7946200010358133,-0.11045270305256127
3.1640625,0.598882583556719,0.5306446631477595,-1.6081167185506482,25.351758937393004,0.8893043280044994
3.16796875,0.7983485858937205,-0.028831035323828545,-9.525211999218655,-40.39961594976533,-0.02103267561503092
3.171875,-3.5188625311800634,-4.394279801220212,-4.012511478143164,50.20126187120114,0.17651878460122425
3.17578125,1.1205117031406273,5.788185661150576,-5.611713488276959,51.37630430603317,-0.40728360826884014
3.1796875,-2.0373057731393516,-0.6358182670442474,-6.121646404205801,-49.291694188825886,-0.5433413937894568
3.18359375,-7.239350995135908,-6.5550747120582304,0.39505589340145963,26.284165637183914,0.16856701365502763
3.1875,4.291093179311751,-0.7353439234152497,0.6571862434679536,28.865916125260924,-0.8505861015336378
3.19140625,-3.1646000133745558,2.6991985478365295,2.144635919418743,-27.801735122141455,-0.4596997884899712
3.1953125,-4.626039736283615,-1.0609862877001928,-4.1994580157535895,-13.710002273499825,-0.3193887154119775
3.19921875,0.5903217285835315,3.1289319764478476,-9.110049548642678,-11.104890478991509,0.13442693972893466
3.203125,-4.701287683986193,0.621755405417795,12.295390199153806,-29.98865595693716,-0.3672589484334402
3.20703125,-3.341023587250035,-0.647925574361808,5.018102034656427,22.463195721838677,0.27959267787439684
3.2109375,4.624727281852338,0.9369232251361166,1.005925578599951,11.107657600216104,-0.2458990667608725
3.21484375,-0.1908414637682613,-3.8041832626660272,9.045491649464205,-14.228968353627192,0.01429757143466424
3.21875,1.3264120771656658,-0.3112551515579627,5.217024854913022,-18.983261262352762,0.27463136537436333
3.22265625,-7.454069225468286,0.19277560046725845,-0.1819279740327815,43.56681378959526,0.8930200765389622
3.2265625,-3.761688963933186,0.8148210041647381,-12.547764126821953,-7.609894430959255,-0.45751315741111526
3.23046875,7.912427213500897,-0.6389676890449874,9.742733238767368,-30.943951714850094,0.07236043964216703
3.234375,4.5166302578906325,-0.4007368783395605,9.833472964486015,-66.29119391492483,0.7638313794926078
3.23828125,4.824449733543355,1.167721053638248,4.493407871475773,-40.85531998010432,-0.12316570936218754
3.2421875,7.341243189687275,-5.4630108864307285,-9.014137476195934,-24.668590680429027,-1.2228149446147871
3.24609375,-5.462831649283978,-2.4948789090088725,10.357020330134961,11.374897384996217,0.006132080535802371
3.25,-0.7557100398968302,-6.661985680437915,-7.270807139812381,11.727881344870214,0.8227481952830968
3.25390625,-6.169374917272555,-4.689616260411941,-21.223939960198415,8.871172954304082,0.3183943229154534
3.2578125,5.69306062050337,4.047404441783076,1.1759226978277568,28.810246302595104,0.8425310433039483
3.26171875,4.241260177000644,0.2981530007345382,-4.678585468438006,35.15455697295822,-0.6405205985524547
3.265625,0.7797567774446837,-0.38253841666670396,7.488285111764112,38.66640435630053,-0.18338891949095418
3.26953125,-5.339156957989163,0.01619536280156434,-19.470753600493676,20.888537858707554,-0.9800052468041255
3.2734375,-3.4126934553532626,7.517901779522738,-20.22277751453472,50.581086175023195,1.602843952316402
3.27734375,-2.4243051717769752,2.33069106581744,3.575550862019438,-25.178726451802003,0.20605157549317663
3.28125,-1.8950289148456019,4.387754937668802,-2.485624449669921,0.26643726840746496,0.2520132584130918
3.28515625,1.622554568635213,0.3364056383136714,-7.1742248341391175,-50.15543885378878,0.06895950921239725
3.2890625,-2.1346815619334416,-0.059006209274432966,-16.577214507513773,-6.672389949005993,-0.20930022425925643
3.29296875,-1.7157685114222394,3.7800535122422465,-7.323374430791341,-2.9869655903894685,0.5528199834171508
3.296875,15.142573918684826,2.9602468161841817,0.6238355902059382,-59.55233466406058,0.6487100785291466
3.30078125,3.0933214073211857,1.0038589601166281,12.680095478573097,16.451893017415014,0.4373107011402569
3.3046875,-2.550308311311416,-2.619180505689127,-3.9102710633019706,24.664548408770322,0.3819481538237746
3.30859375,1.9308787358406934,4.172677098853532,4.289804823905857,23.5799401917728,0.037692223292459484
3.3125,-0.599250552703244,-0.3514487437032877,-0.9488558486107808,17.26658218638439,-0.006029153766993479
3.31640625,3.3667341280776304,-1.4230981596081937,-1.9673936586524148,42.31544620025981,0.3981304817123952
3.3203125,-2.9356907586913255,-0.012544602936128291,3.4046324784870396,9.511600075265726,0.4007235923340513
3.32421875,-2.41670215284871,-0.7235379926699878,-0.41920032075463975,10.908521332148606,0.6958473607891627
3.328125,-3.978040379503378,2.4192164731826153,4.972245801312867,-32.8648104265736,-0.5009086295431924
3.33203125,-1.1124183399176029,2.7276925702647112,7.4204992394326315,-16.331557423456218,-0.2820781685073936
3.3359375,7.819061404865,2.4633222885976496,7.455659929786339,-5.153192899996242,-0.6149046585413753
3.33984375,-0.7478818996324408,2.101643489630425,11.86902768391576,-15.59024531623341,0.8866705490996091
3.34375,4.121132661279128,3.713811400046479,15.635296276509603,-2.5454967266884,-0.558078285800879
3.34765625,0.04677858140521312,1.7241948068024722,-14.002921736285984,-6.863176301793162,-0.5059114375100062
3.3515625,0.8268752559952719,0.6160731302449738,-1.148607976244539,13.106313056282318,0.5222359845134067
3.35546875,1.139215208122559,0.8948877303028894,-13.73373609011994,-3.3039289425652907,0.3892362229451151
3.359375,2.0548426966920843,-6.9056926274915575,-9.93423833260126,29.870406388125048,0.11433953693801968
3.36328125,7.585589113149362,-1.84818762473687,-6.820494309523063,57.107574821117126,0.9829178034560409
3.3671875,-0.27919466146618255,-0.34728192492055643,-10.1914286229997,8.68159660251449,0.16507798767134704
3.37109375,-4.175190963512998,-2.300828680300434,7.371808117016874,1.119845912267218,-0.3453904891901546
3.375,4.460322586761202,1.226752610382026,-0.7601753367460518,-34.74359773244799,0.3678726075464365
3.37890625,-0.46118709583820827,-3.37807695725342,-6.7146879658490795,-19.759027443635098,0.4551506142696529
3.3828125,2.162755507320407,-1.4718335999321777,-5.878725956228048,-11.100303178255107,0.30150294925734883
3.38671875,-1.3568506389112236,1.6184305654654487,3.3892940359811874,12.496213896350369,0.4400319302963245
3.390625,2.1161684736158657,2.8419218782177227,6.681906451547415,-44.52798716336369,-0.1719015284076215
3.39453125,-0.3177490747871791,0.016528473861246704,-1.0191033927373196,-34.04611017784305,0.002514842047774082
3.3984375,2.8665645290042234,3.4209512988018314,-0.10071376510958152,-9.611949791639901,0.1368530428674034
3.40234375,-1.1364666742184582,4.281861444497086,7.745343498984155,-8.02511892827616,-0.37100509298169676
3.40625,-2.794534688922308,-3.089699104932939,1.5933177941841477,-1.2832648655582748,0.2409947811166193
3.41015625,-2.705078905606731,1.9352223724750344,-4.402681630665889,19.01860832045855,0.24779376823539076
3.4140625,5.796235943125658,0.0909164308940866,1.8443582795136946,53.42637956196926,0.044589478474788
3.41796875,0.8048569302377433,4.404445705122264,6.766534716846366,49.271523042437806,-0.03178928355098923
3.421875,2.8960955815667204,-2.7213263728876895,9.207337127994947,5.131977672805181,0.5033552657612136
3.42578125,-3.913117067230897,3.56039495041687,-2.4068559742647704,8.189973678907327,-0.8318042332287678
3.4296875,-5.420450377181202,-2.1151066083393495,13.837170992654432,34.87518453037097,0.01049494338211921
3.43359375,-1.2096929377998042,-2.2761011489173066,11.101136602321018,-46.569509681705426,0.3787752810888403
3.4375,4.55802386528452,-4.733135332602169,-0.7488158801572293,-1.9044833651244737,0.20917709975220075
3.44140625,3.840299280295545,-3.1790490793320405,9.183799933779076,-33.7610843627792,-0.0655825311145079
3.4453125,7.442409871960851,1.4096904461106818,1.7162285981828762,-25.27187100356032,-0.44892955475126334
3.44921875,-4.0646386455376,1.6613134005573449,-5.906809932971927,2.297974763581034,-0.2107600022434209
3.453125,-1.2492710433796386,0.07281065059114318,4.0609754722152225,14.861334260786657,-0.23584620220399713
3.45703125,-3.079028144522729,-2.4439084716905866,-0.9993917786023858,-1.9607129902467655,-0.25673704044898704
3.4609375,2.191619805598126,1.10745579258526,-1.3010666582074433,19.954785422464248,0.09016680680297501
3.46484375,-2.1227342108906604,0.806287025484301,-3.684087312021036,15.120828322221831,-0.2353957918157176
3.46875,5.492357629778714,-0.3791967696264543,0.9767552850932875,19.41285549049936,0.7152166691507629
3.47265625,-2.5043766601444855,-1.1759626962269738,0.10982497478518827,2.1020413169587915,-0.08632331726450626
3.4765625,0.7450017176950571,0.4436529621532666,-3.2474365031173056,-48.8622200000357,-0.5063847957572111
3.48046875,-2.997918430644718,-3.642186929079703,-8.522808064371286,-49.42711148953348,-0.400855750377485
3.484375,4.191811636238881,1.1986557020162283,0.12535273761668098,-33.950532830756885,0.6296064876967018
3.48828125,-3.6485186130800296,-5.239362077875214,-3.0583024536837997,-43.89276723812917,0.5992349979265958
3.4921875,-5.558326206255101,-0.37406256583900166,-5.857091875721181,-9.933703088526485,1.1970346647393808
3.49609375,2.147318742045748,-6.091645163094934,-4.766337494244674,12.325516331610977,0.18177022623286865
3.5,6.179737600440295,6.045643321845455,12.15797538127873,58.63745084672334,0.10491928618449389
3.50390625,2.5135147710143952,1.1328798916688645,4.213877210419425,-7.738537561300271,0.4467162604552149
3.5078125,1.3613408459518834,5.815432858758815,4.530561259372872,18.579184364783558,0.1399496598545961
3.51171875,3.4133180154503204,2.379269110408378,7.280957754024536,44.81031840362153,-0.11593454589811901
3.515625,-2.544174872538985,-0.23878789917424503,-4.450436160167963,56.88909072992283,-0.09946271659747555
3.51953125,-0.3558413155274689,-5.721226730375089,7.491164498838764,26.772615470073255,-0.5417206972359141
3.5234375,-2.6921178333384264,2.5344697213335827,-4.14893682527755,-10.537871468532355,-0.4362588621786077
3.52734375,3.1148756184207578,-0.48385229072857,10.284867727576312,24.17486331941746,0.6256194911759685
3.53125,0.6201224135515775,-1.9993577105544176,10.125120556037263,-8.273891577602729,-0.056554066639709764
3.53515625,-0.3798236014948432,-0.5987768325052991,8.449766862374808,-53.897232764291616,-1.1475609146821615
3.5390625,-7.445339265141522,-1.641035067690511,6.103510162615011,-27.92117230190579,0.8392280956423394
3.54296875,3.6555713251737787,-3.8819718695875047,6.815158410318277,-31.40843030899208,-0.25992813992779545
3.546875,-5.561573572223295,1.0248039680346777,22.040769021771105,1.8231761014324395,0.013223015628283909
3.55078125,0.159283962550023,4.909739200846496,5.539937872161516,-33.268816458488764,0.005190318522787737
3.5546875,5.86793777623086,-3.6392163408618288,-13.083773664567248,-2.8970719654642707,-0.21716643908293617
3.55859375,-2.331218119703106,-6.52513416981587,-0.2234327283119204,25.359512078585347,0.004581501861792491
3.5625,-7.853694595167982,-2.0300738723217804,-11.426984966187513,26.459777858069295,-0.5204424412634422
3.56640625,7.0104530934843154,5.880464722358322,3.2558903145385045,31.282786137623557,0.39417543130496957
3.5703125,-9.28360519925904,3.0338795048668663,-0.5977978757195892,19.743119972385756,1.369370460595354
3.57421875,-1.2599192311140037,-3.8728696573510057,-7.374804952143405,-34.47801122447546,-0.011620281385151107
3.578125,-2.734618744883606,-3.9145421592499767,1.4477934622349977,-12.43102358509126,-0.010448428754212976
3.58203125,-1.49694839979678,-6.177564335585739,-9.46546859219784,-33.98898361967197,-0.05285783583850106
3.5859375,1.8963393821374543,-1.3955543209188843,3.876623500653595,-14.980811050091917,0.8564484334135216
3.58984375,4.949538229874769,3.58378565598557,7.393325235392069,-49.39514757191829,0.2426041561493801
3.59375,1.3775774407475379,-4.633963837029293,6.490948823020572,-40.45012608369293,-0.6932603154715852
3.59765625,-3.5636002113072274,3.4380322796962446,1.9081908932402274,-0.24004045911913074,-0.5403707474647613
3.6015625,-7.4705816999773695,0.7731643081490354,1.877597733029389,41.804025703356444,-0.4644157489807143
3.60546875,-2.0614698243368386,2.592431312021195,-11.567266505092157,-39.74637351534702,-0.44619532409800144
3.609375,-0.2868373062586775,-0.8937934100352618,7.426082340038205,-38.712239707459325,-0.4946177426633206
3.61328125,0.45406053717173434,-2.617999331015259,14.074027404008653,69.57622784463237,0.6558046832867727
3.6171875,6.669344912804787,2.928595929619992,7.324146820257072,58.012771780624796,-0.36530127880551694
3.62109375,-4.318127377458285,-0.278362232266761,19.544497592492377,-18.842520341770168,0.06814425236311468
3.625,-2.566784639984166,-0.9416924169029982,6.084562952152403,-22.097583043867026,0.1966573411392215
3.62890625,-3.51936269336411,-1.2550880173367043,-9.071801461441844,-25.19149487738437,-0.07702058998421989
3.6328125,-1.345779332493961,2.0964830028553303,8.34982495442964,-16.21317166480914,-0.5201571313022416
3.63671875,-2.691518955290897,1.510913656943828,17.769876189778152,-1.1147310313350758,0.14850011144629222
3.640625,-0.213695247668603,-2.3836780152453025,4.646475698766944,-69.1777825978025,0.31000676529069615
3.64453125,-2.037735379058019,2.7910044431059635,7.315792969415649,-33.586537308629296,0.038674805660033916
3.6484375,-6.041289156954157,1.359427070812474,4.601422231799754,-28.856368112414252,0.04125583032462939
3.65234375,-3.04167758671776,2.6818228754014486,4.075390552717346,21.271589843014777,-0.003406032466069626
3.65625,1.5117285517167307,-0.9049207702051364,-1.9439833330656675,50.65529069056982,0.29780669033842655
3.66015625,0.5585213807247453,3.6971246037447685,4.627984622640456,48.87804285637717,-1.4309998937622572
3.6640625,0.3277334991530742,4.482863381608276,-13.215790460400921,33.44789174667181,-0.20965442956062288
3.66796875,-1.3268758614955047,-5.792687707924851,-5.209367336184764,15.638700194562636,-1.0863665348137503
3.671875,4.276749194259605,1.8821741499608673,-12.83958628567439,34.31807919000585,0.11349445307277012
3.67578125,0.9326940650656192,0.46432829037857704,-2.860525897810304,-1.199692725009839,0.1704203507940075
3.6796875,-6.681512565038714,-1.940574958146993,9.25927500519834,-21.49046846491074,1.4478720346939433
3.68359375,2.738004121405203,1.9044895520880063,-11.774233611912562,-30.63525554817881,-0.6610097882612844
3.6875,1.1921994177089597,4.720392989034775,7.411836287020349,-37.40967131068211,-0.4873895136105645
3.69140625,-2.373410909195762,-1.6828163783850445,-9.902833651740853,-17.28821466622522,0.22680126952054
3.6953125,0.18396128654822497,-0.47353606280328775,-9.674721318235754,-30.503997269056555,0.4289390271661062
3.69921875,-3.2977950367844233,-5.471851163018414,3.7567634294072754,10.368527251554637,0.5823445286862624
3.703125,1.3943505378990442,-3.505484669888406,6.238896428669792,-0.29469221497874365,0.2339166328617767
3.70703125,3.6310032088099047,0.569263912627173,-0.06591077819458491,19.479829927293387,-0.7945386102337124
3.7109375,0.5337607042555513,-0.43569221525377916,-3.992725659681466,32.9708774654752,0.3872976419514893
3.71484375,1.7491951060256865,1.3453614182060794,-1.9023250312834374,66.53279972216441,-0.4867818764817338
3.71875,-2.241031424899122,-1.4912693294008823,1.0980298977631828,29.388474725379425,0.13157680423362142
3.72265625,3.717195358562548,-0.3182744529294032,2.6935028803883667,21.81057438620183,-0.3028158008354784
3.7265625,0.4308125366510787,1.272268842663312,-0.8020875699334011,15.676920192374922,-0.2759684537290238
3.73046875,-3.310991819292353,-0.9682571803514843,6.264431830712429,31.362608041616376,-0.35857072684631913
3.734375,1.4384054445327443,-2.688679039697649,7.924083795009402,-14.86393898865842,-0.5755315416633694
3.73828125,-7.106719135786761,1.7599801121003433,-4.68195499984985,-27.734810216783817,-0.03847641157573254
3.7421875,3.0597316146927693,-2.765760604993143,9.034344836137564,-19.206622381380086,-0.21807108859523724
3.74609375,-6.731970731555403,-1.386737646482001,9.933763065347579,9.267441987028473,-0.8446361862257965
3.75,0.7081396165592407,3.254226291346124,-4.581399307021385,-26.274163184116823,0.1484535610364393
3.75390625,1.309910065045383,-0.17317474466417745,-7.090460990090344,-14.404323591059041,-1.0103145692361057
3.7578125,-3.8279691944325394,8.794652662570607,-3.901179049608276,60.65354483896296,-0.03222995214544194
3.76171875,-1.621278319069056,1.0175195566445259,-4.641330815096685,37.59153912517562,0.07921067611925948
3.765625,-1.3517980544239918,2.5290591285477237,-17.477273151344203,51.15084042108875,0.053868192763667125
3.76953125,0.2916052263578167,5.719218768870833,0.5965782870584615,10.6244677343349,-0.1623098669034678
3.7734375,-1.0397210217478006,-5.4755569657787895,-5.928528406905448,10.017772221912868,0.08948373016478729
3.77734375,-9.82813865044226,1.9488855268259715,-8.13046989647251,-10.058483075216417,-0.766308307210171
3.78125,-2.813590829434413,-1.7517927821779622,-2.3708012856287106,17.28669241107463,-0.23752837746057628
3.78515625,-3.649655087328119,0.35226648588672316,-15.90593640348839,-5.920939736230107,-0.3597690475078659
3.7890625,-4.032995058425473,-0.849129493039803,1.1152188743816382,-22.944964069146476,-0.2227905365768021
3.79296875,5.396042881977992,-0.9362483634186318,2.9843990790602524,10.418141811007903,-0.15030018597515943
3.796875,-3.4522046371894675,-2.9762031233010706,2.263565153933598,-52.299748342972045,0.048208932498674514
3.80078125,6.402871035333319,0.039564659878876196,-1.8339514153046066,38.10896755852164,0.1449657468459621
3.8046875,-1.4139692023822683,2.2319394133380293,2.1186878195351766,34.862944858335375,0.7359513259375974
3.80859375,2.7192061696725776,6.184848135721895,12.682138282402843,34.99659733482802,0.06348471832981742
3.8125,3.7267656619120686,-0.8693407911485961,1.7909478108214507,39.248235943797084,0.256729422493873
3.81640625,7.331629865877018,-1.8912492795118925,11.42047989130619,-7.286864908107216,-0.13721972798678136
3.8203125,2.596070969033223,-1.6054579747319702,21.174578378123062,-37.05942024182336,-0.16609944869017185
3.82421875,2.2717403991429213,3.7499092399584377,-2.432636053165261,-25.760290313284766,-0.5745747797365446
3.828125,8.146735049582661,0.820304876352765,14.266654660725745,-28.682126279154673,-0.69790322157856
3.83203125,2.1781881978454853,-0.5296148324364893,8.604067574301803,3.2037725919751203,0.002755684751246894
3.8359375,-3.228157825132939,-1.642396124344999,-10.018910002905233,-34.26596111561416,0.3663559556639558
3.83984375,-2.6528139521451415,1.4579768881845054,0.03221577164133649,-35.65510677073305,-0.2277857481076097
3.84375,-1.7682814166113745,-8.34134348160243,1.8738549367871173,-3.2459348742205965,0.21975825611700797
3.84765625,3.2975689969365822,3.754623666701277,-3.233220312732283,-18.459037187006935,0.22146303976332937
3.8515625,-2.1158006598446577,-1.7658130522793773,-14.601604134431442,21.998685630417036,0.0518636009528386
3.85546875,-7.864194486584836,-4.8955097074866725,14.614111756293186,3.7792594161508717,-0.5423984603902924
3.859375,-2.072058913052828,2.2610368681541964,-9.799227524322117,23.386608106862568,-0.03821722029122593
3.86328125,4.7544325523462145,0.4986123454739143,-6.225189582303794,-9.601680834573948,-0.29527747017069317
3.8671875,-3.9749080329494424,-1.2889420138615462,-3.841022511526598,9.783691292390548,-0.9862732537560528
3.87109375,-4.505066505373853,2.0958621535688744,-0.7514105971939422,62.352467781748686,-0.35626875741189246
3.875,0.20732132736895825,2.940545815417405,-19.24268411604877,-77.41758059174332,0.3013055404187542
3.87890625,-1.9674967033091901,-4.866782893004055,-16.534723325694905,-20.52722887542329,-0.8844774891300177
3.8828125,8.838870505436706,3.0805528328814065,-15.010066213345397,8.445277637023246,-0.22079880557831072
3.88671875,-0.4893286423644832,0.8234777507644326,-18.61440165189083,-62.480869684617815,-0.8312657042714173
3.890625,1.3701366406161506,2.3449853661791846,-6.126901442926979,-39.15582729167855,-0.30531291993960413
3.89453125,-1.9082039181650174,-2.422612165721352,5.01673685381064,41.0408521999434,-0.47050570902727884
3.8984375,6.943928802916398,-1.1806113494877173,-7.554086960829731,-30.999201050258733,0.2628612010124383
3.90234375,-3.7091952864739843,2.040226348186119,-7.862500600611478,24.121806841063105,-0.6911259099352219
3.90625,0.32268067045492754,4.9714081894823945,7.347487492192737,-14.506859113295292,0.4246113808730352
3.91015625,1.6931435426671309,-2.2782920685232577,-3.2023694249826384,-4.49272498328374,-0.1300563733172912
3.9140625,0.13941092425915333,-2.620340905279824,-0.13828817904733803,44.20225529899299,0.649881040725176
3.91796875,-0.33122305521087353,-3.3342410655392443,-2.334950872207008,17.08566021535301,-0.7709645923009747
3.921875,-2.1602906293820983,5.056932638571396,2.274163104297311,21.10804152588231,-0.0981814762152568
3.92578125,-1.2042413282439193,3.943212078010787,-0.2812483604461491,38.38941012157287,-0.1469638992279522
3.9296875,1.2018114070129424,-0.3891864545253746,5.1183540121566855,-15.124384974701524,-0.2751033667085616
3.93359375,1.5140775427529574,-2.2338401788033124,5.5274974618031045,-43.03105113027409,0.1893137133273046
3.9375,-1.4241602845865666,-3.35903197369709,4.213865916906221,-55.66180703570586,-0.4859129660353228
3.94140625,-5.998126380663867,4.178733440991202,3.9406233921573164,-21.249468481772436,-0.024512189458076976
3.9453125,-0.5691652519404542,-2.5915578612828547,-1.4175941134526562,-19.169832886516105,-0.8332695104633613
3.94921875,-2.884041456189293,2.5524247727713725,8.964829336770341,-16.256112027446594,-0.4530371729242426
3.953125,-5.2742504721740024,0.23807131615905996,-10.640865840404079,1.5161780797224829,0.2205328457789895
3.95703125,-0.057756193052004946,3.331761495859846,-15.008864552563736,19.718754918756876,0.4936540902485067
3.9609375,5.49366561028577,6.09593598479708,-3.888617094063792,18.011653092243446,0.38675682240293735
3.96484375,1.7005860320630637,4.36253992267665,4.345283484749937,58.61042630003219,-0.188101266292795
3.96875,-5.08819873320245,-0.5221208338878695,0.7058783144462799,-6.876536167646151,0.3533966006429354
3.97265625,0.601401338826801,4.938893603992513,-3.8169559380642077,-8.70819902699715,0.109579146373801
3.9765625,-1.0496311930152342,-3.3967188854686556,-7.985177628966668,-15.255846588084909,-0.6379395298329241
3.98046875,-7.898578461931911,1.0001582134789668,-0.809403138674265,-12.758868080739191,0.6988385267763164
3.984375,-3.956344984445095,0.3302093750746351,-6.378109418786893,-83.95466178615328,0.13473140479559798
3.98828125,7.844736735930192,3.180211750102516,-4.667122428520769,-16.756207320213083,0.241060917110615
3.9921875,6.0301985180166,-0.39693743976174956,13.386134656681865,-24.889314074213182,-0.6934739706197254
3.99609375,-4.682386006218433,1.1549740713982626,-7.848157939491308,-28.988874359231602,-0.23278146106959188
4.0,6.728504482800976,-3.1598206268550304,-20.01212460119786,-8.242861885044977,1.2607181377458163
4.00390625,5.919543381413832,-3.5425102531144574,-3.6958009981371442,-17.00427835720971,-0.4902904520368981
4.0078125,-2.849201025484399,2.3634241431426215,13.887410802801549,2.941825801068415,1.0512476806210789
4.01171875,3.1658340622585093,4.996356485462001,-12.681971481284345,45.129675698721215,-0.25017697580362647
4.015625,-2.504712911441704,-1.7744695786196565,2.5529268384231707,40.9342499995539,0.10441742489606733
4.01953125,1.5856409221375845,-1.2142594017262616,8.240490179622158,52.69964255436952,-0.29313939448774534
4.0234375,-0.042666560991424594,-4.666622787615034,4.635105630405145,32.207939338093006,-0.9542907263925393
4.02734375,-4.101621663734041,2.220737481467576,8.683298465476181,-28.46877675696245,-0.23614068577153885
4.03125,3.9964298407805403,-0.026671768893117127,1.1465143713045816,-2.4146024311828267,0.20240151449681038
4.03515625,1.0262541605653737,-3.110435284246426,-10.398740747270494,-31.97951953134965,0.08962297763953345
4.0390625,3.7472196422723347,-0.9142842496949501,-4.1633755061564575,-16.66311595004559,0.5953417027251209
4.04296875,-0.29172642735414755,-2.8146622294336963,2.771998981933409,-32.24480536651182,0.49996125628330135
4.046875,3.9733483586439555,3.2444686308763644,11.934797823143297,-14.425858290561493,0.013889829172625703
4.05078125,-3.071887810558644,-3.1924300674512636,-2.6592115821237723,34.9359197260711,0.46387082226014004
4.0546875,-6.261543867269899,-2.2126684358719886,-10.925091105948095,16.601996235695253,0.7174385045497587
4.05859375,2.699662988636938,-3.1430077077010816,-8.30274039590907,3.7497412240159065,0.5402654267612883
4.0625,2.394947145400417,6.064054279245864,-17.899036536443873,34.876630481830176,-0.14647463775167455
4.06640625,-3.0083331751243847,0.9980627186769555,-11.545575036965484,-7.715068712009582,0.7314453491060976
4.0703125,-7.939436273355147,-2.7551581802815943,-7.507485388159617,29.8270432097661,0.4322854866457499
4.07421875,-1.9559593161471343,-2.703577018905031,-2.095103617405013,21.72919013086136,0.36624955665583053
4.078125,3.1142799578235016,1.4702739110194099,-22.623494980323667,0.6765075517528114,-0.8453028378708564
4.08203125,-2.5516142535085433,-0.057838553835113445,-2.2280815079638696,3.7911794398515717,-0.16325325933213214
4.0859375,1.3872434493794077,-2.5979293427313284,4.095021910024657,-1.872826115247971,-0.2463088284332434
4.08984375,-1.0357683921387268,0.6847497495746822,11.76087699364946,-35.42625815917455,-0.31267083956107516
4.09375,4.869563357969137,-0.538073270327277,8.314333197959936,-44.57059044943825,-0.414687673544496
4.09765625,1.078662319972528,2.6703789731582606,-3.192318109186626,12.613376845770265,-0.2967480756212948
4.1015625,5.769530024639947,-2.0844174413612837,-3.3313763373349397,1.341289781891812,0.7249880104071393
4.10546875,2.284526194645554,0.48842453167086036,-10.304991822053637,-5.224383789349577,-0.35010370845178074
4.109375,-0.629765534209292,1.5910884279678494,2.0947704750779668,-12.010369373843481,-0.2814657872564967
4.11328125,-6.627131789655254,2.821960663319609,5.039583953460377,-21.083889409387137,-0.45975014635133493
4.1171875,-5.622538131527127,-1.819212068106694,5.52882349411825,18.88783057750676,-0.1987918616207781
4.12109375,-1.836992814329983,4.620258130425141,4.72708746202571,-10.281959286115686,-0.5051110093437269
4.125,-2.120637591463332,0.12038306022629226,3.20271459429731,11.362264314401878,0.16103909954985468
4.12890625,5.058551640360866,0.0819772253540798,10.545555082552987,43.60786136613616,0.2380479405081667
4.1328125,0.22859337136709745,2.1507374704577864,-3.34713390921853,-34.4522187916957,0.5077528149020503
4.13671875,-3.1998301628121504,-0.5776009366394167,-11.03227119648249,-39.896407211447865,-0.8449774874084741
4.140625,1.095234973404946,0.3202864885026661,4.237419812218771,-22.783900539382397,-0.5837640525014931
4.14453125,6.462595391339895,1.6250689046529505,4.0695931230878895,-52.555710787589184,0.5517589883407054
4.1484375,-0.7080093021084013,-0.9438658026126331,-5.859010734980492,6.728313186433704,-0.09030304731292216
4.15234375,-1.0451027788718041,-0.9253882159853902,0.9244910662282614,45.053287723382034,-0.22661834979505516
4.15625,2.3649032068582683,-2.9228923404368112,-1.555234604777291,-2.182937672273331,0.1707483730418513
4.16015625,-0.8102268995064075,-3.119917846311315,-12.016290141617912,25.72785555213781,0.24248766643246145
4.1640625,-2.2317351081367525,0.07200738775046034,-6.017787648202916,39.560904771136194,0.5901889911772853
4.16796875,0.7820980726704483,0.9338692195912942,-6.03376039164809,14.715277881459276,0.8263263290152824
4.171875,-7.023010449666401,-2.339294256839293,-25.349471363740378,27.641339022105456,0.5994680029671976
4.17578125,-3.769552548103173,-5.967040277716553,1.4839226951910316,-20.846037952192912,-0.27663601407016347
4.1796875,-4.526764785769649,-3.6598666698188467,1.293754900689942,4.011905851559334,-0.6931699638672014
4.18359375,-0.029594586633460172,1.7845309965437357,-2.254664879997434,-22.880333965536696,1.376231791324819
4.1875,-4.595743772024743,0.10908013426275529,11.521387533387593,-46.040413930490615,0.18470104459438688
4.19140625,5.433688643424727,0.2391869022111356,-10.870063330685719,10.546329846847577,0.46522493526563524
4.1953125,-0.30408248189725406,-1.6498710992770826,0.22854787030031098,-2.4466542589136626,-0.9172432100370577
4.19921875,4.1202820815774714,-0.9460520268754219,8.652180515368368,49.77898628695215,1.5365926318047503
4.203125,-2.9672166992636737,2.033673546745939,7.730889640202397,18.491608847606155,0.14733056419265303
4.20703125,2.46787091728898,3.1199224275652115,-4.858222689027308,36.89939437062962,0.48071535081643196
4.2109375,-3.512694064208515,-3.653647448608934,2.174470717402925,3.45406547303163,0.13539569111844496
4.21484375,5.533712154147251,3.694808071845758,0.1049876203149287,-29.56747318371591,0.4453176217680321
4.21875,2.5277408857804007,0.3507081513253101,-2.445201502569944,3.883648309849459,0.12840935448377377
4.22265625,2.1658699552619614,0.8495766792483104,14.516247756800986,28.79356246293046,-0.4178090792566828
4.2265625,-0.08041427426336324,2.892014265228754,16.334481746787056,-34.699325248711844,0.3611233026366492
4.23046875,2.3318017912257365,-5.476285895265721,-2.848354322504356,-49.362096179352065,-0.16139348317498664
4.234375,2.5166167663172043,-2.984526381138107,4.837103925631307,-49.12022879316096,0.42176873658195363
4.23828125,1.492016706756838,-7.16826763993687,-1.8718845197162701,-38.1803485342074,0.32709744484602815
4.2421875,-7.741004387480886,3.3607758409969826,-4.2999201733109675,46.72279402233451,0.7975666255094399
4.24609375,-1.3160337967067512,-2.1057376189362165,-0.8107587716336784,-20.222386280581247,0.8559940155211316
4.25,-1.458317205228175,-7.890035897032561,0.3345246571510132,-10.295361475826892,0.5069478833158307
4.25390625,-3.056712884108071,-2.811519796377906,13.321449037840987,21.95281950483547,0.3107928224451605
4.2578125,-1.7879402559292936,-0.26128850801508363,-8.94329962550739,-2.749584007382424,-0.14973870382067958
4.26171875,-5.11643319993461,-1.0476081873957264,-3.893090863068893,13.009723304242218,-0.7314677358951784
4.265625,-6.2763442453642275,-0.8868672941390312,-6.011931957499883,42.99336610959091,0.742877905570817
4.26953125,3.04469156287632,-2.6969226418069887,-16.939233691967914,7.400648830852605,-1.0262753691277449
4.2734375,-6.738853823860389,-1.0852175592730782,-14.074035963057199,7.2076932024075395,-0.13050596963020542
4.27734375,0.5215627533777418,1.1210833430640839,-1.6834890973415444,16.54417451054,0.49788095529679094
4.28125,-1.7812463491981674,0.2625789503047546,-15.426256263111966,37.378901994378595,-0.6713195257572716
4.28515625,2.614983132734172,-7.793109985598179,-5.9046701657254665,-59.947053573036925,0.6067064394315494
4.2890625,0.00011672583677197383,-0.9091701154070198,7.217866895325594,-34.63542507388142,0.15947410039821625
4.29296875,-4.303271220180784,2.8473862184818146,11.965998298413245,-16.0392524851801,0.1471783393980719
4.296875,-1.7641213227104964,-2.074274573127817,0.3012497821667739,-14.353076783222592,0.20089701610598024
4.30078125,-5.006253387619666,1.969193588387176,3.8943225597980105,-27.302121877795223,0.359271415580382
4.3046875,4.165032828212869,1.0045752588333898,3.686228276655714,36.86012467041634,-0.7353449141582952
4.30859375,-4.960076595763109,4.01872554243408,-1.0172714603334057,5.971767399133007,-0.30261607326465995
4.3125,1.8599330537855223,-3.295338811025327,26.01747575462043,-1.0109575718819777,0.4213272812665607
4.31640625,-0.6313475055155181,-2.7524209562470316,8.054329273949815,5.8548762280399895,0.4372117542579672
4.3203125,2.583231464759652,0.6867290264618432,6.227835623603605,7.797222961913034,-0.20535996570850545
4.32421875,1.9069297437705826,3.2516764974480057,5.157809818267917,16.132112487276228,0.6800802558491226
4.328125,-2.4292320012489816,3.337020853248788,4.769645101665005,-21.481811928692068,0.4923939972829799
4.33203125,7.443516418058675,-4.583008196593466,-5.43615962690086,-8.52233894801495,-0.4257060465330485
4.3359375,-3.6920496589585796,-1.5532988456537957,-28.158623465535737,-28.190785816283302,-0.47478638882526497
4.33984375,-3.4623410429605803,0.5043205036875222,-4.7843030596989635,-36.561347318447666,-0.5232391176528813
4.34375,2.1013106372395627,4.007486139045199,-2.8969733237497204,-26.906076874513467,0.45859613894080675
4.34765625,1.3630268140038535,4.2953224446862945,2.535848911670064,-43.11610658307998,0.37171533631810566
4.3515625,-0.23513908500235753,0.9545320812764518,1.8684729955301864,3.0733735625768484,0.2678421426305584
4.35546875,-0.6158549811406933,1.5074262252775936,20.358897026419605,20.071769293117462,-0.35766188202727955
4.359375,-2.476339810742026,2.264430676418748,0.5238417136569042,11.711703302366887,0.653944074483834
4.36328125,-5.022277541994555,0.4511555894023194,-4.7382846862831975,-30.547681021394386,-0.36858004356917495
4.3671875,2.61200212799307,-3.179669728600313,-12.945442231262394,9.566753658107155,-0.33767485636394895
4.37109375,-14.573704482831955,1.9540150163236951,-13.767647583623805,-33.927072660873606,0.43818304014806475
4.375,-9.262272763660304,3.7382820899183815,-10.994231167923822,-6.997398780886314,-0.3501686736309529
4.37890625,-0.6809270891729093,-1.986889623376154,7.05045318549765,-55.791701623550914,-0.7190716106442802
4.3828125,-0.21856352845658938,4.636726247573826,-1.6466600850211535,23.333619509550967,-0.05617393070583706
4.38671875,3.8727432881957746,0.12451791495478781,-0.44967247925214293,52.82537661130108,-0.0005128072769723972
4.390625,-9.149108611314716,3.07267482943186,-17.027840637426063,19.26433975431574,0.8036037431473548
4.39453125,2.682502932097578,-2.8880420920027454,4.334984961666772,1.0719151859793303,0.846918081310322
4.3984375,-4.748627359194128,3.0957183619927866,-9.915005195834354,19.22840076935329,0.10278370468157018
4.40234375,-2.5652527065043875,-3.13264242857621,-18.775011689976992,-34.99070446005467,0.33537160524018783
4.40625,0.3076444348143332,-5.100589517274059,-17.039142718952824,14.37361130286076,-0.7058799327442635
4.41015625,7.378125958366884,-2.726284174630869,7.4526446174621075,9.84118182964866,-0.9205723448905554
4.4140625,0.04416715282738372,4.769274185096156,-6.318457547018049,-5.219872725259155,-0.034189657431904406
4.41796875,0.11606767620212328,-4.412189499639243,8.702350747331456,20.580366612571144,-0.5726073499475896
4.421875,-0.02250688784672274,-2.1552922058914716,-0.6173498154608312,35.62712046778323,-0.4639925594758466
4.42578125,1.9368045467476591,-4.0778560096796745,11.930535329594347,-22.602664747643804,0.21925549287092172
4.4296875,2.9807504824577635,3.278680611372144,4.527922280127744,37.87910776787959,0.0703303040640296
4.43359375,0.17895210764876274,-4.090860950968454,23.110535456543957,14.521942821219259,0.16637910813004286
4.4375,5.477649174203555,-2.7124420607032573,-1.499856391717561,-61.3764927583716,-0.37401136819782443
4.44140625,-1.738961500913814,-2.4811200583980293,-10.232733171994887,-52.6332582238375,0.42375350945974866
4.4453125,1.2628968656625603,1.4663031333200682,-6.242343932111369,-18.96543829500864,0.35556308614184917
4.44921875,-3.7654681895964495,1.8369200551311535,-14.6889790804251,-36.32304577873733,0.05906870825502725
4.453125,3.478636259762106,-3.2046734053799675,4.189916729682815,1.1082617769176348,-0.1813485203871911
4.45703125,-0.04727346870094976,-7.858308036796354,10.444509793251116,41.743066220347956,0.005363019502858738
4.4609375,10.009390292252974,0.7759581864893033,-2.9972176865914593,62.05830048915978,-0.5899603930019764
4.46484375,-6.6711976356401355,-2.2467505722402343,-0.32064128515191603,29.685976374915946,-0.2760821877265494
4.46875,3.0773242040572666,4.796650762111916,3.097904634353373,15.005829467300016,-0.045028049580232946
4.47265625,-2.1203512582568895,0.6489030071907764,-10.588010154561317,-5.903519969295224,0.4470176008886806
4.4765625,1.0831644928701625,-2.1648692494614146,0.40179016961049197,-3.6484491046669882,-0.36418115029558734
4.48046875,5.360525818191848,3.2769188751550873,-5.238924333726254,-66.01792484143627,0.25387045918218376
4.484375,-8.279662124837603,0.6282348608978019,-3.6998008404993996,-6.3321687114624385,0.07042166674554202
4.48828125,7.388210806294991,0.16051173926235324,5.281018425121871,-43.32642603344934,0.013878856760987107
4.4921875,2.3338799575632474,2.9201526513187352,-4.703320965669679,-18.96604701020474,0.07671416774007557
4.49609375,0.5508781943052539,1.4496868362214106,3.84813738081958,19.15243761701781,0.011423391767110332
4.5,-7.302940999347401,1.3585276247206401,14.096589485160049,4.181436699899452,0.23466001737696418
4.50390625,-2.886645808352212,-1.5831713087294705,8.508013775816343,43.02151462613294,-0.5377347495297017
4.5078125,-1.6885574330955937,0.6641636856094757,2.478630642351354,4.0819709837827105,-0.010985341938114368
4.51171875,-4.839973390092276,3.982953756458028,19.994416805013017,-49.77027883893628,0.32597541434884153
4.515625,2.167782964270656,0.10933242376278385,-4.569479409644711,3.520186743145956,0.6136929106343808
4.51953125,2.104835878082149,4.593074179677535,2.992165627385205,19.081962199234482,0.8903682914570763
4.5234375,1.0578725352022265,4.262935560452728,9.053497255809726,-44.41327482070792,-0.17514529165704673
4.52734375,-1.2642438358849015,7.159352188790722,2.8719048166961247,23.06178093572872,-0.5635506522079509
4.53125,-3.566317114753849,3.0243611828573784,0.8783223183850661,1.7833659821072771,-0.23377482627302054
4.53515625,0.6902869128047775,0.5948331691691647,3.8887486180395126,-53.54871595285285,0.37896145039395934
4.5390625,4.153649356584739,-0.37874128964141834,-2.78621507751322,-50.00026169611644,-0.6998702364475878
4.54296875,6.736096313203868,-3.6517802504305323,6.692979405928696,0.8992575382504739,-0.011885756578007119
4.546875,1.5978733586673313,0.42677463593224596,9.674891808141961,-24.8282571109237,0.20760779290004872
4.55078125,3.670405951972075,-2.2886715943474347,4.253544019004624,-5.451083200046865,-0.2796589398509248
4.5546875,1.584328922604614,3.510660084531092,-4.754547067248724,-10.623196604284765,-0.6407621282504397
4.55859375,3.602458005890679,0.47079051946170086,-1.0708260403427299,23.662232952825786,0.35213851963072035
4.5625,8.189984268918268,-4.942049354799137,0.884342957573347,2.8191906038858683,0.1320664131810781
4.56640625,1.95432227277175,-0.10390821765727533,-4.0495449595532,66.9873358346419,-0.5166456156118336
4.5703125,0.15124964628505624,2.669602707246543,-12.335339117726772,-9.055175615810528,-0.3751658908394899
4.57421875,1.4542322274274666,0.9878432915514718,1.149218199822248,-28.250871409951205,-0.5859899018093125
4.578125,-4.721470369832292,0.2985203848280917,3.562945932068131,10.253712028735979,-0.31353749457145813
4.58203125,-1.315973481481442,6.1461395724823085,-0.029797808581284002,-30.290312324605015,-0.5185898804021829
4.5859375,-3.8240758289925423,-1.4265115460679894,5.499853447834232,-46.42528570592224,-0.20793637430636186
4.58984375,0.49603306975632555,-1.9571575515235722,0.5085634611321761,-36.42382952213723,0.3581384436205616
4.59375,2.136945490974475,-1.644027769170805,4.972503108396854,-41.60858106431499,-0.17938987706040319
4.59765625,-3.7144741161010555,-1.0214810858959644,3.894080828157091,-14.514022152294267,0.3159693395628259
4.6015625,-0.42341045588460036,0.29482831350120337,-3.3388452230785055,31.987384710414418,0.0020177616439119536
4.60546875,-2.546319499242098,1.0974152830951427,-2.888594750403378,-0.3941008409192168,0.5776233822231163
4.609375,-3.779188315061609,3.963516995512996,5.115816032878406,17.58016653708317,-0.07994831217095928
4.61328125,3.3084695422209025,-3.1614610718699376,-5.368759283144996,58.23737800384898,-0.7760878020865278
4.6171875,1.055229926478989,1.0776280692990587,-1.1774856694120022,60.93684858298711,-0.2517670542394451
4.62109375,4.259128847969759,1.265314212296781,-11.651105387002307,13.675679897585207,-0.5691774565298324
4.625,0.49485452429023036,-0.7324688213210735,2.7396071578731656,-8.853136202693976,0.328056896788472
4.62890625,1.4838561613745849,0.0046530496274504365,-3.4810995039949937,5.941916312528358,-0.7161015786174898
4.6328125,1.724461043577963,-5.8153829932337775,3.4135874359923246,24.599239503648732,-0.32503547144597844
4.63671875,-1.5909194803938003,0.42134032223071893,-1.4556983077991306,14.211952541041587,-0.37583208904891974
4.640625,5.3188064733970535,-0.15301815415434586,1.4985289808304287,-61.91772697489546,-0.10103997589510626
4.64453125,-4.960203090382381,2.8616849381526617,2.950525904385465,-24.241250893685965,0.03756910880204889
4.6484375,0.9603774769733363,3.561786790474451,-3.0955254872097595,14.86063125588245,0.23457673044646846
4.65234375,-2.1003665836514642,0.5743514338787877,-15.221877086060674,-2.301268325453231,0.3853867455743563
4.65625,-5.100839711001829,-0.8463208003859817,-6.896919435237398,25.910656520808537,-1.0862726874848554
4.66015625,-1.8034494942741524,-1.3851834920256734,-2.5104263332493257,30.829837346452308,-0.18525240049459601
4.6640625,2.5620136955261437,1.4840197130047372,-10.551909658611875,7.176880581522415,-0.1405375714719174
4.66796875,-6.441743995761034,-2.158077984645398,4.023767002393529,36.96295630138144,0.1181830097901741
4.671875,8.060599812033786,0.6768531317371248,-2.3066885404488766,40.48291570963467,-0.3161765587399722
4.67578125,2.163552277683033,4.741217410655725,8.738431287469066,-14.080642599042637,0.8060378382535348
4.6796875,-6.983322145004109,2.1051111532615865,-3.589604099112971,-39.0579262069202,-0.8936406055778455
4.68359375,3.2147473745007664,1.9766229616902522,-6.507750985460637,-15.478267011666565,0.1774767734428533
4.6875,3.013684793683194,1.447494870960322,-1.1348556266699577,-38.4196523510592,0.47796933850285145
4.69140625,4.4563426989603,-1.0782761215747099,-12.884852694488643,32.71597903772804,0.2168184054761266
4.6953125,2.710115970624509,0.034038597565664616,-10.578924418701963,-9.731816408416016,0.2437043892742588
4.69921875,2.685002012667022,0.8135065268426436,-5.792575110400739,-28.764031819476127,0.1676208910831756
4.703125,3.2032086367105976,0.7422239627010898,0.3486732543047303,31.17379900168603,0.29814757872636355
4.70703125,-6.541876050104066,-1.5857702273926677,16.760164227538265,-42.39577697075799,0.4828894152635056
4.7109375,2.1065769208044363,-0.6381716796682159,-1.8574864176138535,14.445313498417637,-0.6100859309880321
4.71484375,-0.6773201219469803,-0.6937129005318586,9.15000963092924,-6.87731004577196,-0.14811108569411416
4.71875,0.6745357948001671,0.27938191968675313,-1.2961343428122207,34.13983593015513,-0.09791928737585279
4.72265625,1.3334987147171318,-1.0111342844438636,9.593262227350603,6.882441559131056,0.17040061386807115
4.7265625,0.7986081364869564,-2.351041889609169,8.545470621181053,4.275209957577874,-0.39938143205743826
4.73046875,0.6489765916880423,-0.8863707600991029,8.358493231683106,16.672409494505786,0.6132835990113724
4.734375,-5.902233985882542,2.396329750928458,2.639095868737561,-26.277211096934465,-0.4516134684721156
4.73828125,0.6050457283192799,1.9429088394807126,1.9954187418028215,-44.09399722629814,-0.08152544044296607
4.7421875,-4.021481627609347,4.595183708087857,-2.36405213633767,-76.22309106431214,-0.2292354678084887
4.74609375,-0.37492781243803797,-1.6481572795402513,4.498024354619375,-31.932938094906014,0.10665915457083378
4.75,-4.280740643761381,6.874849260549063,8.217894081547602,-10.792275672621882,0.21493882463947758
4.75390625,-2.56087287275927,1.929246199847368,2.38832115436354,11.07519692224721,0.10166436114453704
4.7578125,1.948236992879872,1.1678930466894593,-7.943859925686553,-12.258191589953967,-0.8341166123048702
4.76171875,-1.6843075197836674,-2.107003847687981,-11.97300895898855,-6.1161286888841495,-0.181557323200319
4.765625,-6.59562112399208,0.5769829396063376,-14.293555127391121,12.120735467670173,0.5556373544111538
4.76953125,-4.013403058793244,4.420681339724432,18.06729497565887,48.247890950291044,-0.051725145324446324
4.7734375,-9.205832445161187,-2.3817178824021044,-5.198661241606698,-19.264228411178543,-0.5766175365104628
4.77734375,-0.8812950430101604,-3.668308348676905,-3.29557598665581,-43.97375405974316,-0.40414113875972274
4.78125,-3.1226402485310696,-3.3866548214789116,-11.014904365938733,28.403900621017975,0.28865311417935063
4.78515625,-3.0815998710967643,-3.460278597795143,-6.289930112706143,-39.597920834683244,-0.6360827000966394
4.7890625,4.416660458647592,2.356252679090681,-9.736803655152585,2.0039594163463974,0.3005607530944078
4.79296875,-2.54062016188027,-2.0212324628000373,-3.047655521808363,19.144464039321136,-0.11084406776740757
4.796875,-0.2937231867372213,2.3980687896541597,7.434604815370123,-51.217671921583346,-0.15501322124854142
4.80078125,0.6315420189724836,4.286849519713949,-5.864150245023156,-21.874688576719898,0.24118558055842276
4.8046875,-1.3309113791444696,2.910679781823406,-4.909988623027563,14.760803293098054,-0.5644768338929461
4.80859375,10.994408011248785,-3.3947953052717796,5.920132632919784,50.12069449636098,-0.6700423506940216
4.8125,-1.3615962565571673,3.6997715861194482,12.38402496372385,36.687581245971174,0.13416321714508453
4.81640625,3.823312242984259,-0.8089971602127085,5.1021658965717105,3.189624220242049,0.7099182198036869
4.8203125,2.595660949114013,-3.023559020860837,5.039359201715914,-4.819974043161512,0.2579583412749514
4.82421875,-6.446959824309982,0.5240536929625412,-2.4840687591648996,-19.28145176943049,-0.22286996435493955
4.828125,-2.0594347256864904,0.8359075441763824,12.592952271752738,-24.030380908914914,-0.02872679859242611
4.83203125,4.09861901736434,-1.2037208738520353,-4.226209301462667,-55.451215926087016,0.5783375440374081
4.8359375,4.881621882643188,0.28125208926892686,13.213861294479788,-32.119046974120224,0.25553822050812947
4.83984375,-3.20316024788849,-3.1849033356791034,6.758846811364204,5.839091037178431,0.6046156611414696
4.84375,3.328397251229816,-0.12275993778708277,-0.85912430360332,0.8658408599765899,-0.539124730628068
4.84765625,4.848047025896231,-0.8410750841290711,-8.233778344434514,-1.5656195687808792,0.18894610547842028
4.8515625,-6.376739894352701,-0.3672056718267123,-16.11523328140352,-15.043852388521147,-0.836371048270394
4.85546875,-2.3242751928797825,0.2548463697612892,0.10769874199806351,42.694122860307694,0.05162269465901737
4.859375,-2.5042670764192536,1.3826464734853445,-1.97799076224964,49.06108808379719,-0.27137839709294814
4.86328125,-5.761875085640003,-2.6042206584890946,-2.5099949709237563,49.262957947568054,0.3666086370032813
4.8671875,-1.1989217162425314,1.5952950261968002,-0.178834860386468,28.075889379601502,-0.133626832465789
4.87109375,-2.5523426073841073,4.1309611231661805,-10.631341611364423,-12.315345579787975,-0.7989600013614059
4.875,-5.762637470725189,-1.1010862823631802,-1.0064528690727155,37.30692799132412,0.0015443875543336217
4.87890625,0.6426441967236055,-2.7287382583551265,5.716601645946213,-18.847688081101992,-0.9816413397950776
4.8828125,2.505246807461445,0.31097054837760113,1.7918955547644222,-2.2160611294542853,-0.03933174709222373
4.88671875,-3.5238923532029633,-4.1275834034879315,12.587092773786452,7.4374533112245835,0.42390316422623053
4.890625,-5.40747140239951,2.1813725104121193,-5.861054320353064,-7.843254856617261,0.0112344738700596
4.89453125,-12.498330668615456,2.539209354682373,-2.28003700775823,-23.600445583948215,0.3626125467158284
4.8984375,-0.7644843326813295,1.0550494151293304,-0.5056591150020839,-13.22657364963304,-0.992197647520478
4.90234375,-4.204124393432348,0.5752449256012117,10.363763145676725,23.081359589041732,0.6073388854125091
4.90625,-0.262229138624687,4.15283959807454,-0.037190923527833375,60.82146206766186,0.11220723348085695
4.91015625,-2.9802983054183456,-3.9731318751085416,-0.18829703481558546,17.556259210087347,0.03435700480474145
4.9140625,1.176294637784061,-0.14430163130179308,14.870620557061692,10.54833298811955,0.5252026731964258
4.91796875,-6.163680768065819,-0.05262652650905569,4.102164375017985,13.380939544594103,-0.017496806087810773
4.921875,5.148483513447573,5.568819414054307,6.364193140078323,3.1067983101579566,-0.8724831749864124
4.92578125,-0.03586216011689917,1.767576077779107,2.7881840207020794,-16.900894127417747,-0.09610581950605677
4.9296875,2.5353770663997275,4.694436916849563,5.816780312783845,-34.02896566502844,0.18554667836679778
4.93359375,-2.9062983567554297,-6.849840044216514,2.54168021779015,-65.71547810007117,0.14855732988579154
4.9375,5.061294453025921,-3.128499768542969,8.56320981117168,-56.17264188390054,-0.05817313092478615
4.94140625,1.857894892895253,-3.4940783156452597,4.819008914644606,-16.09728157142816,0.03543425444599902
4.9453125,-1.8540770491719294,1.5125782044583298,-14.513039864453397,17.278615641980473,-0.6371123818288019
4.94921875,-1.573552135103981,1.5486027159476141,14.395550324797837,14.563900421192697,-0.5140961915668413
4.953125,-2.101037769967147,2.937543620315671,-6.079401065120797,-7.406144165520466,-0.049245325157525124
4.95703125,3.6960440548206277,-5.138113326057428,6.881747816762312,-3.6247416640740298,0.5999757531620972
4.9609375,-0.08496622157922303,-1.514284190464601,4.350923206241148,68.08477023959227,0.03762176249770596
4.96484375,10.722124759513042,3.6067895278329676,-24.537600780568425,20.15595227439618,-0.3412180375457609
4.96875,-5.041336386437293,-7.3965597874068365,-12.740252988033983,23.979114192190455,0.7428910253608683
4.97265625,0.7425980465362448,-1.3280474065899066,-7.330298130097078,4.782968017493811,-0.7147194414659348
4.9765625,4.42753172201374,-0.6258362575999583,0.9637935628267904,2.3859777436988656,0.2399743689554636
4.98046875,-2.4447203953419536,1.0824663403534476,-8.098180992750613,-27.234028086699425,-0.5029926889247868
4.984375,0.29180961263646393,4.860529427230681,4.815549501367307,-2.4707379845198254,0.12149921347006612
4.98828125,-1.2069332330898788,-1.1190535722095614,4.550835108258727,-24.63279102475367,0.9391607198166607
4.9921875,1.585587527667565,0.6990126049392194,-7.7951034421753045,-39.44406357709033,-0.7999571497103005
4.99609375,-0.5588520906375748,-2.537236391633,4.430189182305578,-11.739500928208722,0.06458632255592682
5.0,0.2778213135970403,3.2371812420651596,-1.0460550389891703,-7.846147674439294,0.6744761867788045
5.00390625,-5.8869776985387805,1.1509908891901957,16.09313682211591,-32.94125271650162,1.0302060843470249
5.0078125,-4.708473128645052,7.086567330395262,3.9447720693105377,40.32750083824186,-0.13185982073866653
5.01171875,0.34624098835633316,1.8644821053301164,10.733811997342965,30.175279463212302,-0.6986314379577302
5.015625,-1.6120907488162957,1.626496112498508,3.998465740568983,46.24022028687644,-0.35980970397343526
5.01953125,-3.441816299027708,1.7718471226239423,0.8483008972748225,10.249590404256633,0.4563053532440929
5.0234375,-0.6142899677559377,-3.2157837299743575,2.1706614703945877,30.940433783131112,-0.13794840172735495
5.02734375,0.3358612859969957,0.013773812457819098,2.506529550018653,40.07894168769153,0.06233237691740999
5.03125,-6.04637374567853,-3.132176080533174,7.299458155708665,33.816086369845664,0.17765865019484947
5.03515625,-2.078793279384726,0.8733178813599696,-2.1031039979873354,-7.2296808916700535,-0.1759124313634859
5.0390625,2.624281057881236,-0.42673523050102463,8.160098841075337,38.78294900808095,-0.38188490378453566
5.04296875,-0.35755600875224325,2.0013098255262527,1.3365534453460186,23.498565620280015,0.28569570927248383
5.046875,0.17472234610799875,0.1910588726668343,-12.888326421708486,13.617934043593596,-0.9610858413869607
5.05078125,-1.4118103100448953,-2.596367668106361,4.286451157852128,7.760492118711767,0.10176834629157007
5.0546875,1.2662164972141088,-2.282889288637028,1.15838616831884,49.80316206491205,0.31826559044023334
5.05859375,6.189424535071233,-1.9499646761315101,-8.092598513913345,26.48832113296059,-0.2860308892065392
5.0625,5.386690603147648,0.8431920434718184,-2.9896280045361423,42.68881834835151,-0.36316915262798316
5.06640625,-0.5996590424965497,-2.5003562034404783,4.508812153734775,10.199246427929,0.14946291282254215
5.0703125,3.5726486941400473,-2.4580685519345082,-0.28005390836726374,-3.159797885413159,0.6426545016595474
5.07421875,-9.909013590341685,-1.0382412004536148,2.8369726176498498,-19.235691719996627,-0.1055045069911581
5.078125,-0.1501924614308899,1.8325471792736843,-16.56723855857629,-19.03086226391134,-0.18859549113616572
5.08203125,-5.687136660914947,1.917629868115004,-0.5402440712640373,-2.254005569456357,0.043529070824734006
5.0859375,0.3999627123436523,-1.31490128149576,8.969664826686172,-51.69585300639582,-0.9584973514272553
5.08984375,-7.006295134195078,6.262789635840925,-6.870753517534491,1.59316117357017,1.8041828109582794
5.09375,-0.29737478276237167,-2.610188158554656,-0.9324726015283046,1.0767263866731085,0.12857598273682583
5.09765625,4.137669300583407,4.483997089718314,-5.87281858778217,-45.902338036541956,0.011652405896352134
5.1015625,-10.925267533814027,-0.27809522951299015,8.333271098625708,12.782453568589712,-0.20188404613410652
5.10546875,-6.442224669859658,3.774273992777257,8.532534660319978,-14.408215367031715,0.3441871220522105
5.109375,-8.851506759665597,2.3274280540328567,-8.041803430595918,48.41886412390065,0.39886129785888563
5.11328125,3.503621741024462,-5.548536379870509,1.604227432297348,7.504966900273999,-0.17784390846706707
5.1171875,-2.273631012189447,2.2218885851521897,14.085072148054431,34.30356654301413,0.27988857643872433
5.12109375,0.06266127326150592,2.821849744209542,11.392157902433866,14.757617662193983,-0.07512776847815
5.125,3.9624887179841823,-0.7893254844712585,0.9273411679611412,-22.379982281105562,0.7604821412882234
5.12890625,-2.6428102744803863,-1.687309411988395,0.1188695981846708,24.70765233815462,0.09359384465986378
5.1328125,4.69636472913843,-0.8962565183429654,-2.02095649922932,-21.114210528379342,-0.19327933531379335
5.13671875,0.8812898147082643,-1.981424194459036,-11.151788536450452,10.162387072501794,-0.1255197822395325
5.140625,3.940610246009284,2.5381449560347584,5.131219903248298,-36.631915525746315,-0.06069176147622892
5.14453125,-3.74033634602719,3.2666859330395512,1.7852159832713397,6.937369423217538,-0.12188783093929037
5.1484375,1.4108318861662585,4.6819465704565495,17.629534255248174,-2.6745825673447348,-0.3865352574219687
5.15234375,1.3500324737684932,-1.9928630201902073,-13.75777785519021,22.048575145825204,0.07671729744236337
5.15625,0.19737536045532691,-1.961257926936035,-5.487442011823495,49.64363059663976,0.7519303430067673
5.16015625,3.405340313994922,2.1055980261397576,-0.19321234816124466,51.619828405386215,-0.03847217336648859
5.1640625,-6.277589526746542,0.9681262446067627,-18.31181698833266,74.8354955463495,-0.9967867399981828
5.16796875,2.2991787603219476,-1.4280336859954812,-4.819261095683252,11.043116091643153,0.3360016084001483
5.171875,-6.22129190296334,1.8037195324275273,-13.99611077005937,38.85467451258799,0.7595146034858009
5.17578125,-2.3362721151761283,2.6170087991273356,4.3293275062827865,-20.58279534675896,0.4566418074748562
5.1796875,-0.5871374259584939,-0.13522502176033985,6.5327705030081,-16.891032087807616,0.40587018079571957
5.18359375,5.174758789671381,-1.977085831741682,-14.829610556509154,0.6743839694591323,-0.1362078798967341
5.1875,-0.20402839061681521,-1.6579904873979945,2.1839129889764366,-74.36435304801785,-0.3314242395920944
5.19140625,-5.332260923308296,0.4691657336457697,-7.410437612208334,-5.685474065912059,-1.0393291545054524
5.1953125,-0.7718687953135406,0.409916512120864,11.070477899081796,-63.408039613267036,-0.13845727779814768
5.19921875,-3.4316179820709865,3.6596927375362776,3.190698717486155,24.668371478388394,0.6606856492528574
5.203125,0.8456378775662184,-2.73882760670031,-18.947891385145628,21.393375475062037,-0.30161204539448533
5.20703125,3.5427288479493186,-5.12706830705925,6.435025670080063,21.16649748281414,-0.9957039993142525
5.2109375,-3.905078895597804,-0.6646134105519333,0.06691341395781736,53.33531002428366,-0.29045469349442704
5.21484375,-0.4798898852837079,-5.265104194204221,-2.2804900280930838,0.8104625847623979,-0.08696260570977811
5.21875,-0.07933510032259268,1.764393730123532,11.8048717650363,-9.383694823452233,0.2615545897104671
5.22265625,2.686883902124242,1.1749506087695305,16.397637627534458,18.82319291138082,0.0537271230512134
5.2265625,-6.565272048423587,5.822652168733233,10.151650135395416,-35.2545565438097,-0.013439614453910238
5.23046875,6.305678639997378,0.47537650731356423,10.965579103459227,-23.605784656764293,-0.1159692840431728
5.234375,1.5432388218364692,-1.0718674454942625,1.6173077488528893,35.293217435085324,0.47187801947359526
5.23828125,-4.123683494141289,4.3995937060017845,-11.505461454270636,-4.576503893728564,0.2020812812877614
5.2421875,-2.218246326245462,2.8789743751893417,15.094476403719094,-39.12236401704274,-0.7745886122722164
5.24609375,3.6851631161149023,-0.9227752103594596,14.71980692339013,6.250490365224788,-0.7350917676673339
5.25,0.6991723840510478,0.6431607350134322,-12.765796697823305,25.84764012079476,0.5532720859396529
5.25390625,-2.3720280893519496,0.6320363306563388,-10.697545198711346,34.03866607173709,-0.13707288750904834
5.2578125,-3.0193179291230527,-0.552377458027911,13.844730083528958,-37.451880387060456,0.9484737063696104
5.26171875,2.6806361922073827,4.277645708587473,-11.965304350536243,-53.42409855666805,0.6252989596392085
5.265625,0.18470035446628996,0.3596736837019904,-6.25743858837928,43.19437318608654,-0.2119425651563984
5.26953125,3.0437848504055047,-1.041896463562665,5.571097626614341,-80.28260509878945,0.030838025913378773
5.2734375,2.2712205994256194,-2.9370264415549654,8.678441044181344,-8.312973622823762,-0.2750710832830885
5.27734375,7.496609937349908,2.174272644658877,-3.044603004085093,-54.03711229043495,-0.3666241277570775
5.28125,1.4999353636045667,-3.4792482397812856,-16.16810131996809,13.477054706347808,0.20279445216789974
5.28515625,-3.2434577618845983,-0.005016705223729842,-7.638258843183966,-24.1601675293938,0.15559121387064911
5.2890625,4.789103885047628,1.3788209445650192,-10.870065383181746,-39.35427653677484,0.2785690101023747
5.29296875,-2.0433798310426208,0.06340633743539503,-5.6698871043775245,-16.531582717310027,0.030094451307266273
5.296875,3.1495178398951547,-8.171757332292465,7.0199009741300955,1.1735027176773531,-0.19943344225223955
5.30078125,-7.884998534516514,0.6889673091251867,-4.216991189750107,14.752514162099724,1.1536154843737576
5.3046875,-2.4346610350936047,-1.3590076499275527,4.589429171305266,-9.55671839711621,1.2571109930067894
5.30859375,-2.5871548358851104,3.230534856338728,5.490155208701253,11.97179930117784,0.3790964724987718
5.3125,0.8571189921914341,3.841210685954017,8.041840763434218,19.730790134523765,-1.0577713793967976
5.31640625,1.4145471222632584,-6.0450077709588035,6.630253615640743,23.7126165635228,-1.0325775355620495
5.3203125,3.8383160445012674,0.7999919901019046,14.959562680935,-9.853515518664922,0.6088737553211546
5.32421875,-1.193385582421681,-2.5335349241036194,-4.770127698446565,15.841684359384342,-0.4215992524126517
5.328125,-2.4456083770577255,-1.4890684720460639,-2.540179157657442,-52.337534120490474,0.34740394521216617
5.33203125,-1.2060907291027316,2.7215738301307346,5.09204112805874,-20.081613126731007,-0.06186001214484901
5.3359375,2.332522589714033,-0.1810285867899603,11.603994972477413,-55.95008316697633,-0.32913039669110167
5.33984375,-0.3789844081034964,-1.7041234120200457,-3.592469756347511,-35.579415804030546,0.2740102318297152
5.34375,1.2288324056716944,0.606287520140322,-20.88407072783225,-1.4451347155640786,-0.2761420569814269
5.34765625,-0.6893129332948849,3.891651498780247,-2.8096012062031006,-24.6820466775716,0.021005193317263072
5.3515625,-4.716794367907268,0.6917127020434796,-6.341939113388097,-48.012566141936446,-0.6651586850687917
5.35546875,1.711969612623895,-0.8327869260033139,1.1610711277943206,-6.15150152502256,0.18841944748502643
5.359375,-1.8298859770272193,2.6093262032908133,-1.8830697747444893,21.475596955695526,0.2923297706426586
5.36328125,2.740091623135605,0.9445450024712121,-12.0587593023486,-1.1938241715706823,0.18048216148353288
5.3671875,1.9362513290977446,-0.9664173531169178,-6.036320780272046,54.74161029664554,-0.11862453481738956
5.37109375,5.45255559129242,5.408490696290243,-18.51898824835995,26.957087151832248,0.8781458012722401
5.375,6.025662091728467,-0.7104052680761174,3.3207444408661804,-17.08668042163895,-0.18982945348170388
5.37890625,5.263303809287325,2.964677087573298,-15.601037982931436,-23.38914908656148,-0.47797298236885255
5.3828125,5.039768449160928,-2.5835044182443925,-8.679877319317306,-0.522494303508072,0.6763683824043639
5.38671875,-7.303904478166326,-0.6752690366170119,-4.138192783567357,-54.378104396661634,-0.77961124078371
5.390625,-0.5303137691511207,-3.916035765795618,-5.323292451989353,-48.6034223643227,0.23595154511579622
5.39453125,-0.28792689767893703,1.3227409513172501,-5.765767540336263,38.289796255631174,0.2620927876291693
5.3984375,8.627285424276074,2.1480743862985463,-1.7486101307807203,-9.105863936090667,-0.6319140210261809
5.40234375,-10.269423883555124,3.391982506392076,1.0255132858854348,17.15452028212463,1.2402337798378695
5.40625,3.8808472633113094,2.4619912095880356,6.9525543415969056,11.320533123197663,1.2773943531575567
5.41015625,-1.11899481335417,4.496478156641325,12.15409333122249,34.06280497021093,-1.2649174268931398
5.4140625,3.0624530674198676,-1.897620413207373,-4.729537638653942,-9.236637335454326,0.5267907564337656
5.41796875,-1.4375074844544373,1.8164886739671935,-8.517634433031684,23.480525561117076,-0.1621457480093142
5.421875,-4.909519207010894,-0.13652626435386697,6.298073517305641,13.187002966939414,-0.24611053947023193
5.42578125,-1.4111061712681827,-2.0230207319532054,12.675205727464785,6.099722681519051,0.4445074348088541
5.4296875,-13.086849581736752,1.062362629543859,7.000716451810614,-39.53495128329445,0.09659458386712691
5.43359375,4.421152382603358,2.9119877813951875,1.3734506278250058,-20.954532170818876,0.6664476132804826
5.4375,2.5747550720795385,2.0583055402596795,3.068454801913526,5.845247458776278,0.3484041560007983
5.44140625,4.758015433054395,1.6482453206344216,-6.526931286738007,7.030553239148851,0.3202910045045796
5.4453125,3.8572068614836166,3.4945896348408887,-9.044028458460556,-13.965007064322188,0.48587478498534364
5.44921875,-3.7238938423799754,5.469156043695067,1.1097549344094677,40.77905821229291,-0.3237880975233929
5.453125,-0.2751417362276443,2.0262731746551768,0.071999212049501,11.671671882775396,0.11181725833474233
5.45703125,-5.300200274991745,-0.6599489868616818,4.323316430360086,12.842384625250077,1.4258779483590303
5.4609375,-0.2673960162104647,4.365010902881242,-5.405088317636775,37.045594060503575,-0.02469501122523094
5.46484375,2.0290190618222685,4.116995391430514,-5.113739947462088,23.71586124975877,0.4872570171257887
5.46875,2.558781507536463,3.555547571945386,6.027344770651491,29.297945286626188,0.513885164109242
5.47265625,8.077839260164343,-0.880249297986408,-19.73381693074672,23.844617178547658,-0.9400161992770648
5.4765625,1.5929754379351226,0.4742217608154715,-9.569692063147741,-80.94252860621233,0.5467594795149548
5.48046875,3.7815319545354282,2.5180330234705592,-7.407633061914316,-24.103128148809162,-0.2595793895975072
5.484375,-1.208979664475626,0.010115649120246381,-3.667394862368247,-31.91037262047419,1.092163366642406
5.48828125,1.0757180799664285,0.05130286626883941,1.9557800007091952,-13.201434783982918,-0.7607023807533728
5.4921875,-3.3906383803825206,2.992234644692963,12.27925566372443,-50.68705282623582,0.9931255630706899
5.49609375,-2.209519337644038,-1.3012761804105648,-11.180370805414281,-28.506934781000503,0.7786016139294942
5.5,0.023685383625758064,-3.721004371102198,-3.7400274842552044,25.199171884477806,0.3182861137798525
5.50390625,10.32381715994549,-1.676304251269105,-6.269513738555336,101.29142738841459,0.025814960055839282
5.5078125,6.8738315954102465,0.3508629747267764,14.582156524270076,3.353785168576465,-0.3501096412826789
5.51171875,-4.113531718704435,-0.32149855282457684,-2.169410812554148,17.946299764404916,0.6254630695734481
5.515625,6.334410594145268,-1.9758923858800863,-14.09985216086711,74.88111379094477,-0.30232860045781984
5.51953125,-0.9031602197110757,-2.324520935295819,6.259549695858952,-23.905719387913145,0.6035440605499549
5.5234375,1.165807538212647,0.9792081278884703,9.003359186469122,11.721063635147097,-0.47923218941069085
5.52734375,-3.0580245222761304,-2.6640147247857366,5.164456700239241,-28.877695654108393,-0.3903063534583997
5.53125,-0.21126144741116515,-0.6851824659706305,-6.181707263693696,-42.107202552755396,-0.47578580020008726
5.53515625,-2.78835209424926,-1.06667857321064,1.4325493510509841,-2.815372683023501,-0.24654624743847345
5.5390625,-8.30080527096215,3.0838240544965214,3.2725163413899034,-17.528597574494725,-0.41129626498276445
5.54296875,0.7560899721312054,-0.7466507383273178,5.083137439510441,-12.21580146024467,0.482477306461249
5.546875,-1.23357636476082,-0.7299954457222736,-2.9501502759712044,39.078641597886346,-0.40736696045516135
5.55078125,6.991168374352803,-3.8522120056669866,-6.091254528676331,0.0020648899813364707,-0.9088501559259798
5.5546875,-3.151699283826346,-0.6491712985206154,10.258961527769483,4.428751780001525,-0.43814746356291756
5.55859375,1.784325183580527,3.748442921694965,-2.09694214875666,30.93575134280318,-0.29063788013243275
5.5625,-3.5100433451042337,1.6846521447179013,-3.153858193188356,-15.214428387059293,0.21259718430882762
5.56640625,-0.0730301142702482,-3.378766076487582,2.8956399691670267,5.075553549679306,-0.8153091662939759
5.5703125,-3.4370509815569354,1.1699151340994511,-12.267708582035922,73.39839209798538,-0.5237609688546704
5.57421875,-3.11061286688367,-1.3720045049159453,-9.458555452850828,11.87271039896411,0.11301825632348234
5.578125,-2.214364799511352,-2.899118430196879,-8.455270609788933,-10.191748503201616,0.19619859095839245
5.58203125,-0.28678290288419267,-0.2614465101167467,7.774592774838815,-21.58832741801571,-0.23636391652718963
5.5859375,1.3525081195789006,-1.1522795615343366,4.965256379162873,-51.83206940651587,-0.03853284263049568
5.58984375,-3.3292287356709003,1.9590087913144918,-0.35749980704440887,-16.582709691888766,1.144558135521248
5.59375,1.1526170896192807,-0.12680785784892415,3.6995006073815704,2.952895184354288,-0.21381658901703665
5.59765625,-3.4848417320600173,-2.5905732350744235,11.090676183436251,15.388435133998058,0.44380031880763454
5.6015625,1.3349844471337085,2.7035311450268775,-2.913473910398531,31.690903802719756,-0.7230519040484898
5.60546875,4.90604117455388,3.471795925543163,3.672861127718876,19.52984991960102,0.41860611618374943
5.609375,0.024688292259717384,-5.816537863869318,-5.77446807781448,41.683763082914,-0.04348630966874374
5.61328125,0.5329528253867332,-3.2029110269868113,-7.527547152574628,13.919083037144585,0.5429525882267846
5.6171875,-2.307648234040292,-1.6849971178075318,11.048906258995263,3.7245956486065506,-0.1718149919271441
5.62109375,1.7527091404792396,-2.4188906022747467,-3.3710055489554964,30.922748960363265,0.23744080065969653
5.625,-1.663229942638929,-1.0473073596006077,13.090998479940817,-8.337132865082696,0.895488689572495
5.62890625,-3.404243265736707,-0.3378636898848169,10.477499525507614,15.741632157643714,0.2197189469441882
5.6328125,-4.2677439366584355,5.866863724123704,5.20283214497578,-4.32117733487774,-0.34793684855323004
5.63671875,-3.2829615572888384,-1.1564621688755556,4.373629430994818,-47.60345420469014,0.6722997459044795
5.640625,3.0698259765766083,3.1818187063860446,-4.090875876209903,15.432207733514481,0.41398018798833863
5.64453125,-0.9071241139632242,2.5232739508652218,-2.6697322853116274,7.9901827162261085,-0.25834574277623873
5.6484375,-2.3529280700077035,-0.22305483919670643,-1.5078655410365789,29.35585056823187,0.04335845556014809
5.65234375,3.3482241270018536,4.448436317362614,-1.964296776023835,16.069036323903568,0.1170715319364122
5.65625,-1.3820978176021255,1.3120184361143574,15.565527519631685,-21.453623424246054,0.4837645836594982
5.66015625,-3.2371789616612157,0.6396236892556948,-4.922264347554951,33.782658321249,0.22440830013156332
5.6640625,-4.6985464376968045,4.312580181018607,-8.680920695576038,39.52842713280809,0.5667385302165848
5.66796875,-5.752441985243983,2.583701385953901,-0.6856880843867046,34.91887623970358,-0.08138950527934058
5.671875,3.1760563358033003,-0.039849355497544404,-6.2260241515807255,3.446780804966094,0.4538212954285243
5.67578125,6.759768358232822,1.679871917620448,-6.8168511446526985,0.29577060824721846,-0.2791644400001688
5.6796875,1.8610962817948609,-0.35510080215945206,-7.023154857477967,21.66972931783212,0.5039229137835571
5.68359375,0.04448923934575038,0.3533048541309334,-13.121871537036554,-35.35191621673959,-0.36985886246697125
5.6875,2.1627633151203973,2.787594194599477,-2.7246517818424145,-36.085001719015104,0.748622889659072
5.69140625,-4.290387656650156,-3.460546718002445,6.310236049409521,6.776974722602343,-0.7740767682578223
5.6953125,5.4345465616744875,-0.38747311296629805,-0.09896812818139766,-16.634662994125993,0.4491827065959685
5.69921875,2.295111168199267,-3.692878325392595,-7.263605686708263,-9.541209771616662,0.36093134053779763
5.703125,-5.069323151026185,-0.12143036274273233,-6.136890952091984,-26.173913655250885,-0.2959124105508276
5.70703125,-0.08073175981398377,-2.101133138947926,0.6786197066801525,20.489003988312184,1.0368433680257272
5.7109375,0.24598354906823836,0.931826077854071,1.3202406750212257,16.903931343161595,-0.17117555471854484
5.71484375,2.601759765371422,0.5289987133352637,6.274594591098238,-40.45089686495088,0.29585524731858454
5.71875,-2.317912821626036,3.090152208893751,-8.63169123851782,-6.239108652687349,-0.11816276962489931
5.72265625,8.835611321132948,-0.5834501785962541,-2.582694768942874,64.28650577730386,-0.3802757736169936
5.7265625,1.7926911553487883,0.6633302774071702,1.0700156396194411,-10.18895845418745,-0.26951189677053
5.73046875,3.0741629993777333,3.1453859934313577,1.985801115158135,-14.25048151215861,0.4241525915641183
5.734375,-9.010267459252374,-0.2032332032251461,-0.9867278535171193,-20.403900367552968,-0.3331690828372262
5.73828125,5.257113995253905,0.9307640233241181,-7.104352933576094,-11.069522755828096,0.35067711467152873
5.7421875,7.617581264069958,-1.969005061162434,0.13737614039578716,12.220640474187714,0.01636607829131071
5.74609375,0.5011881134808028,-0.8411681404996443,-12.869464993093917,-13.975239344294662,-0.27629985213724845
5.75,-2.6870334080450564,0.0737717063479229,0.6659412288517772,7.304526658742484,-0.6964337761861567
5.75390625,-0.383998771924986,-1.3849007654928054,5.419460108922643,8.638650610126001,0.23226887803314702
5.7578125,-4.21566405263106,-0.6212306356910213,-14.052572561917037,85.92754333575718,-0.696128024335364
5.76171875,2.074190907860456,2.1100736770512287,-13.874553837160946,-0.06410894818690238,0.8475333086514606
5.765625,-8.104706268172565,7.55394973991409,9.535289674756578,5.835296787971396,-0.6401488821253997
5.76953125,4.505181756794417,-1.0583168156933596,-5.71239191828731,19.03096754231347,-0.6223302171223629
5.7734375,3.590381130656692,-5.463190553979774,-9.584875993420322,45.0455294139989,0.15512661728789487
5.77734375,1.2158526634887097,-5.896220208034556,-0.3496943454170749,-10.695040187033982,-0.4848043044736489
5.78125,-1.5415639584002465,-2.794936999105109,-9.801876488485828,2.1417026261739576,-0.28446471405224144
5.78515625,-0.83731357483734,1.819748046761402,5.900841098261071,-26.026310778271526,-0.30758416450719794
5.7890625,-4.679314583658312,-1.9713912244120069,-14.622440846544958,-20.552954508820218,-0.6861220869278429
5.79296875,0.5332018273827651,-4.384715689339487,1.123129168969565,-88.16755434583442,0.23920818899082788
5.796875,-1.305202948508699,-2.984045379134293,11.516785753233323,-10.26942527663108,-1.3335404154850454
5.80078125,3.3779826121425223,0.4501289350393744,6.996845290240715,-19.07580666705997,-0.3203069292345065
5.8046875,0.9948573283173897,3.8200756290355375,3.7564313356637973,20.433067100978327,0.3145102414332233
5.80859375,2.088340775511422,1.73747183251257,-12.459050907638568,46.16905246207804,0.6275707319760477
5.8125,0.19986368931235976,5.4043436195623205,7.049475386664126,9.455939029047613,0.043058244261442426
5.81640625,-2.638319520201765,2.7124229463824996,13.578323287040956,35.22186557357384,-0.22306896511034952
5.8203125,1.7496639917136902,-2.3140383851445425,4.975357470488642,31.693128781861752,0.0641413446068953
5.82421875,11.978084491571497,-2.923777530840011,1.450380781153409,7.113075170381162,-0.5830305082244217
5.828125,-2.195080532101697,1.998474657399214,12.10345532139928,-1.701630641960051,0.16282878963811898
5.83203125,-2.0473360436673924,-6.941289737526903,-1.8005839137420976,-26.097797547848025,-0.2771714288248134
5.8359375,-6.599527234331464,-2.7752382602120234,-0.027144137930891432,14.705838085629214,0.026503375407006126
5.83984375,-2.9812029373993782,-1.1131106953923375,-0.8958024774607685,6.049885058523763,-0.33280250499083713
5.84375,-3.6135413660632905,-0.87530440685637,6.27208268353896,-41.93707442209228,-0.4550635163919287
5.84765625,9.338364644329623,-2.7850932777328925,-1.071359180294648,8.782156405264804,-0.2531018534966538
5.8515625,-1.4911430305095672,-4.926634403108935,1.9470474245654286,7.818682072351587,0.07132472297033611
5.85546875,-4.628553831190714,-2.6147863885696583,-8.327082944156048,9.26253871137293,0.1555729027458723
5.859375,-3.891063219870402,-2.965041847011851,-3.2744318803310444,13.389886619934806,-0.7246305663162169
5.86328125,-3.5511711774306907,-0.36445216316577317,-1.3291363342021936,39.92128493240358,-0.536924665535632
5.8671875,0.10274987343210386,1.6303672281625219,-11.917128309612481,11.456075117821102,0.5129668587301001
5.87109375,4.608090858092817,1.3915470176414535,-7.639807104351725,15.433687986689463,1.0165796579779138
5.875,-5.214189971166617,-1.8347675357636581,-14.572692320091772,9.196784252283532,-1.3468510395192554
5.87890625,1.5789475453325712,-2.931371574121905,-2.471492818606295,-10.969753223759804,-0.8892647825203797
5.8828125,-5.250289124815013,2.5556022584767693,6.3573761951204375,-15.75819475131657,0.5836493604137254
5.88671875,-1.7064904166366361,-3.3684243247761394,-15.552574819433552,-16.053358887617655,-0.2631263548211724
5.890625,-1.7329506120878009,0.5331199922655324,-3.2458358209883515,-18.063905866434478,-0.9917851682475799
5.89453125,4.513357330571959,0.7399183059390001,13.5943547750966,-5.494089462483068,0.3103757826321947
5.8984375,3.733239240338785,0.3611880369693376,-7.688712113836785,-23.52400138865002,0.17287598579343277
5.90234375,2.916177352150102,-1.7684529781020482,7.607347402605162,-14.716940444934352,-0.28712088529692376
5.90625,-2.3449256078336327,2.954695766027633,-2.386140516463234,-15.483146004567395,0.9953361140299014
5.91015625,-4.933143971344339,-0.2193330426713853,-4.18510306532945,51.55370854770896,-0.4028618459885889
5.9140625,-0.8429353773633986,-1.4248917007195019,8.528031623504415,55.72093040916485,-0.05642104477213027
5.91796875,1.529103526718333,2.6833088945124364,15.603180657335468,33.792750184641086,-0.8432182938229617
5.921875,-1.2963205689251984,0.6365730391588662,3.3823971025215624,-27.594315085441323,0.16476053765766438
5.92578125,0.736872812943944,2.790775259044893,7.476645738056252,-27.422515594789623,0.2725708343000443
5.9296875,-7.642191970121948,-1.5339665983965212,0.7682652800874576,-1.470880454069711,-0.09304228919747794
5.93359375,-5.245088534265813,-0.049360243336143195,-3.0444090906455292,-6.0877839216264835,0.31522944629793714
5.9375,-2.250653008724449,-2.2569461687833794,6.90350144779195,-48.38588036045857,-0.8049720017833983
5.94140625,-5.14338842494095,-0.18657475844794638,8.708645997790015,-32.0734389285349,0.19750519499217548
5.9453125,6.752121117258149,0.8354885430097121,3.0117974097431484,-8.176172356801331,-0.15750582465536433
5.94921875,0.9159387622673499,1.1019198189129717,-4.284527063048032,-8.379509004574668,0.2779777987736557
5.953125,-0.6245402608044758,-2.0234718344745963,-9.341558182281613,14.445064315247777,-0.0968798667776238
5.95703125,4.003690484666001,-3.415323650088058,15.461666828892696,-34.68730127201862,-0.3760243005566058
5.9609375,-1.9949098914193868,-2.4228984732865873,-1.282348365250963,26.496927507244056,1.130653949144375
5.96484375,-3.2992504889506553,-0.3981126895334244,8.09347416910142,4.976494404633382,-0.0004740255494066886
5.96875,-2.524068825917737,0.7580418681708657,-15.275140839694673,26.501861949239824,0.35942729595910144
5.97265625,0.784935420653043,3.1534007284892063,-5.6232763395810546,31.045373592231186,0.6941110374316978
5.9765625,-4.107988841819087,0.2710182406406558,-7.293541552474732,20.14589084974277,-0.227741869633061
5.98046875,-2.4788745414043833,1.9842395826732557,-2.719580269468434,8.013929514326442,-0.8415431297597035
5.984375,-2.992219450508197,0.5439368345848035,-6.515711087280396,-64.03226723897706,-0.1191031370652719
5.98828125,-2.4049896124878667,5.0712156657990635,1.4540272271124035,8.853954604307358,-0.41378091565804287
5.9921875,-1.5287927078728263,-0.23262519540917775,1.8452307158554944,-12.88365436779262,0.5570262451340247
5.99609375,-2.3091984910210392,2.9746160154165953,11.883865453521965,14.610755789446683,-0.3601514900023908
6.0,0.8976354627755018,3.6735185127716976,-16.042111840298478,38.548243814754535,-0.5924811551087573
6.00390625,2.796590564659245,1.8386896768723475,-8.896020880486844,21.20209182786395,-0.8401349980186585
6.0078125,-0.34241718997979304,1.9002913070865362,-0.5415129463803625,-4.181382347291507,-0.02931251766114574
6.01171875,-8.8081607821824,2.1727780318322276,-3.751477445331989,35.27615441018236,0.19277501488240667
6.015625,-0.6001140483557748,0.8347187372699754,-1.719633484906236,11.593783133138686,-0.16867260827933067
6.01953125,2.2650294717579484,0.7950038166973529,-3.0316623362762884,34.613573334561046,-0.0695286559755366
6.0234375,-5.547986036300062,-1.4160666408296256,7.650182759195125,35.423360968352696,0.390955315216779
6.02734375,6.684369970068691,-3.849785983237913,0.10846023644141489,-5.487324759630019,0.12198248681039141
6.03125,1.8531603834138786,-0.2688580501757503,-0.03985066463171538,26.357745718306475,-0.06356012319852465
6.03515625,-4.535165613046282,-0.8058194599419275,16.314743304880835,-31.68722800907978,0.3923711989361732
6.0390625,-3.174081540553551,-0.37097127088520077,7.297218448271975,-49.24657303268816,0.09164151561719182
6.04296875,-2.784827917604585,-0.3251805239732264,2.7032240017132585,-26.332898382021238,-0.1649769385031596
6.046875,-0.06340191241507843,6.219674085774711,-3.042930596387475,16.731524787846467,0.8808550580892753
6.05078125,1.0151822010868072,-1.2721891722078171,-8.346184111020607,11.495166254224028,-0.1420325906836236
6.0546875,2.258068425251296,0.09319569678434894,8.941355948336335,-19.9046724070676,0.17236043491193787
6.05859375,4.211940438582084,4.464366205659344,3.911059000233813,14.583776147765771,-0.4335829333303028
6.0625,4.97107192339303,-5.944370762812617,-3.789738957890608,11.688730495786038,0.29783949924267267
6.06640625,4.705105807862244,1.0996103295956423,-11.74503913420412,39.44288510107489,0.3717855871936329
6.0703125,10.547816525807788,-6.209397259189865,-0.07359139362820777,33.051339315883986,0.27134933858488497
6.07421875,-3.1396762701032768,-4.15790584951119,-8.859142129102581,33.32429017227878,-0.6336967809525482
6.078125,-6.533302380629537,0.33797186704909854,-6.501260084152808,-9.367050987688687,-0.014528422351636977
6.08203125,-5.1041173528039,4.733169152291695,-5.6468518228862745,-23.120375004658733,0.755928526380992
6.0859375,-0.48725104356152715,-5.568876888609473,-5.4753602044237155,-6.805606588807857,0.1012796570525456
6.08984375,-6.819125148518339,1.7639185434716425,0.8875515171266142,-4.161039897908925,0.6191150712379919
6.09375,1.276026531368021,-2.3086990110578243,-3.519404305722766,-43.524940118071285,-0.6923427208853654
6.09765625,2.024027366094538,3.3924105367373345,-4.996338758017644,49.43483384249493,-0.3203839304428492
6.1015625,-3.5607013049687297,0.07526372359078833,-7.852101576749216,-6.231572869217432,0.07874981980700463
6.10546875,6.5008703181962,1.858033524592233,-3.984481391141039,48.04122288414151,0.31156160972481217
6.109375,-6.872195390568867,4.0254079010189585,16.496865436207454,16.33416878199811,0.9470712909434755
6.11328125,-6.99419407780601,-1.0324520282064542,5.465909882106729,-35.529967370303766,-0.38565533027334103
6.1171875,-1.2658409569505948,1.80591013456936,14.123734432192524,32.602330387340245,0.23150383188689427
6.12109375,3.324833940737402,3.7459844263369737,-6.878433671798813,52.14864575642921,0.4562704801449464
6.125,-3.698846933967231,-3.009546951401428,8.284869612040179,3.4300030724191477,0.1885924998961832
6.12890625,8.124400679226358,0.47147128461862664,-12.911557125953305,15.412875701921172,-0.443058500229542
6.1328125,-0.13872249015330834,2.94167612993768,7.549740389619405,19.600670005525263,1.05986567114333
6.13671875,-2.237675667121474,-4.43761149133415,0.4620354822382642,-36.967450061156754,0.8071128415863389
6.140625,6.18544511717353,-0.32557929382181805,14.677076813777788,-17.97363151994695,-0.02209990851053953
6.14453125,2.023745788784142,2.4139886957907852,-3.190948927284302,-13.243673356106987,-0.06127446415915611
6.1484375,-8.187580161737085,-2.2297439199813676,-21.104233175156665,19.817463025648856,-0.41508245775568503
6.15234375,0.5912580978111945,-0.13166985840059944,1.4988037091748505,6.012201851274739,0.041868448241365507
6.15625,-0.6745786443118452,1.1072738353447664,5.861256247031835,20.77092474257517,1.1491332971112325
6.16015625,-2.912687352192789,4.552659226079781,-8.508913569702177,5.810149134599822,-0.12081723553409697
6.1640625,4.0346688390677246,-1.8622902314341916,-5.830457930206945,7.62272503203477,0.5058904811919974
6.16796875,1.0024318273262325,0.7112343611480353,-8.213058061456795,66.74019851414727,-0.32359634623539946
6.171875,-4.944509903992966,-5.951771816053412,-4.904263858214879,-8.060916824223666,0.12206756315297113
6.17578125,-1.8698937250294978,-5.056607691273261,-10.618859485671809,5.153266127506833,0.41108091305743466
6.1796875,4.042089629199884,2.6566317144183813,-4.027989933189756,18.52486947400058,0.07832260902896714
6.18359375,-4.190967790987574,-0.8175291375345406,0.204807408354319,7.127263089156635,0.23518429822299491
6.1875,-0.029755742432687127,-1.0072122357325144,5.792027808981184,23.1243558505412,-1.027505982979164
6.19140625,7.299108841237839,0.21143635016456813,-5.906464983964938,-22.27317166667506,-0.18653437234876724
6.1953125,-9.10603388228776,-1.952365250760252,-10.012114103168575,-3.490539533531205,0.07349181387956259
6.19921875,-1.0586778641466545,0.3010092803831106,2.860333638249206,-1.0250998479043028,0.5419421683144555
6.203125,0.9201182277190167,1.3453088890160714,0.8680345585879465,-32.74770400739324,-1.3831205867084038
6.20703125,1.6701642954406835,1.6817605585839872,0.7110512000191838,36.007504228255044,0.6830519362412996
6.2109375,7.012727712391054,2.2066865000151545,2.5859474007294048,57.92917495743353,-0.1337655762227444
6.21484375,-5.878480887105167,-2.1624300820095796,5.215166696859829,-22.098410642227805,-0.04472866476515015
6.21875,-4.465129865420093,-1.1087590776226317,-2.3601037045046667,14.03466192591131,0.2570571946461863
6.22265625,-0.6435116440312664,4.291073917133348,6.494207630370428,-27.34135483333608,-0.0905460767661721
6.2265625,1.1697689646953473,-0.18246404434188535,-4.2374485058390325,-12.742845880286563,-0.3922296751230132
6.23046875,1.4961045594736688,1.8876451502927991,7.235223987131361,0.40018516586247976,-0.8320045541659133
6.234375,-7.86163102422673,7.733901993904896,10.52434946476539,-16.274974163127492,-0.035415525434923524
6.23828125,-3.5401541505848186,-4.600525656528158,3.6604367773825226,-48.56397424741829,-0.11184117528500279
6.2421875,-0.5995726825669786,-0.998678348181217,-0.2917861312564045,16.01184390677501,0.03736396464921523
6.24609375,9.28760192288024,-2.859862156317264,4.495792177768923,-7.807998432110998,-0.26919494381817577
6.25,2.315974906021433,-0.9458818418232359,2.926674673984471,8.433381838092586,0.804259865019334
6.25390625,2.7519567059826473,4.702891435697429,9.032410551370607,28.983701367583333,0.7440243694504971
6.2578125,-2.6426833746915785,2.936385925736736,-2.94055376910626,-1.7891585294491748,0.6441234419343744
6.26171875,5.16709395698315,-1.090478143410536,-12.120575098786897,1.884931773125313,1.0241673234202904
6.265625,-1.119967736693744,-1.194783567652137,-6.171497290094775,-2.2823628857023692,0.31299406047620715
6.26953125,-8.572597070849335,1.9532567847624815,11.033133220745645,-13.260099322394694,-0.7500012656717798
6.2734375,-5.14133599996564,-6.750507874780794,-9.21746803174015,-22.207976502794892,0.5463232793580539
6.27734375,0.9448413193178373,2.6285966111699492,-14.153592657026259,7.21240836313261,-0.1923681513457781
6.28125,-1.8293616116316325,-1.0336014542580925,-2.8921129572859208,5.825487016108127,0.7975465970731007
6.28515625,1.415042353336045,5.852322803463543,-14.272226693917698,-52.36358961989204,-0.15370143750937287
6.2890625,-1.213392410585397,4.014176028542339,0.21332668274435163,-12.92306987123782,0.22221045073229734
6.29296875,-5.256087632228793,-3.5153201160909235,2.618858684596743,6.570140300301457,0.32956052471700187
6.296875,-5.557519769929257,-3.0931672464494824,7.978731583992281,-42.44669951082564,0.6979090990235189
6.30078125,-0.44363081293494583,-5.2261135727784715,2.52798929591108,-4.96055481710985,-0.032389128799487146
6.3046875,-2.23824230615968,1.1657017951095274,-1.3945105033098133,23.67032545058189,-0.5888194202449716
6.30859375,-2.4764782653370103,-5.762071950266586,8.603738868324449,33.81965053524708,-0.5371237690599862
6.3125,3.1295085768635413,-0.6786703509370399,-5.903762204433834,46.405828620054166,0.01589064485039872
6.31640625,-3.67527419830955,-1.0242599635308673,6.181036594507261,-40.00169471380026,0.03731381860582564
6.3203125,-4.663777631593496,-3.919863388156412,6.211382255167965,34.99234785764212,0.28915555472808624
6.32421875,5.933526296702378,0.13019388656177158,0.8624285734509227,-41.698030376087004,-0.030092799733493356
6.328125,-2.815226772657689,-0.5900674240833845,-6.198231016951142,-25.07522170327107,0.26131089477064795
6.33203125,-8.01935935552792,-3.0877578124185114,12.383886965495268,-30.61159338070334,-0.27975032218488843
6.3359375,1.4523565353446635,-0.6101107358514223,11.228478432273834,-9.194556580642491,0.07275122853707276
6.33984375,-1.1574143949871125,-1.1477565273039878,-5.1994832515557885,-9.709334549432048,-0.10970632097996708
6.34375,0.24015876108276635,-0.22812336477998046,-8.744079174036308,-9.468426989935029,0.8891009611900019
6.34765625,0.6812861510590131,-5.5254155945628955,0.24084424997786963,12.558891465911538,0.34699232913477146
6.3515625,-4.419288433218235,-3.1763623604971514,10.17582516273011,-7.762566018208807,0.22545386577420568
6.35546875,4.670349336094433,-2.836307172646533,-9.260396591994033,14.058396107863915,0.01727668189463579
6.359375,-1.119311987756258,6.04540439180749,-18.528433180278245,30.200609133742464,-0.6146023176295424
6.36328125,-1.351813892522958,-1.0462598491081252,4.339951853158842,44.547993415790785,-0.8850300380033397
6.3671875,-5.0452691361336175,1.365403921111886,8.228696914277272,11.902010951176281,0.39471016950871274
6.37109375,3.0179244281265056,1.995449733069787,2.231705506264782,42.03526362084242,-0.26916230756083087
6.375,0.8758513631119471,-0.8570017355022195,-8.760367598180062,3.2626306161087304,1.211175434513557
6.37890625,-2.4796803875219666,1.2038071124390273,-14.105278228152216,-10.684366901548923,0.048437048219142576
6.3828125,1.2812715474379879,-2.879212994887839,-1.1715105615816968,31.30417653345372,0.344482480039569
6.38671875,6.990281042963217,2.0317469074149743,-8.088921140557442,12.475683580344707,-0.14927474120406972
6.390625,1.812126030261049,-1.9218656658250701,-5.098880244870905,1.8143283040847429,-1.0110276808991792
6.39453125,2.056505900468658,-3.3310311128206544,3.9103550838083088,-32.16192061106162,-0.08274639290220738
6.3984375,1.8257706004679417,0.7553258411021544,-3.4757765171253703,0.02932531661583937,0.03799106076081913
6.40234375,-0.15420416611956003,-1.6990247921538573,9.32726515365507,-7.570088612410825,0.23031543262037615
6.40625,4.0740106838880275,-2.4293008601271793,16.29655275833385,73.61308762210018,0.7476736666439722
6.41015625,-1.3159518581637368,-2.0786428976513407,-4.927683822715659,88.72091773094965,0.3188249335814649
6.4140625,-1.5083180346817788,4.18759987363417,6.945502319645231,-4.11088076221079,1.1754841696457488
6.41796875,5.78734510331328,1.6233459289049603,6.1476113911642605,41.175684598717226,-0.0634240754794473
6.421875,-5.225168957733833,-8.227076549093528,-5.204674903774572,-4.3160887794684175,0.31136331714707977
6.42578125,3.549118363510494,0.3540030890662761,15.361714760989198,32.10796780318201,-0.7008599516553776
6.4296875,3.2894546398283304,1.1369917104091807,20.118368336275452,10.380860363973557,-0.005120593468438982
6.43359375,1.217449153113067,6.423946035497801,5.1681506386196325,-46.570486626556274,-0.2900393507228672
6.4375,-2.371958449485616,-1.7106794033560568,8.681343622094637,-12.514910063213366,-0.6575996290835009
6.44140625,-7.2841836037385175,1.5100524341257047,9.017584066949999,-21.128280789452436,-0.25975476237859485
6.4453125,2.2592206716601755,-0.22446549772728147,8.67624830703024,-13.509520445573557,-0.3556184082866349
6.44921875,-0.8808249606134166,-2.453012631860393,-5.277067970605875,-24.824042613957605,-0.3616948854596398
6.453125,3.703225388735493,2.1100339396038983,-16.625353423677648,-11.606328889635426,1.065307173750565
6.45703125,2.4054539872044676,0.7652377354033979,-16.76938888498927,13.780667346024316,-0.23054131755036275
6.4609375,4.173802527380852,0.3664709248331214,-16.591897880815498,52.13649493372796,0.20872193386120355
6.46484375,-3.0684930582862866,5.639332853144621,0.36485221655748834,-5.749611189235377,-0.11262925045236381
6.46875,-3.4110786515758895,2.7374539502168016,12.418940870504816,24.248477124559997,-1.2081724411578316
6.47265625,-7.785028055900426,-1.9698339310308044,-9.353711341149243,55.974277960249545,-0.4837874337541923
6.4765625,5.02344287807042,-1.7118310414846993,-7.401307695982515,2.86231418828899,-0.06046977079607976
6.48046875,1.3605397401243768,2.526715421498843,11.143323803126531,8.013288579096507,1.0051893477424083
6.484375,-3.5290211903444604,3.673476248643892,0.49192357468328485,4.876913996663074,-0.135962976286502
6.48828125,-10.816973269943649,5.163183186781807,-10.412401828312465,17.675992168504006,0.2534341207889188
6.4921875,2.582772772462181,0.012835931014836544,-3.9984212335147573,-11.423154306856242,0.4194575632720386
6.49609375,4.911383249945455,-1.9698981310640122,9.578475389955443,-45.65330016671818,0.4580157319250593
6.5,-3.2041378530590436,-0.3114359438680506,-10.282332085371298,9.68977685584138,-0.39589404453356525
6.50390625,5.814550747050936,1.7380380703565632,8.983289520605764,31.54114053769969,-0.6667732640960284
6.5078125,-1.782097483246487,0.6850904082313028,10.795961786146995,-24.070454624727525,-0.18908581062217933
6.51171875,8.538253709325296,-2.062595309847719,8.48364742890315,16.397737584778397,1.0172709183388977
6.515625,2.1388728591106743,1.4823000652665839,-16.5730438970295,13.391050164171407,-0.07761475344358357
6.51953125,-4.248062279424339,3.854123875025342,-3.5664932872809256,66.3667982593111,-0.3078900947079657
6.5234375,3.3051994544792382,2.2176016301497716,11.139084237337354,-9.340323010126134,0.15282356216723433
6.52734375,-1.1229690395267058,3.968968748358252,6.840200573164406,-16.212694283973413,0.33051872272160343
6.53125,-4.282024634305647,3.0261728131974586,14.202624131405905,-34.785453323801235,0.2938773841334346
6.53515625,3.213212532453684,3.664669362977398,-0.6362178032615029,-33.56262792715987,-0.5484727199739385
6.5390625,0.4186902859344844,-6.69028675974686,1.233178849711956,-40.58658171841567,0.13785126048003662
6.54296875,1.789452245552792,-3.103174489018558,5.820270919019233,-33.454651089248216,0.07372243925453827
6.546875,0.7416236147408677,1.2258510350001435,10.878555686961883,-14.658426317889996,0.26798414828005773
6.55078125,-3.1374336278695805,-0.7414523754039634,-0.8782321841592265,23.8602811823184,-0.21560044082485152
6.5546875,-2.1890413315554786,4.191662583675475,12.23731632816764,10.201365295991197,1.1701566299038872
6.55859375,6.260857772664193,-3.7059324277120353,-8.15418010147879,-17.58678961583087,0.3210975977508802
6.5625,-1.527297498576682,0.9063624056463526,5.280394982624837,12.375063609086565,-1.010195845286389
6.56640625,0.8070363784372568,2.136071130042981,-33.095748035262815,41.38894712800591,0.21367254990815526
6.5703125,-2.589314870113493,-1.4238619918932638,-4.105753007185436,41.91280836617511,0.599663951388775
6.57421875,0.39230090965022296,-0.10935327007870548,-3.6710552431198558,24.17542926497386,-0.959839516600587
6.578125,0.9201349086542837,3.6767347117096354,-11.808186785832262,-30.64289609953303,0.011081607464546483
6.58203125,1.4552485155982398,-0.515186631752987,-1.6471989500797233,-17.50728714797676,0.09991509410523462
6.5859375,-2.7225364405543933,-2.8173270422743952,0.6941237856003548,-15.916283907825026,-0.8080604660461621
6.58984375,2.7474045673035343,-2.9209687887574836,6.101615945044283,-25.42116088310175,0.10060436671969142
6.59375,-2.044661122733716,-0.3324236757077891,-1.126190004949171,32.79335546233179,-0.053117086333762845
6.59765625,-2.023403581218937,-0.6025156407901586,-4.555166957106827,-7.861868378118676,-0.6248299930779089
6.6015625,-1.3859795103089316,-4.900734378347567,-6.415589506826886,23.251731997105765,-0.10118163935226099
6.60546875,-4.36763277166404,-1.0013656441388015,2.419641897942522,39.55310832101031,-0.006244429494765934
6.609375,0.2796986825982269,2.2888761315752677,1.6297770614609117,14.776244094199749,-0.1250543127993169
6.61328125,1.6190441207742594,4.844496022731658,10.813052340977976,23.402900896370596,-0.9696765488036794
6.6171875,-2.6738196618355663,0.15490702763688036,3.972154394354668,42.8714983531128,0.09702782271093474
6.62109375,-1.754916416817926,-2.1254752968009853,1.5684909046337658,16.058742342912026,0.2149047091887159
6.625,-5.434745293051624,3.306294991445625,12.106114728894886,-16.142122178191457,0.4697644208006617
6.62890625,-1.2957967226832903,2.3459486529372686,14.45574399235746,-36.343511356470906,-0.22324971267267163
6.6328125,-1.4499697863372871,-1.7300344822168452,9.349554257062177,-18.085163282467413,0.5751973077943219
6.63671875,3.4859630405312867,-1.0391507088970682,5.197690841367274,-86.50943751889133,-0.39615293655529293
6.640625,-6.799118187218529,-5.382918410366116,5.076816594897808,-36.860260839874854,0.8993457826237975
6.64453125,9.031879091084154,0.46245384331284756,-9.987267686321141,-32.52648084704197,0.08572436749790004
6.6484375,-2.1436263260895463,-0.5176349738870429,-16.17798111420702,-56.366992185177274,-0.5232040594130803
6.65234375,-5.361574402849887,1.7480986305388546,4.780298670337861,-1.2198550251801779,0.653067366254983
6.65625,-5.19671712259126,-1.0406274394238852,-3.541194893841274,33.851540868851686,-0.27676236207613564
6.66015625,-0.15401164375831164,0.7272811147539434,-0.36041222262857886,5.7537123411322355,-0.46407144065496125
6.6640625,-3.0241931094142513,4.998532231546928,1.3235100318733815,-1.1803642279120332,-0.6017145787033163
6.66796875,3.427272913122043,5.283137610496469,4.37354182828926,19.028956477189645,-0.5965773550464717
6.671875,-2.4274756534592963,0.8486580573728353,-31.00036456336279,-1.3217714635349829,-0.2830595863839785
6.67578125,3.66479658067403,0.9327101361176953,10.874984807035114,5.698838807643833,0.26422537664345913
6.6796875,0.5267160731570428,3.8973583346708693,19.112206819002296,20.308368221825674,-0.5632493687181018
6.68359375,0.6545076989909789,0.9358856702470164,3.3056112115267853,-46.70658879039562,0.4957621118692588
6.6875,6.7824166601312195,0.8713451737111579,2.6029553167913133,15.096876941460557,0.12650936379312025
6.69140625,-5.986082579916089,-1.9450830619472452,-1.3299831808069864,-37.41749231685286,0.05331723877879626
6.6953125,0.9126917932650374,-3.058172015421575,2.0064067999638944,-8.648761769619558,0.5090337193745701
6.69921875,4.068716849909374,-0.570990443159282,-2.9467788231784833,8.637588237612121,-0.5773074991566665
6.703125,-1.5724740261608823,-0.6511673779891405,4.297319004204604,30.75850964634861,0.47455377717844877
6.70703125,0.3061487918435449,-3.566469454003361,-0.2625952845133197,31.86819933532832,0.7086602752462506
6.7109375,-1.0397996741645208,-5.488010690233275,4.9266090571276155,8.488417718564579,-0.09474071574703857
6.71484375,1.156180829880754,-1.1189511206386504,4.007106437780151,26.141422502581506,-0.49573855547939955
6.71875,2.507365288642848,-1.0583036676173383,6.703879026546505,43.96969836681251,-0.4872225322659292
6.72265625,3.7745652350464116,1.7923838131626102,0.3269065675277165,-27.7265416971991,-0.4354345785794754
6.7265625,0.4710258720644805,-3.0650660377934935,-6.712240516282444,-30.60925946239122,-0.8163829208840155
6.73046875,5.315245317602523,2.7447867771545003,4.697225423507132,-61.578492018383244,0.05114333110209103
6.734375,10.10048385242509,-3.682071509964705,2.5045270474096437,-19.03194365465148,0.30357732101354173
6.73828125,-5.646840746113595,4.066359060430975,8.458483085344252,-54.90754398235701,0.4370396041245855
6.7421875,4.7669723410955145,-1.3244858083267648,9.897158401587362,-23.104975484569298,-0.2446264194045695
6.74609375,-7.864841511765083,2.6811458461783566,-5.507598611060485,17.239720191511594,0.13853993582535912
6.75,-3.7460679878570584,-2.8256998854838278,-7.7459407882525015,4.31248592608774,-0.11277051519912734
6.75390625,-3.545258429748375,-1.6982417241898902,2.5488334137145543,15.760664924315186,-0.5955182710896436
6.7578125,3.6023945140993363,-3.4033760008546947,7.680618273022331,5.6897841069095385,-0.3176743757646876
6.76171875,6.167277387678283,1.1180609488055602,6.727637501402002,-8.997298975089137,-0.23890113437718585
6.765625,-11.085723740939404,10.074834536351586,-7.278109726567982,21.227777451359202,-0.9855146804772266
6.76953125,8.434999663050798,4.166026532380837,-20.214740557048177,51.934064933268026,-0.2031945370708891
6.7734375,0.9062858488829151,-1.1418122808903235,0.02460592778642834,13.628226316047567,0.21273060018422726
6.77734375,-7.2439040630448925,-0.2538489835884108,2.580799073156972,-45.68161503913448,0.4715635362219685
6.78125,-2.4662584956723594,0.5010562420887388,-6.600153174821332,-15.820874447867073,-0.19678118716311427
6.78515625,-2.2842893992131907,0.10010120168837089,1.970957326968601,-46.857696885818484,-0.2136617102754017
6.7890625,-2.784798699666348,-1.5312154174405201,-10.61555159412474,-17.3756539572772,0.3474363214409416
6.79296875,-5.664317072526791,4.418780558813435,-7.66259821155683,-28.783459794338548,0.12418893175201542
6.796875,-5.70288579107616,-3.9057856408423497,-11.772927601257326,-18.43647474652743,-0.9444851550193847
6.80078125,3.734467589326947,-2.7443416730830714,7.451056924603709,-13.175818110080199,0.36595062519662325
6.8046875,-1.5101781100951661,5.387697862775304,12.698885121373069,16.757934579216542,0.6622776602340354
6.80859375,0.44091859432174807,-4.87004440247798,-7.61910220299305,6.289390646007252,-0.03593082174690716
6.8125,8.684569726873153,-3.0578489751606326,4.8169667793313815,43.598123483952726,0.13567494077673842
6.81640625,-6.230328479467209,-1.8137882956423923,7.408923024557802,15.26759448747346,-0.07064560535595324
6.8203125,-2.0607369005833465,5.859889738934836,0.517294435710637,52.83722245955799,0.15633771383388123
6.82421875,-0.9320386961192195,-3.729959320490802,18.157640297808914,12.323218988869865,-0.06289676272680075
6.828125,0.2720890781629088,-2.5589712330704986,4.439114147865633,-23.75559434971362,0.5954122243867295
6.83203125,-4.53636083727253,4.424732068811513,12.884767768620346,6.694046732006274,-0.6190953132981782
6.8359375,-3.2233166416091286,0.9212548346261852,-5.176105588158544,-18.951114522314786,-0.21993680041113034
6.83984375,0.7013486770450525,-6.552355735698062,7.105880599291317,21.860980559565522,0.02356245711468634
6.84375,-0.2789940072824926,-0.9178281607584786,-13.123746832467935,28.06503892808216,0.1709916055004762
6.84765625,1.3546592837131264,4.251178441066822,2.0562811964124053,-36.901031369505674,0.6539842354143409
6.8515625,-3.6545301528543535,-3.280199022096445,10.475424426196223,11.231175554677627,-0.20730496606447746
6.85546875,-3.9278792082723415,-5.431714775065084,-16.89825030234868,80.20125174686164,0.40564358403467354
6.859375,0.697098693620211,-3.2235531217655398,7.944787780653533,37.951055940650605,0.4119150783724694
6.86328125,-3.009984532436976,-2.2942029075325903,6.222399192773494,7.919165668189619,-0.44569154525973953
6.8671875,-2.4865497366754075,-2.018863386065804,-12.316634226264163,-10.455224003054756,0.90812124154883
6.87109375,1.2660551357696874,-0.43437989025052864,-3.026726721006126,4.20735004896808,0.057875525360835886
6.875,3.3254565333237247,2.3101151528801775,-22.11916889916033,35.93512796996655,-0.35946502004099995
6.87890625,4.762141127672817,0.8363144423139536,-9.120007662315654,20.529081872649336,0.5537843032526276
6.8828125,-3.4364954411813553,-0.2893768694521195,-10.741767709057822,-15.811711507318744,-1.3670298886501902
6.88671875,1.1684185215527252,5.35047875816279,-7.008600793746773,-35.29947723180233,-0.7316722112962746
6.890625,7.155634353150188,-3.9426944028620614,0.9069661209772089,-35.983107127841585,1.5003833828618807
6.89453125,-1.2030405436682858,-0.5526744115750121,-10.435332152780232,-37.80461379805365,0.13527375933420055
6.8984375,9.203889287128524,-3.1318966917974196,-16.921264611505585,-5.08875942559738,0.6274753445440466
6.90234375,-1.2195154799991639,-4.947980287932845,-8.455471358929625,15.025419585603549,-0.30362128651202014
6.90625,-5.470213172957973,-4.752326478014075,18.404695723002618,-2.6317644849604136,-0.24554163487359043
6.91015625,6.571029558719372,-1.9380631507071933,11.015779423272965,10.61608660673058,0.029106416701240742
6.9140625,2.806820900273185,-6.094378413378057,6.165773469563161,33.08606076471546,-0.6173376315705279
6.91796875,-1.6631769177489135,-5.89647796903991,3.110927983212293,-25.802148727419674,-0.04664754696974912
6.921875,4.986224211258753,-2.015078470021022,5.692291604663165,18.719397394675592,-0.013281282183781142
6.92578125,2.939997024438738,-1.2192268383328717,6.723504039916129,4.932605671269929,0.33018733740656614
6.9296875,-0.6942393155392441,-4.728932723222531,6.773550554720634,8.07439921739004,0.29983217061970596
6.93359375,-3.6497176190093943,4.985491454102542,-0.32892032249989267,-1.7951131314013367,-0.19969612928424224
6.9375,1.6753168736003785,-0.4643060794739853,0.06661610249746941,33.25495269331155,-0.45185578382457303
6.94140625,3.533750066491579,2.1799377090420995,10.99538626844504,-38.60031567095575,-0.3675810638045814
6.9453125,2.282886516616771,-8.100331508084645,0.9282410747920729,-1.6719858958837257,0.35636124696541804
6.94921875,-6.6350216927020815,-4.016872464411065,-2.048581328737712,-30.79684093246798,-0.09107341339736573
6.953125,2.412177902334287,3.184818306931529,6.743750187722927,31.800437579855007,-0.2213353963933501
6.95703125,0.6941929205624707,-6.769148768551423,-3.6205716034772486,-11.44463919478477,-0.22695741330608152
6.9609375,1.0786394814247022,-0.8609491733378372,-4.4307588956762975,43.041579679688965,-0.36294970778907554
6.96484375,1.9257803912364337,0.8619606793950966,11.858165360428881,50.07331204093043,-0.32249606884033544
6.96875,0.5403550684529775,1.4696869411151112,-8.31541647909747,53.57136567040466,0.1481943865416775
6.97265625,3.8941964717647655,1.881630390873434,3.9226815417859173,39.48954601601006,0.5992774681423141
6.9765625,-0.17101989246887206,-4.505240814859788,-13.21428259712843,-6.437430683427744,0.33575472420284036
6.98046875,-9.540743933677527,-0.08770512669046812,-11.658348921144793,-12.047128133624707,0.31221789653495385
6.984375,0.16774759624970265,2.8088498160887942,-3.8015269949322352,-34.439100744054734,-0.3555321404589586
6.98828125,-0.5122720212928179,2.4596172635150255,-10.103987354217443,-7.758672662028355,0.6113551684959279
6.9921875,2.6045250026144076,-3.0611311364742315,-19.52430802044265,-23.441377471140058,0.08096280928403574
6.99609375,-3.7432077320115673,-0.5686580394608657,6.464926417843472,-49.89692495573582,0.3855269599253928
7.0,-8.285351248823554,8.751107823500995,2.2521094115626794,-35.749867058484845,0.14200014950204248
7.00390625,-0.19384226184882974,-0.7980559342583782,-13.939904974530066,7.479992018174907,-0.6461655458019796
7.0078125,-1.698898305433691,-0.8996260913185602,-11.203638626355694,-40.9548097290259,0.05908672956569081
7.01171875,-3.1252125406498985,4.791253047019803,1.7057417513228343,17.61668064107733,-0.6163843110134727
7.015625,-5.474166559632102,2.489280758975714,2.6994862644733706,42.83607965099681,-0.20554679276990215
7.01953125,4.950914182510929,3.187590443992403,-8.12348732447813,-33.93389553637498,0.6487855873344393
7.0234375,1.833502517650486,-4.0671990487935785,-1.5195489053839095,36.652845148699754,-0.6744150378294068
7.02734375,4.616911685087549,3.5648951389573234,11.185325004913174,-16.315448459919835,0.004868037261381629
7.03125,-1.7275693830951924,-1.202731238230772,-6.790467936167637,-11.684244263714433,-0.6887952420821526
7.03515625,-1.237627328695655,-0.15773370222732128,3.084932458849381,-19.055347243871275,-0.4805402203770101
7.0390625,3.731273103643357,-6.160925382467019,-8.052894204241333,-14.693833453458527,0.5198831446926314
7.04296875,-0.2502123909334169,1.6656598718483955,4.392254168468378,-33.97189010676573,0.12633547562172986
7.046875,-1.7620811050742509,-2.6695098048401897,-3.6586769674379167,48.73035264893501,-0.35985702041880535
7.05078125,-0.09763991137468346,5.309332671828864,9.634764018442048,26.655715105202887,-0.22632834817316308
7.0546875,5.749868873791733,-4.830963347532335,-3.923027375439979,31.15943021677078,0.6396423666093921
7.05859375,2.36535941652145,3.9803473390885076,3.792884237123407,3.570677898131626,-1.3901864522989955
7.0625,-1.186986046929862,2.074672910930593,-7.271001721030997,17.953371171016574,-0.2200825541448647
7.06640625,7.58170147582886,6.34601703753351,-5.731514956868078,25.33909795543484,-0.51907710258248
7.0703125,3.602933897633763,-3.057720021573636,-14.451000196321367,-10.004492704726097,-0.329826414701721
7.07421875,3.0564150350217187,-4.986659365523577,-5.86483949455319,31.52179698231094,0.4160409656098683
7.078125,9.029361679252332,-0.44385247558464935,4.471209464755618,-26.002806734425143,1.3328226821090123
7.08203125,-3.100510452662471,-1.302444877653213,-0.6293899150741056,-10.183488394424238,-0.10836740129549388
7.0859375,-9.58853149327303,2.3162857568296142,-1.7907412512129683,-0.5672453226572607,0.14588128897456085
7.08984375,-1.442661929598231,-3.1181099147764684,2.448087667799621,-27.382549531818672,-0.3858993189014487
7.09375,-4.051005952763236,1.9465924274700044,-20.673676498877857,-6.909963375198453,-0.46115773450368397
7.09765625,4.179154666526945,1.4827818811388882,16.28734647032335,-1.841391477585172,-0.6819898012167032
7.1015625,2.6830694041813086,-1.7164780001078506,-17.64446472274094,26.7111218983572,0.002543368001117009
7.10546875,-4.304848361495427,0.9148692237510239,4.195367492446249,35.348939168724186,0.3918537287787061
7.109375,-7.069872467063992,1.013227469623976,11.577310106583985,-17.659611979759976,-0.19517815782464265
7.11328125,0.478960671955944,0.18816923777818548,5.974677076518879,12.205446590298756,1.0660177797214634
7.1171875,-1.004590160320443,2.646815950470022,5.476875624787136,-24.156222491889743,-0.2833677743969733
7.12109375,1.9897850250002143,1.597945296909109,8.290914080995451,45.25083319681366,-0.9321185937848327
7.125,-0.7315823411762721,0.5722165404471482,17.89167525069717,-7.704175557867892,0.06635438775413209
7.12890625,-0.17745290113531673,-2.76461553631691,3.0796284678370274,30.20078321388796,0.3834556149214462
7.1328125,5.26914773231589,3.952221648375268,15.010433415253582,-58.748795896824035,1.05595292632809
7.13671875,-2.743914172973541,-1.8846569719046693,-0.5152925022683452,-27.699502839924225,-0.6100097373844496
7.140625,-1.319440110417763,1.198079883972765,-0.08459187208130325,-47.413705996234285,0.1846751371862258
7.14453125,1.0590178550114382,0.9281545604266054,-3.811063844560061,-24.652729305138124,-0.12375566618882436
7.1484375,-3.8786216319081506,-4.547764858841,-1.7595602381528457,46.78322171621342,0.20936354948200472
7.15234375,-10.320490289953076,-5.806989394213771,-1.4230800968224566,16.839347430995602,-0.595573594635867
7.15625,-2.924849893225792,0.3117298907733017,-6.844045917638674,-7.988747399682955,-0.4764991093431473
7.16015625,-1.2492950432953747,-0.029918274803827465,-4.712083522534796,57.23359983543098,-1.4644869187768035
7.1640625,-1.2350933958048602,-3.0834690009351293,-19.878245874081742,3.785158745492133,0.18976605918563572
7.16796875,-3.705973705236028,-2.18811451595863,7.3145977331850665,43.43958429954452,0.8467554992076785
7.171875,-7.46151302726891,-1.2153059029393696,-18.81531115970238,21.94475045438063,0.11369906889693644
7.17578125,-3.8198631801608367,-0.06268343926173608,9.411693758545841,-41.68011032040154,0.16532275905189361
7.1796875,-0.16642738882345853,-1.2466373853705603,7.150652699239006,-5.651542111686743,-1.1282264429117934
7.18359375,1.1586590604522113,1.716194189230409,-13.947841555250683,-7.79453577995433,-0.2025305328852323
7.1875,1.9806797418111137,3.722584099895189,17.34851813648362,-8.313300529084033,0.21096069460466954
7.19140625,-1.1345788814514108,-1.0284450205777251,-9.733906393587834,-4.18607902797258,-0.02522610471837466
7.1953125,0.8008486659710515,-1.0748581479659016,1.449981606626476,-58.390417611881304,0.17848244722220705
7.19921875,-2.3995926725453733,-2.965338443240173,-1.6328170977595247,38.6574330279511,-0.04244245235521896
7.203125,0.3112458662816087,-3.3247409529242313,7.3924054635191165,5.642241581378226,-0.4536912116676668
7.20703125,5.982716135923799,1.7216172835431582,-3.6537635969452644,47.43934546007381,-0.09737432451950229
7.2109375,1.626684003800248,-4.313453861810824,-13.939744070843535,54.41128478536284,0.5446420690598385
7.21484375,-0.13964038266409468,1.2923688445320995,0.4238763954184135,-1.8454950761624822,-0.16749621447352683
7.21875,3.087613396953966,-1.8868606986251102,6.326394193010504,11.186849788418659,-0.22488637331538908
7.22265625,6.154631438252199,1.3720765618853807,17.026552317346756,18.693608118000377,-0.2003562807963586
7.2265625,-4.875606990622418,-1.5401691396452253,18.83534056115698,20.83788313765698,-0.3257514750046776
7.23046875,2.8661805483060876,-2.309681095024442,5.260961959168456,-22.09174008574887,-0.7579549627665213
7.234375,-8.677636658891265,-2.207118958368688,5.950068549311531,14.0327054258575,-0.05506329137877354
7.23828125,-3.902423057903503,-3.0328676935246524,-13.650503708748504,-21.7322950427981,0.06112730163783701
7.2421875,-0.895361527509786,1.8951965942919666,0.3867218604006586,-43.48703537469252,-0.4086531946074052
7.24609375,-3.353067236528509,2.746292013512466,-12.184308620967137,-59.69026195998263,-0.2512549503364561
7.25,-1.703821628713034,-1.0860093014125323,-9.249875193276944,21.677793640447135,-1.072088312338415
7.25390625,3.865459534665605,-3.0017261097227963,8.339237307620545,-14.838871642565147,-0.6174593461183583
7.2578125,4.942776834251782,-5.324505978793131,-1.8736747427226967,20.448929537336348,0.6368690331352539
7.26171875,0.006476708140909176,2.448160326908729,2.1962407939349253,13.983729844452503,0.17868987761638014
7.265625,-8.111006364603064,-4.490328003259217,-11.574120532130003,57.97548290751979,-1.0476530487785072
7.26953125,-3.5716873288904787,-4.4699117070631065,-27.32898938254324,15.128526902563015,0.8624266052271665
7.2734375,-3.162006164680333,-3.3887951062478963,3.622115196590827,12.960496385366852,0.68572582729743
7.27734375,2.4626535719760128,2.4945754802024878,-7.443576725071766,12.727682394512364,-0.04909304265848856
7.28125,-4.286878821305264,-1.2761479362365404,-6.429005241983727,-9.565957439049408,-0.1084646436870425
7.28515625,0.31285108615024876,-1.9790385660438146,-0.32201501936714294,-0.3407134579218436,-0.7289983598202802
7.2890625,0.512780554914683,2.3152335324771656,0.10654217019544898,-9.861708229222158,-0.02988995617141001
7.29296875,4.875199524974978,-2.8912980648420863,2.997159513366551,-6.66506610979182,0.06236695617675871
7.296875,0.5080634495769162,-1.8584230534272135,-4.750658951486192,16.379834934326418,-0.22343465435000653
7.30078125,-2.90314264388406,2.118466686672314,6.039556108403889,-37.9383079506781,-0.5585557086171943
7.3046875,2.155751783010938,-5.280123467626215,-0.44067976348405846,-42.900204066521766,0.7926876973038028
7.30859375,1.584089797877966,-4.763845487383295,-2.760998142297555,7.959995871134534,0.6874046871765987
7.3125,-4.130541320896806,-4.275822379642607,9.134394089048051,-25.82862206609544,-0.10189025574907125
7.31640625,-2.007969639345926,-1.1362333527495716,16.685208719854558,55.834517097933215,-0.01141776045738316
7.3203125,9.372564270126082,-2.1974293358268797,-2.0726568173187,-16.820822474389118,-1.2049962866869295
7.32421875,-0.9636635862561058,-2.7874027990131367,1.7685958371803974,17.467592855104993,-0.3147912889774762
7.328125,3.202845156940832,0.10159766290928818,5.107554251126905,-22.63897165569862,-0.5586914193244849
7.33203125,8.904319868239437,-1.710518642878689,-0.3047065485731899,-3.8920917997986866,-0.7756364844286341
7.3359375,-1.0967599506230536,4.897423323504016,5.105939818171011,-11.726268348928746,-0.019991048711381125
7.33984375,-1.857325332265179,-1.0538385367900975,9.556407134313186,16.188289616148364,0.49601628217225213
7.34375,1.7910287106040084,-4.721631815248008,1.53694717594584,-35.89666728756367,-0.09477326676426882
7.34765625,2.712942000578868,-3.849588899665203,-5.906872550884823,0.7006873837192966,-0.26257529664169366
7.3515625,-1.3800759357700796,-1.0415189991144778,6.718871073609211,-15.27786875847082,0.7035357257600895
7.35546875,0.7770200310590858,-0.3372237716754468,10.796122816025974,6.454269364907939,0.08386131731826733
7.359375,-2.426381972672351,0.783829292597914,2.2817507206642436,42.61813895293827,0.2030414050688764
7.36328125,2.9956535932822312,-1.7729533119983194,0.7882987840606401,19.34686600882209,0.7592485346244517
7.3671875,0.2333777804402539,2.0426493954641054,-1.792790930194538,48.148980852524915,-0.47460291733859755
7.37109375,-2.3236151475506883,4.019576093065726,0.928301283508266,42.52084819324129,0.1247861978561793
7.375,0.17062254353174927,3.1147978309818476,-17.49442250403151,17.42147433632128,0.6873546756271777
7.37890625,-0.5192436296426516,-5.584141398952154,-1.4287829380719224,-33.53599042050476,1.0519627517148968
7.3828125,1.9610071897199393,2.975672365646422,5.195906767939786,29.12380315543747,-0.10051948116984023
7.38671875,-3.306904788496857,-0.7079222535716725,-8.379563367314976,-27.27191202113292,-0.16298787810240317
7.390625,-0.2592205791991023,3.763760062069661,16.722625135805192,-62.303004227149984,-1.082924005564277
7.39453125,-0.12152386339595769,3.5090119054651874,-18.491259491636512,-37.22181009036309,0.29622703680277046
7.3984375,1.730960302315795,4.952526366113676,0.06689166232761473,19.00608167744095,-0.2987267413421511
7.40234375,2.8721245295085254,0.7287617043791329,9.367396978585209,-17.753048474140346,0.11341754976064321
7.40625,-0.1667438659735754,0.5078852959196418,5.06551959072538,27.688418358201403,0.5958942244795415
7.41015625,6.681981034390176,-2.169881989649122,-0.2614086204704922,-40.30210635810462,0.135798948603754
7.4140625,-5.83957614326059,-2.506714091126124,-1.3076373909997123,9.156431140172902,0.6835092903914038
7.41796875,-0.8745271462321565,-0.03722027956268589,12.759559297692702,-19.07114516469471,0.2888374900150601
7.421875,1.5901758378403474,-2.6354672327548467,8.486749688435086,-28.611304169850936,-0.17174847517378042
7.42578125,-1.0031022684689261,5.3496924033187465,15.41168172300969,-9.500173764839559,-0.5802873724370787
7.4296875,-2.980615011561568,-8.189298244032761,5.418792110979816,4.298999254694717,0.13454881495488888
7.43359375,-4.817925480253695,-1.6719151764579938,-1.969611157248809,4.363941769571589,-0.46137869922588143
7.4375,1.6642647383269142,-3.3633359465485637,-8.396641746130104,-23.728294832304496,-0.10480486218899401
7.44140625,1.8739361387325204,-3.2030728487040143,4.770835833686853,-44.09037921114007,0.26923099246096976
7.4453125,-5.479924793637172,-0.7438523522508461,4.391031477332478,-27.148327177551835,0.09656569584808108
7.44921875,-1.3287812299816464,-3.9489369998036885,-0.8627685389045227,-10.852023268892834,0.23327867441341726
7.453125,-2.3210960835671175,-1.7939739577581406,-3.394157384766156,-21.102335221370147,0.5263517667053194
7.45703125,2.163560514726527,-0.10376385239822386,-3.6842407573700973,46.67146092150628,-0.13131971173059442
7.4609375,-0.7486621290595808,-3.370027461496669,0.7630775104241541,4.609859320353969,-0.023015456013993046
7.46484375,1.725021302442003,3.7096045836858633,-14.011958683923556,29.2360351563773,-0.31278280485397253
7.46875,-5.901909732027319,-1.8589211736416624,-4.487518318294774,13.707669943608183,-0.028725446483518182
7.47265625,5.454035962324153,2.340099631051177,-7.45618137307142,13.414043980170618,-0.36901716615117297
7.4765625,-8.390780529019997,-0.7057298683267759,3.921195735288559,-6.362499648652312,-0.4814854112137322
7.48046875,0.8961573716791775,-0.9769908969053454,-6.724197356293676,-51.38620531366223,-0.3606393862712123
7.484375,0.7220243370849506,0.9767410115528897,-7.043503752469111,5.5631671900242345,0.08993722987238138
7.48828125,5.470642296914136,3.6630970114703385,-18.29019559727737,-25.509794132083528,0.7359710974697448
7.4921875,-7.245381106945386,-2.7078793942329487,-4.070108575391288,-39.59858327501859,-0.4432944628459965
7.49609375,5.9626171707444025,1.564527994444806,-6.77940825140736,8.207606987441384,-0.03232018533273004
7.5,1.8585733623486953,-4.433294302529985,-6.052854914211501,36.25514463165298,1.1293528593944226
7.50390625,-7.936637277793571,0.33278440968171985,5.628843194201425,18.95256786823811,1.0025193074063827
7.5078125,5.83385763449941,-0.6695556606687357,-14.556140296310359,16.905713133654544,0.4928269646426595
7.51171875,2.2957280307885157,-0.37610171661833114,-7.22150285373727,21.180086061997777,0.6306432880579196
7.515625,1.2851897358623543,-2.289828591563594,19.42898620558968,61.192860926308995,-0.8040667163542131
7.51953125,2.7080113181525642,3.529057918401109,-5.2941771404595475,19.224483504796922,-0.3802342456318023
7.5234375,6.832342492094109,-4.18573943126761,7.587344478460402,25.40958201572158,0.18761496353132642
7.52734375,-6.034311498943813,-3.119884311053796,6.5861205572407,34.82046511022092,-0.23517021771565416
7.53125,-0.7713032825365264,4.466522094271554,9.757513321047433,-41.44148699924065,-0.10716948397365343
7.53515625,2.0244021315982845,0.8570262889271905,0.17062809554382463,-2.4359916020564114,-0.14949636708071665
7.5390625,4.645594038988501,-1.510693616142619,9.2419108375266,6.599226788798827,-0.5140483660612909
7.54296875,-2.9821730139676883,-1.7168173067539694,7.983536181808811,-13.191519551381479,0.49852517481645015
7.546875,0.9530641509366359,-3.8773500700590953,-9.080135724460824,14.042747923077643,-0.42802555961378363
7.55078125,-1.4613749119463952,3.385782588638266,13.325329760066854,16.110105810445642,-0.6740040851273473
7.5546875,-2.1296685623888605,0.02433584074116551,-0.23020295432094562,-3.008925598525506,-0.12623203067692532
7.55859375,2.4223472054933364,-0.7669539426035248,2.066588965197978,21.7883412499821,0.0004553146308495563
7.5625,-4.564327853982834,0.20035577350484546,-5.623182828766056,47.21961286663782,-0.24826835129752517
7.56640625,-2.5181881188465023,-0.1800342238117087,9.756769947367161,12.813918164864722,0.35701177051326566
7.5703125,5.319232013033273,-1.2375691570128151,-22.21638390459737,-21.7857775343535,0.5105998034879087
7.57421875,7.386860268346496,-2.9257440473236764,-0.60476708930464,26.866850887692387,0.24839053799646463
7.578125,1.9831187488495747,2.0984452636631583,-5.748637372132211,-12.955287704217927,0.14665089447298638
7.58203125,5.667158165213646,0.38494426919027325,-9.076142253845761,23.61595154251756,-0.4122966571914325
7.5859375,1.8425571216758752,0.706181560130984,-7.69149460282786,-47.19815283544693,0.34841206226090754
7.58984375,3.595222405257226,-1.8927838991487025,-19.03032934063636,-25.32214171951155,0.1547004264967973
7.59375,-7.616668720470765,-0.37824175041248437,-4.0380195810172985,-10.574023727076352,-0.8691458343516991
7.59765625,3.156171883998174,4.671153018709818,8.170967764082057,-6.917071784725294,0.8584132527694818
7.6015625,-5.495482781887987,0.3799066704422135,13.131440003510118,-30.332388798235385,0.5382962585053865
7.60546875,1.263210624595357,-3.145475379275699,-0.4547249621970164,24.003169017421882,-0.05214578286154549
7.609375,-2.408554712602673,-1.6354721724286283,14.57978298849627,48.82404731815686,0.5498397482058625
7.61328125,2.429754262802705,6.7847696799253026,6.206645173467988,-12.612503583520315,0.6102349372430286
7.6171875,-4.353710167538407,-1.168159065260582,3.853230159508012,22.25442518004975,-0.6115125063533483
7.62109375,-3.592775998863683,1.9679711925338195,-0.45564796751409276,8.213206746811192,-0.17441546765563815
7.625,-7.037364418512725,-0.3729084359278718,-0.10021386750615946,8.234579586108712,-0.21526908952653778
7.62890625,-2.6076814559702006,3.7243721957252482,3.3727979090135,-46.400033694795724,1.046933612790266
7.6328125,3.4176594075324433,0.504796944490471,2.1547047457058843,-38.50385282731695,0.03998781234778268
7.63671875,0.6775037272303092,-2.084212542827644,16.348618081968016,-14.217507362399434,-0.42105072647015757
7.640625,4.611617317010931,-3.939720474622302,15.420433936741974,-33.09382381742692,0.5040241728473328
7.64453125,8.48061464158465,4.238407565157599,11.083482090537714,-3.360261550466195,0.4471219039821776
7.6484375,9.34283582350274,-3.1102100732655344,-5.213313337143441,33.30806312892692,-0.04640365759831656
7.65234375,0.3945163063525718,1.390530482324187,-2.1388286667527305,9.787714820646427,0.13958656963403063
7.65625,-0.02009002927522734,1.7855954223670567,7.5771819535778695,0.5187299853948097,0.9139399230987912
7.66015625,-5.016267121771743,-0.26240023975496846,8.740733810228573,-4.181313010149829,-0.26342502686182834
7.6640625,3.7126544090554257,4.51249247920902,-2.204981914546442,22.092405392411123,-0.5458379962076763
7.66796875,-5.350523402423317,1.7736755172671534,4.16020804556842,38.46552029404423,-0.28522793322707307
7.671875,5.821342284045421,2.246751183165125,-17.661044280425628,-50.4498118463455,-0.0411983832219351
7.67578125,0.6236221391235779,1.0760770069794117,-12.898147362729453,26.96855405647892,-0.43736736663262066
7.6796875,-1.0884029841343126,1.616099045066436,-8.337216333722736,-50.04339532589504,0.12245071273942122
7.68359375,0.7704992528747985,-5.192095780401469,-9.309866428412448,-23.64644843416479,-0.6663987129033644
7.6875,-0.2542885910198516,-0.257147264156661,-1.3789731737464308,-53.45456917974605,-0.08570187784386833
7.69140625,0.5788040292122357,-0.4367816332791855,-8.284466349250682,-23.974892708097858,0.1770936782771404
7.6953125,-0.33733922816380657,3.688039403344206,-5.136554684072982,-33.754742569278086,0.46219861042328025
7.69921875,-1.1211901681686212,-1.6294682248309404,5.896376571133064,14.680641256701355,0.3097568868315911
7.703125,1.0666538276907929,-2.638318744497986,11.019918507648827,-10.071372649542734,-0.7122167207427145
7.70703125,0.48056220539790584,-1.3847390741356973,3.1273502571159315,0.44266498792536524,-0.6314725575607097
7.7109375,1.2937626221134804,3.4927497906709055,10.845426905420279,28.938110035898667,-0.18283352466969277
7.71484375,-0.018664949036288053,-2.296863627474442,15.015618283387647,39.69644095226356,0.3143043986979583
7.71875,6.3788401471372005,2.55895974990052,13.79068006252783,49.808671520543705,0.5456772468407523
7.72265625,-1.068178698880431,-1.0109432554972406,8.262960625592186,-34.97507159628032,-0.7096564082330007
7.7265625,4.46866436760233,6.081112267860939,9.78609829209983,-12.15592244523237,-0.12974924198827587
7.73046875,9.681783327242092,-0.5289906495605933,2.9614582195135615,37.07624366460908,-0.04357800709846722
7.734375,-3.0628108265340472,-0.0913531136562892,2.0736176071183103,-4.073198315803914,0.5739269466173709
7.73828125,-0.07276075573718516,-0.5024507050280509,1.6756470323753512,10.39323372858641,0.48325819868430214
7.7421875,-5.4198138177431865,-2.4221256703551663,-5.158318413228768,25.51701484960923,-0.2617292919331184
7.74609375,1.162474735616514,-1.1851130238027925,13.18903277628215,-4.491329794620251,-0.3779478742625946
7.75,3.6916759004395225,1.4391886608961784,-4.796465609682942,4.174037205198489,0.6128584858134444
7.75390625,-3.4780276940654598,-1.8058226132179174,-6.444787706828704,28.32727274104652,0.16001403929060815
7.7578125,-1.8503180889499917,-1.3241707536907272,-6.0501694408411515,48.83905489225572,0.24270015022633526
7.76171875,3.2224953483926515,0.29598580969612953,0.49999284321859117,3.525492041826997,0.2569444274711259
7.765625,-3.1625619286121855,-0.58704379398514,1.5636869550054646,46.83385481055579,0.32142667212462284
7.76953125,0.2030254413907876,-4.409027993763885,-16.56550145751403,15.379035589435045,0.05323905019769154
7.7734375,-0.04480648573227968,1.2802719464917787,-4.788077226467229,-6.0187918667802585,0.4781035189418908
7.77734375,-2.4978574655463457,1.5266240553606398,-7.752340140091718,-52.7821673420687,-0.27563140489510174
7.78125,1.0715578137870923,-1.3909293928591036,0.5828197961359294,-18.25469898691705,0.15635530101469186
7.78515625,-8.244648047250918,-2.046664718294094,-3.867581099455887,-19.491356620343826,-0.685671470612083
7.7890625,-4.158942582965379,2.2506538772986935,3.716051150886601,5.292317965410387,0.5226096071265489
7.79296875,-4.269013288497714,-1.7703811919414765,-0.8095283773371336,-2.487848533115983,0.6079054211979741
7.796875,-1.946384333563803,1.3828539618840643,-2.962669367808306,49.70689650288996,0.4698175562172114
7.80078125,-4.956745745850051,-1.4242804945316918,-3.913824398166456,-8.158923032154583,0.2953093751315355
7.8046875,1.597123411682601,-0.24776160778484502,-8.308182660312735,43.92809972543116,0.07019711115542565
7.80859375,4.569515236383277,-0.3155640415371457,8.020244718400354,-13.139552240482164,0.25344578442612625
7.8125,4.215602291475942,-3.2208668800221316,7.599418002023125,24.689653772695955,-0.2642541192961648
7.81640625,-1.49836975505816,-4.772569355616907,2.0258505621040475,-13.292382827226355,-0.24997327383750823
7.8203125,2.8263064745631947,1.1844182423725622,-0.19747354384822025,-3.5817825461635504,0.5877163009353472
7.82421875,-2.3414061258394883,-3.6539061194382487,7.358802079643686,-11.169987746451378,-0.3208574102447321
7.828125,10.695472597385468,-3.0991055950553656,19.54541896871426,18.138312876338837,-0.08414827934157686
7.83203125,6.867598493941704,-1.2494406130615219,8.270096772553481,-78.45881637327176,0.2802871680715473
7.8359375,8.14046457058795,-0.16110319592016914,-3.9843115932872095,-37.896788942287635,0.7777415342672195
7.83984375,-0.08815917371014378,3.396194103668096,-3.212435295035319,-11.754825325803003,0.27776317530727507
7.84375,-4.231580030143709,0.7205935380599453,8.593607742638088,-8.894900729474163,0.7685815448862992
7.84765625,-6.968981156650406,1.663613384089622,-6.193240659040489,10.174971080875022,-0.8192462681233194
7.8515625,0.1395931723441475,-0.128636433573321,-4.806506050108803,-21.722591257218347,-0.9266256731983316
7.85546875,-1.8449909822698156,-3.200190584575823,25.239526773385336,27.119440605883945,0.7804874262288399
7.859375,3.1753971069289912,3.3923042875980767,-4.985951217648471,-4.155198052774143,-0.24884087576941039
7.86328125,0.33344079448368774,-1.222869993746463,2.019753753761262,-14.238129668197132,-1.434809296335312
7.8671875,-1.428569418961158,-3.885960610417268,-12.489843974465163,55.074781669539874,-0.11348331800697158
7.87109375,4.20324037504583,-0.28963136567598485,6.52221287496224,12.114061651133378,0.11743994389315293
7.875,0.006171562544682629,-2.554386492073788,1.1939654666965733,-9.356826727518918,0.870734419921501
7.87890625,5.338746269758614,-2.367475242744212,0.9486585467446131,-55.33542906404108,-1.0524358686055049
7.8828125,-3.3595580214957743,-0.6738636002018596,-1.6909769222103765,1.4785718051868564,-0.22106829693688684
7.88671875,0.1283674450757047,0.003298661199767289,-11.245220992189989,-88.75884260964682,0.14534222702848604
7.890625,-1.227595374619926,-0.9079603965794885,-0.3367504827862793,-37.33967742780766,-0.44793127433616037
7.89453125,5.990606057780477,2.747558509687438,1.389652140110949,2.48253097321156,0.8006389102763888
7.8984375,-2.0138413713797254,-0.6149156519289692,6.436197399087499,15.0688712707449,0.1265564923090561
7.90234375,-1.821475783425782,0.22674256368148177,0.8806541397470201,4.01846096432758,0.02091704820952736
7.90625,-1.4460857142583543,1.4724767253692685,-7.310882202518444,0.6978483402407853,0.6129008354308584
7.91015625,-11.306788625649409,-3.8405508479492485,8.231873137698823,-2.4984146792186444,-0.1286892928201259
7.9140625,3.53369490787803,0.702709752137254,-6.447090895758126,46.33225792255844,-0.10218812334759844
7.91796875,4.947189258841567,-2.3042240191223042,-15.394794591535128,29.906026016346086,0.05565560373559732
7.921875,-1.1797616982208672,-1.943048356729891,11.892066100470863,52.76499532121023,-0.1819625297462419
7.92578125,11.074424114565064,0.6736035912523763,10.759357293537397,2.6073778633509854,1.1678875215980344
7.9296875,-0.9346442979388603,0.2948849077829693,15.285671005286488,28.99594915790793,-0.3397948280295481
7.93359375,3.8499399940416326,-4.602704627756935,6.399198887903692,-27.915651551141657,-0.5855568243609145
7.9375,0.012624750398165838,4.343501184626038,-6.310684140111611,-22.53612957283199,-0.5358933501727602
7.94140625,7.386993299687082,-2.344052949562812,5.3020705593173005,11.50183492213105,0.44796025659643257
7.9453125,6.699999185418105,1.795256597124567,7.7914258041326585,0.4539283322795722,-0.008293242793894675
7.94921875,1.0564696701944367,1.615013828451151,-18.60025983141118,-8.573770989455882,-0.440369490886821
7.953125,4.793610288264467,-1.4643174799297505,-4.015021451511748,-23.63669272469779,0.22645775431030002
7.95703125,-4.732863307875401,4.312772791644315,-1.0600656161140758,54.35898503387481,0.5678849319685481
7.9609375,1.3790068984673933,-3.613866254746555,-2.176062386325919,-29.158869637154755,0.67579897390171
7.96484375,2.0305888769742566,-0.18248964452633815,-1.6815467433584512,47.79215961326264,0.37047580119981033
7.96875,4.063660514876698,1.329925742167155,-1.4414520322508166,4.776565286174394,0.29304784003991635
7.97265625,0.5085784884276445,0.8992264426190777,1.618323906101283,19.856273805762655,-0.3609228054773767
7.9765625,-9.978742164241059,0.6612579153611748,0.8569883770743738,-27.936603253287558,0.04173307031591531
7.98046875,-7.068850949454577,2.2214025779004776,2.0024198616130073,-41.57453649468546,0.1599427886772994
7.984375,-5.106588376332168,-0.1724421238301676,-0.3635675062653543,-14.427613357782043,-0.2648490681702907
7.98828125,-4.816580319698041,0.7492120129979393,-2.5518757049215837,-37.42040609389477,-0.30297594399422456
7.9921875,-1.61899938499668,-0.33972127009178166,-2.0261370744210003,-20.89848685969295,-0.027614162138204904
7.99609375,2.004715298952128,3.2880784217706465,-3.7099649735288938,11.305318107023664,-0.6257983596747316
8.0,-4.074767823448235,-3.6516983526454396,4.968239665340699,-33.709675433233635,0.48488382754784787
8.00390625,3.53264420185691,-1.6561972715206557,-9.883502260193474,-15.380109918993869,0.10940557833406192
8.0078125,1.4101218837438003,-2.9758449799977047,-13.79100861459629,26.43091103610441,-0.5924123121288806
8.01171875,-0.9393248280569371,1.143445333870073,6.603655168837834,51.82111593542158,0.6334169101683852
8.015625,3.3097460552778672,-2.1975736226590588,-4.7714479971561055,16.72324577319534,0.4572160346011162
8.01953125,-4.409990642450248,0.19933184937712675,13.523941177755503,20.371283601939524,-0.31557846928286454
8.0234375,7.158879824260892,4.358110741191068,9.62309151914264,45.30157493549901,-0.17777069733171919
8.02734375,-2.1456395644804003,-0.39630897921067265,4.937045226783246,-15.559642324623754,0.24660967105369955
8.03125,-2.57962303439024,-2.272437722103416,3.5182950766463907,-0.9981809481438102,-0.2602719310721436
8.03515625,1.6478655102199828,-6.905248607567087,0.5172152684946734,24.57279993068416,-0.5639129684264474
8.0390625,1.732229465201524,2.0505994549543605,0.12149008902855218,-26.17523388147282,0.04461059660236079
8.04296875,4.6708008066278,-3.1490796095404727,8.599100148166395,-10.011406185574863,-0.2741856146930682
8.046875,2.5977383673574845,-0.5629728038472459,12.37542858145807,-36.884066003080946,0.38694834157748764
8.05078125,-2.342655698577857,2.740579749885203,-5.598867610335441,3.929421179323402,0.20242306225568307
8.0546875,-1.9793828389794572,2.522986454318346,-8.852623691112868,29.793964191362456,0.19525635924804516
8.05859375,-6.559538054033989,5.404881370606259,-1.8648929769785596,-17.76926501707139,0.6628534933894956
8.0625,1.9194089864881478,-0.8864714001793985,4.511896597728182,-28.80759418364805,0.23356726250320442
8.06640625,-0.3467561464394149,-5.474804646157763,-1.991152254811427,35.25531982162585,-0.9614933521148734
8.0703125,-2.098492795670266,-6.511803419192873,-14.213453077795997,13.721688605752117,-1.2778988262616
8.07421875,2.174007778503123,0.628763039290573,-4.5756906192719775,23.24850694892914,-0.43569752453708255
8.078125,3.010808261799838,4.147221772142915,-2.279791271801456,-34.85579865439428,0.7798983482039913
8.08203125,-1.299780272159913,-0.38906186407855325,3.106773594737298,-37.22321153633372,0.4493407734889101
8.0859375,-5.073711080323587,0.6239777308022167,-2.203364062180345,-32.476738242553914,-0.12113121869754495
8.08984375,1.065823877425766,1.0868782366840855,1.938997623288187,-20.422513667186376,0.15030481129951126
8.09375,-1.260694531367103,-5.7695603415665975,-13.012467496072352,31.647099228963366,-0.04634372999773782
8.09765625,2.810408263477934,-4.0248216752472645,-12.516057683634719,1.4017919731077173,0.5514590497021262
8.1015625,4.294056049045639,-1.9204358192457032,-1.4041400789355925,12.568005543264022,-0.1584345845699676
8.10546875,-5.782104622468202,-8.012219915093574,0.5844009171777336,-8.796927598490033,0.1702502131987935
8.109375,7.680848848300387,3.686993154664594,-6.214086649007964,5.40618810376067,-0.10321792984451736
8.11328125,-7.776562331216792,-2.3855451321682746,4.775588389002328,-2.1656944011493984,-0.1416610017671275
8.1171875,0.4015728863765755,-2.161757664515129,11.554861721754719,9.178689046787117,0.16143793577792975
8.12109375,3.7144677216021034,-2.8943387787247072,5.974844856142659,30.14154862731408,-0.13882831700899392
8.125,4.533200641627857,2.1814098138511477,-18.849311929952368,20.12324115429235,0.7723802966928938
8.12890625,-0.08616264126994676,-0.9212168821374789,14.536961723807693,-49.69877830239463,0.18839043665732377
8.1328125,0.7953602043987829,-4.4024207569354425,3.1394224382253295,-18.934445049625666,0.5026987679251677
8.13671875,-1.0309305082322526,-2.058988782319275,4.07569215664801,-50.36386247955258,0.8265473936655582
8.140625,-3.4960808003648776,-1.5636413036396055,-3.4173548859702736,-54.4832707221116,-0.043558886748497755
8.14453125,3.846356195880084,1.2594227617526428,-13.83570591941917,7.288809440283281,-0.8969236782570504
8.1484375,-2.1087371657888982,-1.0752594545517429,10.256676007043497,-11.403275068725582,0.5171097020529059
8.15234375,-8.641655629625571,1.1776445732985215,4.066708226324553,32.24809783532025,0.07120902312851185
8.15625,-11.678313527554566,-6.414808990435091,-1.4187343037870828,31.208775571931305,-0.43759527320524183
8.16015625,0.884715895415758,3.3200887654372386,0.860782847355964,39.48062136290722,0.5325561478806223
8.1640625,1.7556636250213733,4.070783627757793,-2.102474315410201,-6.233372407475468,0.062241807683891495
8.16796875,10.714872087414497,-0.26906315717014195,-12.967135653949043,34.255061230715995,-0.33702720774429634
8.171875,0.19740200245881398,3.246796861795966,-6.312585177141727,2.741847136900865,-0.1847641981002903
8.17578125,2.5898915074078452,-1.271298843497862,-9.467872579354928,-50.58882944081055,-0.824282621458773
8.1796875,1.5850900685941838,1.2666754040279953,-3.1694268056760677,0.48753068704320945,0.004144347733135802
8.18359375,-0.549427654139574,-1.0726311224643896,5.183203072102971,-5.5121784188887695,-1.3493315187142971
8.1875,-2.6674620003368106,-4.268506723874953,-6.799964413757838,-2.0938751756944,-0.48389474604504973
8.19140625,3.426165464578983,1.8111170609495364,-1.0802656908110135,-18.51395372999547,-0.1822595530270689
8.1953125,0.48351671223637144,6.086278897592686,-7.213911517399115,-8.7087955490952,0.2213488329575411
8.19921875,-4.257156983775381,-3.6219380745583982,-1.419358709407795,-7.752684413430227,-0.40997110565601586
8.203125,0.7690611031624656,-2.21845816433207,9.393119462726398,-14.418397760335955,0.009399835907142847
8.20703125,1.8666027096631483,5.9757880300347495,4.01042873990437,49.855017843602205,0.05474597168576028
8.2109375,-6.480120761570962,1.1908372943709769,16.143501293716007,-26.528378669712023,0.20984767690714953
8.21484375,-0.13542521901511465,-1.5145615306070426,3.5337730674000194,-4.916372477318674,-0.22732065648109956
8.21875,-1.3533778383396728,-1.9872294947516893,-0.04008549083683732,72.2072949899583,-0.1603708908819784
8.22265625,-0.545560325133437,1.459864283183582,-3.4438429304769578,14.331915204234651,0.3213933653565358
8.2265625,5.48267909268499,2.9567300623584867,-1.571747385401303,-32.89478031383494,-0.25437979785482073
8.23046875,3.6889301518498563,3.79367143776822,5.514898298368262,5.191676862678012,0.11435635701041827
8.234375,-3.1665567187338475,7.196917368798973,4.171812958356194,-39.20556776229759,0.29439280831444625
8.23828125,-5.393437173059022,2.8603447232011003,-6.051904647307444,-2.5197008222524246,0.44284138378707355
8.2421875,-2.8521328983198164,-2.588132904539143,9.390546237289238,-57.48773913856514,0.5881485455027434
8.24609375,4.612750593729466,0.6341059424706278,7.7484214741782615,-18.154350775845426,-0.07219446312419689
8.25,-2.0567417070293446,1.1051808157348382,5.8943142248549165,-28.104584771516762,0.7519788012258053
8.25390625,-6.873702454724627,1.5986388563101035,-2.7209777875830063,-37.31142601943063,-0.4853564209484206
8.2578125,1.662092644791779,-0.08415679351155193,-4.591403517871717,9.662222753362565,-0.42491306466248535
8.26171875,1.7970022775397185,3.862405471769212,-7.61892729850579,41.141540552545415,-0.5585574481066082
8.265625,0.11726432264581188,2.886948469424845,-6.199751490382458,-22.390605694279817,0.3058735425909621
8.26953125,3.865872621450905,4.150815054555959,-13.500667934083642,48.490186423201365,-0.6490716653066548
8.2734375,-0.5673089851177757,-1.8090771835904536,-11.584453823808559,-26.00033648143735,0.28999065723399975
8.27734375,-0.7710394569245953,-10.687352385001265,-5.20089628721341,2.383813937504997,-0.17679048876869208
8.28125,2.9006405461287974,0.3808333197587995,1.5375499009563294,-18.67822482877482,-0.4637550735856363
8.28515625,-0.6119738279952,-3.2034314315875934,-4.820325128111903,-71.89277348612106,-0.4571159408892112
8.2890625,-1.15603508621562,-2.119091442257834,-3.524474583108561,19.114429934313872,-0.06446959272821254
8.29296875,-7.477250244468525,0.9122038279039609,4.3147859570908995,-50.76720658768893,0.12097312205823726
8.296875,8.339496790512328,-0.9814988935999812,3.3446266314115327,35.30086400790779,0.10071912813764224
8.30078125,-2.5255049061602426,-1.6950419238816603,1.153434816013742,8.826201164850893,-0.3065880584800192
8.3046875,-2.7001369481586592,3.6090759149286704,4.8521783801849026,-2.982915519924145,-0.10422269504913922
8.30859375,4.407128096464538,2.618863513788376,6.637426062041703,-17.978196817792604,0.11525196608974812
8.3125,6.478307642413628,-0.8732730542876868,4.227391902725765,-6.931783883729789,0.3681711952810526
8.31640625,-1.3100409559247854,4.344699783967126,0.12013086686892827,24.370952193427925,-0.25586573493234566
8.3203125,4.973236830780278,-1.4023698379427545,-6.9365587038034215,53.57174850174488,-0.18794525091398342
8.32421875,-2.3228457827338445,3.9433973174674146,2.771272542910633,32.53296295771857,0.7677721849016349
8.328125,4.262373272617543,-2.755257783818343,3.4160633524933557,26.374178328932352,0.0026598475437786743
8.33203125,-4.371159184449381,0.8646669349223342,25.478338455097155,-57.83778032084796,-0.3595083355078928
8.3359375,-1.8542292103247315,-3.534676194008722,7.936903122994796,-1.4717834264414833,1.1621529874017469
8.33984375,-2.5151799129253685,2.0742545181378422,13.49517508281902,-54.22769509277371,0.6866281837185478
8.34375,5.497216575592599,1.2937625208436865,-3.866394732961771,-73.90769515448257,-0.7665003843860693
8.34765625,8.86821732744633,4.2079568998317045,14.68297635989123,-33.67857046253115,-0.06233317857030852
8.3515625,3.732863330394367,7.5715164552212215,-5.0190837039516225,-42.268280548098645,-0.4861797720557405
8.35546875,0.19667042803625728,-0.9620129500630028,-9.611283255678895,3.068287008416913,0.36413574646226454
8.359375,3.1658179970207057,5.405578560313822,-8.813769353556744,18.04459664186771,-0.01242796130994236
8.36328125,-2.488371888382713,-0.528440041476677,-16.801165453503582,61.43702143977442,0.7604073244015546
8.3671875,1.3193745950881126,-5.603161988830332,-7.594188832567772,-6.766299401790302,-1.0183760542489244
8.37109375,0.6047449917733294,8.469484490905305,-13.475869933339677,0.7561598681804256,0.3217578007277236
8.375,-1.8261372190969511,3.534609486979956,-5.60672992868287,-5.979693893860993,-0.4645518015041375
8.37890625,-3.003822886325561,0.0355751282285793,-13.149209424565006,-29.39363058117453,0.4290593464186917
8.3828125,1.8925867692352516,-6.669302064953242,-6.6097981595645265,-53.19791430272348,0.1693554398309153
8.38671875,-1.540000745626308,1.3749884907668357,-9.639924513556725,-63.0557836360293,-0.11442931093937071
8.390625,-1.8684258678999945,3.641559282666858,-8.129044933694015,31.532916874660398,0.4885897772852984
8.39453125,3.658530645736285,-2.888521630526483,-28.796546663001887,-6.177464726881538,-0.6784400543184166
8.3984375,-2.3884911127089152,2.151260857347713,17.47246852506712,41.032507712382085,-0.5429181649826839
8.40234375,-2.138707357150848,-0.9012165422540794,5.0970200180995615,-0.22315382431641684,0.8100131331739437
8.40625,3.38053611778927,1.7816807369720016,-24.49934389606381,0.6401296158494318,-0.46866278377884407
8.41015625,2.2756615527353303,-5.845367355862235,4.774399001592281,38.17363288337103,0.36049074070536236
8.4140625,-0.5284080551395803,4.505118952897955,15.285466832785197,22.776220269069608,-0.03281536971562567
8.41796875,-6.460041982856689,-0.12618970231778137,8.882406017117376,32.33582205650251,-1.4815300025306986
8.421875,-5.362404133141232,3.5292378889500498,-4.332856772525554,-6.511753140901245,0.2199096810244811
8.42578125,-0.09630851223933448,-0.05456145167727021,10.184885007675089,54.67439309137469,-0.3853692102797404
8.4296875,-5.32176124160515,-0.6270927833916644,-3.2711186584752703,2.925743024734606,0.8118286680408613
8.43359375,0.3608249894689637,-1.780095577684051,-6.345224116954869,-11.83546571505505,-0.3164405994572485
8.4375,0.8142051748345082,-0.4102206270490701,-8.708831071338766,4.323274699509231,-0.7909831249758603
8.44140625,4.442178518978762,-0.06228090573142676,-1.235690390640137,-49.70165952775153,0.7024228721746641
8.4453125,0.9119112330582716,-4.939379510480505,1.5658289724628582,-50.774419766017935,-0.17390884752131913
8.44921875,-0.06296176866085679,2.3940126185097457,9.996600844206688,50.52140316939098,-0.3092023702646838
8.453125,-3.1590259300817496,-0.8343687808587024,1.3383350605358526,22.92525680077486,-0.6718416768896774
8.45703125,4.31446075097266,4.567384838384698,-0.09830465588982529,63.26148287516378,-0.3162914006793962
8.4609375,-4.974779731098365,7.710087836421355,-9.011386957104518,12.658523693044682,-0.3756784843800422
8.46484375,4.158286623436621,1.8321579428676205,1.0563481680226046,55.30410570385847,-0.4971137966096727
8.46875,-0.3723369949212459,5.294210065270375,-6.026754688191708,43.61698231793823,0.4464170972223914
8.47265625,0.41163228037480426,-2.80478578494988,-8.505250513086407,-7.814910052572372,-0.35321140650179894
8.4765625,-1.6085034144821009,-1.5996045177105196,-0.4923456168660758,0.2437259573520949,0.4398132686414814
8.48046875,-6.135684213125084,-0.9434004831358129,-16.274425861616855,-14.89491695859386,-0.181466701293608
8.484375,5.294511374472622,3.0648631245290385,4.829732442366076,-40.751558553429774,0.5615929230481126
8.48828125,-1.9998521443596946,2.3893688576860264,-3.3859920394789054,-28.48387473285982,0.776427818210182
8.4921875,0.15360607039395163,1.7219558296322481,-4.204603049767865,-9.420433019411249,0.6255550488146074
8.49609375,-2.344367356385642,-1.9574252108770975,7.03967115807555,-15.49385545740455,0.5296535353911871
8.5,-1.6160392042972958,-0.8465462065175824,6.532687857557057,21.214945710404134,0.7675899458135678
8.50390625,-0.9395405461337799,0.32993490403155773,12.677091317433657,-19.360221150003838,0.356260113896906
8.5078125,-2.497381504981775,4.427755056880821,16.57561816527991,19.88893003671568,0.0514266322695944
8.51171875,-1.0092804394693353,1.2944978245719423,-5.895186524179853,47.9352490246777,-0.6894457606212824
8.515625,-1.1739549912476441,-3.261779233185502,1.3988799778941359,52.34948318864329,-0.027592398680989928
8.51953125,-0.8141544950333458,3.9647521326208004,-5.440275192701966,-32.200798994646654,1.0116047296981996
8.5234375,-4.5007646934826635,6.231608691498391,9.804181991891987,37.48857189067702,-0.489448902971502
8.52734375,-1.7168098737655262,2.5113337665523736,11.661141415676141,33.66210236099968,0.06897396064398297
8.53125,0.1395621929424616,-4.109817237952514,3.402391902775424,-5.261452157063422,0.44575710866962104
8.53515625,-3.567487352948222,-1.5188484227796737,10.95101875303465,10.347710103639635,-0.8529318909431978
8.5390625,1.9707338070567668,2.302696547250056,3.094362123139869,3.296903746884464,0.36103554299191815
8.54296875,2.517122872000605,-3.7395457464204567,-2.7573390052928595,-7.815838872845143,0.34523387932741656
8.546875,1.2367828242166432,-1.5080905314247866,7.253189355519605,-24.31336156636871,-0.11059625569048676
8.55078125,0.9896593196695562,0.7494935297584451,-2.1384364644744167,-71.40264701966264,0.5397501415811867
8.5546875,2.075749012002416,3.782784139372411,3.400026732635107,64.08764462045026,-0.013096980044135663
8.55859375,-6.96074332129221,2.3558426164177595,-3.2624726104965576,50.39542747640441,-0.21015635413587025
8.5625,-2.749041397266507,0.5892310555774599,-2.8919370135381364,6.987182295407058,-0.14618019413008454
8.56640625,-0.7813076365784398,0.5201152340794076,-8.269104964017764,67.71552681369275,0.5589467920529596
8.5703125,-12.050196149412942,1.0806931618605409,11.772925865940845,-5.551531438930725,0.8623209762075584
8.57421875,-5.353792245377668,2.2140978992909277,3.9539301748394378,-42.24358976868711,0.5494996946778641
8.578125,4.650595951166254,-1.0263011852332105,-8.249933900894987,14.688594836649127,0.40504594933668187
8.58203125,1.9513659162257007,2.0133780747836507,-5.152972209045969,-34.75403213487171,0.2685107450733359
8.5859375,0.20484729385693462,5.8750791707000305,-13.514269049620971,-49.01913399464881,-0.11648149104205804
8.58984375,-3.5971978959812403,1.4549325905554777,1.0368448786706241,-36.983795567581524,0.01636166830226458
8.59375,-5.9596935373770386,3.440504044476012,-2.514089469600605,-19.399445554628137,1.0002770799523117
8.59765625,2.6794990368155926,4.21461930283721,-5.529636151992664,-5.5613199963848166,-0.5672857712576415
8.6015625,5.686096492896528,3.1050855780973095,6.322222745186841,27.13469509989252,-0.18198725867605203
8.60546875,4.592657218330377,0.9775658262726754,0.39096125354075895,34.00829085172704,-0.039710304220897635
8.609375,-3.543289744894034,0.9119450431022462,-1.9880150992408296,38.37135907487371,-0.3153964352254072
8.61328125,2.551830778018202,0.1477551567856677,-9.880850648956912,15.155005875141452,0.24900642884748572
8.6171875,2.5903610153486287,-2.4438484128033218,1.6702655650494842,30.169953911330495,0.1921537740156043
8.62109375,0.03251425945824129,-0.691613578665927,8.620233999489642,-18.715210861951093,-0.5070346225674988
8.625,7.443909008410236,1.0138823577139215,4.58885190673392,2.878612951825212,-0.5548418308652022
8.62890625,-1.8798324111425413,4.7266096669117195,-2.169997421212134,-23.025268576118307,0.03797705838650679
8.6328125,2.755936069447878,6.102383484909113,-4.062034490701332,-64.09762055074626,-0.28455719087745457
8.63671875,-5.121430991828222,3.5594729598798986,-7.420060091118273,-3.2595001955178446,0.9615224501262476
8.640625,2.3959340100040096,-4.716353255095245,11.847883520110397,-31.828291941937024,0.7464985057440979
8.64453125,8.12924236192891,-4.105879953330973,0.3296800652020251,-34.868718142070165,-0.9048447350241223
8.6484375,-6.722223826270273,-2.1690052642600812,-11.936005576400099,-25.263912304770088,0.27565560458394806
8.65234375,-2.1540206354972633,1.9661962375435815,2.041861272908909,15.151387159467276,-0.35288225051221755
8.65625,-0.7578211002678881,-1.4070142375322345,13.939132401535431,8.956421206220197,-0.016538698366052262
8.66015625,-6.712112233054054,1.737564543688848,6.7840773727729555,-4.317754296040608,0.13341383563225923
8.6640625,-0.3594471923333656,2.8479569114340952,2.0157804701266304,-36.16753583005914,0.12096071898858438
8.66796875,1.0575154644048408,-1.9910921256607996,-12.591314789654103,-36.83296482600733,0.808466754051768
8.671875,-4.976943156212239,5.637598852224303,-10.715120148266884,30.290863707739724,0.8163376312487451
8.67578125,-0.6120640888166221,-2.0256721255745367,-7.980770086691642,-27.2336621386836,0.45847543945111413
8.6796875,-2.897728290803098,-2.7153390993757998,-2.0234585018621836,19.27183633489357,0.051599253653358955
8.68359375,0.052184276998687294,-4.9215994316176515,-7.6409118281330795,20.265550831204934,-0.4224471378093566
8.6875,-2.90903404318298,7.84630324851595,-5.945665827607992,-43.64373713681803,0.22455237966614972
8.69140625,5.07664179651726,-0.24534766844225567,13.35702607026359,-29.045568506855723,-0.1738351758136568
8.6953125,-8.077317901082607,-1.6359210821356451,-12.152678339680037,-33.528013356165914,0.09881012896970261
8.69921875,2.8421500305018124,0.5764301822163032,12.047881556255032,-32.22888266731042,0.08597765974465599
8.703125,3.592463305882159,3.1653549925332447,-1.93358067580552,-43.430772697863496,0.03532739185716707
8.70703125,0.2612527153003106,-0.3151545099497176,12.907121130948843,67.70711574705871,0.4491935741353265
8.7109375,-4.136360933036114,1.3698837640483126,-12.865390951065761,33.99800906306905,0.2901425290061935
8.71484375,-1.071800455749058,2.7768536573082394,-6.76095326145792,17.330434130211085,0.08774461422624562
8.71875,-0.9095197650321634,0.5610808310356086,-3.452245024347783,-11.329950185213681,0.579346342115633
8.72265625,2.0791075586525,1.9045983663121429,7.6731549034504205,-46.11784702401924,0.04536099348058695
8.7265625,-0.04237107883848141,-4.4582945229368605,13.212963623229166,1.7895846196175969,0.14580808949473806
8.73046875,3.9503564480858024,-1.2183812698138672,-14.278298500930966,-52.03114367891017,-0.18746036090257678
8.734375,-1.8901559024533832,-0.60867642843743,5.325501174859986,-22.41713619592423,-0.575785046850054
8.73828125,0.1991622701092156,5.8163504482352675,7.391227091954727,3.412608887434928,-0.3132944894139658
8.7421875,-5.710245714728801,0.9466831771323319,1.7647987015227145,-6.06658224900808,0.17884167582243987
8.74609375,-0.6790485095781047,-4.018059532154422,5.157134332739939,-34.45947279388542,0.5575160398034302
8.75,4.565955344501898,-5.024998022541225,6.1896662873103425,-18.257594137474445,0.5949333067483881
8.75390625,4.887896291944421,-0.09579503237542991,-2.9877544150585527,-14.276841141034925,0.16093111660130535
8.7578125,4.891425437942823,2.826100485480188,2.9469839014975197,8.783149568958443,-0.11266949237507845
8.76171875,-5.494589794926014,-0.19771673340311394,-0.44649584627635974,22.201891143268174,-0.20946651004439967
8.765625,3.905922227651633,-0.7131713478561638,6.058712491809638,41.03436022783559,0.1444124482272929
8.76953125,4.767773781542342,3.1056339700514473,-14.64456394381731,3.948351946273263,-0.2879997318502738
8.7734375,3.526281803853659,-5.273563796709739,-9.898174914377902,-0.014733646738951833,-0.23703696077008918
8.77734375,3.7083682161184313,0.6013813193860675,-3.8727565155211314,44.905235511607756,-0.26488689290901624
8.78125,-4.333240234188501,-4.5430667042673365,6.025379996734152,-30.343374105502306,0.04879071394228243
8.78515625,0.34013724067399714,1.2448225251420317,-12.543318943212611,-8.918496862693654,-0.4801445380462807
8.7890625,2.584042611432555,0.5283651198835639,-3.8491151946719366,-19.228694191017517,0.403668253123378
8.79296875,-4.641721458038507,-5.287823759713124,-4.549335015070076,-49.5466436371041,1.0197907513236484
8.796875,-0.9334395987979724,-4.818973809210305,4.253950069707828,-20.533589739320853,-0.632954800510452
8.80078125,0.8557317083564823,-2.6600253472688156,4.422145339732978,-3.7969731994697153,-0.2793919727360056
8.8046875,-8.626449819641458,-0.9513469646631492,5.970032944012402,5.557872627588797,-0.06451643812309496
8.80859375,-1.9189362546026343,-0.7741975182232961,16.19853816893289,-0.7455700377867203,-0.49005141560237997
8.8125,-6.122020096824548,3.2668413680523822,-1.286936226012585,59.581810001732656,-0.11662054705446859
8.81640625,3.943194127058249,3.9524194858516655,14.038567046772748,24.725147605405603,0.2255322301857462
8.8203125,-4.641112762508859,0.11745187401422488,-6.7184821105223955,-29.401351380585503,-0.46096507200048814
8.82421875,-1.3226360984289747,0.5651453034885638,9.26308869264415,-38.93953740248447,0.3353497322225267
8.828125,4.972399039823826,1.2048264468851684,7.359933009047291,40.65816951042857,0.4177150775363977
8.83203125,3.065496560316833,-3.8322858252431247,-3.4499995281773472,-16.357596053051683,0.5459904435430013
8.8359375,1.37771153596712,3.2483118005713347,-3.3935449886647753,-36.782396309645094,-0.39333878125152616
8.83984375,-0.2543578988909717,1.4206531332014531,-0.040747563583908075,84.84111983753874,-0.10156988881194792
8.84375,5.856593102623519,0.05088849555809029,-8.366249626821503,-15.28950738590884,0.00875906174785422
8.84765625,-3.9179061850338095,-3.271299226681571,6.540176040428561,-21.25932073838803,0.12148123028476789
8.8515625,2.425338232566175,-1.1478297668142736,-3.6803724405726217,19.410814091860956,-0.5248622299379472
8.85546875,3.429822083137469,-3.6335195878333,-5.575214036457021,45.394946813264596,0.5734735703335804
8.859375,-1.2217564260290719,-5.431837063659143,1.0362900963188548,53.0437683800115,-0.3761361697403248
8.86328125,7.09114135164925,-0.5609660866526436,-12.238897335662674,5.093242767015287,-0.017512171501000377
8.8671875,3.3470086276525577,-0.7535628215982657,-2.7489199520071415,28.555480455378536,0.6511182568156433
8.87109375,0.7762436965678073,-0.1519360197751562,-3.050872886894137,-33.883578914761856,-0.10624180599580052
8.875,-2.830823431611977,-2.5206292179990486,-12.225281667019367,26.359083839376346,0.0707302795860873
8.87890625,-4.590632233679431,0.5078103958412703,-13.411708232338972,-65.50688980941995,0.0269348547019749
8.8828125,-3.8510995553384713,1.6237572761596981,-4.568796371529019,-2.6780729202922853,0.13952200602287163
8.88671875,-5.801376713415004,-3.0101868473527316,-1.482415798732112,-41.66731166718805,-0.6519964749972355
8.890625,-4.242732087793801,-0.70360725577963,0.19460733013702525,-25.368210450282543,-1.053349097683428
8.89453125,-3.5999110944614294,-0.14427119643967218,11.068044570273157,-37.884716612064054,-0.16476010329245058
8.8984375,0.7293698560561612,-0.909694519525319,-12.827647380738716,19.82673269192253,-1.0478033486347718
8.90234375,-2.2998772502476252,2.2238392417304924,6.780626108529303,8.837063488738364,0.922900404172816
8.90625,7.312826085894827,-0.2515803044435312,2.5889491757648324,32.811589873353526,0.5397013376237856
8.91015625,3.0789637922810535,2.019699212477641,4.595990070704441,0.3587335314463935,0.13512448315882156
8.9140625,-4.216030232232511,0.3559455899756469,7.70200143244022,-17.593452095051163,0.2179078090859091
8.91796875,-4.01805465498397,1.1856069689559954,16.340668002680655,4.078260284959002,0.10362117459283632
8.921875,-0.009613073819408796,2.4088007574538755,8.86084757727278,-22.128595821969707,-0.133110462036131
8.92578125,-3.8461562329346273,7.081592599671685,16.029784882602968,-2.881228901990993,-0.31496956337894666
8.9296875,-0.40090594470061663,-2.1103304388963,-3.8380993990283176,-31.011378648058198,-0.02449385989774684
8.93359375,2.6069257300457416,0.08871729121620633,-6.826117701614566,-33.01899154492285,0.07676278124350375
8.9375,7.449536847140211,0.6046030526870809,-9.430600813004137,37.781113164084395,0.03569632233829862
8.94140625,2.4348569371977855,-0.026970099029954217,10.738329852811429,-22.88011274770883,-0.7351483375776298
8.9453125,-2.67537590652174,1.1404787800905607,-4.7929087473400855,-34.919800779805115,-0.5618016783834664
8.94921875,1.589806178637281,-0.47812505884024664,9.255764394836088,9.457252342556393,-1.0376431201574152
8.953125,1.893187341716816,4.471462862925502,-7.951920710738588,6.217496383965725,-0.44551328547152497
8.95703125,-3.060259271648329,-1.8660352698780758,11.924394840000188,36.38222092426879,-0.25081504356342965
8.9609375,-2.945114669662978,-2.1056653259610596,3.161876939479802,7.988634189493984,-0.4106432323213728
8.96484375,-0.3237054308155498,-0.7061693811190267,-0.16923865086758827,45.28850416711654,0.2312986106826538
8.96875,-1.3013918095764498,-6.687407661281297,-5.784018311462122,15.31732719227071,0.21478488633331314
8.97265625,1.482460930802445,-3.4972870404405727,-1.6684833088405626,-11.630623248103896,-0.035437173577896726
8.9765625,2.958907869637424,-2.8269919413221216,-14.741148426380725,-5.366270528148419,-1.0587946018262382
8.98046875,7.198021039705189,0.16009031902554433,-8.814343911810314,-34.56744040028736,0.37208635882797947
8.984375,-6.007414465647821,-5.930725913377544,-5.156712867345292,-49.996163201596154,-0.1505150896958994
8.98828125,1.8664672975558272,3.6356582394171877,-7.149288419395132,-12.782295486524278,-0.13925612298941586
8.9921875,-4.893105101899667,-2.4007214628193996,-8.235228137540968,-31.975109515839243,-0.9342052270224276
8.99609375,0.17949454610527807,-0.6014069327986991,10.361190523627371,5.387929504378942,0.25374830864926645
9.0,2.9978580039775258,4.681606711141935,-5.787969414053544,12.620124051046648,0.1288562200137976
9.00390625,1.0704430162975416,2.2182165825148927,4.005028962935518,5.144463481749045,-0.3365807594727921
9.0078125,-0.7167510847612126,-0.4655609492841519,-7.781861207758851,-17.796548905655456,-1.2868296596858941
9.01171875,14.353510714327744,1.882611298817186,9.804648476743271,14.877807484742021,-0.5542977181235147
9.015625,-7.173083113540314,4.342910187416511,-6.962245208147382,36.92064700546854,0.7615203803124602
9.01953125,0.566894585740053,-4.261268602436194,10.921258255488993,28.37924323248047,0.7867786052335766
9.0234375,-3.490695065569044,1.9223428978552495,-5.8697193392192935,-16.028333712519586,0.2953392313633716
9.02734375,0.21829753200530932,3.0613550875285434,14.077198425409172,11.119109612973238,-2.0206688591052373
9.03125,-5.028025112772702,1.292386092184543,-6.21913345290587,-25.493959912876477,0.02106402094051534
9.03515625,-0.898773031231516,-2.7106040312066306,2.0248678115801004,-80.27985082056463,0.2630937024164215
9.0390625,4.310461331373808,-2.2552299597046668,0.30653733312492903,3.029807878493873,0.10464244467164126
9.04296875,-2.266466775585735,-2.554788786107151,6.708128774059902,-0.18120890653882782,-0.7586334501762652
9.046875,1.702450980715827,3.0149736173724015,1.3700214613456931,14.606476799216674,0.07988288763296619
9.05078125,1.4626832134821857,-0.9706045827282752,1.6471073208721094,24.38434679543445,-0.3459298930908804
9.0546875,0.27770759434487935,0.19707802375637573,-11.46187806366182,-15.009947224860484,-0.1416923329527093
9.05859375,-2.8153747899403085,-1.096788490821004,-16.570987293543165,-36.91978235024254,0.25723489670469263
9.0625,7.324597831459774,1.9937256753931,-12.17754132628264,11.537892433226915,-0.4715643850313393
9.06640625,-2.306165499271712,2.2297939537394074,9.833152242886946,3.1280884285575823,0.36696293498541294
9.0703125,-2.4576398946418876,-0.5905357935985998,-13.891305447604719,6.56656387849903,-0.5546159850491797
9.07421875,4.010055456088098,3.9425897334786124,7.500630481555667,-48.082579213263784,0.03681646336851695
9.078125,0.8045521038909674,-3.254142758437501,5.811414699616243,15.36356084354263,0.3497850946108223
9.08203125,3.8549318501518415,4.97548447663262,4.506376039428947,-31.94315811266273,0.1638013388328222
9.0859375,-4.536021977664799,2.388270017550372,4.0389445702139515,-61.488381887393345,0.11625038625743948
9.08984375,-1.6264355835902502,-1.0522385303028143,-5.000775929072798,-27.413095694029252,-0.9971062599402969
9.09375,1.1985175314574192,-5.306251183743099,6.840167882697264,-38.604407305061166,-0.2378559587409617
9.09765625,1.0911466750992018,-3.4295955164683143,10.901488731601017,-8.43280695000426,-0.6710494106150134
9.1015625,1.9285960670661202,-4.27759745229292,-2.6972434062448,31.002959100157724,0.19891661738879726
9.10546875,3.6262304099868894,0.5698705235047598,-12.327369518669842,8.569018034395596,-0.37343574987025463
9.109375,-1.3837704610888326,4.623114200580159,13.296879441526347,14.464621940700376,0.39733325337361514
9.11328125,1.6850203765453875,3.5468103953147843,6.359923430124718,22.606991393210247,0.25124336174836515
9.1171875,-6.515271541044862,-0.39810871457292696,3.0162626294661075,46.92379808914296,0.0885736612483963
9.12109375,-3.054915163143248,-5.069032993583739,6.240344716442284,-12.94565878977994,0.538496386651015
9.125,6.052712611000225,-0.6697202741320425,3.666231609361936,15.239536590076733,-0.20532442395355077
9.12890625,3.0572439852662594,-0.5099121863228442,10.690405002985958,-25.985376355380353,0.10829473727801053
9.1328125,-0.4131978073930999,2.120695582357091,-2.6576763107883297,-72.71988935466445,-0.08825813642961057
9.13671875,-2.1805482733754613,-6.071769355180314,-2.4685237346479014,-16.52054079348914,0.30820319798328843
9.140625,-5.906873282577906,-5.057511077714555,-8.539791934186933,-23.643275581317376,-0.3524230441003087
9.14453125,5.395951115056975,0.2580645957247201,5.983340612362742,-0.38099951991988235,-0.5607247070300854
9.1484375,4.537703915731467,-5.33636324162671,0.18649454353263833,-29.78165692998859,0.4488127743583026
9.15234375,3.4197482613773063,2.006764182406063,-26.698144427567193,49.51092341698667,-0.0758787242258546
9.15625,2.3063224897911776,0.5096987376772708,-11.605812918880858,15.434631711561849,-0.974094919232165
9.16015625,-3.687196178786568,5.398341662710797,-5.790871340450287,51.55260780663029,0.19488516390674565
9.1640625,1.5306951904596573,-4.295052971538088,-11.684150161039225,10.660836381229627,-0.6910725523349186
9.16796875,-4.00943848960423,-1.7726687087375428,-7.274803919880307,37.55954200248382,0.7229693526585184
9.171875,3.2361257304495905,0.9912657820488372,4.069118925305345,13.560779134938826,0.05283963014906076
9.17578125,-5.70560441032603,3.88989455780638,-4.58341812927136,-12.692641318535482,0.3407854982940883
9.1796875,-4.264396961475732,0.9697060186453785,3.4905103065726673,-32.774613598177496,-0.3816017661165071
9.18359375,7.338028716624526,1.7792583792066559,-8.422124879914499,7.699858645493034,0.5752072618001546
9.1875,1.1062684796543294,6.728273558383947,3.9526705770743895,-7.761844452866734,0.5090860838157264
9.19140625,-7.993672204967801,1.4164596660723145,-8.932925429753642,11.949871514257776,-0.3509282545074694
9.1953125,0.07646049380964862,-0.060780628186177355,-10.23770447231183,-29.324821106489374,-0.09834742425025653
9.19921875,7.529459663064276,-0.7348958142620236,-6.468914556496145,7.096581108990492,0.9410680749216062
9.203125,4.4440708857515805,2.0845404165296273,0.019343690375502542,-0.327620687378138,0.6067800708044869
9.20703125,-0.15800906656433636,4.000872573887112,11.362503550850972,50.7869743738806,0.5998964023815404
9.2109375,7.037006004559341,-1.2084847584292489,14.054743868210645,14.113744942149452,0.5282543662516722
9.21484375,-1.0654821568217292,1.8011318342547284,2.4016554294163326,36.9458416023326,-0.08291107560019392
9.21875,5.054015334481468,2.4826116511353002,4.817493090847554,-4.606262217927032,0.21502556102172135
9.22265625,-0.7318476806632082,-2.19155141992699,-4.095452459368846,-21.898783872642177,-0.21617333703873584
9.2265625,0.7167766503714986,3.462215153589386,28.503816863494407,10.37303542773233,0.15628617421254337
9.23046875,-1.374661463395842,1.3850240574920656,-3.976099857970107,6.775582736267731,0.6071197306575874
9.234375,3.5249270616694877,-1.0355388222193447,-5.505015100313136,-1.5578455852783755,-0.11945623047444426
9.23828125,0.014826517005264838,2.9124519052761575,8.372582443070522,-4.270093788120143,-0.4837342100263501
9.2421875,-4.379839505189867,-1.2582537644909753,9.24725014400667,-11.293021832240377,-0.03355699651898463
9.24609375,3.0342825356858705,-2.2377379266810546,-9.244183786528204,14.45205434329802,-0.09266868513555747
9.25,-0.04232439321364265,2.3679692461497446,2.1879453289953132,-26.002871166671422,0.47005573328406036
9.25390625,-1.710467548153986,0.31909226007225305,5.012147866606186,22.228422943399245,-1.0618439278050762
9.2578125,-1.488530513117222,-0.41150867774410516,-10.468112986947725,38.45700593048143,-0.425543208108304
9.26171875,1.0527084132040458,0.3710549151743608,-1.7060880738758213,35.761855769804825,-0.5294529840253577
9.265625,-0.9672312671750132,-4.052166370813383,5.877165387020044,15.745745432731649,0.4443834737396122
9.26953125,2.390353096480148,-0.8263842670064074,11.32536040110437,22.961740546224373,0.30899995435756833
9.2734375,0.9248990946517197,0.9108082026306121,-8.490992015485915,71.62080449487654,0.653431496730754
9.27734375,0.09276130351997894,-0.09862749196447265,-15.453224653036443,-10.443995112357072,-0.36572557904991665
9.28125,4.604280846160682,1.2586015101763965,8.729566506885227,-86.87846718983745,-0.7530086116873946
9.28515625,4.392535715688829,1.1831950734440868,2.482692307598793,-21.902443027473314,0.01440363445287696
9.2890625,-2.3181839257860317,-2.160620952640627,1.4895358491634596,-36.5532822766846,-0.6703720364763539
9.29296875,-2.2946272958515177,-1.3609909813176355,-1.1083723574453124,-27.247273093287646,0.7081942906807154
9.296875,-3.954427299205103,4.381388051958468,-3.525984069840497,-23.357853892645434,0.25313294243711104
9.30078125,-4.128456634749892,1.6566999705496168,-4.623866406327834,-14.671011753093367,-0.39634708503370053
9.3046875,1.8286210402253782,0.9988840292247553,10.673606743738091,29.623243622234778,0.6057014511153064
9.30859375,2.6949465455809243,0.9996749175354722,6.655719804544889,2.346327254090422,1.0209253038340271
9.3125,-4.1115997552120565,-1.136076654936102,3.770817258163521,47.172049136332355,-0.07755160190102924
9.31640625,-0.030262950821920487,0.16325932981874833,4.162359804579097,16.676983484694034,-0.6556407911740685
9.3203125,-1.9417844261732464,-0.6924064998712606,7.49396793906579,0.34546257239734857,-0.17038463844061472
9.32421875,1.800812138824879,5.947125332220018,3.819776159156879,57.840590616758675,-0.28697265429067986
9.328125,-2.29982223229339,0.4448375569812311,20.551350820253017,-16.424806186989493,-0.1349366907365531
9.33203125,-0.6553219707949474,-1.8001558923243435,7.2535837550694415,32.57043165608825,0.12507952589535806
9.3359375,2.6472603904031833,-4.9579834489488395,-2.208815755346613,-57.40252765870237,-0.4776903098263703
9.33984375,0.20356179827485846,-0.10034438213506965,-4.648106381179854,-11.07994173121281,0.09084924919102415
9.34375,-5.197379682255361,0.7242429011037426,-2.826315678760292,-2.700459857190049,-0.06203571906564858
9.34765625,1.7303204130008387,2.8551645499420935,-10.12964143579287,-27.814519504718746,0.18633809808240828
9.3515625,-0.9772105198176875,3.258500661072455,8.508874164425531,8.617014444001356,-1.183973190242389
9.35546875,6.912327384366126,-1.4353135826174308,-11.171180401537175,65.76105018422275,-0.07272969684351141
9.359375,1.4261532421441077,-2.1573030617186557,-24.87433075097316,21.64654684871267,0.6525723842990669
9.36328125,-5.9149344145779805,-5.933473051926422,-13.480687369457565,-11.000943921831606,0.334748225359007
9.3671875,-2.6308026647448908,1.1443587390132661,2.216284034305474,-26.369299898249377,-0.08531903578400646
9.37109375,-5.391338382518208,-0.47963332793702046,-3.0493847127050633,25.384296420587987,-0.6781688495388111
9.375,2.4743242364889038,-0.8393873862442126,-2.3725187016358396,-8.279199082139948,-0.39803638528484153
9.37890625,-11.486573579018314,-2.0957688172529605,-10.8408301261689,16.282103181352326,0.7760036819068349
9.3828125,4.729968376178004,-1.6521675202370445,-3.016379807232296,8.901901578168207,-0.23424418520617665
9.38671875,3.675007269536513,2.9721510912929445,-10.230958429848974,-32.17668993383308,-0.010989923926909938
9.390625,-4.871808869882391,0.7695975124210107,4.632032825075406,-43.661802890335686,0.21127015401004987
9.39453125,-3.8215469731763863,-1.6572514011028963,3.7552976361174224,-15.87592668043761,1.106184347666848
9.3984375,-7.954109130252944,-0.1302934648934062,0.7516021539358472,-6.563509520140556,-0.22583438486241628
9.40234375,2.644337919585721,0.1388140150951943,5.367729994424472,30.332696438199438,0.7190145790375274
9.40625,-3.0804525012519424,3.188995086185709,-10.620379637985298,31.152011315205016,-0.14179744218257526
9.41015625,0.3802640043082591,-0.19782578148801255,5.88524241207605,-12.040313281337074,-0.1770667243784486
9.4140625,-5.035661295139364,-1.7626710609683536,11.63265362784492,59.001145908010116,0.44885410582279317
9.41796875,5.78893842055506,-2.8720036130897717,2.8383938375595736,-25.656442202015327,0.015689661457399653
9.421875,-1.9454918712986635,-0.7267985930650808,13.566564120072083,11.808543453894067,0.06144440891972246
9.42578125,-1.0485809658285454,-1.0894233603620207,8.331723707477616,-34.49881582969036,0.00014113123470418617
9.4296875,-1.442846128111693,-2.8499928256754594,1.8111419280869248,-16.95476852829369,1.2686891069138428
9.43359375,2.1328142145043416,-3.7895529785265634,3.7834020073709476,-3.605235458074617,-0.08309113051471284
9.4375,2.6342365055214705,-1.5441044997882498,9.767990361244415,-28.111337258795235,-0.00848049079911726
9.44140625,-4.691976563112342,-1.63014514749684,-5.43077406153396,-24.463995519780322,0.1993392040561837
9.4453125,6.332571604084403,1.0283155000691186,4.761796774078668,-33.148887305511934,0.48966369168288715
9.44921875,-2.22295551698095,-3.9471074363644627,-12.17626782616031,-40.13494215717236,-0.38016579924964206
9.453125,-4.129419293068605,0.08178676756177637,-17.605981975055954,31.905788034521493,-0.06724971341182745
9.45703125,-6.0298703523110815,5.900862498954803,-5.2445470934165375,14.836839621932274,0.22943253130539593
9.4609375,-1.8275573382733332,1.298752824010474,0.7216762067312548,10.537702369963243,-0.39155886801528944
9.46484375,-1.0721681532022571,-1.7476859817902288,8.601587381990422,41.608187905907556,0.37570637317140315
9.46875,7.893453312334297,2.48116038029398,-8.0517028256194,22.27053668482108,0.06667031601500137
9.47265625,-1.0783593364849224,0.1111565946642622,-24.4360597240893,-22.908171302823796,0.6137370997266154
9.4765625,-1.3854650461765154,4.98748930115519,-14.439349429329505,-3.5898956853164057,0.24266047601039425
9.48046875,-5.014408800978164,-0.049961752985904204,-15.38414376676917,-6.6883077809586,-0.1682865467682256
9.484375,2.984435529158389,-0.9040380936210388,1.290786996978511,-33.322334976409415,-0.34327724034917484
9.48828125,-2.446630000579877,-2.016765030097388,3.9853291154752104,-38.44458151501826,-1.6500409862139966
9.4921875,0.21948121646470348,-0.1922215291690863,-6.046287755663612,20.243147762802135,1.1884855556737202
9.49609375,2.6613790931409738,0.8474759733533852,2.892871535824912,-24.412983009447565,-0.4301180936370434
9.5,6.500466544137729,3.6739445886934785,-1.684213083034141,19.567194406959253,0.0181934370672012
9.50390625,4.057438178572631,2.6044517383798116,4.4482110578600125,-11.800320685791318,-0.523247027517702
9.5078125,1.727871843243906,-2.7906019782120985,11.664295849651516,30.934096599538197,-0.41400629012940954
9.51171875,2.8379878567827386,-2.767268483350702,-7.2638051858959205,33.5574630505784,-1.0676378963509305
9.515625,5.057945471672953,3.3840256262429134,2.375508028612354,8.651464962760969,0.04628557259683345
9.51953125,-3.7170287526092554,-1.1765401651490228,9.346566743131849,39.76429687843921,0.15667602264129088
9.5234375,2.1326729664072808,0.23843324601241067,-0.4765107852676538,-13.023241793623813,-1.082275254936797
9.52734375,1.509372015450576,1.0222573268721526,5.667621770992244,10.991093972893342,-0.7115680380768329
9.53125,0.746754415148528,-2.1207497325073517,11.556375083880852,-11.06256909870454,-0.41417435134982145
9.53515625,4.189792631838294,-1.6843342270934274,6.616417872938561,-2.3521508401375115,-0.30658656018900604
9.5390625,3.2274830999222246,0.9079870044394462,4.719987567576013,-12.035711622493643,0.12951138517358524
9.54296875,0.13600684692416815,2.9354568378876174,1.2443123815400758,8.927963915469157,0.13576164872986482
9.546875,5.351466009627991,5.3456823711054735,3.8924848892558916,-39.896809230114854,0.0554043145729493
9.55078125,-8.16501202271102,-0.6701264465364101,1.0892664664429292,9.51289563311404,0.25313529083507774
9.5546875,0.6663743988600938,3.4276555113630174,6.968387831063927,46.25685905513561,-0.5373373831627816
9.55859375,-3.0796683956223228,-5.36685170597068,10.188725601245412,38.22413658571095,0.835323387777795
9.5625,1.4381021583177829,-2.284444509573934,-2.2190251297654737,23.3948295021812,0.1593038847488545
9.56640625,1.929053368428324,-3.8996907450569176,-7.257548899296779,20.462368470761998,0.5155898718454347
9.5703125,-0.5080240127199737,2.853326915315776,-9.57074930301378,11.348210532365668,0.07307368743006729
9.57421875,-4.215418715660116,2.37624118740512,-19.48540026547706,-21.621042165449836,-0.20206212437945062
9.578125,1.9117878898813434,-2.1214948169195873,1.6994291285814302,-9.737355969703314,-1.0984818050536094
9.58203125,4.513476768678528,1.1065585880574798,-21.03940814106789,-5.7365289368517285,0.4030255666190279
9.5859375,0.03286385802824407,-2.8954352995105586,2.31240602950281,-49.86455979465824,0.6413833600129494
9.58984375,1.0122964064845121,-4.521105308744474,-13.595328029701509,12.16171528680658,-0.06196064110593039
9.59375,1.6204766423092938,-1.2980818028641916,-5.418638344357193,1.793304547886482,0.041165410715336435
9.59765625,4.45776669017309,1.9046496801379114,11.287127575526242,-17.936382957791448,-0.2345934625446534
9.6015625,4.609184238991429,2.1638216179102923,17.526764993285695,1.9005662324969803,-0.3452030500707156
9.60546875,1.614663995367236,0.7884085821444405,5.334710397120665,42.41084003814999,0.17155201272933035
9.609375,5.337040719150912,2.568029038999446,8.349098489379006,29.682075079026173,-0.7542509543869573
9.61328125,-3.826656074314133,-3.569232216156615,-9.721374057441139,57.57716466469855,-0.36019107991056515
9.6171875,-1.8764372672327987,-0.7373150616506449,10.264786340618887,-5.867599779948108,-0.5500625304009934
9.62109375,-0.9353854726615167,-2.7150975642698785,4.744930107009071,35.05150691704173,0.19650930606976708
9.625,6.53204698326307,2.3628079117992504,-6.314301149274234,23.353826690541023,0.3529270626349774
9.62890625,3.8291133332239817,-0.9017242511974786,6.888349475645578,-13.426236398064272,-0.297321782364383
9.6328125,-3.0220726061154237,5.93908352796187,17.438921341826443,-5.265664015663688,-0.34022410863267727
9.63671875,-5.238510413954386,3.6187178003203533,9.985566755892764,-5.204536146860079,0.5283265101525129
9.640625,-1.9943659722388274,-3.447738316855489,10.847619015300676,-16.937968104859216,0.6723024620645428
9.64453125,6.617919047391072,1.5557171713785674,1.2000337628490865,15.542395096583595,-0.12356500564734192
9.6484375,5.742515830552936,2.073097910815598,-3.0637746676022335,-3.970380088244832,0.9091575583846707
9.65234375,-4.780241291214552,2.169492515684271,-0.8811849690619498,12.215440665749952,0.6436052325434779
9.65625,-7.238632091307236,-0.15920185021857444,-4.919604950238702,-17.086724451969836,0.35255380007132553
9.66015625,3.099753249175646,-0.05584127755366913,-8.76454526592954,11.590907565952113,0.05147018091328085
9.6640625,-3.9753729970524447,5.2177265896130525,-12.34863285194427,40.81828536653962,1.0749599992816368
9.66796875,1.7110822977953313,5.886577680955622,-5.180914920252761,51.524202884789695,-0.6659638304933222
9.671875,-10.814519180111047,3.494068421153745,-10.246869469113483,11.361538964900838,-0.815651052741932
9.67578125,1.0842842154334384,0.21699714836354878,-11.751770373419141,33.0409001856691,-0.2593831287199787
9.6796875,2.440855239810142,2.45200000326185,-4.1313816116976,-40.514343082814854,0.12024682482844415
9.68359375,0.3677561768439922,-0.662487764501953,-7.415196336618365,-48.10712251276683,0.35999186598603744
9.6875,-2.1898300938111204,2.8054695773931293,4.153662147766226,-49.51019532279114,0.000893294632092249
9.69140625,-4.65344159059516,-2.539914292356492,2.496928597342042,-15.522228524325094,-0.4989332500774514
9.6953125,-3.5479111530501775,-3.1622802645853474,-3.60383713143057,-39.354099209242676,-0.6830506089345144
9.69921875,7.482196823607081,-1.8665083156374571,-0.03757919964951706,-2.670202217014527,-0.37183570927405313
9.703125,3.672758421468088,-4.25777991358148,-1.9259228444634278,12.103779383751828,-0.7418728604858799
9.70703125,2.795156137000215,-3.8105748895722007,-5.700575972872304,30.9057582122479,-0.5134087740865788
9.7109375,6.3930934044024825,-1.3498889758329038,22.887734262737617,6.191420961115087,0.010237448196844828
9.71484375,-1.2769930199893094,0.8772352367027973,-3.5046282789198226,25.120014141573574,-0.4626281067176421
9.71875,-6.808628985546513,2.0502347111656642,2.9208050216356605,2.0782443186613264,0.31922226290646377
9.72265625,-2.909291396051655,5.799615595833308,11.358304986897876,-3.980922677734691,-0.29152395932091446
9.7265625,6.019879862318637,-0.6609798783305053,2.5687949240892394,28.20147347853085,0.2717879717019718
9.73046875,0.27079298843856836,2.3732403302686502,-1.958274839308987,2.9055918847259434,-0.17747295694485057
9.734375,3.4503036032125474,-1.464265393565942,13.482914501996982,-29.951565666432444,-0.02430347682438095
9.73828125,0.6241187441111987,-1.8978454495456905,-3.4255223870381006,-47.38732932562411,0.3629477431175497
9.7421875,0.9666317785295262,-1.259806823829835,11.954436856021335,-30.059414104424008,0.6702046268325343
9.74609375,4.337375278745719,4.890928646384362,-6.163862462032688,-12.69605239937166,-0.17954357880522084
9.75,-2.170289427400265,-2.3137096240769734,8.312165815274588,-38.32379652272706,-0.1120507819326341
9.75390625,-2.0776212622635315,3.656193368074736,-3.7736165305084652,7.494314314970378,0.021115262870077242
9.7578125,-1.4989755469155346,1.978686462336071,7.72536561466323,91.69123791550592,-0.10619184431959129
9.76171875,0.15018411400218787,-1.7407367781707936,-5.705095890598885,4.47494353464009,0.7213646277949883
9.765625,-5.498827262809,4.281018460929568,-8.838400491865007,2.1209494102315603,0.4455864070415977
9.76953125,2.1246684787728816,-1.5736921674722693,6.031632688993621,-8.46165326169986,0.07763288195055329
9.7734375,2.636520436449794,-2.6610276146362892,2.635354084833268,-0.943287326301169,-0.6466799086327416
9.77734375,-0.2952373133812121,-4.758143852385049,-13.050927188748965,36.76953315487543,0.00018643312498611974
9.78125,-10.899440415717581,1.5491293356322613,-20.784140160506215,2.8146682978487263,-0.2921035691673264
9.78515625,4.50535905407976,-1.8784846301425422,-0.21393208812037567,-2.4162379173472175,-0.9247495793287405
9.7890625,3.920047977727925,3.268421706162953,-15.957557612797135,-29.024977793670008,-0.4610473675567379
9.79296875,-6.3380138591559145,2.9805414975234172,0.24599506839135277,2.330873778738738,0.7837732857199238
9.796875,0.9820596842640134,-0.751094714339964,-1.990655144625235,35.71361493004267,0.6457881230950565
9.80078125,0.7832290655452395,-0.6665336813524381,-12.432990624546425,3.212927122083819,0.5823034697289251
9.8046875,6.201171533555164,1.5786463244652382,-7.495959394430498,11.080167458699401,-0.553898040376487
9.80859375,0.3690025968721372,3.5698831956141914,10.368722594425982,8.075698731367554,-0.698448316627821
9.8125,3.712421323786595,0.8773412724563002,3.7562596057771,3.5946723710502795,0.0714887663842252
9.81640625,-2.8257938753499987,-0.6854650368627007,6.494717165385977,65.30652104582671,-0.6011841803618607
9.8203125,-6.512143468143408,1.9590874898785895,11.019190823908085,4.099608322246352,0.009177101127218265
9.82421875,-1.101984343740775,-1.686687419959675,3.196892112866524,-4.585449922598123,0.19798007256304326
9.828125,-3.7271386181818356,4.685535933652938,9.095091311195475,18.703498777092662,-0.2031814352581752
9.83203125,-2.2007782281773274,-2.8262764305981336,3.8793139788502438,-6.156800785681121,-0.49204923320015836
9.8359375,3.634420113694312,1.9481554834365904,16.620412416101622,14.739162797799587,0.09644520315506398
9.83984375,-0.6784567037703959,0.38151780088188564,-1.9780338583168215,-38.24141717403967,0.021748755831229982
9.84375,3.2444899932617686,-1.532963262801808,-3.5705960133125156,10.4392820740212,0.5981446375076445
9.84765625,-3.869910630360738,-1.6999513624646458,0.6758260678937535,-44.29575725876224,-0.8407408069342911
9.8515625,2.6458807886053926,0.23042987002824716,-0.052023125628653466,5.885344529046924,0.05499005084971902
9.85546875,-5.336636752843234,-0.46017824198039237,-24.378070188775403,36.120115395144126,0.09061189588166237
9.859375,1.102145512998416,-7.568172054572525,1.4233945653090152,-10.102493686009339,-0.7209008667951965
9.86328125,-2.3268498912154394,1.0614495095936722,0.44365546136524925,24.06101459540721,0.6921031351273254
9.8671875,1.1438531537847494,-4.8817465596171665,-8.085629911600162,28.7144078729756,-0.15864849231610953
9.87109375,-1.6998760011146588,-1.5368891811583048,-0.15713635504168533,12.244935892390586,-0.03607378139315904
9.875,-3.351490590705788,-0.4646858747275654,6.483601164914367,46.20227621163243,-0.6694309358368886
9.87890625,-1.5195406377096612,-1.800465861170828,0.9174724020562603,-15.483943413880343,-0.17769299062544472
9.8828125,0.24903327478863455,4.381246371299831,-2.710653464491399,1.2070517833869978,0.7510354182682029
9.88671875,-1.056689469236756,3.590257139016797,-8.042485911338904,-41.41605719687866,-0.3622879422249579
9.890625,2.9959665297141975,-0.32132484430100994,2.688639754542724,-24.815172606219637,-0.4986524373434615
9.89453125,0.40611067377716925,-0.6325426131080603,0.2819882189663523,-29.73756531223767,0.48320848076396206
9.8984375,0.4130666519961244,-3.4805522636082724,-1.8206591867556612,-46.82561333994428,-0.04601866237437397
9.90234375,2.0828908802433728,2.174061045246636,-2.722423213213927,20.063492147142767,-0.21981441869325824
9.90625,3.0283688904926525,-0.9104706137646243,-1.6153349282313942,-0.011371284614611454,-0.9865737892079524
9.91015625,3.8270577949486926,-1.055834094457091,1.7013375349845854,-1.7550584350139324,0.4673711440023856
9.9140625,1.3212644862144685,-2.9484910022645283,-8.593084657431652,-24.249884496032866,-0.2178770252775084
9.91796875,0.9441304122402145,2.7257372777181472,4.045623851118772,-28.3680380808554,0.7423426436357575
9.921875,2.159734201307284,6.668147546886953,-8.934630616925382,40.91968813147867,0.27297219105765114
9.92578125,-2.47939131274423,-5.090203246288855,1.8025613550898538,17.88838756054628,-0.029301622066232404
9.9296875,1.532554041459788,3.116585172020928,-4.101374842033892,33.475841514030996,-0.227897650462215
9.93359375,-0.48439892119234407,1.5195947456539511,16.211013146430957,-70.46539596406546,0.046772404577971764
9.9375,10.133677649022685,5.53613700814694,5.425292789806374,-21.805806131391623,0.4208696851472746
9.94140625,-5.555668826164996,-0.7476445372219539,-3.72158489719973,-1.1981287543903854,-1.2114545682293143
9.9453125,6.114418243906774,1.0125813465212499,16.612987689325525,-16.78735596669188,-0.21234418984491682
9.94921875,2.349035005314265,1.3288680871942518,-11.856633794218633,36.16308558418711,0.17298916749741472
9.953125,3.9402376493515123,3.643305448904929,12.117403672740549,0.9905047195693522,0.37814005900730197
9.95703125,-3.943391158937309,-0.20555153086848693,-2.306566889350747,3.240991438162487,-0.3883913814318662
9.9609375,0.8782266270740299,-4.264729408310494,-7.82275135819624,17.539425476926414,0.2987409397935786
9.96484375,-7.1281200358021515,-0.25866935544671654,-9.839605280891984,-23.598371580092206,-0.4815067839731622
9.96875,9.710423686972447,-2.5460299325877735,-15.411906496591163,-0.9670775149787687,-0.2643047139866245
9.97265625,-2.0190888194684176,2.4389853808903337,-6.011320638922864,-39.29416731719093,-0.6203857724318049
9.9765625,6.526596792213729,-1.2121784494541687,0.605473387491454,-21.633062572706386,-0.14371378109474425
9.98046875,0.4387145434109362,-0.11896041766192553,-3.755383042758457,-22.304364520750383,-1.0601806278102608
9.984375,-4.635589671809387,0.07423230899057029,-0.6759577748989689,-18.92301736633297,-1.254578175336526
9.98828125,1.0796936984147183,3.68753957026376,-5.082823667793283,10.985211799077504,0.5705917653118759
9.9921875,-10.516989392871126,-5.417464041522766,-7.858251411732219,-5.549884553286603,0.25193413209137827
9.99609375,-0.8898562468530331,-6.89026196429904,-2.4947870476050373,3.6502037081575978,0.5148276210558771
10.0,-6.156742284365382,2.113413655774633,0.3468947455794763,-6.937218033039936,0.2569326317924743
10.00390625,1.4829774266372902,-9.41472228294521,2.493874599881572,19.993459084239014,-0.18207188673516456
10.0078125,-5.05050913736093,-2.399008631581596,-1.815538156229394,-25.880967657314113,0.18734406734216644
10.01171875,-0.41940638904420063,0.8996561408381551,-2.027462595105108,45.266516031189646,-0.5957291850088059
10.015625,5.067189100944299,3.1506736004870564,3.1098238024697835,58.78480501103387,0.43424880368161634
10.01953125,-2.6488451795431853,6.044719342213799,6.089538100603156,47.96398868760707,0.4765289484421421
10.0234375,0.43603689653967337,1.634322107208222,0.37381373455885125,32.8546445396959,-0.07998077330072015
10.02734375,0.8985296575023982,1.1990565878384412,1.9603923397424632,-40.96461318635787,0.2667360368250186
10.03125,6.317498649616742,-3.9946423302868155,7.187756245925014,-37.618549397339095,0.3639970910084988
10.03515625,-4.24522760694707,-3.479114662117615,-8.796384314902085,-23.471451702691976,-0.24104558827363362
10.0390625,-1.2638226018358294,2.023729988989014,2.7603296512171807,4.296435444547843,0.25331521700215526
10.04296875,0.8337669581387909,1.8019998166340183,-8.457036733414302,-35.43167826498112,-1.140971278200264
10.046875,-9.305564259197604,-4.185361270606625,0.9419721849983551,-61.69851812542664,0.3091830290856798
10.05078125,2.042838544231439,-0.2012481266173234,11.515267189469352,23.922028649496685,-0.05141751038451794
10.0546875,1.1680200983863873,0.3630304740733718,4.4528060515451875,17.244089553181308,-0.07068850808357885
10.05859375,3.888606639970718,2.3413122798700474,-0.7402122120278241,51.53845966316557,-1.1016668173416864
10.0625,-3.6430440545785756,-0.00410846136606268,-5.9774522118914115,9.084314003985892,-0.28726726846621986
10.06640625,0.2008684412030426,1.9388526628328309,-6.386751396734851,43.97678204970936,0.060476579395637005
10.0703125,1.1122271425453378,1.2104783235787313,-0.9312000747246367,-8.081391168455593,0.4632232029363051
10.07421875,-3.1119394867520924,2.5828518041752018,1.4061516831309087,-12.890388425548215,-0.3718096832011284
10.078125,2.3487999392150343,3.4692696851883786,-2.756576076677254,5.26464515221091,-0.6006470086713539
10.08203125,2.1805458795463335,-3.482476246348466,-2.852980966225315,-69.79295725434736,0.25415702880205826
10.0859375,1.910311014433534,1.5673960513270608,-12.729189873004316,-24.337455120962723,-0.3127414424265248
10.08984375,3.080852698545197,-2.5001981211335558,-9.027338988176053,-7.432878575762505,-0.47635599540718615
10.09375,6.346496563961799,-3.024701929414064,-12.400985628946108,-25.322374421942303,0.7690472308050269
10.09765625,-7.484408178029228,0.45848059032928595,0.08749567979955097,-49.597125809987865,-0.13784959775327638
10.1015625,-7.108615446485134,0.9737548031943881,-0.43387116284826177,28.01513131540782,-0.27365275070038325
10.10546875,-2.53294430839594,0.039261135869266266,-7.121060040907793,-3.250588458589597,-0.09389959478355508
10.109375,0.9637792775803169,-4.909759156143371,-12.484138297478323,-7.104263814072343,0.12540288467984373
10.11328125,5.39861801271093,-1.969912163835179,3.1213124881849703,45.56911555020956,-0.08976876296248447
10.1171875,1.8866109886104707,2.688395567831703,-11.693831907496016,47.629987239337986,1.2832727271003206
10.12109375,1.704528042876594,-2.6142831774974646,10.673429269806135,36.73123300520203,-0.38293616779058154
10.125,-0.22016416657479937,-6.453042935633381,12.909279714641222,-10.45091757921039,0.34601443369451274
10.12890625,2.150037450364688,-3.3296573495879045,-11.170933332824337,5.1552116880186585,0.9153680504040134
10.1328125,-3.544750713826401,3.939192916688297,-1.2455599049602943,-48.097218818695644,1.182693948423743
10.13671875,-4.6808492412680565,0.3688355674876552,5.243396134201424,-26.636080175088114,-0.1469013360015268
10.140625,-0.12361118234374126,-0.8822499450659285,3.288705857307542,-8.998146169603068,-0.2670003687525336
10.14453125,0.5054156328132224,-2.4523290855009536,-10.919200691133756,35.1599677313917,0.44653197394819544
10.1484375,-6.295800199135443,-0.058521348423404215,-4.174925372137904,-17.81454196201648,0.7784090618537486
10.15234375,3.0879582870446964,-3.926879907317619,-3.4301200725825822,8.831265880809273,0.2685459843492429
10.15625,-1.5679572621095101,2.4459927400351127,-3.9205487568122184,16.280087748216225,-0.13596826738238268
10.16015625,-3.652705851810659,4.0518340792155385,-11.404432153985852,37.86971653756148,0.2831884481742746
10.1640625,-3.267090084194684,-0.6089506761958783,6.933412746695,26.472703205564887,0.23701634002715627
10.16796875,3.1923462118998285,0.20562792828480037,-13.291612581350893,-30.953039876109813,-0.017221905730965267
10.171875,0.9937791254421706,3.6620910247155143,2.2461253213406733,-36.18242913890657,-0.2565617267832121
10.17578125,-1.0541301441637407,1.6781806411652298,-1.4487857223145189,-18.48049983372305,0.657630979247425
10.1796875,0.20936110308554992,-1.8333470046658205,-11.537148416503012,-4.831793939065449,0.19417669777539698
10.18359375,-5.645882717326115,-1.5966941119567255,-10.952306349337736,-42.20416887640885,-0.19329115097619587
10.1875,-0.25242961728233987,6.2605666080767115,-5.708920148866324,-17.325053501696328,0.5833316752436013
10.19140625,-2.0572606198594596,-6.406770133514289,0.21322443674445157,-19.417044478406723,-0.5067781497868408
10.1953125,-1.6952222782484117,0.9405936369739767,-8.522037993664151,-13.937253359733852,0.06295131752610093
10.19921875,3.512427511189855,-0.5291369344640849,-6.887332563339784,15.346281557013821,-0.2065317902607342
10.203125,5.524316004587251,2.675730777733829,16.609797231929605,12.019461022848033,-1.1205479502214137
10.20703125,4.639948380760977,-0.8259187244820315,-5.845323431965385,10.189133475440528,-0.8507478952092401
10.2109375,3.6274338263803334,-0.7266601166072577,8.370751476107523,60.268526623208416,0.12626228848097834
10.21484375,-3.7740635732649577,5.572755450623082,-4.515168027470924,38.38268603542719,0.556347667665255
10.21875,-0.3773548971224972,-2.5262789733217,13.280656735464312,46.13276646609943,0.6014077316398394
10.22265625,-0.6803213205595672,3.6986806273659893,9.272312537928656,42.0039538252334,0.492666149531344
10.2265625,2.6920651410137553,-8.06830712517381,-3.397492251519566,4.94364144029206,-0.03226027445074148
10.23046875,0.9239432724971894,2.7520188738663944,6.875874926691695,-17.029903704906264,0.7437462024214742
10.234375,-1.1095275116492913,-2.5188653659747278,4.820730193937851,-69.22576262491727,-0.060055403537844526
10.23828125,3.183039404480029,-0.5303844571918969,5.050016518943799,-5.257567551054223,0.1617114132112648
10.2421875,-1.8008641322204473,1.9657517721375724,-6.641587891897787,-3.8175887852365626,-0.30127271543951145
10.24609375,-5.719077913084772,5.879657587501042,11.364270995899249,3.0311003513734924,0.10480206376433773
10.25,2.4597024781271672,-0.1948166398190206,-8.000176328643118,-12.70442551353596,0.16715910329986342
10.25390625,3.5650554089336293,2.5150338619969603,-2.0331118895452245,7.581349497412164,-0.22996878595797923
10.2578125,5.096642883177597,8.355238431414747,-4.40357276034824,-0.41891150903655827,-0.11863306827540039
10.26171875,2.5300680964654565,1.0169742108346518,7.038918075835012,17.60024099582418,-0.2261520862765222
10.265625,3.87100192909378,-2.0127472446324637,-12.881460111503134,56.47210596775467,0.6918007927828335
10.26953125,3.8096699793227526,-2.973387097514944,-10.44064570908761,-29.777123144259388,-0.15606246555001432
10.2734375,-10.471960986995636,0.7020883378377233,6.71652011164297,-0.5245133565021609,0.3958071092489177
10.27734375,2.2996805026266522,0.21391071189220962,1.993012954974943,-14.268405690149002,0.5842610393989911
10.28125,-2.020303678647193,0.03204901129627053,-13.103963667656451,-5.742666611615574,-0.13100526935547602
10.28515625,-5.854595368730531,4.954705651553635,-2.4039054010753165,-33.9806424897649,0.5800805059736215
10.2890625,1.4717559385285557,-0.3670807190332712,4.7354386475398575,-5.158635534045679,-0.45313359767524414
10.29296875,-0.8648922114456162,-4.391297503473791,5.501693195884753,-16.27904121879098,-0.14317047223523274
10.296875,2.811419217018935,1.8311543734380824,5.629256450707393,-39.68778361032919,-0.6541094716942196
10.30078125,5.80622433698752,5.191647881823634,-4.053143799356189,1.849329642797615,-0.24123841782620345
10.3046875,-6.569930758772565,4.881687374484642,1.8623780400127095,78.09493337759316,-0.6612656674342164
10.30859375,5.887091370064024,-0.2806051505193938,-10.015305406992379,-31.707679351170054,0.21394321704833824
10.3125,3.0711431955253445,-1.7020942761613211,3.2091045619622376,18.065700132852218,-0.2960970017480733
10.31640625,5.775625995465869,1.835952439815526,1.1397963139962912,22.622193387552052,-0.6855084915191094
10.3203125,1.155434262440505,-4.349198896360846,2.8560959012952307,11.851769241855463,0.58729692776817
10.32421875,9.244738120740879,-3.9682595084566037,5.995209490533346,43.57277337075374,0.8259990340119522
10.328125,-6.079291739888002,-0.15448114447974384,1.846948054420562,17.872769284160256,-0.22997711158707687
10.33203125,1.2896608531733473,-0.6623347247763303,15.062271612916279,-9.222391707325187,-0.06157467020210883
10.3359375,-6.195247573041349,-1.7018114674141933,21.762507209635913,8.662909368862671,-0.016696147936921205
10.33984375,0.6313478011763525,2.0987001756366466,1.8903363576246588,-39.51464651015611,0.38839757056164226
10.34375,-0.5913015628188283,2.287324773613669,2.0665855064196137,-30.84289583616718,0.7119261027849979
10.34765625,-2.0520684268318505,3.2294220219309335,14.389189728672289,43.22026159619792,-0.2685585395720302
10.3515625,0.6026436727009863,1.3796049065954026,12.171455905451966,3.223427763505984,-0.5974341821102763
10.35546875,4.4111380197890995,-7.409797893172243,2.31439832380297,-3.6085814837909247,-0.24749773058733632
10.359375,0.1703225710817401,-4.480401705961162,9.475620087913171,30.898674028124848,0.34554360513257965
10.36328125,0.9444086506762717,2.64627098157455,-9.855120233643746,65.19549114420322,0.36438005958946473
10.3671875,4.056656767357312,3.6672122573256605,3.479701894068386,4.910148077052771,1.4450672642658229
10.37109375,1.3790706569414877,3.5930532045340433,-17.683847577451097,-9.38278787221256,-0.4568508983165976
10.375,-2.579801942378058,-4.991565572668364,1.6679259927248227,23.581295933032177,0.4049817776250962
10.37890625,3.497088745644272,-2.4070191593567305,-1.16330246062549,-3.2218969699666893,-0.4465409488763568
10.3828125,6.166875399708957,-1.55975084503635,-4.218499202346056,-2.1525317205381427,0.44015067434017463
10.38671875,-2.493086860491157,-0.5674022664285712,-2.844933554137235,-111.22473368413557,-0.11783765926107866
10.390625,1.7260701179118874,0.5495107241088761,-7.671960276848728,1.951813927096424,0.16760609053598105
10.39453125,-3.9887813556211005,0.23739875001514513,-14.368466347863846,-52.578700214791915,-0.236989106197323
10.3984375,-1.7435404181661194,-2.672853669736873,-1.912718473094201,-25.146199910143466,-0.05305123529847123
10.40234375,-0.6024568552240805,-4.645611925084577,1.4796092117303545,-28.533276553314558,0.4812713898914722
10.40625,1.3655776941099356,-2.694350898399903,-5.353474209468013,20.47089099113704,0.18115901442073098
10.41015625,-2.201712833181142,0.5862496693297508,-5.993541407497343,26.26753403671499,0.001002871441624566
10.4140625,-2.9423842582707245,2.106590113912688,-4.401869024534769,19.23868879587604,0.14603460188134973
10.41796875,-1.6499257918141683,-0.715621282930565,8.862345735460366,25.483080616561118,-0.37323093647527544
10.421875,-0.3896745027953255,-5.223180996340338,1.2429499820143661,42.15573053376889,0.005137722072210197
10.42578125,0.39239104048963597,-2.066180550147876,-1.6072393276306913,-34.45427271862583,1.2092615289915407
10.4296875,-0.099300359883117,5.256566818458202,13.713331801233569,-20.309552323353987,0.9282994183473338
10.43359375,0.1713965969531932,-6.414958741802319,5.095408213907289,0.4038706410774964,-1.1939245775486769
10.4375,-0.8839396200161833,-5.006253535816121,12.264946618628873,10.705024069157396,-0.39402420371772795
10.44140625,5.97306184607955,2.7799893348345304,9.316142682688644,-13.841889574549764,-0.11032012578713397
10.4453125,-8.61962090993489,-0.6416243576654768,-4.930002077547998,-33.318359762825764,-0.25539056891885836
10.44921875,3.761531725331278,1.6853892058390687,-7.400142809213378,14.667373941815548,0.16833550343842943
10.453125,3.911456838998811,-1.6889754792621479,-5.301568135399847,34.60901031729318,0.24721421163241797
10.45703125,-6.339238606300359,-1.2785243787913914,8.093921517584889,-15.390923893495081,-0.16113193990232794
10.4609375,3.7843334069690164,1.412962398635752,-2.8003901138392004,10.501697443014818,0.05863220917167276
10.46484375,0.1301806996597865,-4.590221828241765,6.409901478526127,6.616180186446142,-0.6756594735139797
10.46875,0.8257036627379077,2.7697175954496367,-13.651530693533473,46.41924225043156,0.8476955165497343
10.47265625,2.5692427708661087,-0.8517119845214829,-8.20158096689929,25.46328854766346,0.34582341714186143
10.4765625,7.509433896893728,-0.07413488228791251,4.785604456312357,16.62471780951632,-0.14769825746863938
10.48046875,-2.083431414223235,-3.18407908249706,-2.403159804201212,-33.74368753905777,-0.8317796749709018
10.484375,1.4957985251458266,5.031316989936849,-5.754803006182889,3.681239464225701,0.08205634400592697
10.48828125,-4.011293552457269,1.9339714992897914,8.277189125677594,23.008201292230872,0.09597978280147215
10.4921875,-2.1594311898694456,-10.79534762050679,8.201237598653869,-5.639399071668036,0.15606123390711257
10.49609375,-3.2160135342684564,2.4964518897323744,0.783799661787226,26.30910184735466,-0.7705462055846959
10.5,-2.632681770828601,1.0132817986143945,10.780373488070108,15.989065866462495,-1.490773489751479
10.50390625,2.392640092464329,-1.541661085350037,7.064932693384345,-12.736981825274992,-0.7616272766737578
10.5078125,-4.31973903244941,-4.980331651821185,-2.0415246561252403,4.440689190068175,0.07089487110414718
10.51171875,3.6768153292254464,-2.3137162612320648,-5.494982709001313,8.710554334400376,-0.5571296980345536
10.515625,8.331290168051714,1.0974156616253607,2.9443366738477796,8.274012973797827,-0.24777070986782596
10.51953125,-2.5791474369168785,-1.861063743907029,-0.2181128609226608,7.647927731217533,0.13339549294685885
10.5234375,-2.937719324540167,1.646161640012819,4.75972926526768,-9.751376730060544,0.37882745773022075
10.52734375,2.1243955864328723,1.406509714144825,8.717221718133192,11.241488807621298,0.46948930192002664
10.53125,0.025325022494375918,1.488244929882862,6.752046262951656,-26.348919974838225,-0.6927129069741094
10.53515625,-4.311193960448307,0.8107460662025088,-1.0025918997673289,41.65998050080566,-0.21903546950991834
10.5390625,-7.08384942637423,0.15601517658043745,7.920042512585406,-61.053590809451904,-0.4307259632519658
10.54296875,8.00458994166494,0.07787224332143015,17.319899348634703,-46.43614547170054,-0.8679338611238402
10.546875,4.183238728683874,1.7217682946481294,0.8953359215948007,-26.536153213302246,-0.2596138671917849
10.55078125,-0.17370991153658702,2.435911424391027,-12.015796995792002,-12.360576396832833,0.7115111137965779
10.5546875,4.953472773825312,1.7323541962607325,14.199583716081438,22.79748790167033,0.3788506407575338
10.55859375,-4.961271481067392,3.7363761333172736,-0.5770726352245457,20.718939168945777,0.07952229652569179
10.5625,2.2716191991897974,3.503913255153771,-1.265154858480059,-15.609719341777769,-0.6135549108245785
10.56640625,-3.1430639104068523,2.345089062069394,-10.131824903174119,0.21992563561869005,-0.2853781764726406
10.5703125,2.6679184789387356,-1.0833027690993706,-8.146671655923775,35.14436859186628,-0.035660658322400375
10.57421875,2.871816565517318,2.8675489871462942,-15.862678035324034,5.358265616718837,0.32565193266511344
10.578125,-1.3222626650322633,4.046956622413907,-11.508203486237974,-32.159123928742346,-0.840842461930782
10.58203125,-4.553131026996925,-4.75009431282515,-17.987624250753772,-38.16185665103106,0.027856305395594434
10.5859375,1.885068412414282,0.1179120530852551,-20.48064717045797,-10.926823310374555,0.0064258438300971365
10.58984375,-0.2033878015184143,2.884425157789753,3.6850744746693067,17.793632661195108,0.40862313500488023
10.59375,-4.300746757458859,2.7532797556501833,-6.29755884590165,-28.734075118580588,0.44437199360342144
10.59765625,-3.5739387374331018,-1.665432448660625,5.191819171990398,-1.8109331442678718,-1.8146703223256924
10.6015625,5.075850117322285,-3.328715551848199,8.511161928488539,-22.1703618152089,-0.028185849863322867
10.60546875,-5.8645467689466395,1.090729988719676,-1.7996610003670406,12.516002604493481,0.6025143051912127
10.609375,-5.19230873175857,1.9221848730576396,-4.956347098835474,58.56505424573136,-0.21830747881979065
10.61328125,-3.2108226139695093,-0.7514349421666037,14.596547564796845,34.95202457496344,-0.2180309969383473
10.6171875,-0.2521992678165763,2.9252491387727706,-3.1445122415419986,12.526295459337302,0.2222345935386046
10.62109375,3.9746553174863517,3.53609195811043,10.735500362022025,3.624739155882626,-0.40711956420146594
10.625,-1.0499098351313423,1.6682742561498833,-0.7425682465399879,-39.84379260967341,-0.30927525394524497
10.62890625,5.409986505707577,3.7694531632135817,0.6588851765812356,-47.11438914599365,-0.2943828192571377
10.6328125,-0.5930829238796641,-1.5465155675239655,7.510011612432827,-3.980282034096078,0.5936689407062335
10.63671875,3.647076610867977,-3.8416513858926358,2.7186520719782497,-33.01806462703081,-0.25837672405807577
10.640625,1.4018854574505848,0.22409635045608423,27.40961611945875,30.317316954922568,-0.3229756439539433
10.64453125,-6.925783472365957,-2.4976151478412043,-10.051111594160133,-25.248033840197813,-0.2853172131689834
10.6484375,3.094293480660936,-2.825911874988958,1.2906366594347871,4.734454360341143,0.11761844188619892
10.65234375,-2.9702343904583453,-0.3011986614478397,-11.940746431866925,-25.295475778282356,-0.08915283265190149
10.65625,-1.4080617697298663,0.21357781890608207,-6.807315027758186,29.28403423170034,-0.1810866518495532
10.66015625,1.8733326829600883,0.3630851789954238,-15.197595832142426,28.582333602761956,0.5654293149778495
10.6640625,-2.9855790344592923,1.9085585913205119,-4.182491562173208,-46.995086728554284,-0.9761022927105897
10.66796875,-5.122175850629214,0.6487176891937161,5.620350632549829,2.884235245506707,0.6567352173974351
10.671875,3.4994083558551226,0.49791022303573085,-1.3757657738291846,-25.115898263551447,0.6640735786551989
10.67578125,-0.29748574852874876,-3.7600098283434247,-5.538279245272915,26.49905346935815,0.29182552504722775
10.6796875,-3.174796683588568,-2.915777375955784,-12.035715895221688,24.462506703533965,0.7067666246961664
10.68359375,-4.1020015771698946,2.0752997914367337,-14.049403693662905,16.01928542252496,0.20500876862071166
10.6875,-10.120606021868923,-1.0514495215205129,-1.5749142600646364,-3.686395221401721,0.012257165489646718
10.69140625,1.3860538616049134,-6.153220997778664,7.233002101428124,2.0316157423511605,-0.3435174526521122
10.6953125,-5.107932285805823,-6.481375501358422,-1.414818205008565,-16.135714624606624,-0.43369452341889303
10.69921875,-1.202890413432733,-0.07525142132784998,-12.873025011169684,-8.263856422004341,0.6952599904948711
10.703125,5.881635566371792,-0.05730549386321232,-1.0822593360437451,11.498050498352873,0.68231708545194
10.70703125,4.7000721641919405,1.269135532336725,3.959212903034242,51.67623074003235,-0.12603600006947266
10.7109375,3.975357584098282,2.440569907477683,8.722636155082075,30.463918258441787,-0.4627372968494619
10.71484375,-0.17208090609761362,-0.45125584126203644,23.894482188135335,11.634847866147116,-0.13338146273226192
10.71875,4.6777033009164235,0.23952996953007916,15.069240159505519,-36.963169294092,-0.955760043642613
10.72265625,-3.04603023490468,-2.0904192239200876,11.973754078038413,17.177961125492295,-0.24087896732617897
10.7265625,3.6849874769312883,0.6860378272475007,-0.40614815250467196,-2.944963556421278,0.2533827178280937
10.73046875,-1.408671563770721,0.42340419314655253,8.074502997037657,0.6110027689181727,0.48285616025316236
10.734375,13.231195506992565,0.21318595121493394,-0.5620290976643814,-9.21223880356481,0.20893801274490972
10.73828125,2.7020206651321823,1.9504711799508603,7.494177961059255,-30.92722288089876,-0.4316571108980151
10.7421875,6.377650640844682,-4.416960280542985,-7.0655151783391235,-29.56790316087205,1.0457826386033515
10.74609375,-2.2629729599994186,0.942999143421704,0.5380585059337899,-4.269953332466438,-0.49068622423716385
10.75,0.19799367323668005,-2.8394150962040796,-9.304306636416696,-25.100183260358087,0.06983825091231598
10.75390625,-4.84639940318338,4.54039399401365,-9.084357333073033,32.20022337361286,0.057485457995957764
10.7578125,-2.9125669744951472,1.8609330619231668,3.5237985725625447,-0.7445033417504092,-0.31928784359807444
10.76171875,-7.086865587478514,4.945160221474287,-5.368231187938426,47.0202907545646,-0.5836698796636205
10.765625,1.0443141414280976,0.6717538083871316,0.22398060489879335,20.843982685678768,0.3818723667639445
10.76953125,2.6791839037636658,-3.0306055560976706,11.2395325783195,15.192377498220207,0.8003365253568752
10.7734375,1.629781180236239,4.538044836335165,5.148048953991613,15.432095995440406,0.12991015869972838
10.77734375,6.0394247412528275,-0.12968443756800385,-9.738174089260973,11.316561621970262,-0.30014891686944634
10.78125,0.9010920138996927,-2.8982489065864665,-4.95481180703867,-29.007015800210027,-0.5226836587133671
10.78515625,2.1559189324680412,5.772889920521894,4.987881636723562,-30.709746814004102,0.23634492269559446
10.7890625,2.2588951555643475,-2.548877738712997,-2.232850157976296,0.40358944933102947,-0.08258235769162259
10.79296875,0.940037050485549,-0.475763069091253,-0.4522560449871833,5.360159562883702,0.3677748946655702
10.796875,3.1883198409491595,0.9069520192729279,8.825240807944931,5.866852780616178,-0.012833564300018393
10.80078125,-0.5514911329229718,-5.089756062975317,4.944640519857178,-49.20058002351716,-0.12327892996671586
10.8046875,3.377551828105229,7.453828783586454,9.159165708946675,48.669246412377674,-1.0624856912232452
10.80859375,0.7468767527820733,2.1676302832747854,6.592799393335534,19.89738240507572,0.39681755771817556
10.8125,-3.1355759641405543,0.9493913306889493,0.07698967650491761,26.812356384657132,-0.17699213961054167
10.81640625,-2.5064442052320306,-2.6783550779807253,11.983299506771505,23.855843043094627,0.385751692100234
10.8203125,7.998030781594335,2.679828871787553,-6.24405178648244,18.452706064421136,-0.3455255057170502
10.82421875,6.271906701007118,-3.5503728961684793,9.97447204140327,-33.81563572148897,-0.19313847903158868
10.828125,-1.3536601050581956,-6.178639779278985,12.715541772753788,40.10640505610267,0.5782944870772941
10.83203125,8.557706381927563,0.5210644584635163,4.727871250835694,-37.83544803794925,1.7955689010842137
10.8359375,4.912885934893708,-0.6645795003892437,6.070961364627353,-78.11832189475885,0.6095281053170079
10.83984375,-2.100120342970531,-1.935374747707012,6.342383234308426,-23.551354328615204,-0.25684289237691743
10.84375,2.850503106572939,3.367737656084323,-11.954693275060643,4.378185279592781,0.21439816565399702
10.84765625,-2.110073922766561,5.96349745928461,-9.202107306402807,-6.5553998739545065,0.4411433753223537
10.8515625,-3.333991728541649,-6.159741834625893,-0.10840252371606407,10.300473041888667,-0.42465536303495843
10.85546875,-0.013814108331552362,-0.6306958163531377,6.553451320473149,-3.3285690909624943,-0.1444314381307896
10.859375,-3.767949208815888,-1.3499531228080806,-18.913070074685677,56.13528010133068,0.40536049841388605
10.86328125,-6.14971335558272,-1.7189048356444396,-10.512636530652374,20.351222714632787,0.2111547381659287
10.8671875,-4.360550995992448,-3.820017923485456,-19.74764708341337,22.305358531548638,0.27388621479957925
10.87109375,1.6499952949994707,2.197914129170192,2.550001113619426,14.322221701742075,-0.3066200200490948
10.875,0.06641979082932783,7.119133875346366,-13.733422458372942,-2.478805747299303,0.2661145721222999
10.87890625,5.7108371358598795,-5.740085818421399,-14.65807030090216,-8.08307023366854,0.8960457832857912
10.8828125,5.584453665974644,3.3892373242652774,-3.4388320726864023,11.323296930059477,-0.16666152615269092
10.88671875,5.797055704067678,-0.8492765291260329,1.2561057917500649,-34.173821717324714,-0.6550997287538605
10.890625,-3.8086434957349335,6.775806701092589,1.4343253267387053,-13.817213569641995,-0.3823395391239679
10.89453125,0.48766332602419504,5.447251293030332,-11.598768963473326,-42.39132049537778,-0.32072198950548153
10.8984375,0.531425614292,-0.2897586257221778,-2.548157536551515,4.497848199094567,0.543396673663365
10.90234375,3.090223336526969,5.9365225688228636,13.019698812241545,-2.662019166350918,-0.26853226096481775
10.90625,-2.1489585475249844,-3.4290484467548072,-0.5634907447845197,2.970064973187922,-0.11162564165030532
10.91015625,-4.17798563038759,-4.204163703820236,14.301967807067623,-17.671524030550234,-0.3986410454630559
10.9140625,-2.248299932541692,-2.3897644931095603,6.484263713489989,36.70874813755218,-0.6372359649821276
10.91796875,-1.4785430736549456,0.06445690531111008,9.356345491815059,29.61363934366961,0.18714242608802154
10.921875,0.04240394207991567,-0.11221120003347138,-1.1326113334881676,18.54545020622046,0.8560442108638222
10.92578125,-0.0934693267221831,0.5151825526588403,4.474079212302922,15.096626888109316,0.30172341574877193
10.9296875,-2.324878766288608,3.319646549121603,4.618151544988043,-45.85369737183481,0.5349452771894454
10.93359375,-3.7857608800900935,4.8740386832750815,20.190131263250162,-39.04869611407551,-0.64014869968667
10.9375,5.553856350215896,-6.12088511012877,-0.6741915681175712,-10.947096466462279,-0.001283948672991466
10.94140625,-7.456059617607841,-0.8939099666944776,11.713828606214568,-18.51114334290952,0.416223536114566
10.9453125,3.148884993980394,-6.500831737143468,-3.1590827471280454,27.721627223162464,-0.3769905185023111
10.94921875,-9.147328915861404,-1.598890500500526,3.698308033358392,-12.873555967024696,0.5499376191492492
10.953125,2.5941376053161496,-2.19799041065362,5.306824721673765,30.63578509854021,0.34674945567328297
10.95703125,-7.6286162575268595,-0.10206694579088982,-3.23506234191932,18.058025257468028,-0.24935394628175264
10.9609375,-3.9741597697716102,5.657208079996736,7.501435289391094,-11.06062169740386,0.00496216746477333
10.96484375,-4.374985255455205,1.8069753174200303,-16.178225012992524,2.3318980678211467,-0.6649015102025175
10.96875,-4.360027673971654,-1.855637451646058,-12.39750323416108,-6.654686531359625,-0.2804499785831803
10.97265625,0.8605963370292117,1.462647073550522,-10.777408719084185,52.73213607510622,0.29496308302034074
10.9765625,2.4748687627866,-2.4923144331758604,-11.122173654565902,10.936661828344675,-0.4540838511708683
10.98046875,-7.931602308019062,1.068740190914306,-11.46063014620182,-57.45395157751083,0.1381858551185036
10.984375,-7.09828627123485,-1.6232087314914796,11.708818400065729,-16.73738048141495,-0.5935782706264746
10.98828125,-0.3056244266851879,0.9174403154137181,-2.326326837299538,-23.274776944956976,0.24843449377929358
10.9921875,1.627275940658281,4.899805647546092,-13.38010319963289,-7.250068310504949,0.03505961271684161
10.99609375,-3.304399782506937,-0.856703694899441,9.021010440222136,6.263669658897106,1.111009278727848
11.0,-2.3353186804162065,-2.153101636836838,5.319143874937933,-33.76602349764947,-0.33605081220353505
11.00390625,-1.7135006902336738,-3.8409067848681024,2.449044916012828,6.067851807413253,-0.4773864562298541
11.0078125,-0.18002275223598044,-5.161887677369357,4.588044843649953,11.624478737144468,0.6475741491181909
11.01171875,1.9186784179513197,2.2760213468468415,-2.664926912745635,54.085882498870774,0.2895475245930154
11.015625,-7.07346192850642,-3.251191304561096,22.35415357151657,-8.95389365379964,0.003612890293475221
11.01953125,5.196969891496761,3.553738534112057,12.153094605191448,7.015221131369323,0.6605372905658534
11.0234375,0.08474745147315103,0.06948711709772501,3.446192539155649,8.167501383209569,-0.02371267348420623
11.02734375,-0.09378291796065338,2.893139108745473,-8.283274938699563,-7.6646732449017385,0.6666957048096649
11.03125,-7.971059316562609,-5.6039694412357015,12.69248718523896,0.8865457934795593,0.13512553679977501
11.03515625,-1.3029610605471589,-1.504569729225381,6.201057972047871,2.398189431491687,0.2567482057085135
11.0390625,5.4775539304631495,-3.74124212292602,22.893300219766232,19.491755208542365,-1.694515745460083
11.04296875,-2.7968714038900653,8.183372244043866,1.611239689487711,-47.710528286578665,0.0735889739378772
11.046875,3.8488651102190685,-7.731311485400262,7.311419480926043,-5.861028520464414,-0.6791844172134259
11.05078125,1.9906652513557472,7.766873714323363,6.073666921433362,-1.6194923133468704,0.8555542305816614
11.0546875,-9.841077880953739,-4.247566541374416,-0.06251117639344894,-39.09662484544722,-0.38070470033917886
11.05859375,-0.44774287857956535,1.9112520949178908,-6.565578384139176,4.657905319586188,0.0758356573305592
11.0625,2.818040355568217,-5.684255559904491,-10.389348194591623,42.308344342927526,-0.4155827345870214
11.06640625,-2.3469867162684936,-0.12400757096827852,-7.511381095154443,-9.330191738231733,-0.6482466872292754
11.0703125,0.0865316881726191,1.1880239207346563,-5.321434559235419,25.999766059056512,-0.5335385548668288
11.07421875,0.6644506015293888,3.769229383718668,0.5158564451997307,30.27171824382051,-0.20306147691463888
11.078125,-5.485901429906459,-3.2913066586691193,-15.923822714443713,-28.23146869142854,-0.012823143160670082
11.08203125,4.520005096329664,1.0037421157154525,-10.10934687128178,-10.65908073699234,0.28231009372977395
11.0859375,-3.8935973640919608,0.17778790290841662,-14.392048887836717,-57.38245404066265,0.1895107921626442
11.08984375,-0.54021700058822,-2.8108838812669443,-0.07999564628047562,-30.220251162845777,0.39389425571375486
11.09375,-4.136772533188854,-6.414774848548113,-1.7770536030112867,41.73459158257483,-0.24511726574740275
11.09765625,-8.494718836624141,4.8313224180008465,17.40411882448585,-8.8189128945437,-0.46158102924536404
11.1015625,-1.9632883185642993,-1.9115601478415094,13.100325207465568,-7.177137680478159,0.05944629191152808
11.10546875,-3.8573175344657145,0.7937461782958912,15.556137026310454,27.54548877103347,-0.6412565938413824
11.109375,-4.2644278128842865,-3.0748483874779056,10.425270748663518,26.8416252392625,-0.23340164068905184
11.11328125,8.8621930120509,4.892817177829207,2.1039559718457452,2.2767196644554346,0.3970852852997989
11.1171875,0.07938674191901875,-2.1638616004083406,7.878838560534355,30.239444448881457,0.5738923226064837
11.12109375,-0.9686976868773648,5.740327568776205,7.803064898858798,-24.176904853789676,0.2083223599268186
11.125,-7.02489241596412,-3.0544506286565882,11.512990337094841,-23.646823686899353,0.008619859962388014
11.12890625,0.183275206162918,-1.408731369758434,21.326362428664666,-28.562930626529926,0.12378842641334292
11.1328125,-1.7254711697602156,0.9631487386289084,0.9261751969222498,-10.78595811727827,-0.6275464128573153
11.13671875,-1.409255847429544,-1.2358680999651623,7.370029026771883,-36.433573267510646,0.15068017285732305
11.140625,-1.0895947464041444,3.133751284588901,2.9044511491693554,23.102835273160725,0.20118547675832418
11.14453125,0.39759396520617163,-6.084350962552982,8.613017483951776,-21.447540106903872,-0.11637612780008637
11.1484375,-2.5569198935998867,-1.877083763988034,-12.375503945027237,-10.00496180799928,-0.7713265069827734
11.15234375,-3.4886176274346825,2.0872108735448798,-5.811935679825726,39.25077991252097,1.197466770289285
11.15625,3.4998803859078986,-5.670146756324495,0.4354976408095941,-26.15176986449959,0.502734314950908
11.16015625,-2.136733357829206,5.497454571504559,-6.8644091343945215,12.751104396558882,-0.30061651996866934
11.1640625,2.7632436262519477,-0.7532370816138734,-4.209931758417946,-30.662405151999188,0.45749286103786807
11.16796875,-8.082008657982168,-5.3326481879367265,2.706189786962333,40.252309707797885,0.719762382346942
11.171875,-3.8030425533006893,-1.4103407431559722,-0.24113263840812404,35.47500527436283,-0.5944746669536733
11.17578125,-6.16867327980116,2.674754510298106,-3.8820936234244092,-7.400714552035584,-0.21219327362095794
11.1796875,-0.11880851182656182,3.816056292206131,-0.048478465878237564,-45.74131142395889,-0.1222646158355725
11.18359375,0.5945561511374438,1.1930473135756798,-1.5844282279432411,-79.74988936077413,0.2416139968003705
11.1875,-6.039882520486395,3.5485601202283745,-16.810123855607635,7.440659900712475,-0.4091858570161786
11.19140625,4.086616874060944,-4.215022194733545,4.835729977148686,-21.25079033787298,-0.5502666452046302
11.1953125,-2.339401197953043,-1.1405958678629031,-12.81017204792089,-44.69377133825505,-0.36523630238703525
11.19921875,5.722882186884449,-2.728556699872341,4.940697743655062,-5.958695364807506,0.1473768762257036
11.203125,-2.0195519203068635,-0.7396026436886926,1.2086953666275422,-23.594920393981205,0.1098591053999027
11.20703125,1.9613318475551045,-1.1430301572938317,-7.322582184258004,8.825602895232802,0.4896600678874339
11.2109375,-3.306992779181456,-1.447714767691741,-9.359356182198923,70.49654280259361,0.09441421394883659
11.21484375,-1.0144201424797143,-2.0349882508218196,-13.03815071909995,-1.6399021288694833,-0.22634317032681855
11.21875,5.556787648259058,-0.5674646668813882,12.234609405476224,29.891924057708017,-0.5469802999904934
11.22265625,2.283358339044766,1.4114670110243124,3.070145706525219,-23.36883904687419,-1.0665587874828821
11.2265625,-0.0075391449354079015,0.20373758970067118,15.496932162525464,-45.21636382557924,0.5964422583500637
11.23046875,3.8818240378657674,4.058544771812365,11.337432706878815,29.678106136576986,0.02957431565467254
11.234375,-1.2014193376436233,-6.172205821245956,-5.784377944191676,20.887744596454947,-0.9899145763242464
11.23828125,-2.09565129129424,2.0731288091934745,-9.103065695473047,-4.129010173634601,0.643997127988997
11.2421875,4.620529196519336,-3.621462626044017,9.401691346501185,12.625347141177532,0.6769483551743276
11.24609375,-4.319692785060846,4.812432394893383,-5.017005753028825,-75.80604353137,-0.014951623095132538
11.25,2.3181236775909837,0.27475896669957045,-0.153231865386561,17.1195924915495,0.5717295923196134
11.25390625,7.5043022070992915,1.2914375112523855,-17.493536084826903,-29.61006520974563,-0.4155029222668782
11.2578125,4.537969661860972,1.228471712171781,2.8201132128950857,42.098227622645425,0.07843093495120244
11.26171875,0.6868245608507734,-1.9756441109246412,-16.617827618835456,-28.849014360701947,-1.2768647529689012
11.265625,-2.290712938417568,-2.121448928510735,-17.175541947678653,6.35275300107042,0.04754953843825376
11.26953125,5.937682705633838,1.4797212086529419,5.05112461266612,54.02716150583261,0.8426163397452229
11.2734375,-1.5406830765964374,-7.595018199314682,-14.831062374345333,1.61247149671438,-0.27315706302372667
11.27734375,1.5474970040491152,5.52204068576887,1.8484224174222401,10.825100283962355,-0.7372639360332635
11.28125,0.6193682027276927,4.367019307572891,-4.191262754601959,-10.976072279424187,0.9960907012262212
11.28515625,-2.618465882746508,-2.614791085410662,-4.229583912796636,-27.239711643048746,-0.637826754340806
11.2890625,-1.333958331623329,-1.3395870876536145,-6.494229637580743,-34.97102565566202,0.16410799186419742
11.29296875,-0.39320672983380894,-0.2618363394921683,-6.419290307006574,-30.332374988172376,0.40344451053896696
11.296875,3.2005963833441458,1.6374636365288846,7.135340912078108,-22.449653005703883,0.27527159549222124
11.30078125,-0.8674967687339832,-2.648816996998447,1.2102329122307443,-12.44167532809426,0.33562712670116757
11.3046875,6.571180086506203,2.7443157183159954,14.843517160231148,9.16200133267775,-0.12690895445043618
11.30859375,-1.0557609712979878,-4.4251112641439425,7.371035351286787,-22.204410409596573,-0.4483428640307039
11.3125,3.2599332562211925,1.7079026915173436,-21.152645448304533,26.147920260568263,-0.7219332251309039
11.31640625,2.204634751036741,-1.911855876800687,-2.389297601512542,2.1415083188629254,0.6175461658824645
11.3203125,-2.388163950514706,5.19590699921796,2.440133451924916,63.86282648110449,0.47745597814024376
11.32421875,-1.0937641116386714,-1.61398516606289,7.032571595978116,0.997763061120466,-1.023992497988126
11.328125,1.5295952070284056,-2.258292629733911,9.727426137691426,-13.800306896210781,-0.19879896463335234
11.33203125,-2.122759550131177,0.32859342337715725,-0.005093929896355043,-46.327606305175635,0.7202487274267065
11.3359375,5.793981049170399,-3.220502518269805,0.02024504197110666,-14.969278884598832,0.04645119831748881
11.33984375,2.8097450711181158,-7.021963175992507,-8.97512283951265,-22.74876310090089,0.05888715221793364
11.34375,4.892171049528893,-3.941648015651677,1.2775236435805184,-15.10872503395851,0.06492062347082218
11.34765625,-1.5350615175873212,5.317706358863599,-9.55020707573796,-44.584168731360165,-0.2328981155103477
11.3515625,-4.997130186961787,-2.735574888495001,-4.044397794461015,13.642623564659859,0.1040850273731959
11.35546875,-8.179587801699581,-3.3903638759738888,0.7209709695358497,-10.785462873028967,-0.46890887461375835
11.359375,1.0020241565779988,2.2483856301209304,1.9189672093395362,65.53477624916178,0.5002360291618873
11.36328125,-1.3246180384015735,-0.12633531137807338,-10.187909686875939,20.963877953172517,-0.2912624485011493
11.3671875,3.3996643631567625,2.6682455496447264,-16.38973236287776,10.249147695924295,0.5021088583079274
11.37109375,0.0373602284041452,-0.6206194715375043,2.424453138916995,38.06940669235875,0.2861272431035049
11.375,-3.642209464379873,3.3111426732841927,9.966237993420924,-3.888249084621503,0.4187285364002447
11.37890625,1.0743803224863075,5.61073958548924,6.156692680355999,-23.25285772654047,0.11536610715109805
11.3828125,0.6811204615528591,4.031243849413291,-7.31146346760414,-29.959842223200987,1.1038431589170739
11.38671875,1.567754704826196,-3.3468921433482217,-14.020917494800479,-72.34485449443034,0.09023730923169165
11.390625,-7.794214135016814,0.01069266782178939,-1.4756046863030863,-8.605556253536141,1.2140577180804317
11.39453125,-10.217692810998587,-0.5495730485559374,-9.199799238730202,-39.9284956510443,0.4881295273165209
11.3984375,1.1763197567719654,2.8095876158583417,-0.06426157077111239,-20.16906379318635,-0.5987730306875637
11.40234375,-8.559949773350107,-0.0369846890681751,-5.121225300662549,6.71612209659108,-0.21325461200123405
11.40625,1.0522531335735932,1.9990208065968562,9.928117749208186,31.05456671045125,0.5783348861215274
11.41015625,-1.8504095264784224,-2.0478020457325017,16.88134925124338,10.591604509913907,-0.4959112147642089
11.4140625,-0.2752058253255374,-2.05355546367993,0.6299007806092471,14.441490220198752,-0.19493242607265987
11.41796875,-2.624772996500167,-0.9527352361687728,0.1417395574670044,21.261420036699384,0.34702937754039126
11.421875,7.951402763976929,1.7893861664486672,3.296021692442201,31.95194904247008,0.849446089474321
11.42578125,0.09398461346110745,-1.4827387496228082,11.614781220967796,-6.579705886094565,-0.11609874718289444
11.4296875,10.075538127533449,-5.220722035496534,-0.9329596051686426,-4.260988373401401,0.2249067963752167
11.43359375,-4.7592446925874095,-1.2583622472290947,-7.665600949944221,16.815624933471074,-0.2930237425962308
11.4375,0.14867340527629327,0.5072740748037733,1.1907683083447127,-23.69792715198949,0.3881213675475504
11.44140625,4.190503732967074,1.945924756703321,-5.282620171271304,-11.866458084360755,0.6934657139321629
11.4453125,2.1310072712169457,0.12918633172487476,-5.0755529432359765,-22.065465230374993,-0.866203129895921
11.44921875,3.122736390070353,-3.2533791936018206,2.1019614989995103,14.268345758411968,-0.03017239158555138
11.453125,-3.0207332993911193,-2.066526820480007,-22.821349392255936,12.849992845982111,0.18709873724456086
11.45703125,0.09214081101052034,-0.6721048847140506,6.873676720318747,10.949945906667143,-0.6422238107842322
11.4609375,0.9754260137835501,-0.9339451420467001,-7.452394889818154,11.016445845534982,0.08558597907858147
11.46484375,-5.304175920350753,-2.3234772088206137,-3.5833447595183774,17.604275607739968,0.5991555067788862
11.46875,-3.8252518093529395,0.37167162458107167,1.9402331910534452,17.347730935225915,0.7410736601294192
11.47265625,-1.2401068357046774,0.6363347561237025,-15.482984859053087,4.692982862504083,-0.30720883139627786
11.4765625,-6.145758443736948,-3.0872318714927753,-7.070091988871781,-1.9386969684911994,0.19326308449653923
11.48046875,-0.3176816577285711,-0.1542306233445118,-13.224126987235735,-37.0893686246805,0.48685125068826984
11.484375,-0.0919581935241684,4.403398597671681,-7.004703917793613,45.210869595494,0.7135244283506325
11.48828125,2.4501329507372143,0.8110875521719494,5.78721278406903,-33.25304823392986,-1.0304702182377212
11.4921875,-0.15753438345975723,-1.7109765044287553,-7.563836400220451,28.351594155120715,0.3801858360008855
11.49609375,4.805567816890912,1.595745440133255,-7.969027435848153,-17.818898557224152,0.5471167272348648
11.5,-3.5041865196430657,-1.8485724431093022,-3.308604674034488,6.946170068384237,0.8271405685285173
11.50390625,-0.9106256171993582,-4.513757658746798,-1.5201405498116547,25.51807992398594,0.08735478152637277
11.5078125,-1.9394698415333502,-1.2772033416899402,-0.47278082156556156,25.208858822517776,-0.04901580293649862
11.51171875,-2.419960866421566,-1.2128660553398873,10.174162123981482,39.256077123394206,-0.0683138047842695
11.515625,0.4854835818911176,-1.0703127843099256,7.50529063912629,54.55703953376297,0.32516267819656236
11.51953125,-3.483146884791424,-2.8636767068854363,1.452234312619653,34.77801675702913,0.9486719143629808
11.5234375,-0.11303389143727859,1.4674369700514593,9.28859196604366,-13.871313486083277,0.038256334513909696
11.52734375,-3.83858472990407,-0.4779138924523177,10.291128707556638,-9.33799921315375,0.5284573125370665
11.53125,1.452494855561605,-1.5364232670273656,17.99697221866269,-18.57439036763999,0.3003857931951108
11.53515625,-4.696237505632401,1.5820521471644862,14.182755253446963,17.804342204136265,-1.1802056519501283
11.5390625,-4.322716038466116,-3.4805688451946595,-3.901644603737367,-22.239803796675336,0.6021342692362548
11.54296875,-2.4644306707826797,1.1634477987679894,5.839982057919739,-19.62301853598256,-0.5306443006711659
11.546875,3.969747629416148,-8.921377527404745,-0.72622284483946,-17.16869831901129,0.16055860558983762
11.55078125,-5.022052712956845,-4.224434354830856,-0.8329804819990054,-3.887124146416774,-0.3569452774345906
11.5546875,-8.198874260093847,1.9971681029813944,-4.5129892511761085,-14.359604269077465,-0.8627876669008627
11.55859375,-8.416376135447642,-0.053203402989082306,2.4053665410506673,22.336714834155345,-0.14650646320225147
11.5625,-3.222645881530622,1.7663716933087796,-8.595393333734531,78.27946830908857,0.27974726826443735
11.56640625,-3.5606262367022734,0.059236208623376155,-0.2494362006941211,44.67800010551619,0.2802817955435429
11.5703125,5.079514884465166,0.547677628723703,-9.646981641251354,25.757680956141655,-0.34860078447752274
11.57421875,10.429700824513823,-5.131216238518052,-5.770618193682069,-17.873575928508366,-0.2814363311352645
11.578125,-5.577462769068338,-3.0124985308633656,-6.82574646929254,-24.423592465728333,-0.5026588639447056
11.58203125,-1.2930224260667127,3.5403996957214776,1.8974429445877465,-10.912065269188627,-0.13206536062516608
11.5859375,1.5930838493542612,-4.851730574830857,-0.7622320913198912,2.2860896633249617,0.17705898656082955
11.58984375,0.3372613047250462,-0.31431246878083624,-6.507295358413132,-4.6410361198857935,0.18416222989464862
11.59375,-6.744466275349917,1.0565778491632374,10.974729344040549,-36.92493697887464,-0.5760617857538177
11.59765625,0.91916991455119,-0.4334882228808381,-6.339789695106456,29.92538616594704,0.19962435625334568
11.6015625,1.2370648463818914,-2.882451618902074,-8.898959848710644,6.4297929114507815,-0.3310137422912639
11.60546875,-3.7352954035954644,1.2805685337358477,-10.315443866467472,27.824694979665345,0.0966265126382725
11.609375,2.6855764585951993,-0.6827092453599688,7.8493238889683985,70.8025520600173,0.3953961236068504
11.61328125,6.394145053518968,2.9706970726506974,3.8067637270852663,-11.84286320602563,0.3448751030286716
11.6171875,4.223071686310508,-0.291238060685555,10.797475080088702,16.87254961063978,0.5630076865962435
11.62109375,-0.22406729770758968,-0.20111433783631993,0.29032879624428,-17.71980203711236,-0.5182701561399906
11.625,-5.077128034911884,-2.6178821121784637,1.1516511179445978,-26.505084398298905,0.15466281977693652
11.62890625,-2.463576684365608,-0.5666771046623417,13.691536121379421,27.697219408958365,0.09956052902635404
11.6328125,4.39619638311239,4.357970853432348,12.483969441503024,-79.32321512028865,0.8048574730653433
11.63671875,4.352834986695193,-0.4206013481095203,10.890791626435606,-46.855819433049845,-0.38368436000244477
11.640625,1.3955780308244854,-2.715324657319802,-3.7642224682350682,-24.884122995310822,-0.08078694024017109
11.64453125,3.9869206922921565,-1.666877135311944,-7.3129278332133625,-27.75143839498756,0.00322012060516448
11.6484375,-0.858682878110728,2.42675009388272,9.372423324458659,-1.4775562454371585,-0.20430683243822803
11.65234375,7.900359587835417,1.378319475447976,1.2025165747057147,-27.895813698717493,-0.261550025658751
11.65625,-0.6894818786298561,2.1620533815136467,-9.21589198999681,-22.457717770565488,0.093481546503811
11.66015625,0.04100167897154379,-2.379511583417673,1.8659152319393932,-1.468443972926483,0.3252534568495628
11.6640625,-5.014178429607678,-2.95995913631117,-7.431956966246323,23.61133251433428,0.31428673898473447
11.66796875,-2.457946772739775,3.5810281489086417,-2.3076507756702687,-14.027701993564243,0.9590241590789318
11.671875,3.1819197910381054,3.3359905566738632,-9.053098497503075,-11.475217112188734,0.8022985079336606
11.67578125,-0.21607486759052366,-0.4905214633661095,-4.096512839256859,7.217761037254183,-0.013014255706621684
11.6796875,-4.766031659033527,1.940991677620186,-8.212704032516317,-10.685990331491137,1.2761747834985313
11.68359375,1.2374312787232735,-1.3530236153687834,7.3419321896046235,-31.283723816206702,0.4633723936515104
11.6875,-2.608760520824283,0.2993937220308509,-4.32870584855618,-35.68028001208899,0.8689034866921735
11.69140625,-3.2639588610955066,-2.6601183586421158,-18.139557462334924,10.12821425931239,0.6251813479484758
11.6953125,1.6093215201758315,-0.8481354077015643,-4.035142489333217,-9.891795001760093,0.7926011838608041
11.69921875,-2.075593566802135,0.3258696435126171,-12.129588676177667,-3.850910273351281,0.22755174408794318
11.703125,3.2417742998366275,0.4733958016233609,-4.37031143508488,21.135936863645156,0.18682845420653266
11.70703125,2.360432437146335,-0.8549751663717583,7.810354348871696,15.390713729662082,0.036412879388265366
11.7109375,4.922048047288287,-2.6439786846303055,8.124406069032583,-25.11419960398015,-0.26616315065836393
11.71484375,-0.7350357576399512,3.4391307097629755,10.52424469871868,20.408205131316876,-0.10493168074897936
11.71875,6.212028181023095,-0.30416352314403694,4.691993738049118,62.40802673768529,-0.17499163989031302
11.72265625,0.5032072740595093,1.3652368777561477,2.8255214682044283,-35.1262136831979,-0.10867836219156732
11.7265625,-4.341391471987313,1.4779845663465354,-3.118678075178458,-31.36320551841645,0.2748033121525081
11.73046875,-3.0508942112263346,-1.0665136457733717,-1.3812223163789357,-22.57764874311184,1.1884981611966419
11.734375,4.461931454738433,1.951547547284667,10.05715711354827,-24.782453040886285,0.6885321913744623
11.73828125,8.433452461103919,3.427127824859399,16.387374571725577,-14.708298493727987,-0.3552335609875794
11.7421875,-0.7803849431226086,-2.1205478574081624,14.545008155997227,-2.6268787402383147,-0.08903437167061826
11.74609375,6.478960404863133,-2.9529091698044807,-4.551635355724053,-8.630350712778855,0.18494341815865412
11.75,4.022989643876738,-0.20393737875681733,-2.311832338956866,25.311479954802884,-0.31393173643240546
11.75390625,1.10369627850935,1.5577490386407398,16.74273837021118,-5.002671498228052,0.19384064819317492
11.7578125,-1.761658779795837,-4.002065490654146,2.3108042392430956,16.117059708646885,0.5720742810774481
11.76171875,4.077827234999994,-4.099699620850954,-15.66609872476858,76.72850132566515,0.0008874936894030131
11.765625,4.559801382338474,1.1932658257424735,0.7682540151367983,-29.37725625435451,-0.15663518064955786
11.76953125,-2.2066722583306926,-3.400994964031848,-7.5554438907388795,-22.689215029726746,0.7894815278938966
11.7734375,-7.838982532452659,0.21822426372295134,2.827648746008185,10.617147518891176,1.2741082572517237
11.77734375,4.1811722093616135,-2.1418775204263922,-11.526175995306897,-2.951303848269153,0.6414582982872605
11.78125,0.1319123726475779,-0.9620493666709514,2.455752469898952,-30.012827989629848,0.4952910331052953
11.78515625,0.9260741097673518,-1.5813931410326156,-5.006271500873477,-39.98946617243004,0.034801128016413156
11.7890625,5.216601342370884,5.73639447900648,13.706331909896548,-41.66808237577693,-0.12171401025979739
11.79296875,-1.4582491035322227,-2.421367382558299,-2.5079170346985826,34.79662360146467,0.6909505969298259
11.796875,3.068303077707324,-1.8422002242692481,0.8259384488910333,-8.29379946800074,0.6322656543252766
11.80078125,1.5600756825864568,-5.456809233541968,-8.094392348846931,27.93999963726964,-0.2761224174335682
11.8046875,2.1605599203289954,-7.097993322751871,19.439474122639538,-25.553491345473702,0.5215977966493615
11.80859375,-4.312169420605171,3.6574171595293254,3.002924414666802,-10.86419864938058,-0.2788773745216264
11.8125,-0.3385931305747093,1.9188203609797179,12.71884711676738,-19.419982144628584,-0.44462210989047823
11.81640625,3.354606703051467,-5.420396539800225,11.037874595456742,17.84258284230519,0.6957926388578054
11.8203125,-7.301505198443684,-3.6323037727612464,3.4624436345877685,26.969347821671995,-0.13765753453506765
11.82421875,-0.7088609406611299,-4.409040333842046,-1.5170709027538418,0.3969325217471924,-0.08956200127912566
11.828125,5.143580041695619,1.7600712973775459,8.385951082951754,-24.125833431490435,1.1620276032958006
11.83203125,4.827089934692303,4.222473083158069,0.240328673374961,-31.22183871603927,0.5185300129863427
11.8359375,-7.157401977731717,1.1619090681531246,5.840792179469908,-2.7460737658896903,0.13002163322838994
11.83984375,3.5165414142011158,-1.9091683580591587,-7.617686024315086,11.519654257475636,0.7165675263951815
11.84375,0.04979692765908941,-1.9942175653892424,-0.7874461423141146,-52.20114208461716,0.6454994827394508
11.84765625,-1.159432426531404,-2.1983162491036023,17.842981542228916,-16.666210965195795,0.3183279903894018
11.8515625,1.4990426785160904,3.551027445438224,-0.4060688177765085,46.70993509478102,0.41136425578186325
11.85546875,-0.5539792825811385,-3.787056847563276,-5.123512048667022,3.168882392181846,-0.24754479233922208
11.859375,0.4374792881987599,-2.247210689611461,-11.308968578251328,52.15960046663939,1.6562310559077926
11.86328125,1.5139924912486153,-3.9951283533363595,-12.234235189151033,7.155583912931231,-0.39919605690977866
11.8671875,0.6035969979135597,-3.2072312081302634,-1.8056049839581307,25.52992164566558,0.11147349620650047
11.87109375,4.887409275603064,4.237361555523395,-4.6495092565533955,-7.754194204197612,0.29147034733254384
11.875,-3.145586592686665,3.4332867830975924,1.480315273994404,17.115095257427914,0.10614203136366307
11.87890625,-1.7619177683321816,3.7392506545746533,6.20735229876844,3.3598425130044536,0.6009768542805672
11.8828125,2.3010242360836726,-5.198664340736948,-13.36221060112198,-73.52647228145055,-0.7137961614250233
11.88671875,6.630015108430883,-1.5857909266173087,-0.9294372816246028,-3.031160910120228,0.3678605279849648
11.890625,2.637746199350912,2.8985748067107644,-17.17621583952719,-38.8138920449194,0.3319770772144405
11.89453125,-3.3058469600327656,1.3544598183295733,13.664564229437557,69.81201320131741,0.19237787131982192
11.8984375,1.6706288694873084,-0.835508483946745,-3.0019217166242402,8.708707840608607,0.5573646724025685
11.90234375,-1.8897391234889596,4.41864193562059,-2.274157108393796,8.773413309952973,0.4812823255784782
11.90625,-2.827931698502456,2.511501758325455,10.000506668485965,-6.29049270928456,0.3772400643821813
11.91015625,4.102416737285708,0.2991743665657602,14.366981100129959,57.08549665563567,-1.0407137705953102
11.9140625,-2.1134659876606516,4.159604107508564,-5.283283378147038,27.68030047267834,0.78222708780172
11.91796875,-0.3682237312242436,-4.253530132545942,18.82451230103276,44.896509669372236,-0.4598582888754308
11.921875,-6.1171035186873945,-2.3150141901034815,13.613117453397354,20.69995808815944,0.31015952607200437
11.92578125,0.6079396200285008,3.54996801015683,4.715898862778891,33.31890622861805,-0.16928580289460957
11.9296875,1.8494977949576195,-1.788632217886209,0.16884638508061833,-5.7028672366842414,0.09383309127369506
11.93359375,-3.5019224483905926,1.402847382606189,-4.066474103236143,-8.900048865345521,0.4682344617908123
11.9375,-7.39269657669556,-1.410932972148715,2.0591825750294603,-63.95342609598845,-0.36372826074109416
11.94140625,-1.7555594995229011,2.157773958304853,-1.4080972437763788,-56.17410625838347,0.5596640928474929
11.9453125,2.5451962105982218,-2.624457609877391,8.926130233202757,3.9354809732656495,-0.6172262077511518
11.94921875,-9.300704090980265,0.12926826332175947,7.150272052923729,37.971881645902364,0.7558013686229373
11.953125,7.94170711333259,4.672225353726934,-0.8393947845584468,7.1138153186404285,0.28909737384915846
11.95703125,3.0428887173502024,-0.18402083970427352,-1.1640940994733904,2.4326359064946104,0.08193515544622323
11.9609375,-5.33026894255043,-2.0765475093228067,-0.33743585376189733,45.55703247329599,-0.08580756822624964
11.96484375,1.5275740385151655,-3.7763726555015733,-5.023029336985109,10.267278158975493,0.5338921201498151
11.96875,-1.935996231280894,-5.521596447072288,3.317039351814411,28.03703660106443,-0.486609154658263
11.97265625,1.6713476311226885,4.171944276875944,-7.707030585194222,42.30812045879176,-0.5276050447973545
11.9765625,-0.018612871049544337,0.0008666345966350086,-8.467073362762438,-24.04652289617804,-0.20820524314509592
11.98046875,-1.6610534597421422,2.2316707545026446,-7.118376131316518,-25.358174518224914,-0.19497049472282518
11.984375,2.269205190342021,2.495241677972672,4.783125281754434,2.868910336678674,-0.43787750650522567
11.98828125,-4.555360418095626,-0.04600953744736182,-13.192487870037331,-57.79536655823405,-0.2955298023733436
11.9921875,5.40560438996695,5.10068107570337,-4.819557004357016,-45.741098147391355,-0.03014951510886747
11.99609375,-1.3567254843448722,0.37599123128484474,3.1888614420244537,-13.48166883264685,1.0574619003125847
12.0,1.0161055398419419,4.2810631166883795,-5.640448740150981,9.389371914906878,-0.5021915144971637
12.00390625,8.962439279044984,0.294795716718266,7.01259667630349,17.433692482437124,-0.24363794191211516
12.0078125,2.42714596124652,0.49198332664472677,-4.628643438314273,12.886955003229332,-0.37427860809566843
12.01171875,1.8253778543295331,-3.699521976047942,-4.884961822862001,-0.7158714286802557,-0.05995309333435122
12.015625,2.6926774804904747,4.299806683230991,6.701844480918817,65.7119826850687,0.11699229465553639
12.01953125,-7.405648971434854,3.366839700653305,1.549423565751968,-1.1388872256463838,-0.503360329668225
12.0234375,-0.13504880108321932,-5.250803525141141,8.142657016242985,-21.733367159118373,-0.3491595668605186
12.02734375,1.5099962097146082,3.4830560629562326,-8.21110592242553,-1.048476240657143,-0.4565009340132978
12.03125,-1.4910081309840086,0.13871108650935982,3.536123392252028,-12.837383894516199,0.021498719764032385
12.03515625,0.27789970697131655,2.4256154400680616,12.952313921739202,-20.14454499850419,0.9476976972632994
12.0390625,-2.368144777144007,3.3626617042037514,6.940345154179253,-45.73781735878785,0.7459149127523501
12.04296875,5.901173664517996,1.0926382485237245,11.117634985184619,-35.15835224842513,0.8980000291155354
12.046875,4.200315472072331,0.6382294392846359,9.558348231442604,-16.729395445555,-0.1738241688655822
12.05078125,0.44415010657741116,4.0950724106483625,-1.8667038729086878,-40.45444355191659,0.0036190746460373706
12.0546875,6.216250032202456,-0.15462678393698437,-1.2830604808380814,17.885027168375043,0.27716166821338784
12.05859375,-0.9316964836576248,-0.1562269632151973,4.190492331438625,0.05059934778383379,-0.0576640061128794
12.0625,-3.1247386121700815,-2.117527054976815,-1.7139981412862324,28.68774209314593,0.12897986986667023
12.06640625,-5.135661548216921,3.4567416626719094,-19.50543947555566,51.82046278178534,0.4669937879918213
12.0703125,2.5935412366469475,1.4857578543426695,-4.197451156390844,-32.78959674152867,0.38800551910428843
12.07421875,-1.5698378972929359,3.934100174534281,-2.5831111808263074,-22.1086986149801,0.08178130111473825
12.078125,4.95613599324055,2.1389623774147113,-9.41057878770093,-14.86019564004112,0.1205907588350858
12.08203125,6.120543321347604,7.095148958100214,-5.51298079660441,12.57230659902823,0.08224397090072447
12.0859375,2.446597160471941,-1.8191137624150444,11.622717750408588,-45.620350593265016,-1.0668460889371003
12.08984375,7.924370704705139,-0.5231282344852556,-10.122284136073453,-20.935243957264134,-0.1069639449555202
12.09375,-0.4075506712714177,3.6668249974093134,-7.6563062411099265,-15.821315453112234,0.4144566383413767
12.09765625,4.591556840673485,0.017520128257955056,-5.160761648778202,-26.80434255305562,0.028574419611899708
12.1015625,-5.360724916425488,0.18038737376664365,2.105240166836224,-18.323108894859466,-0.6592832723870248
12.10546875,6.000414728055254,1.2830001731960086,6.680237461791957,-49.19495881928886,-0.4240506426526845
12.109375,0.5347880583049162,3.557772156157462,-2.914757542409515,8.6941834369653,-1.0702225824358538
12.11328125,0.6752372734276707,-0.7375091546491142,11.27928340451179,38.887285059233854,-0.3112682247881107
12.1171875,-8.644196180980549,0.0014193601532284592,22.090175692147014,31.21233443967756,0.2384252266910097
12.12109375,-9.15305260177002,-5.47489958414028,-1.9495158597742455,0.24733544309925826,0.15627645183488903
12.125,1.8519212674173937,-0.24958984969253586,7.766969937245447,2.8187317660537525,-0.1088225513154581
12.12890625,0.8321303397646351,-1.912002402803965,3.9091024784447193,11.479672477787666,-0.45106345211614357
12.1328125,9.63252725623849,0.1819426017078354,12.00813103684208,17.04681136726416,0.20122354756989175
12.13671875,-1.6985002834675325,-1.0999948005407187,-19.465353388824262,-38.22482216287524,-0.6028716919174448
12.140625,3.2957253807239915,-2.102547647458887,11.394630390585297,-33.02383880875402,0.8755447831282251
12.14453125,10.281372771147648,1.060153171586834,10.871448621067048,-24.230051384315658,0.5300772973246621
12.1484375,-10.837236230668529,-0.3817181148030201,4.936875314357346,-10.105138847373777,-0.16777843353713398
12.15234375,-2.3889212437442233,4.016630006251485,4.890507108226629,10.675035519999046,-0.3070664529871755
12.15625,0.3996730182618902,-2.1857297013404837,9.869079753718731,-11.288995707574816,-0.06305080918983737
12.16015625,5.066469668402466,0.8780659146816869,-6.449326815450394,-1.1926789462231504,0.6789805350895927
12.1640625,4.133020174007852,-2.2711301917027527,-4.919815861570829,-22.672047419941066,-0.4604296252690341
12.16796875,5.021735024254864,0.3417733351075635,-17.03946245349885,28.782697774110126,0.04833200275770742
12.171875,-4.467136146940677,-6.901560103749192,-21.583799737704762,33.096371835378534,-0.06252604194750627
12.17578125,-10.939249932488302,-3.297459517954239,-7.331903107893556,10.201601636928576,0.19446405148237436
12.1796875,-2.467431376671199,0.21995166236157004,5.943882744126709,-48.51832656898707,-0.07548107890538805
12.18359375,-4.010321125629365,8.441422955429193,-0.5743537159041865,-25.250324997356085,0.02402063316565923
12.1875,-3.553094486240098,2.631345333280669,0.6838420389725481,9.682623465915345,0.611197555960825
12.19140625,-0.7026542398464359,0.2929867361256682,-14.307982399328438,-13.25886065480288,-0.08478376517672169
12.1953125,5.508879679788221,2.583048365117008,-5.664589430556509,-44.493342253843515,0.2556048810275801
12.19921875,-3.4353399885445373,1.0493021691858857,1.779862037676833,-59.167038875091144,-0.3175086446575751
12.203125,5.242031445541853,3.0067361598657074,2.4362231250492883,-28.246801149395846,0.5498851339316806
12.20703125,2.3691810360283028,-2.3768271656922373,5.425030875700717,50.14035004848255,-0.2994160018562292
12.2109375,7.237386640620952,1.180169708778524,-0.7798862954025996,35.51616069050117,0.9203777673847148
12.21484375,-1.1106732785044207,1.3823095889026449,0.19076453561883966,19.379190550925664,-0.7550086495635793
12.21875,-0.20385512220539034,1.4620780037755305,11.853816877037993,-5.471656730932988,-0.5266638626619999
12.22265625,-4.232450065634948,2.4352414315501223,1.166009909798765,-3.222929260893257,-0.04207983100699461
12.2265625,-1.3738705281732448,-0.4988292044818237,8.02947400855793,15.84978038415361,0.5376403906350558
12.23046875,6.928778820109984,0.6095389373720643,9.644772514044865,-4.443721077252652,-0.7681601785677956
12.234375,1.5250270313096743,-4.308009594911397,10.32210647837018,-14.591183979314074,0.32799163362440353
12.23828125,-0.39125669150405185,-3.86400800194849,6.372856911091214,-27.79168458241358,0.6551633402485254
12.2421875,-3.972802668511211,-3.371555095312877,0.13237234927471153,-4.9812707470819415,0.5802099077849431
12.24609375,5.329918372105901,-2.439736317149889,3.2129985318537964,-3.0003827935874003,0.47944945414750867
12.25,2.657149473054447,0.796284765347312,12.012761126156313,11.997666570580575,-0.3157522904172639
12.25390625,-4.887817266032002,0.9756285535615187,-13.070800907030701,-19.987980454489826,0.22338825131072
12.2578125,-2.28360741711876,-2.370499440393914,1.2890713266306784,50.250765580613255,0.20254706981756912
12.26171875,-1.441440003084586,-5.117735182243791,3.271588693304345,26.95914014192682,0.45776141287023914
12.265625,-4.603044892668374,0.0023473037930706927,-6.819179353130412,14.158614950546674,-0.48074002784227204
12.26953125,-1.0863080027465655,-0.8635357343199326,-2.197329204550687,-2.2109845256232408,0.6248054017299811
12.2734375,-6.165357233990496,5.4014121465104585,-3.124855330453584,-17.394423138949673,0.129962774835999
12.27734375,-1.2560780394072961,3.988823316916264,-2.355208373156848,-1.6473528470067178,-1.0822981834879775
12.28125,-2.416183711115902,0.301488197756304,-11.104542700426864,-25.411133498937573,0.10657000513868815
12.28515625,7.8049064155417645,-1.8283183419046922,-0.2786320955912469,-41.021691340786354,0.704809291115908
12.2890625,4.112346353375362,1.0025286396281943,-4.195410636334518,-26.3499346101682,0.2770888824427129
12.29296875,-1.5131250411174075,0.9924615439502076,-6.318955988989872,-2.128517440727368,-0.4661912061105645
12.296875,-1.5222083252311704,-1.7215892182332997,7.651358369416314,-37.049320538153005,0.08731288631384593
12.30078125,2.6322134410901707,3.8346457100075826,2.990470077192327,-15.982980307271497,0.44464573686192704
12.3046875,-2.804355510837304,4.467001538001998,11.444074271502389,69.30826453004866,-0.11928097752478144
12.30859375,3.937855538532012,0.6365161885708541,2.8410484659042425,-18.035591052783925,0.17459198545206053
12.3125,5.094402496010599,-1.0849598366293882,9.821122230805877,19.866351591883873,-0.782394811465525
12.31640625,-2.279539739828891,-2.187685342627424,2.3243075357833543,31.1521196949477,-0.32244143041836326
12.3203125,-2.1277638511642216,1.8195036129961717,6.938469577537541,10.06047242600814,-0.18303669061744804
12.32421875,3.7788558420495657,-2.3926366515628756,6.212878952998227,22.086966155726593,-0.6435834794894405
12.328125,0.18535044888644572,-1.674178071470029,2.103029613210011,26.05400699596195,0.2895398432994984
12.33203125,2.184529567917832,3.213965262828819,3.3138622204572865,-34.70375421984342,-0.3023192253878928
12.3359375,-3.984254235211291,-0.11774427376342275,-6.89577733327272,-52.817444903152555,0.24389595972630287
12.33984375,2.0646659539925167,0.8542530258715639,1.1726530953270429,-1.1284811307786349,0.6965608120494177
12.34375,2.0274810780027934,-5.2578703377153735,-4.832844392994707,-22.679729786700847,-0.15489633527548524
12.34765625,-6.531836524982668,0.5749821147935422,3.2085780075421333,-12.00927763362008,-0.24480435777499746
12.3515625,4.709159886674029,-2.4522765156760866,9.333233705697412,21.91471909010368,0.39080345264786936
12.35546875,4.338031198738453,-5.266207765586053,-2.5183312228148034,38.83828638559995,-0.007878917416056156
12.359375,6.857626750715312,-3.771429848500312,1.2307135855049833,5.113622429902257,-0.4744757756491743
12.36328125,-2.9051062726038284,2.6319668485593755,3.3951343501020554,40.66195515844829,0.508524514765198
12.3671875,1.6703262167084976,-3.721841483124485,-9.111553751781418,-9.025314155423818,-0.5810561038240268
12.37109375,1.212823031292556,2.671221022396283,-2.268505330637293,-31.665154695136746,-0.009771631335786084
12.375,4.062491548128705,1.0645366610205018,-16.674110509217506,-11.354946625764995,0.002218265386011875
12.37890625,4.139958152969786,-5.70284531880424,-1.2740297079089675,-33.57711392882357,0.7713815694350463
12.3828125,-4.00921055152259,-1.469341166347216,-7.473160659368643,-19.178298975437553,-0.47648433122531075
12.38671875,1.3648778453070798,2.590771389455732,-16.40714515776973,-22.497967746487486,-0.5908697901665375
12.390625,-3.746473814224528,2.284424855417993,2.803927853791019,-32.81909750885187,-0.5185083279202127
12.39453125,0.1860920115790423,3.9171527479185926,1.4709611210256965,21.122220787392735,0.029962628800140195
12.3984375,3.1065809602061485,2.56242361979859,-12.91691371365298,7.511892887085384,-0.3619710204777973
12.40234375,1.62007959382551,0.029329097948155247,-13.448550539811189,-17.913178730513827,0.11402515655215083
12.40625,-2.060113757831033,-3.232827750091184,8.27511927629844,59.987478240152896,-0.3019341019570772
12.41015625,1.3321512229209957,-0.9580138286004041,11.60443367410872,68.43012366799081,0.44556610745483716
12.4140625,-0.768366846429365,2.062804434034545,8.69450874383935,25.442049415242543,-0.539522168848287
12.41796875,-3.4093257669467096,1.1489306572234144,-0.9958476885202341,22.05446729613058,0.5678708231829289
12.421875,-2.9617832967163786,1.115306553712825,11.339680200417682,1.0894587079160019,0.5359393746364725
12.42578125,-8.18252927042653,-3.616041300366026,-0.5523002467896037,20.46788487821692,-0.5606367920547607
12.4296875,-0.23745763062116926,-0.7256548525715613,7.421729177591849,-45.43559515886387,0.7651676291989344
12.43359375,1.5162889575311969,-4.239986633906072,0.7149342147097393,-47.25328314339346,-0.48417169548607425
12.4375,-3.8903845251447184,-5.458473463710517,2.7915555782460566,-31.109494392696078,0.19765821791148855
12.44140625,2.7120249575523556,2.555657124345926,7.883717788748736,-37.12305999636482,0.17259942044220794
12.4453125,1.0746501553062668,-2.48339744623962,-2.702625470958462,-17.477845353270336,-0.7850948557048097
12.44921875,-1.4047170118122663,2.17794152679571,15.93550124464335,15.0710582031789,0.8509660696528228
12.453125,-0.024036946574344943,-0.9996676067869585,-4.661685875222114,11.933550626909474,-0.13062554848005575
12.45703125,1.7985706005243614,1.0044462318990217,-7.9141366369645825,-14.888182825685266,-0.7136726729313178
12.4609375,4.185685203110235,3.704025411448141,-4.495749265305712,12.657871484899184,-0.24482174932692058
12.46484375,-2.2139934749747483,0.33761647842233533,-0.0906318324441826,41.973912014141135,-0.06647126026671095
12.46875,1.3520726489922832,-1.0534086037776444,-8.549376563396475,4.29044191060264,-1.0411168517337959
12.47265625,3.7751047754907154,3.525267291510438,-2.3356508129233613,13.502389287577422,-0.3471834813237151
12.4765625,0.12958980591321595,-3.8185595698563195,-19.54032633847232,-13.422639496857002,0.40213929491401024
12.48046875,-4.0503533489500585,-4.507083297763893,-11.446487223794644,-14.013289381309106,0.9025909795228075
12.484375,7.616819449954848,-3.4788711142982844,1.2459385394230758,-63.9284922994098,0.3448584241308335
12.48828125,0.3798914086743385,1.0328246794211373,-1.4733251798128193,24.996596731190447,-0.19436262569579818
12.4921875,-3.7599750725002785,3.363894170826297,16.38531057117168,-44.17904045646762,0.03193305716492271
12.49609375,-7.335085588614666,-1.8945207692507684,-1.6575650789114333,-54.53173022199442,0.3675536986772056
12.5,4.519145087455575,-1.3762592678419796,-0.3012213294215885,-11.632128060996704,-0.6811689897578597
12.50390625,0.6561682567321995,0.7243890006970308,28.050251940247893,-8.463359614530152,0.7603338702268206
12.5078125,3.4310653165764267,-4.834875586364955,9.823842243460419,36.709204159637295,-0.8524674099238304
12.51171875,1.5677123833778404,1.4602158751657637,-11.492412469894035,23.458467025424127,-0.12572947829844452
12.515625,-8.262360389714999,-2.146611380190836,9.848830971959567,5.752160907290724,0.24310600650442538
12.51953125,-3.3192826679841967,-0.9625629224241719,-6.544366548242664,41.100292163831256,0.11427715726225235
12.5234375,8.264222280690195,0.19457158022048304,-1.9673897699421614,-10.004833338977036,0.06255478050869151
12.52734375,5.978965184152103,2.8727722742003214,0.49876615655659506,4.117395162160074,-0.5833567396886756
12.53125,-0.01715541152324148,-3.3031981546743294,9.603934929406135,-8.447622179002185,-0.588177595049081
12.53515625,-0.14215571993359383,-0.16297554331444078,0.5495165635390653,-20.566783293382475,0.45210786436430217
12.5390625,3.8429033217314883,-2.0176096001707,2.0539438672971837,1.8530088585086055,0.4581949572726456
12.54296875,3.8560499379039683,-0.6600425239249854,-8.310883245536894,-10.13391741701989,0.0665899399484988
12.546875,-4.474999445830179,-4.855818031680144,11.548633215093334,-22.030165674701532,-0.26140960166801197
12.55078125,-0.017947928723861202,2.318615358292911,-3.65001526871931,-18.131920763580894,-0.10643182413693364
12.5546875,-0.3165766227365742,1.6043546347163515,-18.73847598852112,-30.977361621547516,0.10629803439118095
12.55859375,1.096026033576659,-3.720922142791403,7.032166305423989,13.693162042586547,0.31061091868991025
12.5625,-6.783845918206072,0.705953223470773,5.966084982006118,26.646089103203657,0.2070312404772282
12.56640625,-3.3558698684668524,-0.3132848164810651,-12.41055268817351,-3.9235901923080725,0.09811595963860373
12.5703125,-0.5783021797317354,-1.4341150558569988,-4.864059889614136,-34.70463870054042,0.24936046120228586
12.57421875,2.047908115202883,-6.474325495947102,5.881288737469464,-36.866883650556254,-0.21710834311006183
12.578125,2.218035667401313,-2.5085751931561258,5.297119702210421,-40.69087066561519,-0.5479437261676452
12.58203125,-2.4127277144147943,1.7256743075556251,-2.272872250782021,-25.267271983299104,0.0062947058437553185
12.5859375,5.7338485816813485,-0.4356712953739148,-10.993319713342288,-0.07032856308153868,0.2605285954379605
12.58984375,4.079030498990524,-0.8856011816199083,1.5307535036049549,-32.69193205182099,0.22764297891795934
12.59375,-4.380804250442551,3.967141501559757,1.5799086297558071,-37.66151224799534,-0.5317564208706049
12.59765625,3.5509942790790583,-2.0836339026787476,-0.2445928118589979,25.019842484263123,-0.36638250085660073
12.6015625,-0.33689786496016677,0.5446660974086377,3.304070849692228,39.2805722515555,-0.4405378169650011
12.60546875,-6.714479471158659,0.8978597152334704,-5.567959095552293,-9.787305196347623,-0.8922821012269836
12.609375,-2.5449396447137955,-1.192455679329295,11.740306438571666,29.958672600830422,-0.41532843848659595
12.61328125,-6.454081861877277,-5.325393580817854,4.699510860825588,43.12975646045234,-0.8604091633709394
12.6171875,-5.3310574390626755,-2.2176232504051776,-5.202407842295783,44.37423151322084,0.7582223543854886
12.62109375,0.009548979049657066,1.7073198671961842,7.966541369904951,-28.04980035580082,-0.13780297496941457
12.625,-6.2224202760131675,-3.603981558220025,6.442099962237492,39.47053790963099,0.8570826955141382
12.62890625,-3.3111524383182767,-2.152233315072242,0.8483330440513912,31.64020366491566,0.2130036248210931
12.6328125,3.7665787951733973,3.336317248301997,8.02102354770346,-27.76130658591928,0.38291040465621295
12.63671875,-2.269817597230438,-0.2884119444321165,12.57543730858368,-25.610517864289115,-0.22391942891519342
12.640625,-1.027055310236445,-1.909551838013055,-1.6247805040734309,-4.66324980731412,-0.1296016661537914
12.64453125,-3.859695443679619,-2.5476199114201297,19.68636537787173,-25.7517664202991,-0.5900376187839194
12.6484375,-3.2556616064368726,3.809535520354218,0.07656593523611915,-37.37751732637341,-1.0958017907630992
12.65234375,3.1075339809559956,-1.9122336354962461,-5.076549231945796,-24.14548330315894,-0.673064493853687
12.65625,9.609409834571604,4.47299268472523,9.693549909107633,15.681603629528142,0.846965352623932
12.66015625,-4.281529511920045,0.6925728407367111,-4.599134267608808,15.141051145393043,-0.5931136451186418
12.6640625,-3.9852052452283875,-0.6723125659218989,-15.8377658778112,10.029611380020613,-0.24711921343570792
12.66796875,2.484144973811956,7.089045086646444,-1.9313178525098147,5.589775290815563,0.13153328542607995
12.671875,-2.227243464028395,-8.40263062706157,-21.95023345790615,52.15858395895192,0.19514948655433131
12.67578125,-0.697146129298586,-7.163616929582647,-8.764388782415931,3.150509111808875,1.4404029767281958
12.6796875,-7.403195914627209,4.5989085098811655,-9.127099451198992,35.10704292734128,0.4237232843967191
12.68359375,-6.693956951642359,-3.7416182285368915,-3.069690501363674,-47.18570273064775,-0.1887539346329383
12.6875,5.864773114833262,-0.6827476811386963,-1.4977823510151898,-20.479685288157206,-0.6633762904322009
12.69140625,1.8810367788153526,-0.6322515391855705,-15.185891149395262,20.734622313576423,0.167470087141258
12.6953125,-2.215642666720811,-1.495090888554805,-4.110922850613011,28.156613559165415,0.3706743106520388
12.69921875,-3.99333247196279,-5.642934368020472,1.577856493610316,7.0132431529200625,-0.8457726642577534
12.703125,-7.181790940733698,3.5466138369627833,17.339660363618222,-14.49861357182425,-0.10445997313412053
12.70703125,-3.2984762003846417,6.236439950655228,2.4665813631008233,11.203832210561874,0.019023914025371336
12.7109375,0.32813053441732226,-5.931639649764104,5.006396373370723,1.457926867210034,0.29011150769476907
12.71484375,7.123606409345762,-3.4620990017554636,15.098693134237095,31.771629431413125,0.5027926530138866
12.71875,-0.9366126455841726,0.05244846283956626,0.22953107617057888,-13.733766554876924,-0.5197339430252533
12.72265625,-3.463975116194507,0.06378015454842217,10.924116847821152,18.122238024355003,0.19135765751291517
12.7265625,10.55788029736189,5.268250209743822,3.1097614888198724,4.896443045068076,0.9712138758461153
12.73046875,6.985828538261632,-0.18092549147346093,8.362114857118536,-24.226773780420125,0.7800252415881666
12.734375,6.653736650219417,1.879057641885928,7.420155867339723,-4.83198840798209,0.48523323817504926
12.73828125,5.09190840015596,0.9322792846862091,5.763204971314115,16.557657955058076,-0.6388614264162807
12.7421875,-5.07012191240877,-6.145195714719083,-1.56596888138623,-11.857960905763123,-0.8272977104100901
12.74609375,-0.9551059355535865,2.5966110212912765,6.764694766205993,-28.453099319438344,0.1337330772137609
12.75,5.980870389428051,-0.26008771954027865,8.277797307606042,7.7386345266428735,0.38596086458607287
12.75390625,-3.4391914444250307,-0.21714926734742662,-7.792039331895197,-5.171135353671513,-1.2323535162590378
12.7578125,1.2865964991542993,-1.6623259677825004,2.90926340002818,65.08077445195309,-0.7152086646764693
12.76171875,-4.295103765438745,3.8464548869230537,6.925292020908852,13.447019143696302,-0.09707665677815124
12.765625,-0.9444426951950118,0.8385876143853954,-2.2846594250199153,7.077025107323816,-0.23431643774441444
12.76953125,6.896904744890969,-0.10881809967400966,-12.299131752195255,33.151415557915456,0.07786165496615634
12.7734375,1.2706983625189132,-6.111679612132134,2.5526081282128894,6.045452278990336,0.29736353171517205
12.77734375,3.192707913480908,1.2680287490223319,6.28661930695974,-16.764913134680754,0.038470395307704124
12.78125,-4.844106303359942,6.43372288742507,-6.780089851668226,-3.6671128824695636,-0.2839637970664589
12.78515625,5.170208833021936,-1.8951441693367221,-8.372502108617226,-37.019692775450125,-0.3454454505669084
12.7890625,1.2466465670721534,-3.1204746506998795,-3.583496011356529,4.318286046677642,0.01600222872743318
12.79296875,-3.6520783536268513,-1.8231915809617905,9.094303137930336,-7.062499772881125,6.04362271601622e-05
12.796875,-0.4641587617495377,0.9476313140997887,-22.582221710062647,3.5819371721091198,0.5295010764168683
12.80078125,5.313835805696935,1.8149391117175993,-1.969658742452132,-11.229794339847839,0.16608158412375176
12.8046875,-7.6977616817659404,4.750943710659593,4.995134921857791,11.95267719585922,-0.4718477301521351
12.80859375,3.2512357032661017,-5.397814409995565,8.639854426346368,17.970230475750583,0.2760248974800281
12.8125,-2.085870566206126,-0.36817745963807563,5.233659089180351,38.216416943368536,0.06560761816111853
12.81640625,-7.594219075739636,-0.42346818659335994,9.656784536376819,-26.1765575492352,0.7534324803808354
12.8203125,-3.6802170048535636,4.785640403806241,-3.948962735089678,34.22876628333998,0.7475375854590816
12.82421875,-3.3005705501954927,-1.309531169338469,7.76741600895685,5.244762976118185,0.05842215907500487
12.828125,-9.500025326113848,-1.1493180073169886,3.012297794460406,-42.0243560744679,-0.80074783015138
12.83203125,4.483064785799749,-3.1214945714184057,2.112684735713596,-30.98541477975961,0.11481561383866087
12.8359375,0.3932295868625381,-3.6523597325122497,0.17675759517486345,-4.317285618097557,-1.1880055557113824
12.83984375,-2.377869604982002,1.7914975825826402,9.386108021725402,-35.55749075015998,0.05327348247127424
12.84375,-1.7525044400165732,1.2932051322566316,-11.250080425030378,-7.909059929318197,-0.044715912506608516
12.84765625,-5.779358106585226,-6.098320915994897,10.06407028952705,-0.3996733160489718,-0.2733027897763808
12.8515625,-9.794222155368706,0.15260779266452254,-2.6391557959447,-14.578529605774502,0.19924783142881672
12.85546875,0.059651755880280585,-1.3073889360128224,15.237708395352778,16.85874822433309,-0.19042067053900336
12.859375,2.326413700101104,3.9220650870968843,-5.962774871333407,17.240496184058962,0.25024689927820737
12.86328125,1.140819362200547,3.143609205918996,-2.5337818537486037,16.07459554141433,0.0031889164515170043
12.8671875,0.10492427616789461,0.5973805392684779,16.785754358496646,44.49568788810569,-1.1047399979444523
12.87109375,4.731617616323513,0.49604568649629194,-7.5860603511790865,12.156778882217928,0.6052191172631992
12.875,-2.7037264706340456,-2.0563476857708136,1.3973308572415464,22.506911868903387,1.1449444749818045
12.87890625,4.579266055824182,5.08911825925547,-2.6117299495356674,23.27370728445929,-0.22284760446299184
12.8828125,-4.825166019601375,-3.35544009423354,-5.322119741940924,20.557628028758444,1.1754776808605754
12.88671875,6.757021402935075,-0.9975384295207064,-6.71891502203178,-44.16594968300325,-0.4880446262868669
12.890625,1.5582753118812394,1.305088402208192,-13.838794225849375,-71.18195934175786,-0.5608642496143286
12.89453125,5.768671575486212,0.14764281674939958,-9.803565545785405,-50.454480359963625,0.3635594823279078
12.8984375,0.1399306837724398,5.1052373022536885,1.7369951322716657,11.389501382905864,0.12177097275322483
12.90234375,-1.919857978024546,8.446653235879342,1.9592849706776692,4.262139438207678,-0.40588942077449264
12.90625,0.5901989837911005,0.5105184676428995,3.1427712727461268,20.953624028272834,0.11419735547894677
12.91015625,4.63073050407099,0.6904785968819552,16.117457311116734,72.0387844321505,-0.4200012940509671
12.9140625,-3.430645508174595,-4.823847979037264,9.390081000981937,13.332771552401642,0.1460077444035729
12.91796875,1.4247030530681968,-5.0727834678640455,-8.212116207631718,5.844659581955984,0.7959827976249954
12.921875,1.5321330470148542,-2.120980258138316,20.47195410892757,1.5024084922905754,-1.017356371808663
12.92578125,1.863258462889785,-3.0165364019434735,12.184043300370597,-47.22944568332589,0.2644990696220221
12.9296875,3.55029191991214,0.22134124186947338,10.159179845841226,-21.40487338346725,1.0412008574255927
12.93359375,0.10324341164232739,-3.3899416508962443,-2.0419842286089223,-35.1119326304367,0.7526982018865238
12.9375,3.6566323124090556,0.3666898571214473,1.5863172332957454,-68.88135563459531,-0.19542747714045844
12.94140625,0.7170596495783246,3.540941953008506,-13.861966964770257,-61.9678609277114,0.49836237005793865
12.9453125,1.8189871017962373,-4.721387280852349,-8.36425927259403,-9.21340248381403,-0.9109452283314569
12.94921875,-4.723780194073495,-6.695226468632674,4.081779492769913,-9.537804285130832,0.21640527797930847
12.953125,-6.044244525819941,-1.240050568254012,-7.675040386590484,-34.39090553874755,0.19192261553403134
12.95703125,0.25622724116090967,3.889097092324461,9.37786673283625,46.277735315319475,-0.5631437563407986
12.9609375,-1.7611251773299694,0.6273428114961526,-8.330011125183589,75.73073401419293,-0.443263688282727
12.96484375,-4.739507087282442,-2.7917206997244994,-8.325377736324906,7.241474204463451,0.29647008277011117
12.96875,2.8644418477365985,-3.215891394937837,-5.236879966747452,18.292170237320548,0.1699781368321995
12.97265625,2.329058972212034,-1.17244818012569,-18.137492518700228,-13.889944830627801,-0.9362474016318414
12.9765625,0.5908537755421331,-2.7039789401298897,-1.1113010115507644,24.605213759166674,1.3608091785193863
12.98046875,-0.940640432168881,2.12311422293207,-11.432950732688436,-13.761589183338337,0.07441438422522643
12.984375,2.41106226061392,-2.4672351709577542,-3.4749244129633023,-8.415788481232402,0.7263087000290607
12.98828125,-0.08202794543777808,2.2790429271246473,-4.670040162343687,-17.108375723380014,0.4336922878923735
12.9921875,-10.637364328550369,-2.446342328423083,8.09427037806875,16.316004028555447,-0.22399564982349782
12.99609375,2.37672045748809,5.02121049988841,-10.88127744734,-2.522820487448138,-0.22592476629349495
13.0,-3.2782435882483902,4.400066859476795,14.98340399168751,3.879499343498578,-0.19370003208287176
13.00390625,-2.3731627585316244,-0.907985598150912,8.693559991179795,57.08077205526442,-0.6654375698435593
13.0078125,0.4471695981652503,1.7471212814300217,-5.050254777984874,33.11494041672913,0.035369746916239744
13.01171875,-0.34388927598430347,0.07218814092746463,1.6055638153225544,47.93543032374732,0.32688452419471464
13.015625,3.4344559862904744,-0.991363459294375,7.692130636680334,-7.400472525102565,0.1799517056584569
13.01953125,-6.382638075382135,-0.640467142047148,16.720219839897567,-4.557612235582235,0.18955197101791088
13.0234375,-3.186260250611242,4.523852371878132,8.372425893087772,30.16735673339052,-0.5934007317079191
13.02734375,-0.5580248963063247,-0.15469870728552665,5.669324959554829,1.5859731286197496,-0.39532546176563665
13.03125,-4.041363946650921,-4.580126572091301,7.134729071059326,-13.600458391784404,-0.23128778240493283
13.03515625,-0.8805054667758242,0.5774847655744668,8.421068961908194,8.86086142179057,-0.3944733770208359
13.0390625,-0.33947996282981335,2.656483871538302,13.515101653056348,-23.80606202024369,0.41664815178843484
13.04296875,-0.5085340468045553,-0.19283193860837372,5.097002613278523,-20.79557349799817,1.1371127968591943
13.046875,1.2655400320139731,-1.0212017754667588,2.3039111874477745,-5.760547559828625,-0.689040132203586
13.05078125,-2.403028945936659,2.0884577475635706,18.468003488013572,18.594885643980998,0.3815131111554097
13.0546875,-1.749838136210636,0.12791709189968062,3.917024595649154,26.17107342479642,0.19446229646781785
13.05859375,3.1927546736810366,4.511225782787039,2.2046937318226254,0.3822036542618328,-0.6355923284483443
13.0625,9.415593656742512,-5.2606358138380855,-8.953971416623371,0.14699043090541508,-0.16164926833345727
13.06640625,-9.711401233515204,3.6296233424477493,-8.281259788108294,61.52523832362502,1.186887498604441
13.0703125,2.943954509181789,-0.23094343870699957,-12.852151885556681,6.906051886082858,0.5974605588136043
13.07421875,-7.032895954821217,3.4647307144589363,-10.429353194258653,-27.764155714095356,0.3337982941415012
13.078125,2.2272569909647357,2.8368281051535393,-1.771678177493777,-9.435742870208426,-0.5631943805275532
13.08203125,5.156888842174203,-6.3191446744003645,-0.8607141103417795,-24.781462260871326,0.08532422211855684
13.0859375,-3.380848933023186,2.7885715864163143,-10.292182262726165,-30.65472217188752,0.35097537795107675
13.08984375,-0.3061829946721788,5.081350380684196,-0.09696885267334387,-1.0343816535389223,-0.28578873539253863
13.09375,-5.616914786369512,-1.4035448680909486,-3.9491591305578657,-52.52563656942765,0.17187993001674387
13.09765625,-3.972901515514042,6.36213714915847,-1.8672062881696738,7.809680419886902,0.24244275715208763
13.1015625,-7.1154962749035455,-0.20925130967286718,2.7338080660035216,-17.87779473124944,0.5279982587985287
13.10546875,-3.062424642118987,1.7152980612570756,0.9483824184817496,-9.478003349622275,-0.10866203994720129
13.109375,-9.44934244107895,-3.174615173018335,0.7960795536671392,18.291407767836944,-1.0671877922959268
13.11328125,-1.9643138772997435,-9.963851852072542,9.863131901136436,-4.180512948699171,-0.7573453640963501
13.1171875,0.7616126142922379,0.5578565036618758,-8.07707250313287,0.48223357059732663,0.9024272176534195
13.12109375,-4.0571206981187675,-1.0185372534590962,2.3625776371204643,-15.51270526697615,0.4730610447514891
13.125,-1.5259732494852165,3.9445332759800933,7.15614018719123,8.404322545527053,-1.504174407198233
13.12890625,0.4023763041358302,3.087839558972135,9.61637622099112,-29.367195912792276,0.2835037483720696
13.1328125,2.924029289110539,-2.690025669415122,6.099853744278792,11.29217081604899,-0.011505098423565402
13.13671875,-0.29653064505254173,3.4352664739789094,4.532740480160165,-27.714068678841187,-0.18954870430656695
13.140625,-3.7640940312559765,-1.4480237803135705,4.599543953043716,5.506534008200315,-0.39743569724103806
13.14453125,-3.006174873494719,1.4310185977489267,-3.4685938868456874,-32.04360526108392,0.03865822550002587
13.1484375,-3.786750954585395,-0.15184827467958978,-4.110278967162925,13.398952263069699,0.23169344941119743
13.15234375,11.738171296489195,1.4333578143087455,-4.230713196229351,-2.814989012093445,-0.5079737074661428
13.15625,-1.428673167086086,-3.0678331639057017,7.628195102621749,60.44423558647483,-0.28240447780315503
13.16015625,-2.231068976901516,-6.55653431551562,-7.408658467851815,3.918724069843538,0.12247210995871896
13.1640625,-4.828100192498378,-5.980311904303162,-7.748518333925169,-24.3478814479557,0.6566358977916945
13.16796875,2.1117058702778095,-0.06945434059781064,-2.689906663341765,-34.115545762489404,0.32732036224021094
13.171875,-0.5206886278765062,-0.11872587079935001,-9.751658203383734,-6.195096483182914,-0.602450432886773
13.17578125,9.304330373808378,-0.7434344349564547,-2.6429647410687194,-8.819838054904547,0.20171598318994446
13.1796875,-0.36673290594384617,1.01893717219754,4.53108743661032,-6.849593586103848,-0.5985841117471674
13.18359375,-1.5858209003922659,-1.3404286372512297,-15.355173910403071,-21.020588989176844,0.4300410978508553
13.1875,1.8341771394001343,1.1493863485518214,-4.714466057782114,-41.82510433210041,0.24489545907203636
13.19140625,2.464550317889965,1.41208656002274,-11.755077203262395,-5.367228195158292,0.38832128101599245
13.1953125,1.6167438423313727,0.848213211837572,-6.787166524184487,-10.657546999182658,-0.005473236248091884
13.19921875,7.207838118537271,1.0183988480696227,-3.478021343449919,1.3292455075623826,-0.08744949870041815
13.203125,5.464462225734221,-1.037253642077863,2.0392201468834728,-13.14763495916627,0.6641520816033527
13.20703125,-1.7655177859474627,-0.39408544815772517,-0.14576924023787896,28.924368079340745,-0.05251719623304814
13.2109375,0.22559246909902683,2.682608379526335,-4.374735121542507,15.629836426595652,0.06817679875558703
13.21484375,-1.6259350563399924,1.2484499222411003,10.738505130365768,43.11918766510232,-0.37968734200737025
13.21875,0.45548299622393257,-0.62864915054337,2.043852088109773,63.22894624761729,0.648405471574256
13.22265625,-0.6682421911018273,-1.8692577701056927,-3.5730594440363763,16.95262276614968,0.18587643634518303
13.2265625,3.74433705126915,-2.9170446787293045,-1.1149008953148734,-31.077067144173693,0.3508828744229045
13.23046875,-1.6913302639060201,-3.00908457036674,7.255992666585053,6.604786572951456,-1.3968040452541468
13.234375,3.8120893235369135,1.654330587239484,5.618986365233349,-0.9747813177677571,-0.2549493277362374
13.23828125,-4.93316911749151,-5.8888345446826635,-1.8287642542067513,-53.279956851949294,0.26185989386914166
13.2421875,-5.763375953711928,-1.2715447580217423,3.1311897646522895,-25.489973327587037,-0.6440854850498927
13.24609375,-0.74138082462447,-0.8827358412891237,-4.72589436231269,-30.142868378526774,-0.20914202025533205
13.25,2.571195494998373,4.091247937868511,9.810650876930907,4.448143922197559,-0.552001296420666
13.25390625,3.973666588326656,2.1731287796930987,-4.66996641282697,10.137523451432214,-0.7402842837444936
13.2578125,5.942363012309956,-1.6981360045769578,-14.2031816993869,21.465679917442966,0.3162230027272312
13.26171875,-5.96965003441173,2.7905449516912935,-15.881082331621226,18.277682138219532,0.3850715677786803
13.265625,2.318888910039696,0.4391695833525092,-14.013974951937975,1.5887349933087016,0.3064742291685638
13.26953125,-2.510790320654835,-4.192942564011181,-5.5084106696605755,5.032530580731482,-0.05111241388691337
13.2734375,-8.340914230930563,0.3181928471700005,5.4666826074519195,42.40916577938506,0.6015151625637087
13.27734375,7.2527841729293145,0.6488304155824489,-9.573748874727794,-34.670146848203025,-0.020616373706111142
13.28125,-2.6684761003671045,0.39645722210051915,-2.5962260956076495,-14.266474351188856,-0.3684794648418964
13.28515625,-1.8671359496371436,-0.14895069302033223,-17.075203913785312,-19.256195896410752,-0.8316455120592782
13.2890625,4.086307476648265,3.536184305312287,11.318496142764683,-37.95147148237844,0.33921745997688657
13.29296875,5.017117057166048,3.6016094574454574,-15.87712389366223,-32.23599343974632,-0.26074592751933495
13.296875,-2.3820250803619807,0.3654052043916304,-5.083118333293963,-24.801115658237677,0.5311381162730727
13.30078125,1.7429485554474047,-1.3199120260911195,8.196191704111662,23.11388314138335,-0.8166141794680956
13.3046875,2.292189250750795,1.8406434651752335,2.2750226044242403,31.41932605557657,-0.2580855776169877
13.30859375,7.363607036595965,-4.380997696532972,-12.615713324134518,32.05692131503085,0.9564148675102416
13.3125,-1.5005802064157627,-1.1997771108685782,-10.762147293324812,68.51125694018079,-0.5916652007012009
13.31640625,-2.80348198022814,0.2381768262109914,13.873095327230319,16.994542590329402,0.6398477166054557
13.3203125,0.456638223870463,-3.0874751513225425,10.752355654348111,7.145753590059497,0.6569994926967476
13.32421875,5.1102116770147115,-2.6413282679044285,5.8600066687015495,8.801889484857677,0.3822571416240343
13.328125,7.393500498775609,0.6640207978409872,-4.595779530294827,24.800803808304106,0.017071728500968764
13.33203125,0.4945733299823404,1.5350532883213384,0.17759699874717416,-33.69876947222927,-0.1284669910628114
13.3359375,-1.7234706458557059,1.3886185515477338,2.2308769692748305,-37.00464575112297,0.9156446101349714
13.33984375,-0.27377809619052457,4.445146514762066,0.7638059922638916,-8.28965347943986,-0.4221333990228555
13.34375,1.729059115189387,2.1793113996401967,-7.946220981918904,18.444897019886376,0.06909843781044736
13.34765625,-1.2829363980696962,-3.2081744468718782,3.914590056868334,2.269749255933215,0.10924116357668666
13.3515625,-0.4621736437746062,0.5524012438197221,0.033776673385601697,-9.492019759393505,0.6642994552576047
13.35546875,-2.6257156905119645,2.395545616522471,-7.134442418553157,24.903046073957455,0.20608011184136027
13.359375,1.8939508792343918,-0.7266544107987299,3.782712835748372,24.89713724052725,-1.769875806371344
13.36328125,-1.2039258515121827,0.5531065971545548,-2.9311324980368236,2.995976934681707,-0.7906878654092651
13.3671875,2.3950267151773916,-4.65663578338661,-7.293052040194342,28.102643609864906,0.5737586413180609
13.37109375,-0.7416467389316949,6.885921419259215,3.151070519299897,8.379962157149496,-0.6597524557643457
13.375,4.822790493986847,2.2271056729876824,-19.70992743063364,-11.134924572602506,0.19332170599833465
13.37890625,-3.4236725468403177,-2.441170517594786,3.83418336957794,35.857684018828834,0.9111689113330866
13.3828125,-0.7640624096497265,4.716269835912616,-6.759982180339225,6.910559432680476,-0.5922303624520496
13.38671875,9.11797873362717,0.6649454512546549,-9.079238565248621,-12.11586802245561,-0.048314884255751964
13.390625,-6.7450953102171365,-1.229351289661155,-6.904745268582924,-38.77328163171299,-0.5955688561011749
13.39453125,-2.460625630767143,3.687659067422007,-7.187859948540226,15.972014849679535,0.3986527071847772
13.3984375,-2.9861278334680446,1.747323966479962,-1.235681917040905,-18.668154315035384,0.9418777594743734
13.40234375,-5.2368248399866735,-0.4469570246822894,3.279624893153163,12.579712002409842,-0.49963202392820677
13.40625,-1.3469516002991173,-5.99304079962385,-1.7990899389003006,19.69053401426482,-0.27038335446679396
13.41015625,2.221433001803474,2.597537330190789,1.9706543528170195,-24.169529390112697,-0.7030790516595906
13.4140625,6.430723062973676,-2.0240535019190435,10.593559918943406,-43.199236705045564,0.014295879332981463
13.41796875,3.3335095025072183,-8.869919284633978,3.947403058491853,5.0871093448664695,0.8896658943165598
13.421875,-1.991842909885282,-0.7124239199283358,-9.851007437137316,-24.027439167741115,0.508518894542385
13.42578125,0.08091582539370978,0.1540664598664025,13.721181096947273,3.841329183191218,1.1921038907222299
13.4296875,-2.848782510920251,-2.2818759671583946,11.29015837616717,22.151311843432058,0.6333474020059159
13.43359375,3.1175960555182853,-3.4172842314732526,0.08491009145273143,-38.44923231613413,0.23752698214037796
13.4375,-4.447624000571461,-1.2399261012760798,10.921431036056871,-54.91098212107636,0.2560773184342542
13.44140625,-3.3763351982487597,1.397720927727697,-0.2474109351645617,-0.6956038981897414,-0.2073621872529344
13.4453125,4.854345586489656,1.4897477325776753,-2.058756459215484,2.8651210952942705,0.7574751777698246
13.44921875,-2.9843270842785237,3.273655646326657,-1.5509585735942806,-16.96726914239776,-0.6811081009831171
13.453125,-3.192976442082843,2.398150009390654,-5.802364799837986,-24.194422343335265,-0.3703436233507572
13.45703125,7.791514742076283,-1.7701394015296499,8.158228408421753,-2.0848673579789008,0.5823448616801015
13.4609375,-4.692594450871159,-2.182010508289783,-4.445867933812545,23.295951945771233,0.21613048427516476
13.46484375,-0.9921024698657006,0.810481015414733,-0.3873301611953188,52.75618549522722,0.6478902031172664
13.46875,5.812817837946956,-3.6383982127009302,-5.7859272949351475,19.94481074031141,-0.05939975984020887
13.47265625,-3.7088396135624513,1.7590301954713605,-10.347518493823369,-10.53266257098165,1.0588973275357365
13.4765625,2.9062725752622747,-0.8696829733744207,4.5319286099789124,34.785637164298755,1.0617659683651937
13.48046875,-1.8179094371994886,7.805114512094654,6.103187164521297,-13.06863519287153,-0.5622805075189388
13.484375,4.799031420394642,-2.9588832565142913,-9.563459825465358,-32.833896686762415,-0.8160380303844553
13.48828125,3.600445786342572,-1.885875539056633,2.967201053364633,-29.573756060019285,-0.4048602266919417
13.4921875,-0.2012735106347334,2.1926701006856817,-4.501201877176397,-28.938928178545286,0.20460077885214437
13.49609375,2.2271637869916314,-3.7303689982267856,1.934946991193065,-15.762683900368296,-0.1110102898199305
13.5,-4.105233792519983,-6.9135997121163175,9.630964725764155,3.91980228354104,0.5278759408538591
13.50390625,0.3408061559889464,-0.24306832382873456,2.4394401271129187,26.95753541819525,0.3814554127275338
13.5078125,-0.41713298405127797,-0.0015142216867876429,9.907166364082645,37.81195282847462,0.4595605945729229
13.51171875,-0.10648262484417237,2.8181796708458133,-1.9165238912959532,58.35781203052789,0.587432170980438
13.515625,1.5039848277459322,-4.655142276448888,-2.098154585954892,30.946057779972172,0.07388865171957935
13.51953125,-1.3475595402425182,-1.5933009319164544,5.319890722602333,7.530587194117951,-0.23832731484402694
13.5234375,-2.380750827449004,-0.2839724631389418,3.5865379539826527,24.548126825710167,0.5754916688100571
13.52734375,3.449282503247913,5.114110250568635,5.664024574774341,-6.524045155456476,-0.08655528531539881
13.53125,-3.7212386444906227,1.8497589673369015,-9.665195731482974,7.16211249013695,-0.7675037036286692
13.53515625,10.24676166523853,1.0028041439500668,8.443554508534234,39.14540215628162,-0.14204313109508485
13.5390625,2.3511952112109253,1.6084001372224086,7.661416170474949,1.7688089700970764,0.6239051597036445
13.54296875,-0.5970280918357729,-6.018035067617384,6.067583925098465,-35.59656406824774,-0.13677075820589848
13.546875,2.072112823415909,-5.39159761307452,1.068442479925656,-38.53746769800835,-0.12708163451706334
13.55078125,-2.5413569915899106,-6.055000196018085,-9.714759786131362,-63.79024338776034,-0.22101606857543143
13.5546875,2.4952918594445803,-1.1148989849664004,-14.047469466086886,-7.049080616254127,-0.600116131886583
13.55859375,-3.6842723024128157,-1.956489077592786,-3.826052964642641,17.893859184863018,0.2904160105060182
13.5625,1.8026489784957038,-2.2353121856064995,0.37480420454315366,29.249465854693725,-0.8478484426307229
13.56640625,3.0223907884616206,-4.160011726146202,-4.051842312363841,-17.11975808825067,0.8465121128786343
13.5703125,1.3665731867713429,1.300304761823889,-16.35865559894305,16.25192525455207,-0.27239481874466354
13.57421875,-1.0854369506292436,2.9495764368060153,-13.126280578257536,8.654254329303338,-0.4299050023791461
13.578125,2.3513384839545264,6.1671560990575784,-4.068542385822861,-11.918541701590197,-0.5909472935818583
13.58203125,-3.6520521011072398,2.0693994925512,0.2500287843478226,-0.6371941842916868,-0.43759435784046763
13.5859375,3.0054959620968247,-4.534882811869136,-2.4502061284391923,6.361608343412534,-0.5790862107801518
13.58984375,6.041526592531914,-1.8781337568016148,-13.693473476109098,37.8134897419654,-0.37925592228495636
13.59375,5.078104274893139,1.3288764043070103,-7.293287977178013,-65.8950533036749,0.8088361992484835
13.59765625,2.41068481614495,-3.230289414225548,-3.0934690805546787,13.177789818241031,0.10434131901747017
13.6015625,2.0587832405298,1.259285316100934,7.776891677598044,-16.581612673857293,-0.6186996575386047
13.60546875,-3.995276005436569,-2.263244974164233,0.6183574829416643,2.234828725320744,0.6082586310573125
13.609375,-2.49450268291778,4.821340420489388,4.827078638349059,37.141379365225376,0.25491629826236895
13.61328125,-0.05526685440927558,-4.386104158806974,1.019615290642963,52.97765647153393,-0.5338006003044873
13.6171875,-2.4522202247818377,-5.421431569478383,21.57958932093878,6.974886565868266,0.31738492310254807
13.62109375,2.6168257407729754,-0.6481289783184171,-0.3021056854733484,35.93636403317961,0.36016205364234183
13.625,2.7935391900042648,3.1471369992381524,-11.215292173589638,35.363776387165444,-0.6698063953551183
13.62890625,0.2609525992219121,1.7574672255927872,1.7104181605812014,-2.2021864494240884,0.47616721693973657
13.6328125,-7.773168971380669,-5.183646105466017,9.781073142630447,-31.916743261608026,0.7473878906000959
13.63671875,4.616484618145566,-0.5836398441250487,21.840314943816253,-46.791434586332855,0.0658184129208715
13.640625,9.208289614409223,-3.9941188510704384,5.906794056444635,-69.65507885705942,0.21449369072773977
13.64453125,7.093685124599995,-0.8669220970198159,-4.4313168816960085,32.4076580337904,0.0671159900556389
13.6484375,-3.034410404872246,2.0835715439655367,5.4358023626400955,-7.392042423538,-0.37586760190918944
13.65234375,-1.644586163208281,-0.025638581186239122,1.2261259557377877,2.433686975065514,-0.3908657552244227
13.65625,0.9879881825798978,7.929872365075694,8.877196159030063,-43.06756713541711,-0.5562689933563729
13.66015625,-5.111170071262125,0.46248565660448887,0.19307817443588338,24.146521870985172,-0.17224946353124304
13.6640625,0.4118228858689726,0.8937912875846854,-10.051468412750804,3.218049249927283,0.2870204909256592
13.66796875,2.897461937142987,2.435931159212539,5.05690213649272,3.0418763504754143,-0.11333277927110025
13.671875,8.14933537175195,-3.200615135413167,-6.590172776759633,-28.306408164963095,-0.08329753547738875
13.67578125,-0.03065328593881946,-2.58013496697908,-22.36110494885469,55.459761978166455,-0.22068066213976636
13.6796875,-2.094785153009873,3.221142776203151,-8.487320758352313,-19.21095158593864,0.5780921588870043
13.68359375,-5.8787919875706045,-1.1711401028724189,-4.184100309597283,9.740657890354125,-0.038534128681938375
13.6875,-7.04629244885688,3.849126688320095,3.943806639109024,-19.770650969779346,-0.44608056961922604
13.69140625,2.9802335166700877,0.02786447447151752,-0.12867451637880079,-5.894535403164541,-0.3152190930000851
13.6953125,1.8778187203456616,0.44855603899691565,-7.492005239585113,18.72581330558055,-0.5220664481748349
13.69921875,0.9366478253260764,3.133722523486511,-0.14431500557260135,-3.3911596588010706,-0.30858506681009423
13.703125,-4.831813866199395,-0.30401410355571634,-5.577971750742211,-21.229660567629146,0.03875512795329454
13.70703125,-3.495238349199471,0.06001400451960373,0.4733268349537265,27.181156724148487,-0.2490608911965621
13.7109375,-6.822593068471318,4.283092131065794,0.5836188934455526,3.456145010309033,-0.1584376225662311
13.71484375,1.8432046637398602,2.2402860337847725,4.3019814889972405,2.217567898298899,0.08715398758049157
13.71875,1.5779220687347455,-1.1104113426580173,8.273270169860975,28.036624457187052,0.7085401140123635
13.72265625,0.02601341657095376,4.022102776481761,22.966538363725395,-19.863153637634,0.2857163052767777
13.7265625,-2.6923780224945086,0.39859719754394396,3.1497396446396007,-20.062226848995877,-0.29256861013761337
13.73046875,2.596988804201878,5.224245330651734,-0.8768158713403942,-35.44882415446977,-0.29502959819440794
13.734375,-1.7125553503502149,0.2887535568680383,4.316057828821934,-10.063769588662819,0.1766485289737554
13.73828125,-0.5201078200212588,-8.334525867478812,11.156464749710391,10.848382337314973,-0.8721408272303612
13.7421875,0.3861112357971584,-0.6316489356754675,-7.276688766069954,-11.102248379372918,0.5285689303278911
13.74609375,-6.484336712910847,-3.2383640581720132,3.286000124360261,6.162945857718629,0.03936096902492155
13.75,-0.5021940015887795,-0.893852177152196,2.472586343848384,-44.03397183071335,-0.23690598758518933
13.75390625,-2.5884316417117614,4.046810150617512,-13.445216787840994,-16.14430377503755,0.8299389798866388
13.7578125,7.336874562611937,0.04344269077964863,9.259074711772556,-14.157791116722482,-0.5356194186209499
13.76171875,0.6497041290095487,1.2468936128520038,13.434463518427325,-1.5484262961014466,0.17934566778930758
13.765625,-4.1134086873228215,0.47946841667580536,-2.4071399234867803,17.767452401293674,0.1589140070941505
13.76953125,3.067468419069347,0.3368238426888587,-1.1617612314946668,2.698225765785116,-0.12450389269533195
13.7734375,-2.8606157118286624,2.559823616394579,-0.14344609705718003,-1.9744105350222396,0.7802401279821488
13.77734375,0.07700414186769952,-0.1438493981527001,-5.8894036841393635,-23.679701720018386,-1.122276222280896
13.78125,2.0974159992394488,2.492171096031827,-1.5769611865268347,47.67005290498082,0.16714842321492349
13.78515625,-1.0397964713065038,2.5882481062937868,1.3870296961656816,-46.46148490396271,-0.6973356572348255
13.7890625,7.874869474725643,-1.149229750970151,0.7812287874288342,-24.462912166215002,0.21899157385357773
13.79296875,1.816207179589898,3.7573398595615526,1.6240292158915994,2.0377221645401775,-0.6839329079315739
13.796875,-0.010709127982029174,-1.574717609980007,-1.934533898098016,5.236413874120734,0.28929903592189704
13.80078125,5.1098261527431585,-0.10186109880736635,11.663262075878439,27.590893573780757,-0.06559690746142371
13.8046875,-0.06680204272833977,0.33659281727381857,1.2119385829972644,3.112512847193452,0.3799506945926763
13.80859375,1.8598532702888588,-2.1927799935904715,-4.721922160150541,37.133205703937826,-0.6193761422428194
13.8125,-8.725539263855513,-1.1853801416700427,8.445941798773765,-5.650165778560286,0.6414670413815623
13.81640625,-2.568674072750584,-0.5231787468955429,14.647762722061945,56.73629005163575,0.013465302088414986
13.8203125,2.906600097042674,-5.735402623474561,-1.8204295687051628,57.12599807683933,1.0505190065290915
13.82421875,0.602702545137478,-1.7290562669879739,3.8046144906582025,-14.062682348427234,-0.4412704411756116
13.828125,2.3074252209612003,1.6806092792407132,-7.475376755902515,-29.775899134223096,1.6734105878494245e-05
13.83203125,8.329609632597982,-1.9607262092489797,12.16801840545132,-56.62389609507697,-0.6417101577441618
13.8359375,2.1362678022954396,-1.5425334238206565,0.10840457359985667,-23.8364959580393,0.05344806628682968
13.83984375,-5.37478364513016,-3.383661963223573,7.451062181654145,-15.392336508610011,0.31151673794790374
13.84375,-2.224594630616948,-0.5177644309087316,-3.4628527789958183,-51.2542109549951,0.09938094900815807
13.84765625,-7.161187691211154,2.3527133497994788,4.328142980345447,9.500137082812284,-0.05467657963668958
13.8515625,-5.4949238328733125,2.6078969409734007,-5.152586253528913,15.048804492919821,-0.3155492656617223
13.85546875,-2.4632766155136823,0.7729480553712724,-13.218340125999529,-0.4549846117019509,-0.17049059069586872
13.859375,-3.011489099278515,1.6095528709769065,2.0008637871932486,-7.135078112144257,-0.025392998169993474
13.86328125,0.11015579753752248,5.652664300205259,-2.6858087827651476,8.644884165008731,-0.16184929874205087
13.8671875,-1.2792861837764133,0.21592642390462913,-3.248146342209421,60.69275856972561,-0.1551008452602757
13.87109375,0.17912864165935663,-2.0186375402992196,-0.0027286752397932545,29.03038536398075,0.3864855805724315
13.875,-4.30952246730658,3.039714707034639,-0.8663038917668437,-29.743391945107366,-0.4557824775405391
13.87890625,0.7700729979303303,0.20631894455685185,4.319488892380158,-1.5717218817957797,-0.05334085123817626
13.8828125,-3.4008801114720617,-0.7384707391305673,-26.620666736544273,-2.5707238770373877,-0.35555869137254886
13.88671875,3.9048011437125005,1.98727453825236,-1.626755100265624,-50.36487466695423,-0.17855701393619888
13.890625,0.25593522302183574,-2.7828692489201083,-1.4062242528034197,-32.310036969294494,0.856990368826012
13.89453125,1.0309409357780301,-3.4377839525303693,-7.312922581405856,-8.432169935374723,0.31018507193730305
13.8984375,-9.759051543069704,-0.5523230131383866,7.553656754265758,7.569705297080363,0.08750680465583122
13.90234375,2.6636888686152957,-5.583137492137276,7.863891848346172,-31.244795475008136,-0.048649759806714585
13.90625,2.061354028252151,-1.2818250460368317,-8.120700001593004,-21.718877271475876,-0.3405211304154058
13.91015625,-1.7952434250214637,4.246934130510306,6.737405595509877,19.252826279312384,0.5050784808212466
13.9140625,-6.647422870761764,0.9986601560835484,-4.806043620111536,18.573144999784855,-0.6775236427924525
13.91796875,0.46090920962608667,-0.7627642213114877,-5.535083533144455,61.26691245231556,-0.4166751770356178
13.921875,-1.14859882580167,0.021903711884528484,4.857601496637384,-1.519452672659158,-0.04927365615720837
13.92578125,0.7035327863315702,-5.378870157490187,-3.832322712667608,-50.064687204958744,0.36657864135312723
13.9296875,-1.1600551682100502,-0.5332383017706999,10.307287239845806,7.050804666502858,-0.1211240544267565
13.93359375,1.8097612903989904,1.3819831118030157,-4.69295908761795,29.92718249202934,-0.6703191760665049
13.9375,4.332692011530623,3.0067074366586217,10.913724734571549,-21.199207749246522,-0.8052588858399308
13.94140625,0.8470195762409186,1.5864160273505177,-15.183910166491607,-30.576543992480403,0.3923251938957227
13.9453125,7.368224044789591,-3.329940750086992,4.5375190359882245,-24.09598110568816,-0.09452184114661545
13.94921875,-3.8812554467017484,-5.419575414547548,-4.167487292861195,16.818958587088403,0.6971108398317956
13.953125,0.0400776631036545,1.723107471819809,-12.474441423251534,-39.43590574028974,-1.2147907713743824
13.95703125,7.039484244232954,0.3445105012553279,-6.439416032908656,-2.0693294763011814,-0.5279558812620027
13.9609375,-0.8457065992237977,-2.6060128014659365,10.530429103957303,35.85103870254038,1.0107257009905701
13.96484375,-3.5277593127322837,3.813786560699457,-3.6316363544577963,-24.622823325622722,-0.0537417405983895
13.96875,-2.1978920352100806,-3.415728750409423,-5.982090452301704,42.367183276685815,-0.6563861297142204
13.97265625,-3.8173938454664533,-1.43430318558388,-13.193118753974908,2.4877359656397684,0.7904078577119719
13.9765625,-2.54646572433664,-0.7982998455150029,-11.779905182030701,-23.868779113192247,0.43631138036694417
13.98046875,4.332730339595195,-4.586979110385246,12.709685634436902,-6.644231630413584,0.35872001383501206
13.984375,-0.8811456579963066,-0.9799830725102037,2.990166187156375,-15.817009346400228,-0.8058872480567877
13.98828125,0.32329904015318855,-0.17410428104025882,-3.225920083073592,-48.12038172373035,0.79486890553969
13.9921875,-5.041672686234329,2.1486392780979724,-4.574200786969431,-45.920228989956726,-0.6478258896652284
13.99609375,-8.689886742063946,4.919345919438042,-5.374999989510082,13.410670384966815,-0.03726374190908018
14.0,-0.5544761651713168,-2.1496349705519044,9.080904005686284,-15.896150132015867,0.0018356528729397937
14.00390625,-7.3059104916598665,-2.3604236646817878,-9.557316843256247,-11.960972624349823,-0.5340116099961295
14.0078125,-1.0726443648690547,-0.09187678000991614,-0.5132923876228754,42.074241312704984,0.2286040644460514
14.01171875,4.521402478223733,1.5904508953559164,1.3327135154222867,-8.49824256614233,-0.1956993370930406
14.015625,-0.24726462401673663,0.4201251642731956,0.5703758081992159,36.86863883821699,0.3732672325010089
14.01953125,1.2666655487567828,-2.2264658344550607,0.00892378068627142,10.620966989770809,-0.3640526848083296
14.0234375,5.982312909160991,2.683550813617842,12.084267206120638,32.73350229920345,0.33941332755904885
14.02734375,3.0290712438493697,-1.713351742438389,-4.022701199596513,42.17677568007616,0.23151384393210123
14.03125,1.5097403457784935,-0.7530514028372846,5.0307758942110405,-20.357135884884798,-0.2814233325764122
14.03515625,-7.280641160869628,-0.4651436626405463,10.244060608210996,-46.81798225151102,0.33212138826894483
14.0390625,-0.931323629329815,1.9442367169970693,10.904757567522712,-9.792928191620954,0.8100627211756025
14.04296875,-0.38210458181892787,-2.2008614091711083,14.726891033357381,-53.75036117247842,0.2647335171335534
14.046875,-2.1474265722634294,4.28162793638263,-11.961434798433254,27.737942920574554,0.1529581445109538
14.05078125,0.5256475246401564,-1.1074071452871188,-5.990162979726436,17.302054119587645,-0.3101702139158916
14.0546875,0.25269082621235855,-2.8593061993622273,2.440693903531465,32.678433348292984,-0.02117425641044552
14.05859375,3.6992700885634275,-1.3320323965591032,14.71943854224738,12.468141767638063,-0.14862794460141013
14.0625,-9.67556450153556,3.5629409801964282,4.61340042275503,10.408921109537692,-0.42768090013029697
14.06640625,-0.7718665383369241,0.14477099471921753,8.519314397650387,50.85880892261449,0.3683509895967182
14.0703125,0.3191040681542491,-3.625819702967826,-0.8673239165929938,-12.492775019454994,0.2992656316959502
14.07421875,3.1422701917744247,0.3380761082125465,-7.505456365841775,18.25667587799238,0.8740335391034497
14.078125,7.905454751041755,-1.750447292055461,-4.295572725722225,37.298793260129564,0.24286075855803702
14.08203125,4.213316840794075,-4.9020526524298695,2.6892472926472797,13.961086663871306,-0.16754432735285282
14.0859375,-3.7307985016016385,0.8260769462934079,-1.0474896129716922,-47.67797202800652,-0.12525319340261637
14.08984375,3.4200727894852863,3.8343084361443225,6.745874384077117,29.480932025187577,0.2606905515117485
14.09375,3.379764057055514,-1.3081510040743916,14.794462114771342,-60.18725662619238,-0.0039148564791724036
14.09765625,-1.422550594013934,2.1904862515999954,-2.07654459362048,15.980385576092988,-0.03911447876771794
14.1015625,-0.43775288783080385,0.4546795268490832,-7.3984219138373435,-5.832119790182961,-0.15138724139508408
14.10546875,-6.784310604855877,0.5589379897680049,8.686293418645775,70.15270824740219,-0.11675564177897585
14.109375,-0.4268326342686807,-0.6268585088517458,8.440685313031146,22.057444479433084,-0.27874868905920197
14.11328125,3.2887866173672284,0.801164988748873,3.696968940499848,66.4811788532636,-0.5585614038582564
14.1171875,-5.299193195787678,1.4272884032396707,7.30857753372185,3.8840066404470246,-0.10282700667846832
14.12109375,-5.532983384041818,-1.0662356575742227,1.1621461248481317,-24.950241115070863,0.4325881310785578
14.125,3.191142890692725,-0.4636616118428294,-3.732882747965103,20.527626253985968,0.09241894657534881
14.12890625,3.322945154881433,-1.0675723838510474,3.707841444162415,-3.754519390355913,-0.42424345297981114
14.1328125,6.104201281294932,-0.595641089363724,-9.609483626057667,-24.396545518324228,0.9147433959725926
14.13671875,1.6442700192449655,2.672679552852361,10.6197389635694,36.463307499949764,0.11016106544615722
14.140625,2.0434895088168745,5.606417600519,6.2714590129282,-19.904666458206687,0.7277114478186927
14.14453125,-0.1006878680734467,0.9818513568588128,20.674552420327863,-16.766999153373664,-0.9703010655339137
14.1484375,-2.3537084541892757,5.770237619152875,12.495200956395502,-12.044259462082646,0.10707904085527808
14.15234375,3.1557532151048915,1.3690240903330408,8.515651282419878,-9.58430530337626,-0.034161158137760425
14.15625,1.6217843724168035,-0.30450769703778646,-4.647160468782005,14.883543236028782,0.7733489928325361
14.16015625,-3.535848264828202,-0.5075550988206319,-8.850993280503886,19.48072899189694,0.3128191628108318
14.1640625,-1.6437795096780492,-0.026648411813653926,-7.14803342314893,14.639970072001262,-0.5764737336575273
14.16796875,4.091437979206878,-0.39164060331240236,5.30415325689487,37.04943946879843,-0.5047834002725444
14.171875,1.4164452230591733,1.7604748996819723,-5.087602781722263,-2.290417597501156,-0.8554302729517185
14.17578125,-0.7835398307128818,-1.585710504871194,5.10608845334099,17.51776460270879,0.0802511964560122
14.1796875,1.9265835512838771,-2.7458010062140388,2.989356775216856,-26.11603672866184,0.1447679733984962
14.18359375,4.539306861259804,-1.4452458783132027,4.94996807181467,4.541515693936564,-0.6060651303160749
14.1875,8.36085501317262,4.325916964077039,4.565638160035273,8.303794503833437,0.35787029841224133
14.19140625,3.84334867694394,-0.35807498164345336,7.592848497611287,-28.07039175476498,0.0858656871460795
14.1953125,3.668469263248905,1.888863638987134,2.1878688932894494,-45.688466379680634,-1.5433368738815496
14.19921875,-1.8549480644177812,2.2363982469646517,-5.250997402940773,8.8320508333052,0.1979762514207416
14.203125,-2.549502523899035,5.3572665988109645,-8.786747455214632,49.11184352036024,0.33686983755327715
14.20703125,-4.112873498904605,-6.037484054288056,-6.957741316120332,-26.013421179264103,0.5886242710315429
14.2109375,-4.729037172907698,2.672305258871875,0.86376219219754,26.518584979615394,-0.20188858842665583
14.21484375,-0.8019985277132394,-0.7585067410954246,-11.087302806587875,-3.936384926200585,-0.3732420746243026
14.21875,0.5877080140564471,2.1120005158127406,9.643726244100574,36.80111996021647,-0.5339759532853501
14.22265625,-8.401407349518848,-2.7058821514324243,-4.673548669465502,14.627818311091472,0.42708105179402234
14.2265625,-1.4772699497103026,0.9351057122902862,-3.574081810984172,25.850434819289195,0.18398409426605372
14.23046875,4.870825184076951,-2.931393328073759,-1.2545988029588218,-59.88607716956482,-0.5667188855030397
14.234375,-7.566885005407724,1.5527597459444247,13.878680188959946,-53.284063687198056,-0.616717864474591
14.23828125,1.0100082859397224,3.4068272181675194,4.850331742337687,-21.431455494729512,-0.17820062342503667
14.2421875,-0.5799437998307172,2.70729872759638,3.790035499139906,-20.37011597624504,0.4642215775482575
14.24609375,1.3048171580752523,1.2228770110731428,-1.3868480144126865,38.2475112323187,-0.19797078120890216
14.25,0.428141789233447,-3.4082883307351635,-12.15558783418748,-32.92405167854922,-0.5584514134796559
14.25390625,2.467334683225877,0.6250721018573272,5.220569050423574,11.516827350881886,0.6194089107244716
14.2578125,2.8020735416861124,6.491792469779508,2.1791613417042024,-43.123772747187175,-0.22336957061707027
14.26171875,-6.098929745935618,2.5817816109815666,-1.392404773995266,-10.975263610953107,0.7044349326794371
14.265625,4.366255039242586,0.4703930778532625,1.9698353127836592,25.935313647048897,-0.7232458622958157
14.26953125,3.3913588123429923,-2.899080116093122,-10.16116730867762,4.087084059049124,0.2179358520120906
14.2734375,3.3086608745332367,3.6224571911247425,-1.3274762580995092,35.19289574731713,-1.352083633362385
14.27734375,8.191762429000017,-0.8161071170712235,-3.241316677547058,3.3192401045017546,0.5423298176426602
14.28125,-2.1520587128690307,-3.159081021151045,9.236129307545372,-44.63823838132387,0.6717769471538554
14.28515625,3.8685917070890707,-1.0188197134369268,4.626696912058762,-43.73903436021807,-0.4295619478087778
14.2890625,0.4702798170221728,-3.013223961181002,-16.095878835009206,-34.87472120922469,-0.10293697624796373
14.29296875,-1.6767802355177701,-4.021614855916942,-1.3352596493281859,-2.5454698373379046,0.9445090623702158
14.296875,-0.4703915818276485,2.2169574738448334,1.7926300687962327,29.15955534937949,0.34891201230936597
14.30078125,-4.626142577398398,-0.2317951232930283,-6.548309885360515,8.691458564245742,-0.49526428234352826
14.3046875,0.48615668288042685,-2.06913994606255,17.459297038416842,59.836054084568225,-0.5674961902878987
14.30859375,-0.2940529360931866,3.778064704432772,-2.0716824648962535,42.16380315129071,-0.6494383061512482
14.3125,4.844241706614476,3.893654446721901,12.679457837156864,-10.325060844424705,0.5673807950686319
14.31640625,-1.1349481670681392,-1.0115477880107286,6.137290654114262,6.947258813079218,-0.11916858632726268
14.3203125,-0.18990624955447663,-1.616619465450214,7.0154727571479025,23.790193683484667,0.1492642766837231
14.32421875,0.002845574137233162,3.267522327111619,9.581188273613211,3.6635357632391825,0.7468498731331539
14.328125,-2.8274937625327903,-0.3562930683162389,1.8264799293243401,-38.47247203890129,-0.7710227386155771
14.33203125,-0.6808731088838608,-3.8608960910927013,7.035004751524319,18.438818471410585,-0.33163717301460716
14.3359375,3.5488209481281108,-3.495837720051469,11.359444865486372,-37.93810371311007,-0.41969492482764054
14.33984375,-0.6136426066800672,-3.436066297429255,-4.488746126566736,-52.96032858233728,-0.14950628065481064
14.34375,2.637767847830215,1.7842684831658155,-5.950049147488457,-10.75305964716311,-0.2340974400380032
14.34765625,-2.344161698408084,-2.204797798868242,-6.9386395342582645,14.47583549132749,0.652524591214725
14.3515625,1.1784147957077873,-1.5315672734923,5.768266331245232,52.667285720595714,0.3763999512439961
14.35546875,8.025643858157125,-0.3910323108076351,-7.6630532720190505,51.03472130361633,-0.4141320587594123
14.359375,-1.9919500760261353,-0.07827380141049929,-12.520360000964681,21.46521432969223,-0.2616561319446564
14.36328125,-2.3105012314755506,-5.4729647851563,-12.727431605665865,1.932262391846649,-0.06431433060634018
14.3671875,3.435557870528819,0.3754841514616641,8.634275803562009,9.276771212932383,0.1342875765957896
14.37109375,-4.917253889595391,-2.540223387253409,0.7257630995999644,24.886988953714276,0.8220429116428929
14.375,1.835724615338056,0.6632520539356952,-9.821163281738723,-3.276082129736682,-0.8900518493556105
14.37890625,0.3554856116353095,4.909701981460768,-7.989449522570306,10.141072521086592,-0.7122177768038785
14.3828125,0.2211619457435449,5.296715364979385,-1.1139459018916247,-31.89758547867225,-0.45776702379486045
14.38671875,-0.05765101008419063,-2.3913198858736058,-15.750712308817285,1.851911063235054,0.05983239107678768
14.390625,-1.889982091613708,-0.35313005528407093,-6.87267153967394,10.476785586584832,-0.016384560313400263
14.39453125,3.640667214381044,2.6117436329435884,3.4171612437791232,-45.61998685447282,0.38837463708581
14.3984375,3.8705047072478806,-0.5463270819852469,5.996950182134855,-47.46861996147466,-0.8607788287706474
14.40234375,3.686717968839266,-1.550326886987298,-10.119865914761053,29.78471984542716,0.578830248197736
14.40625,-5.188516779996616,-2.225740877000219,-9.263723576697894,41.97464432693225,0.18921175883102656
14.41015625,6.389176136371847,2.9607450448641686,-8.12775465273888,14.062627205095605,-0.008232758611105702
14.4140625,-3.5010018040231734,-3.8602052712574064,12.902517537001888,-0.06741782169289579,-0.16558553631982073
14.41796875,5.748324124020207,-2.7781793468691856,4.808273800079143,-36.45271631937439,-0.46676074356955854
14.421875,-8.592335319172772,0.9035639040525474,4.711982260650234,-22.21536187419105,-0.3919568319697686
14.42578125,-8.273717081864497,-1.3912271374121645,17.425515036519567,-10.212227882140944,0.49353108227311043
14.4296875,10.842464711867898,-2.2438382866580575,18.443021409056293,33.89215860481246,-0.060387974638004924
14.43359375,4.897910571048466,3.7733482230007267,-10.568348515590067,-27.647829541659718,0.13791042401627082
14.4375,-2.4237184762333666,1.7151735737440794,3.7498430120953783,-2.759739218424894,1.0342800866375486
14.44140625,-2.315179925001747,2.860375515222115,-2.9060217142032223,-4.817703829384142,0.12577442814291226
14.4453125,4.5403795158238625,-6.020632347879406,-0.7383127349130467,32.11589985849099,-0.2302268161057064
14.44921875,-2.7876269677829986,4.387214122644732,-3.080970275777171,-6.76522895060018,-0.37224037633260265
14.453125,0.280262922775722,-1.3109914695321276,-7.381533347058624,-14.495766139891067,-0.03046679167753547
14.45703125,4.065830374441979,-1.467556503178011,-2.264669805050274,6.983275536111044,0.13559383434427127
14.4609375,5.081465945271361,3.0234270075938365,-7.80881279112273,15.312331755168778,-0.3480289725301389
14.46484375,5.594528071323314,4.522789057886862,9.54635260404901,5.137218121496273,-0.26686461809272205
14.46875,8.551652001971979,-6.493814562068362,-0.29081171498112734,24.185151746455254,-0.47424929147259154
14.47265625,4.114609771167931,4.82200449460938,-11.70518837666738,17.31250533162407,-0.05374881384484179
14.4765625,6.262982865742729,-2.5572615963016663,-10.426974479054591,-50.852297677338406,-0.1425471476866814
14.48046875,-4.116896249113392,-1.9709607993388478,4.492585132614741,11.106369844620797,-1.5483001653292594
14.484375,-4.626545046718123,-2.1645420320307966,-1.3004565063237021,-10.148325309796519,0.3035929257062874
14.48828125,-2.768586523693802,-6.441105108825672,-2.9231737980821206,-22.20533478537194,0.7251728871401008
14.4921875,-7.478969581638806,-1.2458759479985373,5.095020700303083,-51.948534079788075,-0.021875862193369316
14.49609375,-3.2770202665629147,0.7264847277372688,-8.075730150732554,-22.015907752861807,-0.29577595201629875
14.5,-1.1373370127146205,-0.29270884078123915,-0.4218188924878907,7.281507610239406,0.09566627745412454
14.50390625,-6.074955491578515,0.9882907281901069,6.469695837960466,-8.192187408274435,-0.08321226651929614
14.5078125,4.33389493037406,-0.4573759167453977,2.788240576683693,20.49735827020137,-0.22580903653253265
14.51171875,-0.8177288145892171,-1.9393379533235868,17.843712381966405,6.783173501946026,0.4306525237810942
14.515625,-0.3353451242323606,5.712695795077115,9.885430049692893,25.176587252892105,-0.3463327195692237
14.51953125,-2.848531861413123,-1.928051090209073,4.633374822789791,28.350406102072604,0.4964926328613553
14.5234375,-4.068532248828187,-3.67447069403919,1.363547865448827,12.825903259341294,0.2797207454275739
14.52734375,2.758112894631532,-0.011748224937007692,17.51144233710642,-68.40071602932093,-0.08533011790183208
14.53125,1.93120681117225,-2.5813038434858324,8.40197056975539,-7.184636430921691,-0.2571898314575252
14.53515625,1.3057120419958461,0.35908253140103125,-9.36272667839518,20.880746553554328,0.2518301513373727
14.5390625,-2.9873408673364015,0.5692737415770516,15.503924081507744,-22.02363476713362,0.16970375946135868
14.54296875,-3.9415691012690064,-1.8338566750450394,-0.9262145894682314,-47.957675411471634,0.578504366796727
14.546875,-2.08683960093029,-0.5706554453211012,-6.019946256339692,-2.2376804351933623,-0.4841347391036834
14.55078125,-4.908862147837568,2.431596922003701,-3.2903664364161203,-22.377022967959608,0.7423841010049238
14.5546875,4.055425195663233,-0.5367452615232003,-3.3145822858004284,31.1338001009005,-0.928833041555291
14.55859375,-4.183236754160252,5.869662228478025,9.128790879351602,46.46964609376357,-0.6133535480101667
14.5625,-3.4251672712737213,-2.347641403458602,1.6223124421876123,20.119546098692748,0.2207595429552624
14.56640625,3.805593272631643,-5.724571448911623,-13.407594265169624,-0.03067860321025151,0.7370414773768208
14.5703125,-2.294045691255707,1.1534745807044315,-6.921459526396294,-2.9499280951843883,0.7222165798465267
14.57421875,3.9300765156356015,0.3186733758393575,-1.3600722500682667,8.578126320228389,0.49663267131239225
14.578125,8.233464023452715,-1.4601049295593789,-3.7862860826518325,-15.323266056984302,0.19470451359830152
14.58203125,-4.285238593032559,1.5715883400324613,2.268045901505646,-17.20415564516077,0.11151875633998544
14.5859375,2.249533383108686,6.998312607520793,9.976994481390253,-103.3243114636669,0.24980377730515305
14.58984375,-1.9184537330822968,-0.6951154076355488,-5.8996150736766655,2.7761985641450515,1.2580703232482449
14.59375,1.5406529170317442,-0.3291403133136781,-2.4144080304541693,-46.30369979397599,0.0872873300024566
14.59765625,-9.755973204955811,-0.43491076748374524,-4.60007929340849,0.77404251127341,0.3142705590459128
14.6015625,3.415327374155176,-3.852246463848709,-4.905262810282934,0.6083394905215465,0.22612834730026554
14.60546875,-3.4366743989728925,-2.6600937289649953,1.5028758320785196,17.55425272469482,0.6139717186445829
14.609375,4.78386378180268,-2.8274093885117386,0.5560471704892507,-12.362317308505467,-0.09178344979606597
14.61328125,0.024312932826196038,3.802717079157035,9.573688165885164,-0.7115206418336122,0.49424191046295635
14.6171875,0.7809304643221459,-2.374086966707105,-0.26249705856835526,15.070474720154673,-0.41231438914270035
14.62109375,-8.417919247958334,-6.679467163466089,4.413798781161105,24.916944176911723,-0.2078457118275331
14.625,0.7523137736143412,2.2239741790864325,11.334841600508302,-15.042892552618579,-1.2635416030603417
14.62890625,-4.005951306530773,-0.6031621708957546,-0.1907046201141771,3.7355852230602604,0.4919975893590997
14.6328125,-2.006880245355665,2.647538097577183,-1.1258288905277078,-32.672546540580555,-1.142492265409468
14.63671875,-2.897483600379559,-3.053659718336305,12.667487580102312,9.991328884160545,0.6531110686907544
14.640625,1.1815991423975172,-0.9782075300864259,20.971950209482657,-63.27772256740505,0.06809648961126283
14.64453125,1.761662938296459,3.0161363647233395,0.9870909031687396,-71.61705209690044,0.1851262342090498
14.6484375,-5.337941367804329,3.1044345698563385,-9.792792723061503,-61.30435453788936,0.40650592543092495
14.65234375,0.6651210441619365,-1.6281273845894817,-8.095933189298163,21.08010989070643,-0.005429983312123163
14.65625,-2.123195822297416,2.6922337196618074,-21.436672251779413,4.090599768519658,0.9001825501719998
14.66015625,4.8293794763002005,-0.6980527446229131,1.663451601233727,-13.52180287097519,0.013166748518895004
14.6640625,-6.160146650029502,-3.731336351577592,-15.853942138530678,12.7098873921086,-0.2643122545091199
14.66796875,1.5559311416006072,-0.14425335635995512,-8.307785972989443,21.543212491706605,0.19094461013570457
14.671875,2.4513008042297906,-0.5422022946104118,3.5778863483340224,8.253570082381051,0.24365212684686122
14.67578125,-1.578263176936524,0.11754496563227432,-4.590639074154013,12.411940009218203,0.47628679157364257
14.6796875,-2.691362880285178,-0.8435799512882485,-7.7354067946535165,-32.91492167037464,-0.7512165483128976
14.68359375,4.888386266080144,-0.4342003109938933,-11.83081893970322,1.0857948962985624,0.7272706126344719
14.6875,1.2405762711986272,2.111099408744967,3.3371640282337607,-5.619644354867585,0.3496231876300327
14.69140625,2.9476570185561206,2.204524002506637,-7.912456797432337,-48.40999210206806,-0.7842778532569863
14.6953125,-1.8377768613810213,-1.1898011176887409,-13.233933435633997,-27.972201232583274,0.20795292210425753
14.69921875,-1.9146459420395947,1.0220487623677026,-16.99598436931131,41.848947231926005,0.2258030402202005
14.703125,-3.9566368504484415,4.1892134360360185,12.60506274916395,-9.05405247772151,-0.15845301202838835
14.70703125,-2.702973646265994,0.4911384442827599,0.3299394739156536,-1.8462657238836861,-0.8415983463612807
14.7109375,0.2636740215640517,0.5495977681706685,3.9538496205324756,10.009421128205668,0.48114622852866257
14.71484375,0.2186913617883145,0.08488104341904,1.9319512577166935,-4.208789475777579,0.12248799713231123
14.71875,-2.7957677386921604,-2.55635113069246,3.357874121169809,12.14861813686236,-0.20045974665734465
14.72265625,0.6154790982379119,-5.484930043431517,8.717723161544358,-0.9974745494115629,-0.3133221441264655
14.7265625,2.662368013613082,-0.22257279601662588,-0.32647501238758725,0.851305275805764,-0.5821377906470946
14.73046875,-9.959386906393632,-1.0190495686141892,5.487821028875272,-50.186839624547815,0.3215864919038153
14.734375,-1.6363626332423378,-0.0011087159001932111,1.8262532796063673,-63.09135670438714,-0.1809035431415125
14.73828125,-1.0525529291470272,0.4020740098747565,3.4218199770976128,-58.57842389467839,0.0300433086977033
14.7421875,1.276490781719964,-0.8321738366062071,7.469862209539644,-31.34064504783405,0.15582367285930038
14.74609375,0.12572728561816016,5.7425112664188696,16.83497780162666,16.28048806866608,-0.1706395957836847
14.75,-6.318727483222137,-3.7938915719161077,-7.708256848531161,32.22286956919541,0.3551916863395891
14.75390625,3.8408631879660198,-1.1450267232247362,-3.6322218705397664,19.123204211963078,0.06352457732838816
14.7578125,0.8056933152080316,1.7026981376576766,-10.301440886135104,7.039233250204001,0.2211252907108873
14.76171875,5.098378401653272,-5.44816716941149,-21.773346163781973,29.638387571112055,-0.09589776626777424
14.765625,0.20988166379895043,-0.5012335845041446,-11.761379664075182,5.386698591767772,0.5795008572222189
14.76953125,-2.732236179828246,-1.4104861784271208,-0.7310367377872593,6.193949742855717,0.7976715946221218
14.7734375,-2.076506441384454,-3.837843475250944,-9.484789774351427,16.14493473352287,-0.4789699576112251
14.77734375,-5.9564196514312115,2.5604044318440993,1.2270126192675495,-2.8382248351027686,0.8323792784081946
14.78125,-1.9157952756434047,1.3626630882804256,-14.10076849270585,28.486285727855847,0.15267612245876083
14.78515625,-5.325695441753078,-2.983441187995832,-5.8280124627706575,-30.349613215145226,-0.1477026004966965
14.7890625,-3.753476022590409,3.7391482925220147,4.080131641344997,-48.28288553320062,-0.03647817687519242
14.79296875,0.3098582626924501,-2.490046026396597,-8.561514314588589,-31.16456708257207,0.004787831330702978
14.796875,4.196483169655127,0.9296008890259022,10.39553821622355,62.28455394912133,0.11161478508979386
14.80078125,3.8438620426262373,3.1742870238086027,8.08709821715078,6.76820934194987,0.692632420207297
14.8046875,-1.9951461929535668,-1.638686604549802,2.616329320287623,-4.208136669678137,0.08944302558628063
14.80859375,-1.7370951992850783,1.3443080726126224,4.050271386323241,-11.434028023963517,0.20508560782751403
14.8125,2.2511919609485997,0.06730633849962098,16.03824591197052,60.063844960556146,-0.38563743764703234
14.81640625,2.143961891625098,-1.2930110752638626,-3.9477112984551503,-2.8106533286072555,-0.5695400524935574
14.8203125,6.299735844621925,1.5721367732214895,12.236641704312856,-21.19495735894793,-0.781601588574753
14.82421875,-6.215052501504189,0.2738399683699769,18.463970106771907,73.17951568535094,0.04646126645714266
14.828125,-3.3178506872361306,3.1615549828079192,7.305522609908377,-30.23561669133337,-0.00018342736849738162
14.83203125,0.5850518975852662,-3.9163418870871727,14.862899913808569,11.839801731290596,0.023823270089073485
14.8359375,-4.648528552332956,5.410242385599521,13.411512736974581,-13.546657751532813,0.1317390337457987
14.83984375,0.929125452427364,-2.2005312750737493,1.4426417689043651,9.381212309904825,0.4848284372313298
14.84375,3.4507064528746954,-2.6246581112096696,-15.263841933238508,-28.795900123675473,0.468101237583422
14.84765625,3.304739770048715,0.5188861987639117,-2.9096627448153156,-6.066864803463885,-0.1188582189171188
14.8515625,-0.1992967465404284,-2.996432546631733,5.262816079395009,38.15268670198143,-0.15175272325225383
14.85546875,7.3174239015381675,-2.401182153677961,-4.498547673965874,-0.878306713745415,0.03411500677185111
14.859375,-0.3541318079896902,0.45242586106827276,-7.838509789019252,17.392174225954307,0.2888507231585337
14.86328125,3.175193693765113,-2.5524186276127656,-11.875109893214432,10.879472333522838,-0.05616996134746635
14.8671875,3.1669308070232964,-2.4635385783095325,4.88357565740402,43.18019144356009,0.011903093513008957
14.87109375,7.028676211198833,4.509814914414447,0.6606153905203067,42.29541255435434,0.2643923310639046
14.875,1.4635563552331887,1.283203445731822,-14.413401581712316,-47.436524194396185,-0.07639860174578048
14.87890625,3.9881515590914463,-1.8138031469353004,-12.359049101924162,24.66790372964467,0.06560550204274528
14.8828125,4.350915424901556,1.8287781444468898,-4.101827160324751,-20.501078584701972,0.10535861582861483
14.88671875,-0.3244279156213324,-3.4733250214262448,-9.410482101850526,-39.23727749743802,0.3772038607233501
14.890625,2.5508838668776574,1.5368517464107276,0.9657666391591468,-60.243366642191106,0.5658041044422882
14.89453125,-4.544801330945979,-0.25068264358549824,-12.026794251620089,17.40163550392095,0.7699966495197316
14.8984375,-2.7537560003061623,-5.957366386253855,15.984547459402062,31.044591746562716,0.6725072536887646
14.90234375,-4.400066183763793,-3.668087538391391,-4.62325702388817,-19.90367383824504,0.4320664136125997
14.90625,1.041877127698693,2.944456367202078,13.35420447319818,-40.09149796543123,1.4969022927899316
14.91015625,7.944671324099731,-1.0126609433478022,3.8020181647710576,-6.920466004207871,-0.2095048360592144
14.9140625,7.19445391801344,0.01889270942011577,3.5376325564934143,60.547355620985854,0.40056347753976657
14.91796875,8.788534841974217,-4.554659465301189,15.384802371432503,40.339542232942065,-0.12658608336833344
14.921875,3.7251347316222074,0.2827238516664026,-21.213803274500638,35.864293962929224,-0.16773788967118766
14.92578125,-1.3224528933161757,3.5939416225319336,7.887456744979769,-38.30637190980523,-0.36445462943119994
14.9296875,-4.105012145620097,-4.230202868842153,-3.4762542899748468,-16.80226652319705,-0.09213374302813267
14.93359375,-5.241636032898587,-0.7803126748371285,-3.689133676066273,-26.953656312673537,0.35645779585213894
14.9375,0.37658949171068395,-4.799990498386184,5.220171710711162,-32.035811287480456,0.31300575440431333
14.94140625,-4.148521542421585,4.317575602397552,5.065431264193919,-19.461662399189603,-0.3465025662188907
14.9453125,5.931526654774548,-0.031139192113397253,0.8466731205367909,2.097273736652774,-0.7940925930342274
14.94921875,-0.64113242121531,-2.966114527558217,-4.556169162752704,4.989684700972028,-0.3159414772843769
14.953125,-7.293469902725169,-1.738681685086764,6.808319491083704,-52.29633762261884,0.5561973479527826
14.95703125,2.6410823056387076,-3.7564733215254975,-8.929826558933225,13.515497305660341,-0.08389216662844964
14.9609375,-4.379395136145789,0.6319465558825565,-18.540769187505493,22.166004376450843,0.37469065762272175
14.96484375,4.0216209603107345,-3.2259177918567667,5.439898958160709,49.97591310951499,-0.288469548942739
14.96875,2.9844702629236286,-1.3712141817807204,-0.11494730711933521,19.633421302302384,-0.6002360895034484
14.97265625,-2.232487137035178,-0.2543933501601954,-9.778463219176757,-0.6668322034886538,0.41232083442671047
14.9765625,3.8161679720739636,2.901779519295286,-7.663511789483228,4.953059772298745,-0.019617574471162136
14.98046875,-3.996404349165331,3.004547744696299,-10.178497348328918,11.124140493714444,-0.315653948554294
14.984375,-2.588685855194607,-0.0241708796882654,-9.145928299944373,-9.046299488571323,0.33905010364045945
14.98828125,1.1508540312398254,5.91845210689308,-0.5608517883838449,-32.017224076079486,0.3515166892215146
14.9921875,-0.5575819852079646,4.563805781894927,-20.168279892545584,-48.752043441219925,0.18684482173622918
14.99609375,-2.1501387252400996,-0.05758286314241124,11.834146193913323,-27.92435617792514,-0.032208540025132765
15.0,-0.29670266247232663,-3.744341961160316,4.193291641724672,4.692008829416466,1.0413169079994755
15.00390625,1.6894068595386198,-0.48649706383336305,2.4079906070516555,38.31929617818139,0.6483722128943264
15.0078125,-2.103774920142874,-5.271519763187724,3.4479136314592562,34.72658472370723,0.9977971608110123
15.01171875,-0.2379551981728279,0.5283933634726765,2.780080522617287,-26.26696245079715,0.05020546248184153
15.015625,2.251562429968045,2.6728347183037866,-1.4654169522476161,23.745349091661673,1.3053950705347845
15.01953125,-4.553237188377459,0.1287569548236316,10.745838875882153,-7.954410180168235,-0.07692195931877749
15.0234375,9.660680604506354,-0.328586286823746,1.3841100710277159,-30.48059731446949,0.6342521802118214
15.02734375,0.4287129478425921,-0.5977225630822417,-10.19811014087351,-4.3056255956370215,0.2918353302193623
15.03125,2.786528865143054,1.0484115118385986,7.505506210121783,33.798001356554025,-0.4834707229592501
15.03515625,-2.097036270756315,3.5094225141176265,1.6086716933119427,-15.826514034719224,-0.46600484556901245
15.0390625,-1.2078964261953486,9.467590485311886,10.066860633317697,-12.008383362348715,0.8312044183664322
15.04296875,0.6165130787197178,-1.1770720450898364,-6.830868373532374,11.84263884172477,0.205433800026783
15.046875,3.150586396811314,3.6146068619385496,3.343781207027647,10.821492210140496,-0.4901494783116673
15.05078125,0.244792313833636,4.456824235876402,-12.278997129720606,-22.947022273557447,-0.18083754345230205
15.0546875,-0.35912324091174364,-2.9667010711954838,-7.782693195678411,40.16414155975768,1.2175469780226682
15.05859375,3.076432780064811,0.3631624533846089,11.6943738700169,9.327290078960395,1.2386394580752724
15.0625,0.2755531312865828,-6.871996971328689,4.751661177237828,46.89520774862985,0.4467949267634408
15.06640625,4.645960786229687,2.427194873718829,-18.480050504800488,-30.119202196643162,-0.3119656513295419
15.0703125,4.152654924729541,2.1047276507330874,2.892648865789802,7.2155513741212856,0.34602298789374575
15.07421875,0.6622102505218194,-3.6746704537680888,7.104969087482147,9.586322886851013,-0.06692712841778116
15.078125,2.9730326501783173,0.058675477159494546,4.035729173823531,-14.027526583845066,0.06833452602309363
15.08203125,1.527329735540543,-0.8479515392066272,-7.240037899785255,41.911464214289666,-0.3565110193836348
15.0859375,-0.7471133571870933,-1.1226962829514564,3.2576620813521826,-5.940821527731419,0.018952722817446924
15.08984375,-1.9867778661895603,-6.564078474423715,-7.443934507232675,-33.4755643993574,-0.5859336270513946
15.09375,2.3132368749575747,0.054385683895162906,0.09360192332143003,-48.48212735957223,0.08017518850488681
15.09765625,-3.9857406220006526,-3.2308246618973433,-1.4823924103560135,-13.381542910833751,0.3183568673318323
15.1015625,2.3032496613522544,6.117181399584257,1.854888825302554,19.879628360254088,-0.37075162546258816
15.10546875,0.680920931330032,0.5367760943281505,4.3217813958354805,22.163303585562012,0.15711507230630303
15.109375,1.1858922231957791,-3.7688227505577725,9.402798681209354,23.949973238069454,-0.8711590309941075
15.11328125,-1.85302407892124,4.268202413966836,17.095069105198643,20.94659891339836,-0.3277668432706126
15.1171875,2.8256071500034277,-3.4184785060748735,3.5659574083606556,-5.904491328077643,0.5885784076440432
15.12109375,0.40593407963435346,0.9731175314397735,0.8972907421529603,-18.851044966474106,0.09311635897688304
15.125,7.591990245148827,1.4772391225990114,-7.167020798326146,3.4930540960461576,-0.2650165669727823
15.12890625,1.8604898072610045,-0.7370271225147685,12.05807693057817,-52.49984351365221,-0.5908212452512068
15.1328125,-6.107003842749667,1.085743140661553,-15.730977865798323,-14.879773819320953,-0.41979507291809454
15.13671875,-4.479770580175596,-2.8018581901405017,-0.8806408383711144,-5.8147807521746095,-0.5420545290339636
15.140625,-5.285553429679476,2.186423991199832,10.924274137974827,-17.151326696899325,-1.2367672238535072
15.14453125,10.900061556483031,-0.9113204647703301,-2.531321236268143,-29.36883035910259,0.5378962221450521
15.1484375,-2.9107252685416536,0.41157648680737324,9.328795437950422,-22.70599582590848,0.48117559990482694
15.15234375,-2.728713218785511,-0.9905623747850683,1.8762193620184047,-2.475971879264816,-0.36945181403253796
15.15625,-6.467734447245169,-4.246616104989322,-3.902016557098512,-7.010876807954899,0.08873270593500944
15.16015625,2.2310462249536194,1.2079791011892278,-10.804101970785458,54.114933677838344,0.009127460080852341
15.1640625,0.49350117012246486,-4.901060592535082,-0.7776486958750377,18.992115281748713,-0.6376633382460304
15.16796875,-4.822350189587876,2.6602765620293667,9.561913361034698,2.387447689676625,0.3471777463949278
15.171875,-2.680603263063756,-2.462604858242268,-4.314015419888047,15.222976353212193,-0.37694287057113096
15.17578125,3.2199904149387018,-3.104926951322583,-13.041340984771608,-29.77413104664392,0.8908854236261374
15.1796875,-4.2464278074545945,-3.9024497860441523,-2.7854278463933237,-59.497379418814134,0.025744379009292252
15.18359375,-2.1650601432394936,-1.8457759262942712,10.027843330047041,-33.02583756325732,-0.3784356414568653
15.1875,2.8229408597399313,-1.8449262426794908,-4.284667573941053,-8.661360976005295,0.25260204004415077
15.19140625,-1.8419037245352816,0.04368528168295131,-3.975299970712091,-4.5152256461301015,-1.0796092412869631
15.1953125,-3.4721801742996776,0.7562832366678599,10.101801814553848,-40.74476374224892,-0.2646100511019194
15.19921875,-4.630976989015066,3.1903135318229348,3.6146649169429805,-1.8974854074159897,0.12586563596741446
15.203125,-0.8837265889831563,4.900379444360148,-4.886908766041141,28.700711300048738,-0.48723860456906426
15.20703125,-5.91144686839105,-1.5947020864237373,5.534638861785721,-4.096212982321866,-1.134813594725344
15.2109375,2.090104328164729,-0.5343672784613211,2.9145096276638482,-14.028286859997689,0.6916202834826807
15.21484375,5.1469134946211685,-0.9601127532976212,-7.276359375971912,42.61476301815074,0.39322621166476907
15.21875,-1.9940757522542156,-3.878726849210353,-0.30821554009310326,5.127830219088041,0.4307592831783971
15.22265625,1.784563120467017,-1.5125952913586929,4.230406115945166,-15.76548997586405,-0.12483258888765396
15.2265625,-0.36485469137084,-1.0649104026220664,3.816860839701029,2.9485230337648254,0.06498822034850157
15.23046875,0.7486774317607499,1.198294891717024,0.04176362984244175,-26.98628614435868,-0.05617867759425662
15.234375,8.849814304216368,-2.5663531302213607,12.097776631830559,-74.95512155988376,-0.21502643220161224
15.23828125,-0.1092773178412814,0.20256510090468932,-5.275799320682411,-8.04381429479169,-0.1521359097421363
15.2421875,-1.908139082176821,-1.0770030985387367,2.1595944581048796,24.275364072829188,0.18013010968700935
15.24609375,-3.045637512457354,0.33592261492249614,6.2423176009657455,-9.38915644440334,0.2868071103534072
15.25,0.16834577376821266,4.586378021754822,-3.5300349518562806,38.934476484900905,0.21204654848691548
15.25390625,0.1830021108042782,-0.8301794534758227,2.4466883612396764,-24.41786832593034,-0.15899103065154643
15.2578125,-4.430626860085886,-0.19174507053709422,-3.262419544591403,28.70252419303774,-0.7392197211485234
15.26171875,5.199352066549084,-1.740966572988798,1.6467888131192092,22.554081383187707,-0.41986127192140166
15.265625,-1.804708766894457,1.1416721924415645,1.2117411584770643,33.672267319811574,0.9271400435778209
15.26953125,-5.885288519373873,-0.3388547414492268,-17.76366879488644,-0.013003808560204888,-0.15216633699689436
15.2734375,-0.8987406573253841,-3.663561466798745,2.884235564458838,-21.516898790208565,0.2711913242856275
15.27734375,-2.2062602420384647,-1.5312792200298864,-4.430852082711769,-28.155290162803823,0.43849495807841665
15.28125,-0.6625278494752906,-1.5995418653881919,1.8749847876226493,-29.51347057676775,0.14876529348839956
15.28515625,-1.0258918382875843,0.11751306084403543,-8.210765810331246,-13.46760044318004,-0.24138686740920678
15.2890625,0.19100842184254735,8.311414247593577,-1.3987210896395774,-36.3289712154677,-0.4079087622182691
15.29296875,-0.7700594438484027,0.5287464432353974,-11.836343614875894,22.408256900326364,-0.06007398175868814
15.296875,-1.0774727877134957,-0.20549784790115794,-14.203378525216188,26.510816104233072,-0.28316277702432446
15.30078125,3.322345997111673,-1.3997404656013446,-7.3844371240085085,-6.260836079721617,0.15250734277089176
15.3046875,1.6680064891999915,2.8435334746147998,-8.795102768129912,52.695769345116034,-0.05812921303037294
15.30859375,-6.069783645188682,1.1343320842062423,-2.350649017749049,36.52164140670348,-0.044084545995720384
15.3125,8.389325860058513,-1.8153417854246523,-9.418242793456365,-1.0324437808173563,-0.3367467552733616
15.31640625,-1.5622513900866528,3.6554831214049894,-5.901216838593672,9.367189961352855,-0.4207287409963671
15.3203125,-4.531670551148733,-2.4735331145114827,6.4465551988251555,-34.329396527243446,0.3128600643616824
15.32421875,-1.961889793173994,3.3442867918641808,-2.7049915287876045,-8.313903441350561,-0.13441279948898302
15.328125,-1.1310932523907842,-1.045236567044559,-7.109783745150461,-10.412152927304922,-0.3326590945613562
15.33203125,0.2908751691095378,1.4300762036557484,10.420830482514074,-10.992100370470478,0.20751869438400614
15.3359375,3.366607456657534,-2.392752410415575,14.932892731651263,4.713223264230351,0.22974090123345942
15.33984375,-2.6309318950346765,-2.480853161076274,-3.392793806754283,-19.352755882845816,-0.32043837636453143
15.34375,0.9011920182352254,0.04788334353651677,-3.6736112724863776,-7.80699526362627,0.06470583403005575
15.34765625,-3.196920376744344,-4.723897801009083,3.48447754155795,38.65846584518282,0.7604899047218908
15.3515625,1.2724062518560326,1.452293144801595,-7.374395694144576,37.87210743469464,-0.2630883974980926
15.35546875,-0.2638639150630346,-0.63770306084088,1.1190803969927838,31.51655287320705,0.35706684499833646
15.359375,4.929364984487718,-3.963348584061246,-1.6350367194632267,-12.227592873452803,0.07345314458698815
15.36328125,-3.575284824975881,-5.5310355276102365,4.126548547454133,22.50714478690072,-0.6405082944865236
15.3671875,4.1547576078701765,-4.956056746169574,-14.682859630775157,-3.326167766383989,-0.2093103624656623
15.37109375,2.679549504492788,3.2541438056803345,-4.9102071762055015,-14.562047973205484,-0.23727898880046425
15.375,0.15619574746677162,-7.742229234801626,-11.099155173404203,-16.451398248242096,-0.043178801690619294
15.37890625,-4.420208456918284,-0.3383281242863365,-2.7596339915133488,-17.331388829834694,-0.6545057060672509
15.3828125,-11.085750551182928,-2.982480075673629,-7.836151584706905,-38.83797903948662,-0.7123651811143237
15.38671875,-0.10503240120544273,-1.6357854795815117,3.025868685294609,-30.044691256035073,0.534660741707422
15.390625,3.3318572951545042,-3.2911971399036393,-12.292039735491333,-56.94693922250718,1.2366211369045819
15.39453125,0.22809843606082683,-1.7457946416317351,4.528516635215805,-14.019658139503713,0.24238373785459158
15.3984375,0.6515698482653889,1.1665628524660394,-8.904655979122145,-13.010120010757333,-0.1476252117126906
15.40234375,-4.435185046365429,-4.721821262820363,11.704395220082898,38.64779841770941,-0.13256518410175935
15.40625,-2.809818528360474,3.1099214510236672,0.29833719859734975,8.75411151136878,1.0966353398289113
15.41015625,-5.6051612952154075,0.5132651247702209,10.413681926760427,25.22997644187947,0.7311905491995949
15.4140625,-2.3947583551038947,-0.6152241700670622,-4.4185447829227416,87.77272019361182,0.37148647115108857
15.41796875,-5.783962674607543,6.347633123416793,6.0400923961897846,13.315985757566777,-0.15429839131236225
15.421875,-2.84208760729306,-1.5839538866782528,10.630156767646369,-24.05924646729465,-0.034504784816973166
15.42578125,7.422809706546863,4.606366752670612,11.213115072020646,-17.80042951363095,-0.2790530626597889
15.4296875,-1.3859880014214718,-1.3453301594854725,3.319754133212034,-36.89489607258153,-0.19928702992042
15.43359375,-6.073587288141899,1.5014026019410442,5.895593328272929,-6.961239893657002,0.20210503953141057
15.4375,1.0268982306595194,1.3192093443979107,-0.006828577536190039,-19.450012865198342,0.33144446577097564
15.44140625,-1.4664630439340427,-2.905458173127203,5.348286864216265,-1.84357230258205,-0.45202013189770945
15.4453125,1.8529949464259383,4.553169531407637,-4.3158761018735765,-45.38431126928139,-0.6348280138975764
15.44921875,-1.4059436265555583,-0.8082437104805311,4.5236562685837125,-23.837488596960203,-0.3471552271387301
15.453125,7.387369445767884,-1.6768022220930923,0.45089379326952383,-16.349927572348424,0.09089871662002023
15.45703125,4.584965970898189,3.1142865830312436,1.5718897819908308,-10.60149169909199,0.12424090560316499
15.4609375,2.3287038301294847,-4.890841008855349,-4.392337630355472,21.981424282579955,-0.09922685822576244
15.46484375,1.7220762001615144,4.759971257861199,-5.279412375558865,46.31569637999824,0.24989498411843297
15.46875,4.981397784546876,-6.665202286441037,-5.032980097851436,5.902255995912972,0.00360990183017821
15.47265625,0.28735415387107976,-2.5989168222415913,0.538877787072181,27.440896383574845,-1.1201692352280856
15.4765625,6.11468170927842,-1.7867393312000759,-10.312418588020826,0.25968417980088,-1.0750158904052791
15.48046875,-8.731175562382571,-2.5194600417462167,-16.61469826010659,-7.673913606918296,-0.022289616822299206
15.484375,6.764775461957261,1.6308903676552138,-1.9104427283549215,-59.446098521848526,0.8912652118144091
15.48828125,-2.5679377147748945,-0.23259507416154185,-6.397781517125269,-77.44059557275656,-0.8088992649674847
15.4921875,-3.637743172309063,-2.836457405384796,7.929638427084301,7.551178330689584,-0.26583789834821564
15.49609375,-5.677092082187048,5.823316838889337,10.320679500813963,-28.26548841612735,-0.2069166678910097
15.5,2.923273103271152,1.1877856234462918,1.8787473346638286,-41.50427778216258,-0.11110602187283533
15.50390625,5.895507568707682,-3.777528270292822,3.0898800907897304,-19.87582715188504,-0.12953485078642185
15.5078125,5.666937835105197,2.8882235557460323,-13.414002513775525,0.5413416757252811,-0.2756152353585247
15.51171875,-3.267490139456068,3.4904970335088983,17.077959805222818,53.701530737128564,0.004115513459832619
15.515625,-2.3338884336552574,2.1881972338421045,4.242747374072365,26.767760832968477,-0.08653348974085766
15.51953125,-1.993712493487308,-4.950651316742883,-2.2183603701825287,-26.81870086740343,0.39662975865448247
15.5234375,-4.572589069631304,0.3868615522097901,-10.622555654810206,7.857274791821483,-0.17607381467574007
15.52734375,-2.294975945838879,-3.5491919127227654,-8.901404921294194,-19.722553829577816,-0.5214163985113465
15.53125,-1.436432278052757,5.4258068870857175,-9.556939410294522,-10.667383268658114,0.10047602712527502
15.53515625,-2.9232582623105734,2.950973740786714,19.133841365131538,-37.65997866644413,-0.033500500260329705
15.5390625,9.462749216775181,1.948937995471748,-7.703376171090195,-35.36627101215732,-0.5223117808869115
15.54296875,3.231079412889831,-3.2523652373411958,-11.427728906993135,-46.096000611834434,-0.8300597624029442
15.546875,7.680533335581436,2.770060182914651,6.280406747580654,19.552253768245382,0.039908191082002095
15.55078125,-5.281150538152511,-1.8693204828786936,-5.345147693841205,20.541449434267264,-0.7477908615177317
15.5546875,-4.6191493261301435,0.1604598440176399,2.7510153903818186,7.954436189414616,-0.30645104248542326
15.55859375,1.479557722237928,0.36255359840426216,22.040518209471724,44.60135427395352,-0.24216570722438693
15.5625,0.64440686114721,0.15627046820616594,-12.734282703135122,2.0563861946000266,-0.03689498197439764
15.56640625,-3.2937087120516297,1.9580487737007317,-0.20216255304225772,18.854881510960823,0.06469331272033614
15.5703125,-3.204735372142805,-1.6139374548671326,-9.224188912654103,65.3081120662279,0.6728355730270501
15.57421875,-3.67458545594638,-5.200630035088364,-10.795121652226594,9.264067259553336,0.24574282482191473
15.578125,-8.94200032525762,-1.4652080325777752,-17.341704477188173,-21.02886267635688,-0.9928072678361671
15.58203125,3.1419406402346532,-1.1238198799786208,-2.924613917053594,-36.982043738138515,-0.33679239423644197
15.5859375,5.2382034436488425,-6.302376646294482,-12.193704816787662,-43.12829089354774,0.07653393486720798
15.58984375,0.9527941188008089,0.6561171644618401,-15.937073840844228,-40.02003735596708,-0.2375387017198188
15.59375,1.580769399967418,-0.8083782357640286,-5.823952431230371,9.501514168053973,0.57113199248105
15.59765625,5.318823540217527,1.7197729781405409,-4.5357714989605125,1.4406726708460633,-0.24545052766137068
15.6015625,-0.7038434350716635,0.9128354937246997,-2.585696316343329,-8.02160719018638,-0.6939410686415303
15.60546875,5.0025442102491855,1.5498767077891038,9.294944917556641,-26.870868405643712,0.5198251489285022
15.609375,3.792829684030602,0.2702948477093533,11.782877463743638,-12.922435160578608,-0.4183207862230025
15.61328125,-0.28767870328030876,-4.779064763366296,6.9872483265669505,32.7508456918768,-0.7637298569927289
15.6171875,0.5631421905022799,-0.4999703319219721,3.5479779413227748,-8.769205382572949,-0.512751350406267
15.62109375,0.568067447238329,-3.532720570321608,15.198304264095125,22.330054490635604,-0.8275597570434394
15.625,-7.185156209094871,-4.232105021922385,-4.677812024215285,-38.25721969411768,0.5033706096717318
15.62890625,-2.484043595590907,-7.10960754594168,4.3371424235569025,-0.7325989693907538,-0.4026551638114929
15.6328125,1.199813063182992,-2.1404375184975546,17.218094931246714,-32.13711637895645,0.24183994867348604
15.63671875,6.6909055689967865,-1.6191174657778309,1.4937236418244364,-26.2082969529953,-0.08126641706699769
15.640625,-3.397291317646684,7.524659546457838,18.826316586408264,-40.95976277745382,0.058676890219153156
15.64453125,1.9076901444723882,1.0411801803966465,-1.69046964365699,3.0049753248761952,-0.27059738294959423
15.6484375,7.508498224917762,-0.5950108646163925,-6.215043804959718,3.4814027210698573,-0.3825232188877238
15.65234375,-7.057312134055164,-2.477152781056176,-3.6216845397224247,24.060829746561442,0.6984595927710481
15.65625,1.8196511636838362,2.6711119594677895,-0.916548188520484,4.894586746994531,0.46600989296197604
15.66015625,-2.043524961756243,-1.241950143155501,3.7464074111142436,32.504876832094645,0.036431278696520825
15.6640625,3.5736237751304785,-3.5873004201922054,-6.899857226336426,45.38169155394925,0.8712786158113239
15.66796875,-5.530065399632464,2.660638912733045,-8.426303388599058,-11.601222522635187,-0.08690561942486635
15.671875,6.569004287170552,-3.6632906934224048,-2.2025819241902194,9.36743723052441,-0.633775690490214
15.67578125,-4.089568173416797,-4.797268459360325,7.515244236033788,10.392602411689253,-1.3148469714765216
15.6796875,-1.5815394505564808,-3.6482883717275527,-17.43960418850061,-21.904319331062467,0.7659551606206242
15.68359375,-5.13741669949926,2.245369096531797,-11.346856390907183,-5.204590988891935,-0.2497406164036167
15.6875,-5.204091491837452,0.7693088470191648,-7.415193908017099,-1.295760097390108,-0.0683626573307923
15.69140625,-3.440668582200709,-1.9738756466980747,-3.6440222392963504,7.5868855533826185,-0.2692363681737758
15.6953125,0.2940688064764034,0.2372817319083656,-4.724787338456878,-18.237706619925994,-0.9489769496082855
15.69921875,1.6588341443465364,-0.8174956452659381,4.2161839172358135,-14.352910345409155,0.4596325280249806
15.703125,0.3145122323977345,0.9571094266872062,7.3863102688556115,32.4071536403345,-0.22742085043567525
15.70703125,2.33596455614341,2.6761431207954884,-9.137063672179778,49.10744550315331,0.3612632268244856
15.7109375,4.5678352885060445,-3.555993409945228,-11.95326196720973,9.99933838214019,-0.036792778621641424
15.71484375,-5.35683403325604,1.6668856193030783,14.006307524452973,29.795472945315126,-0.09245088118879244
15.71875,8.421489171487737,-1.02426961500776,9.030486535885267,-9.702034382484465,0.07434517669189732
15.72265625,-0.8811674801939775,-5.732314734619036,2.9840632950453165,49.10902775321947,-0.5036741057785967
15.7265625,-1.216293743459775,4.921499383944623,10.431787142977885,-20.502433691102468,-0.43187693314328846
15.73046875,-6.374143153457949,0.9832647046945713,-3.136581572077569,-15.708252160211947,0.46906716564294504
15.734375,1.9458338622315174,2.4665051707291306,8.711619916701771,-45.85547631276657,-0.45509685111722553
15.73828125,-2.3197156371708987,0.008561297534741889,-1.11097424412907,-51.58215485743838,-0.602699792744292
15.7421875,7.640913180831988,0.6399114901930862,-2.2412975359667486,-21.962775118247198,-0.4177295620230857
15.74609375,7.0174080115433295,-2.4206421194301413,-2.660985996286625,29.148200458827397,0.8957331698205895
15.75,-3.1791190477622657,-0.011729208090475944,-0.783827397399119,-12.79603629585565,-0.15769699638124637
15.75390625,-0.5157234023539448,0.11819566141168802,-4.18639146469335,-15.571333456096768,0.7336860207427605
15.7578125,-2.0241368034019604,0.5332922419102499,-15.045714636589846,15.231579108858842,0.3500937966921501
15.76171875,-2.833550939854242,1.2960414588594331,1.7162797875322218,40.05022991456819,-0.32234678010111606
15.765625,4.977629400792856,-0.16650320457659967,-5.88356174418236,-29.371567846093086,-0.30876396645094134
15.76953125,2.327003908443857,7.252745414101594,11.035321722337265,52.55270419136637,-0.028492961884615156
15.7734375,2.7832301792378056,-4.380903471498321,-3.944497157530825,29.996191618476626,-0.2937515363669525
15.77734375,-1.3706073777913976,-6.136267231670375,-15.174716148093488,23.752625992902882,-0.40356701754635876
15.78125,-3.6381076748017858,-3.8804218028424344,-14.023486377837791,-2.0436970532412886,-0.8399533398208613
15.78515625,4.54512643465471,2.382826786046574,-0.03929572043239604,-13.88924452061635,0.8486931582940747
15.7890625,-3.1523939386084083,6.6421871979152804,-2.180676853439769,-71.77131723436518,0.44840071006739535
15.79296875,-0.2831703510329116,-3.178983098000538,5.271002494940868,-28.438550574641518,0.7323039647141973
15.796875,-1.0112970473458902,3.3129230090838844,-11.946856688327506,-13.702039579499282,0.18884946494849242
15.80078125,8.280993030666272,1.8885738474049876,3.687139224642177,-21.055916176551477,-1.1414025479394547
15.8046875,2.672319544225194,-1.0561375344895856,-12.287714035410866,20.87945028097323,0.29670753261586247
15.80859375,-5.444626264551782,-0.06122372286056808,14.628683628854764,7.732717059151765,0.3647852498243879
15.8125,-2.473681884547192,1.107463618921131,-10.420620211981822,21.72756001535376,0.40728959391449077
15.81640625,3.644024537045491,-3.004311575115781,3.5809617713558013,-24.465479333101534,-0.14592191576732502
15.8203125,2.147560620826311,-3.3320766567462856,-6.283704510231148,-14.876858224028576,-1.0762799655300235
15.82421875,1.4989485165650247,1.4095096828100928,1.4481186448595538,11.767650266204637,-0.18846282806448517
15.828125,-3.9528095261255447,-3.720463005583392,12.447895521476129,-0.5268991259172449,-0.3827367724036873
15.83203125,-2.8426928256333563,-1.3327484677690813,4.075137909379023,-49.62517389708806,-0.057166423994731416
15.8359375,-2.445488398118021,-2.8884093788122387,15.69433126203493,0.792426752447323,-0.29177924965142965
15.83984375,1.1092926413416806,2.999334042923307,4.905557954703342,19.188811697192836,-0.2202882490362348
15.84375,0.03918859818183395,-0.21220602617385445,-0.4947814671640496,40.56923513708124,0.2543252625876009
15.84765625,-3.751823289931408,-2.030947377020167,5.199849636199929,-2.852216054477468,-0.33804189074825897
15.8515625,-2.5744032054550177,1.3592999417670037,6.681084232184602,33.48340570695758,0.6430081767967765
15.85546875,1.6920203015040984,4.7099285620798845,7.184474848579082,28.118364641937227,0.08944938879235434
15.859375,0.7083227506772776,-0.2928348269604195,2.0398928434543566,-2.404763647682344,-0.45109134349137125
15.86328125,2.8245203091151456,1.9420819010218908,2.870112826012553,47.69968344968161,0.3807625295062975
15.8671875,-5.349122016092895,2.1886495891694118,-8.714422646894159,-27.377538487052572,-0.46823462459356824
15.87109375,-8.57825601299206,-1.1392747016960372,1.1676902866989565,18.67437955376549,-0.12305446429032986
15.875,3.5752344402241443,-4.453560687244921,-0.7708257877016456,26.108308023646348,-0.5874417890800822
15.87890625,2.8276554376533,2.8098464535077516,-2.773945498706803,-48.9766015830334,-1.0178976673355082
15.8828125,2.0436611948460865,-9.737078489283055,2.3788410216627938,-23.07965986227869,0.8392952247169299
15.88671875,2.534526944906877,-0.9319909191050482,-3.883480199658277,-20.013135465832175,-0.6332163251366258
15.890625,0.9034066585088787,-2.0121875820520088,2.0863079046952717,-4.260098801597053,-0.13050705417818417
15.89453125,-4.989140258966743,1.119761652596029,3.9933588808963276,7.290331228103689,0.20476526489718136
15.8984375,1.798840304923964,-2.487374797941506,3.5549056653968116,26.34001672943828,-1.218275932113218
15.90234375,-5.162715982108941,-1.739642779330648,-6.058091152643858,4.208964282377183,-0.12275004222993587
15.90625,-1.9579066813292745,0.642981151068715,22.566651041948077,18.099420203813132,-0.05508398347167964
15.91015625,0.4268646315320849,1.299488229173844,14.04548144427983,41.01811730411301,-0.2928827848866273
15.9140625,-12.826647412281853,0.23748800896846362,7.486675666903135,46.32730103157489,-0.5680530316346895
15.91796875,7.264733576211383,1.1229802854424196,-6.631104224162873,29.356500468477954,0.2869980813995839
15.921875,5.192813317399085,-0.8336865820115256,14.13028791523835,24.241879333878778,0.5858099704107744
15.92578125,0.3892032581628618,3.8651649702191913,-7.162247396854508,-36.95100366873599,0.16186900455132644
15.9296875,-3.2792449856021495,3.8444042616436898,7.494133201471234,-12.759346622745456,-0.14084297453074648
15.93359375,0.492200926640414,-6.497188424934389,10.39211443484892,7.43774347229337,0.009591113125996004
15.9375,5.328554567171738,0.2602783978295463,7.752375345923209,-29.063664606306123,0.4876638659554189
15.94140625,0.17802147948269254,-1.1786349669409655,-0.6578446518906671,-79.63587162496484,-0.009284570434106245
15.9453125,1.9314805697828388,1.2421384102409314,-3.9088068128959357,-27.346697057289184,-0.7337119474416505
15.94921875,0.2799085609379249,2.096391727879945,5.120685311224601,-12.925545810666689,-0.2801862307667817
15.953125,-5.350693769273469,-2.146421448314002,-0.8802917487758226,-0.4852685243543515,-0.09528140505975871
15.95703125,0.4586054760537314,0.3125968982877622,2.846853706356425,-38.967831499986055,0.6126474765739123
15.9609375,-1.744290773842792,1.3616019434173998,-5.120306116814692,13.285545090184199,-0.20124479029229775
15.96484375,-1.426306586831772,1.2539764063453338,-9.038086934800255,12.896545812448448,-0.7724891620349111
15.96875,-0.46484803708603667,-4.337704224834327,-6.106275996863879,25.0753173822031,0.3431807940123879
15.97265625,3.6845454302281637,6.430586548774222,-4.428659820392873,5.402759159620244,-0.24145958653672708
15.9765625,1.061246173435308,2.1259746497852587,12.754803663152984,-45.30434451561113,-0.41937426756730917
15.98046875,7.421755780146702,-3.3090713195571047,-9.105182100636007,-11.569758543732739,-0.46780964316324125
15.984375,2.363675125222661,-1.6838708036279058,-18.176253222630358,-45.719585638125125,0.14511058269495872
15.98828125,4.776437077222272,1.8695916388609146,-18.34388194910737,-36.3214800634141,0.1848472859716787
15.9921875,-0.5446287623547498,1.6459036129889424,-3.547006568128909,-50.146753662441455,-0.3895772435314963
15.99609375,-1.3750876859582588,-1.9483901620228057,-13.704206558341829,18.308109597085057,0.24208242222915313
16.0,-0.5730828519541996,-5.703052863194233,-0.06995937876227662,-20.147978263683097,0.6475966495964115
16.00390625,3.368797503885735,-2.7765983401409104,9.40246862481713,1.5434327322066537,0.6313321393505434
16.0078125,-5.7057550307702485,3.3124796760081097,-0.2481748593641382,52.15693908906592,-0.3290171007327922
16.01171875,-2.1227109687725756,3.571694624052473,-0.6508654187152003,43.353905564213406,-0.06595024117811694
16.015625,-0.5025876599216054,-0.2941650967055016,9.99463528578638,-4.517391233613438,-0.7436175317521929
16.01953125,-0.37679235007589523,-1.1431014631150005,9.278571270646033,0.9246495013734428,1.0900377962150007
16.0234375,5.884709227597357,1.9193961497092389,-2.6977859759399045,17.34202846120825,-0.17959267308924054
16.02734375,-4.335146032091236,2.213707927881442,7.338272271788197,-32.39401967901396,0.4007622040611577
16.03125,-10.561639378402479,0.5990842674100207,3.1049427750142176,-6.820377249129901,-0.36724687905849557
16.03515625,0.20862946259011675,-5.93941867726502,-10.985605779012975,-62.95779364215953,0.5250024340365629
16.0390625,0.7102223230884406,-0.2771492552324276,-13.887915025920789,-2.669267825692412,-0.20124068926827351
16.04296875,-0.13511945341695294,0.7356591182754637,8.253253370639994,-1.4625544685802652,-0.7607113155759252
16.046875,-8.616515142211576,5.702647580426992,6.007786792880022,11.096832921134599,0.21675411967284325
16.05078125,-5.160434770546919,-0.14675964510517628,-5.858712257371922,-8.548758390002938,0.9999047352794416
16.0546875,3.4039277395485446,4.025360961813066,8.572541900832817,13.606987342994403,-0.51727461234387
16.05859375,0.42027302704983094,0.09661795515210136,-12.908424462852768,15.99005824732935,0.563256245572037
16.0625,3.159602954013126,3.7133180169778335,-4.009005169301726,53.84816982042278,0.26825112153835196
16.06640625,-1.6942846701084924,1.4209970269260257,-5.645992585174077,40.882904669421535,0.5188611573638852
16.0703125,0.9396706222826409,1.3854436521092375,-2.8044048863612883,51.27970925046466,0.2663589395427839
16.07421875,-4.215141704360347,-0.15841141268171915,7.737550726718885,18.876813874343554,0.25253813391067303
16.078125,-4.721920229518595,-2.0161055843785016,6.455548173842087,45.81023341995607,-0.3929242695094748
16.08203125,5.376065141505411,-1.263925869587736,-7.50268336210892,-3.1431083185204933,-0.30399736343446104
16.0859375,1.1028891862957115,-4.2500023155156335,3.927778063035828,-23.462691987153068,-0.2677181905712668
16.08984375,-4.074707081498671,4.731755721311387,2.856476231846107,-14.260420168424911,-0.5078690197157562
16.09375,1.01298544547567,1.1010198907205417,-10.835708852039554,-0.15798087416013296,-0.4045054594032989
16.09765625,1.7843551799733401,-0.7236568541356891,-2.573577448613947,-42.983458820092245,0.7347620589326178
16.1015625,-7.615015495606948,0.8722711394332023,-1.2217166220298665,12.234234054382672,-0.4023765991246666
16.10546875,5.584221453076161,0.5180046304511018,15.141894935247914,23.23549635296561,0.3000671028713241
16.109375,2.1168900923921545,1.6242064084179446,-5.68035239648737,-20.196290222925377,0.2414547485323758
16.11328125,-5.564315845007205,2.9067546014722985,11.663890061785526,32.07188128661652,-0.9490809248983851
16.1171875,6.01047197018461,0.7207468654475672,-0.05872755070693092,47.42319284121705,0.06036970547452242
16.12109375,0.8568984005791934,3.00235089903828,2.934535101684281,17.519936101005243,0.023106726489499962
16.125,8.580270458867204,5.217576007025748,1.7801589662913653,-6.463574956178197,-0.7905073811227791
16.12890625,-4.338454791055095,-1.5491489727822374,7.377183098009974,36.80121805089017,-0.5581203562841892
16.1328125,3.5742093785364717,-2.473656865694703,4.574249241052666,-8.045407243088793,-0.3315152999950922
16.13671875,2.5383912209564827,-6.269694363557054,0.5370995126713849,-51.40513204425298,-0.2849380194863073
16.140625,-0.3133479692613718,-1.5796357335510542,-2.399862503299824,-35.03443539398612,0.034719454106869115
16.14453125,4.8626726384762,2.3384435183521206,-5.678888705171559,-29.072765769261487,0.34009085928426597
16.1484375,-9.05937094333581,-2.1392811121454214,-0.7127165450263366,-17.548916685049875,-0.1567602368546325
16.15234375,-2.2995922927920263,-0.41395630790611637,-3.642165922192264,-15.204486157642343,0.21956994571242813
16.15625,2.013380670753544,-0.9665326543965832,-0.7432152627638262,24.928353093585127,-0.34083337602548247
16.16015625,-0.91567920475572,2.971806334524284,6.470074647959461,8.483430747311996,-0.21524357956550283
16.1640625,2.6145016637846465,-3.3100900982902464,5.06506573871712,-40.278561608866994,1.3744414743377826
16.16796875,-9.499026676212013,3.337073056657043,-2.462764103082308,37.833227342840416,-1.0748947496227117
16.171875,-0.8891335852857308,-2.9655936810476873,3.0290877106708054,48.80773335642612,0.9333050063451092
16.17578125,3.601447423800633,1.2265885237498082,-0.2619327013047146,-12.117322305887793,-0.3325271002205633
16.1796875,-3.347684661790181,-0.998568424413634,-15.584767976962429,-39.1062734518481,-0.4227574875188728
16.18359375,-5.0339021135332835,-0.5754383741271856,3.5307839713326317,-28.492463015929495,0.5186519291638161
16.1875,2.7875016353585185,4.135665698018878,-6.676252015152969,-3.9793123005650948,-0.6448100799004929
16.19140625,-1.8180676779421359,4.268044704488194,-22.111328781655615,-18.481559144017204,-0.1486160828045806
16.1953125,2.579683081401327,1.568100700744456,7.890395999452828,-3.4522533919778713,0.1307783692186046
16.19921875,-0.3940945345445594,0.48765445867742235,-9.015012019633888,2.272962013650927,0.38660162026474443
16.203125,0.3646858029800901,-1.1945163920036161,3.3197834987827015,52.76260412931256,0.2758457233323957
16.20703125,-0.23934542734872014,-1.41940137870891,8.213852070220035,43.23464917114475,-0.141590324244444
16.2109375,0.27381907142894446,-1.6381257155736992,14.031792845161599,-13.255707788731069,0.147624973905394
16.21484375,1.8235129864737165,-0.009566047170755357,3.9698120564375206,32.74428428176772,0.3642401655300829
16.21875,-3.1927755705032577,0.4452809536588189,3.3566688995037506,3.644867407988553,-0.5117968022083225
16.22265625,-0.08443754008411218,6.275860497685581,9.857069018004811,2.7381839097721214,-0.010280963728467266
16.2265625,-1.152510902054763,-0.9072970396514081,8.725798772311979,-12.500156402407544,-0.4780162299192028
16.23046875,4.8858898551782435,0.7055218434974386,-4.546327076081542,-12.347235735837037,-0.07638014546501941
16.234375,-5.082505325431489,4.873407189637032,-1.5355224361879385,7.487127933379163,-0.20268450948294034
16.23828125,0.415821503203758,0.43749951719107116,3.6683659552338836,8.003139643399514,0.05244118968145924
16.2421875,0.25318488486479435,1.8357880357863219,15.23242145653768,6.575639410505307,0.7029060067237706
16.24609375,-2.943687143344265,2.076671442986583,12.692709763544373,-21.732164025414974,0.7164263741159093
16.25,-3.49525634375344,5.418284769301318,-17.35671122093646,19.73109062274301,-0.016237707584955262
16.25390625,-0.2434400052620925,-3.5550397900062425,-1.4022405400669138,-3.2479520243937774,-0.1682841134624475
16.2578125,0.0012274880105491504,4.584444535121828,4.823773910879096,25.33444176673696,-0.2053253038937339
16.26171875,6.663489158131346,-3.412331662541512,-12.524115244698727,53.54845867826219,0.5864654079076251
16.265625,-4.9545785894189525,0.6000413405317924,-3.148215686166249,60.048973441487256,0.3366883532501865
16.26953125,2.4974401941828535,0.6132622284153026,-9.316308172145227,33.88338358727432,0.3795796909698068
16.2734375,0.29497758492644405,4.055782148079301,0.919625879746631,-16.38402200773237,-0.4660220083191451
16.27734375,-5.058439469876493,-0.25888714528248324,-14.707107219919482,-7.451086859952431,0.2586510058726482
16.28125,2.0363208494100893,-1.355217898802641,-15.333228566448218,-53.64870534531903,0.35572056056607887
16.28515625,6.360381216062551,-2.129947134365257,-2.9774330045998507,-59.979292289061775,0.013155906324633622
16.2890625,3.420194309691651,1.7928845341904598,-5.333862336713169,-34.39293376322422,1.0002309637412357
16.29296875,3.974146030958663,4.686338075823759,2.677751460050879,-54.789438033003044,0.032648456391614365
16.296875,-0.18506867708141486,5.597711317721135,6.931483746013829,-27.228066849631105,-0.8952471332435029
16.30078125,-1.6134353114131108,-5.087684774580096,6.145771257750897,-25.244763976713667,0.6344153754712872
16.3046875,-2.281459323930213,-4.099620775383369,-4.209480185997069,22.518887993115804,0.7647071770550451
16.30859375,1.720401086509188,-3.997709824520359,3.0123283995732293,22.688786620478048,0.4412156596909518
16.3125,-1.6026666446847913,-1.2250501932458544,-3.2450800847762835,26.76808765493255,0.626072777153667
16.31640625,0.5727412266780672,-0.2739868514111363,-0.46552829528584816,64.04978536231731,0.09480463595862922
16.3203125,-7.227750427260443,2.5130736335583386,-3.972276837100143,6.7371144453536065,0.5718605063377763
16.32421875,4.670091908608809,-0.09532248646299607,-8.898838936077787,-34.84763064538486,-0.15491983950456784
16.328125,-6.236491131764038,-4.086887844133437,6.426671294147999,31.238135473081115,-1.2381102953932348
16.33203125,0.6217868181578505,-0.3144151385990576,24.20363937855035,16.55236635995306,0.45471922911269436
16.3359375,2.5246699141615054,-4.511153038361341,18.044420700829125,-40.51405341493796,-0.602662927311908
16.33984375,6.757780824531813,2.1822286705193066,7.789332988035964,-28.820881606313122,1.4665327105570884
16.34375,2.641631462618248,0.8428592389197886,9.140720999384268,-47.68443584763426,-0.7162338396787972
16.34765625,-0.5057409333460993,-3.913358573973321,-16.367734943068605,-13.19228426235546,-0.3208563011851869
16.3515625,0.49918688637903924,0.8687680872278432,10.988069010765452,16.003025193578043,0.3338987608381435
16.35546875,9.323095477973999,-2.2578437144762944,-7.374451455819008,5.1036129613968715,0.5771687280178439
16.359375,1.7980154221773201,1.52232570281808,2.170600820773876,43.94735900742054,0.09688782082137021
16.36328125,-0.8921077925544731,-1.188374241757028,-1.2934884393017705,-38.39613472427392,-0.6519500056795628
16.3671875,1.678965769784311,1.0056159391737438,-5.500124062938616,-20.694362322062915,0.9069919529713663
16.37109375,8.723543409746721,-1.08097592557581,4.437012530295597,2.173494290582447,0.1712826296294444
16.375,-6.659219740209188,0.5258651471998399,-4.001768990396099,66.51486625669524,-0.5389735278273088
16.37890625,1.0820935260855307,-3.240325435143768,13.165400942768127,-18.332667390258138,-0.1269609410621935
16.3828125,-2.910553862366641,-1.0070603910189022,6.683897318577597,-18.511207208306743,-0.12779426150563525
16.38671875,-4.129042376666611,1.0889902733332626,-6.724588483762691,-25.396988621317515,-0.7734079984692757
16.390625,-3.7946338622998796,1.4581370377622898,5.766592791609263,-24.749574289276808,0.5263193772700168
16.39453125,-1.1477927777393622,-0.19785613966498752,-11.965784076025063,-22.7124573738298,0.3298432255106308
16.3984375,1.2659381711094282,-3.85700060028837,10.784272474486384,-1.884630442303147,0.3489910149009496
16.40234375,-9.597067551600048,-4.944766005381581,-2.6989216474844966,35.16900707211761,-0.49549394953611137
16.40625,3.69317671618503,-3.995555650898501,19.483633546493856,13.488336128723269,-0.6403754359931475
16.41015625,-3.347841189341073,0.024462574508998476,20.37028487559807,96.11796758731252,-1.0314578430538384
16.4140625,2.824400871870967,6.0024206589097,9.984910708052801,11.819675713445978,-0.15828011776317483
16.41796875,-5.966292706783803,-3.4940723113780736,6.77346290711572,-5.234791234037942,-0.07637514538717237
16.421875,4.4331235417970785,-2.878063267075934,-0.10621028634946583,13.884985603406495,-0.6802762004506251
16.42578125,2.276019712726144,2.160814546644145,15.503015711334363,13.288076286977269,-0.46631692577855943
16.4296875,-0.2990011405916291,-0.13498011821997197,-0.2712258811373447,14.530150518480033,-0.07691140623744426
16.43359375,0.15425385457459598,3.2656285823178433,3.8057785939935505,-35.478555085646825,-0.07234137081585701
16.4375,4.549134453867681,-2.456553143853527,11.31889492813368,-35.97036492871928,0.9743581353397047
16.44140625,9.252022448636758,-0.15745509044340664,10.301128468744409,-14.040041418059001,-0.33529419859700316
16.4453125,0.8212269576859256,2.607540256536205,0.43152975253416326,-65.22440043078295,-0.1765722692377558
16.44921875,3.574595880782274,1.9502627705924196,-19.260550912430567,-1.4157148400256137,-0.724700206480299
16.453125,5.788662524863833,-3.903068711859884,-4.077519199361973,0.3510762686094058,-0.6424765430713667
16.45703125,3.3493994011119494,0.14219482041015902,1.2133037334237002,35.809670778643195,0.43678988249529266
16.4609375,-7.111274037876964,-4.962456199768779,-9.537462652058503,7.565578252071978,-0.07565979128530115
16.46484375,-5.006812229927091,-0.9876570509848664,0.5824142026318846,25.17951520325801,-0.5006065128259262
16.46875,4.3062353815767604,-0.26462133005345156,-12.57904366715225,15.561860771209371,-0.8172645771782687
16.47265625,0.9618508882077714,-0.635143132846621,-12.14097897212616,35.3802733189123,-0.0641031332905042
16.4765625,-1.7544096361682227,2.7359063170509073,-4.610940134925129,-11.272886999285674,-0.4670205354308365
16.48046875,3.2226235443211833,-1.407766765356249,-7.1826611058607135,1.1694573735087808,0.4766926229349037
16.484375,0.604200508718131,1.589131582793552,1.9183672812158044,-6.376472607329571,-0.04022081744510948
16.48828125,2.017574712876729,-2.0891085844406048,-8.979637111089763,-36.60525446678659,0.32703461763766667
16.4921875,-6.718340619580012,-2.6808972957360013,5.204673735070661,-1.9239885460426898,0.7403944899091057
16.49609375,-3.5383492588430885,-5.452551284421438,17.00329892661026,-23.620512485456537,0.8326562280248941
16.5,-6.076589176156209,0.38177870350286364,4.854134281094308,-19.282788605478025,-0.05266626241868465
16.50390625,-5.348536788354835,-0.0608285360064814,-3.0388307313836296,0.39753407001646046,0.06827797043206812
16.5078125,-4.795506462713197,-2.549960350266357,-3.496997857558795,7.240602801886796,-0.35090885754023293
16.51171875,-3.197197018058189,0.8892134136291385,4.539923380825638,38.1424394005778,0.39699423855100624
16.515625,-4.694757504516778,1.5257172199532603,-2.9922700070782025,63.14783454609244,-0.6459213167273548
16.51953125,-0.5374012186783814,-3.2723809299404216,8.843445140443418,33.671491175425174,-0.9609586017829448
16.5234375,-2.6147756659688395,4.6927069847687966,1.4452869054227664,38.04518730628432,-0.9528083312373544
16.52734375,8.447950162521776,2.684541674340858,-4.501796642690476,5.503803162976354,-0.4912776336767113
16.53125,1.5522798874721273,2.952625667137241,2.596330546029603,-3.66020089463378,-0.06907107328447855
16.53515625,2.5261002452968193,5.505885671336972,-17.195124078350496,-26.814196765744526,-0.012391988994895681
16.5390625,-2.027809302144002,3.4517743275071533,0.3381037204111803,-13.880926932712963,-0.18751601379448848
16.54296875,0.7201572771669045,1.915756389127215,-1.7482781209722895,-57.33875837003808,-0.39412430377226565
16.546875,-0.27300542457972354,8.577810698872044,12.935156686374647,19.90556832580758,0.16962988810803148
16.55078125,-7.325478941985367,0.805492296542435,-13.114847329031525,-24.16427908691394,-0.12416815324572344
16.5546875,-2.856033367883491,2.8529290981565727,3.3159681837769,17.56915826152751,0.08261296701788555
16.55859375,-1.7617258053310803,-2.9467345907281266,-6.302976230658201,-35.04701201269711,-0.039715348512497785
16.5625,-1.1009288897930052,6.859598001309553,-13.449873703045625,14.401910827870694,-0.39722098551721075
16.56640625,-2.2244614123374684,2.703327356333743,4.866162305783933,0.2818626736808092,0.5808247943690258
16.5703125,-3.6175443837845047,2.3935420046980695,-3.818649587552028,18.016084652207528,0.7136448127838966
16.57421875,-0.9155566775513766,2.282348665899541,0.18366916892670293,16.863288870715667,0.8427085920991045
16.578125,5.48160417975729,-3.5343268995593062,3.576388802300701,-64.29711435100609,-0.2805457467263114
16.58203125,5.2504702550220665,-2.088651873489489,6.807609215091996,-45.084170661604105,-0.027251148562058968
16.5859375,-4.316697077412963,0.8752801116427786,-5.976841297627429,-0.03137409008764536,-0.1828138841218072
16.58984375,-1.8987483951723865,-4.994460010505192,-7.0870535495998705,-17.83013990060375,-1.213172986906621
16.59375,-2.2322583286996265,-2.5290415527998253,-3.271900274964906,13.662171653566705,-0.17814136774483452
16.59765625,-4.527731301096323,-1.2668138506065383,-16.184571143781184,-15.758859323504698,0.22608386887426682
16.6015625,1.419716737942854,1.5859704840440005,4.261254613561153,13.282865710126202,-0.7374980179923142
16.60546875,0.060829591129718245,-1.30967188843706,1.236052169280716,-3.069847026970171,0.41268839305214877
16.609375,-4.79161815900386,1.9727541711856347,15.108840599228294,63.44787568446692,-0.3506713301376787
16.61328125,-6.734352220468857,2.033066899869895,7.268871173658264,69.00741601740656,-0.3536640554505749
16.6171875,2.6439131517465286,2.0548457484067013,3.637042899481788,-0.8341414436788703,-0.2341858259988076
16.62109375,-1.5377082123488977,1.5318104379272797,2.1897976029865456,30.199728765891926,-0.4012281633851554
16.625,0.16383722690348546,6.560857558806861,2.8124336247042434,-7.0815716667632405,0.27350190842665306
16.62890625,2.511367470450068,-0.9864695543109112,-2.9654409856617043,0.14643918256510524,-0.3482638475401598
16.6328125,4.289990662011968,2.851624398524549,12.705053565191673,23.922083962429053,-0.2357582796219221
16.63671875,-2.008193560366279,0.7705288667563357,8.589125395090637,-31.38970222183922,-0.14098195957457182
16.640625,-4.535555056095209,-1.5612764435059219,-2.4526493673949075,11.062724690496278,0.32977328459969885
16.64453125,1.06379659825284,3.802359417667918,-15.07165414683681,0.9850090495456971,-0.44995984043657467
16.6484375,2.6032532033808744,0.7335030152082378,-2.352036289599364,14.268099991526078,0.3660168510839088
16.65234375,4.761442903811199,-2.8942703995252543,0.3390873749779616,-20.198760865225573,0.079303396243784
16.65625,-1.0473536575178122,-1.408441999782676,14.407221023350377,17.338710459239255,0.08055734869755105
16.66015625,5.31388040761673,-5.271406394927798,6.221940061531072,19.989763887299503,0.09559202242745143
16.6640625,-6.795417001734622,1.658412710874324,-5.355359554711236,25.54141896555878,0.36370497272431157
16.66796875,-1.4854255048069611,3.1823852723641,1.3763507343687778,-0.7901689092064856,-0.29466564022684055
16.671875,0.5910241091911992,1.3752836301202196,-10.00016207933258,31.344474511786245,0.0024159214714379353
16.67578125,8.89139729485363,2.9930054766896648,-3.6645591222227782,-39.287993797982516,-0.1260872497735567
16.6796875,-4.914751317955573,3.56665365493152,-21.918098463199097,8.42705226275756,0.27754912413498206
16.68359375,-5.761213001765521,-1.0618262141163013,-4.111457750625866,-33.5214371909737,-0.4011385922737211
16.6875,-1.008191054281233,-2.347362391706895,13.97316918502283,4.514852040042214,0.05647322824085917
16.69140625,-0.841701616285262,3.2495941074474053,-15.1823724991569,-29.888517287114983,0.4854962694827304
16.6953125,7.936209158360774,-2.642003120057748,25.13422349584333,39.405821787987875,-0.3842762351472527
16.69921875,-1.97749813571632,-0.1274584421452697,6.273359048374717,-32.31633114474932,-0.11037315083170485
16.703125,-8.881445594305665,-2.084464912211546,12.482690891509211,25.38294602381844,0.37505361553367605
16.70703125,4.665655303873555,1.1529048920544267,-8.129592483274067,-3.6330548662443647,-0.6577887169943208
16.7109375,-3.9762476375947555,-3.749816671647721,0.030046807473782078,39.594023537520016,0.19975432400510584
16.71484375,1.7505462361738144,-8.75953083330184,-0.6535409834335804,9.668233999135062,0.4983436174592461
16.71875,5.9065757838910775,0.7462985808746361,-5.016657566689269,61.69552520974189,-0.34316827814064954
16.72265625,-4.14510737284757,0.8034463867495074,13.558306395083184,16.229140931193854,-0.16716251496654652
16.7265625,-5.972491061690766,1.6731352484682318,4.070317180800361,-15.909514066781558,1.1771367249936413
16.73046875,-2.3951614784314006,-0.3766998152296531,14.069394165460572,-28.399618502833967,0.2983031477364899
16.734375,8.045305475442614,0.5805755158817564,8.632658141922056,-0.5625051286986853,-0.5737469463162732
16.73828125,3.404958490344907,2.800814200212989,17.094398989004667,-27.586535472593702,0.5833003297915191
16.7421875,-4.498109335833781,-3.016068888360416,8.724982239700134,-11.641488455046966,-0.08369289877635246
16.74609375,0.33312206221567564,-0.6471546977904141,19.826304016375992,3.8588250459948785,-0.16746974714639148
16.75,8.909540846153204,-0.8220213216180754,-18.43880292917577,22.15539908589947,0.05939484502090593
16.75390625,-2.076758896294243,2.834279486405663,15.559859935877082,23.242377202639048,0.11870027374739629
16.7578125,-0.5061452017807629,-1.8804061643172143,-5.095400193805462,44.50026133262725,0.4583045150700626
16.76171875,-0.8912966732723234,-7.58352072618762,-1.6251330887766162,50.252999605794635,0.2373698875093532
16.765625,2.1042842388542264,-1.1564615939606449,-14.340961086494412,-8.012265158361455,0.5047917454375498
16.76953125,8.014172549166593,-0.9520901199420992,-5.024039743701341,-14.417272731149446,0.652122800825754
16.7734375,4.160716082744652,5.867644663613348,-0.925974196946151,33.647208035967815,0.20279588594200298
16.77734375,0.45916635650227106,-2.5705888153891636,-4.248493609247526,-14.658947637415606,-0.1944803626783571
16.78125,6.357277354398669,2.0840714604096466,-0.4146859387594768,-19.159532411333316,0.12235557921058328
16.78515625,-0.3811692666621406,0.6394742178592767,1.9468632497589917,-8.39901556553781,0.2129751273746577
16.7890625,-2.065638748493685,-2.0927160451827627,9.604036188623482,-65.58246710171827,-0.3558369382316967
16.79296875,-0.8961563246367165,1.1200765894389662,-1.0487687356661737,-33.65930331654867,0.0492928652480905
16.796875,4.7879920710214705,-2.047680149995922,4.816800183949142,-3.486476176661734,-0.4823175743548659
16.80078125,6.014525331305516,5.144714198967675,7.493541220794461,-2.652659895354145,-0.4795693077597638
16.8046875,5.014008686397058,2.66369778419562,-6.734477666305396,55.61295087285528,0.9135118027383309
16.80859375,-6.974365773973758,-3.8465194434927827,1.013481748684373,37.64403137040229,-0.24757380062126425
16.8125,-0.6519672130423299,-3.461248522296687,-0.6266626472302343,8.714833479220891,0.04331362865862345
16.81640625,1.4384020449153494,-0.05294489484235952,1.0870404244488188,-3.878772315117299,0.4654994386631495
16.8203125,-4.634869078267652,8.38267526537526,5.926816331031396,-5.078564742523378,-1.0218208025190991
16.82421875,-7.21573561931176,1.0873964768575226,6.4689080972834985,7.7572062826275765,0.8122336217647331
16.828125,-0.3187292185933363,-1.6315806416552925,-3.4787623445895415,36.46216226846499,0.29545140933752184
16.83203125,-2.576734775551552,0.173157161950636,3.4906130817132404,-16.417299708704473,0.504588234313739
16.8359375,1.7751982026599793,3.7142186124727825,3.01342443509116,-36.324056466613655,0.6540488223945646
16.83984375,0.01569533435247321,2.746443041648731,8.235616126582123,46.668056113424214,-0.10852397723189776
16.84375,-0.8313128409617143,0.9572575565630266,-6.512595363475287,-10.88056093765297,0.4384648747327823
16.84765625,6.169384072605246,0.388879350799354,-3.406435304123536,2.54475129869516,0.07720948813681673
16.8515625,-2.003351331096097,0.2477733211432633,-13.079986813891255,8.8447926869836,0.5805918723842706
16.85546875,2.4099782006996007,-3.5118698992275643,4.299580228284211,46.583075368210096,-0.015417304424619915
16.859375,-2.6089652909464305,3.107748298773644,-7.220990391295606,-8.86619686940795,0.8206636356100081
16.86328125,0.7039170417051736,-7.013548719784039,-12.745275708074397,11.838872578982036,-0.9739183419075013
16.8671875,-5.890129491533448,6.946099318134291,-5.695995792316024,53.44800737780381,-0.08888669249261232
16.87109375,-11.494236818707156,-0.5322831014414292,-18.83811217902735,4.226471156229888,-0.13734056092482153
16.875,-4.8508502308274455,2.530409176774268,-5.4155393720191105,-30.07271992954861,-0.6859216515681161
16.87890625,-0.9956881985326381,-2.0504394922590934,2.360760981181846,16.027764477347958,0.520812095132169
16.8828125,4.228145472451376,1.5933248603390264,0.7210653786640799,-16.023714795703736,0.2873519650885448
16.88671875,1.165829232715997,4.423536713084534,4.063695876425401,7.426054711647495,0.9133622718143335
16.890625,-5.333514712461274,0.5568522512142257,-8.17126964848866,-11.103389092968852,-1.5321206092473472
16.89453125,-3.5889473721602996,-2.289529985605638,1.4486963851159094,-44.145398741084506,0.47061457042096777
16.8984375,-4.299442818508598,2.6552824832945165,11.326846967412203,-18.016605455611682,0.1748320078336638
16.90234375,-3.9359516828237076,-1.0382594700241439,-8.417692559287659,6.608546513792592,-1.0738563740093368
16.90625,1.8932858520300222,-3.5042568224275303,0.35042455352973034,4.1516060346520085,-0.013589056242589838
16.91015625,-4.176400465848601,-1.2586178454439738,4.832935737037805,60.11312607064096,0.3777281346155128
16.9140625,3.2451227072259985,-1.6540598910519773,-3.5423085924925455,30.2254735847797,0.8144145665825534
16.91796875,0.8329360799166056,-2.8973191714592312,18.85216074078161,20.23700904282702,-0.481073675685601
16.921875,-8.628051146104397,-7.994182076871317,12.406696252423028,37.13383276310984,-0.26989034074420726
16.92578125,-0.5002767163341937,-1.7094332311031608,9.940559349877471,38.323981675022644,0.06518622003160277
16.9296875,-1.2481179753242826,-4.404040170612616,0.9380226704712649,-11.758057746614584,0.9739205501201221
16.93359375,-2.7959540646891057,-7.092140487370132,13.991778615948938,-45.212932535526846,0.24305203632656333
16.9375,-1.1391127831216272,4.034230742492096,14.303474936234588,19.899945746620375,-0.6410240156312303
16.94140625,-3.6846591647836213,1.7310100780379303,-3.2408077439599774,18.6604015666147,-0.11291091446504375
16.9453125,2.6256035479797073,0.3325556004268066,5.240973823365703,-7.479178035913132,0.28152519147695365
16.94921875,-2.467247091895043,0.1534534104219054,9.235494102237167,7.195970103741086,-0.31713558193127156
16.953125,-7.318352355486407,-2.888792801069953,-15.147219728161517,-20.9290150420891,0.03817814842068823
16.95703125,1.1967529345823333,0.9968167020352983,2.9012377659141473,-2.1399752704531885,0.27314172471592174
16.9609375,6.683091428275815,-1.2545779310886485,-2.43042400970897,2.2929581010194795,-1.5643720932100307
16.96484375,4.478284982286996,0.2151833498545626,-7.599836880005436,23.030203923643114,0.476921176055355
16.96875,3.9934666511634234,-2.2381904411170845,10.285707065210545,56.373377776353536,0.46146797341761303
16.97265625,-4.502855192405062,-0.1913273590147865,1.3639289318606602,-44.20048469804847,-0.6029014896042197
16.9765625,0.005770780953641386,0.05001382915237498,-7.799822230133951,41.45081188341642,-0.27256378871562376
16.98046875,-0.3773165892493202,-3.874962744973277,0.2606246776402248,-32.496665783796786,0.5126736234671723
16.984375,-2.637591567756168,2.4501972555662044,4.045740977729991,-17.568662910722587,-0.6502474413303913
16.98828125,-8.22045601798614,-2.1140911559850557,-3.3451944825707063,-0.2731610634978736,0.1938066256378909
16.9921875,-4.761094028935629,0.14440261943932775,-5.123365763182587,-10.344849230410187,-0.35195419159482205
16.99609375,0.9675438685213683,2.989388694178049,-4.539337619274283,-32.06205147858482,0.4059984686707535
17.0,5.033683511238201,-3.6711173928966376,12.463986015062904,-2.9393615909028625,0.1740205231920605
17.00390625,0.9101384661638584,-0.3903296173434977,-4.801669535520421,15.740801390303645,0.47941764910605533
17.0078125,-3.07365085342142,0.13732622652437712,-13.411736248604143,22.390837196080497,0.45691098348268266
17.01171875,-3.293439751792853,0.7130344824813529,2.9354119951570437,51.66007594200427,0.24359571766189755
17.015625,-0.07723975945500566,-5.291835242253281,6.814254323104242,24.012030490889355,0.2747264704046277
17.01953125,-4.270014491667734,2.7935166826712092,7.243994275514321,15.789427988873106,0.37084232260269095
17.0234375,-0.14466730986666018,-2.848786246938951,2.3091030883724457,16.798848760387884,-0.598511178095809
17.02734375,3.67409303674926,-1.577728726286972,-6.433961829705875,-14.585902395198007,-0.9039270948042368
17.03125,1.6228772074792035,-5.186195303004629,8.353463394969252,32.7962497342328,0.20797104489413606
17.03515625,-4.753406233652052,-2.2542598809412837,0.2806086930623608,-26.382143730925335,-1.0030340046478181
17.0390625,1.1790383636426633,0.23308966094326294,-1.9291889255624786,-22.218560072014675,0.38201223578793403
17.04296875,5.611690547125563,0.1653958154836132,5.492906138106578,-44.46049217773775,0.5446406476076979
17.046875,4.007843060972387,5.85741982377113,-9.540944571816608,-4.114975164615814,0.425783626659801
17.05078125,-4.092575454968574,3.9838701121799636,0.2118332428224196,-5.9445956993369675,-0.12334106842910735
17.0546875,1.331328450578048,2.289998098211269,3.4432530789890103,18.53381052322717,-1.3217741678397346
17.05859375,-3.6131846981631477,-0.9923197569348949,6.22281639015876,-19.133648228426893,0.08818192791562919
17.0625,-3.6048639520236976,0.7700872979711837,-9.051924046267429,9.195155012762058,0.09977522854602038
17.06640625,0.20809574800120367,-3.1067641016031424,-0.1052282218464633,-5.822193713419278,0.5914435501691525
17.0703125,1.877529439516175,-0.024032157967285278,-16.643795487010223,57.29862590386098,-0.5599449911215237
17.07421875,2.1914271465394273,2.563817999652822,-9.391750538350774,-8.085412722865508,0.5418838437866617
17.078125,-3.4122610265845754,4.4314921694589975,8.556500129778131,7.805002566552229,-0.825345925169877
17.08203125,-5.958528687700089,-2.348572349142018,-11.97668351540733,-19.947176406698482,1.2227525155444088
17.0859375,1.5268638307284126,3.180838182685795,1.8160224784626235,-24.545606916260073,0.10301359981159239
17.08984375,2.9619304909034656,1.9365593755353738,4.188332073144668,-52.8189661270454,0.3521977628244184
17.09375,-2.0760070933772354,-0.9918538868322547,-6.337084210912737,0.1408758868281783,0.8561396993730451
17.09765625,5.380806361380337,5.873377866704416,-0.12202009148923842,5.22340043104182,-0.48678033461893994
17.1015625,-0.96055125051085,3.2854573355200083,-4.992016323547595,-55.44838063123111,1.0919066198988114
17.10546875,3.4277285630322125,-2.106192729220898,1.2287575094304515,67.78446342862685,0.1539434680267879
17.109375,-7.676842829729054,-4.169250094842038,9.880433033209112,30.23335811440173,-0.17462123581866115
17.11328125,-1.3756868341499524,0.6738012512352264,-1.9934409862794826,-28.017306834576914,0.19212258223962644
17.1171875,-1.0155641298283793,2.1583980483515957,-7.8302063264622985,11.59472499307304,-0.1358961387076887
17.12109375,-4.615797804520244,4.352679595612919,13.526799108053677,5.94752262695472,0.7686995469348034
17.125,3.0640570139894936,3.9337782567004673,-7.2583052555726955,24.159777450469445,1.0934586264396797
17.12890625,2.785000121180385,-1.059808904546566,15.510440136041273,-3.937903127861337,0.18188119485722876
17.1328125,-0.801933285640462,-0.07402128864674747,0.7662478974321338,-15.19888354027132,-0.16815096121536707
17.13671875,-5.785554434671959,-3.954053795998152,3.901861034477203,-5.536779701008726,-0.8273791998370379
17.140625,0.8415855738970771,0.7608839803786197,-0.8746658586632958,-22.116434774664825,0.07628717191034572
17.14453125,-6.0732511284189705,0.03874333378288243,11.082769475991237,-27.4810267146606,-0.26201043807398094
17.1484375,-0.19164072333055857,-1.8922062511338853,1.3459977174571884,3.6843644257456525,-0.3257124902501542
17.15234375,2.9104737881772964,-2.9122944828288295,-11.976621673712197,36.49078157742068,0.5293182726888856
17.15625,-1.3729206491701549,-2.9981358136635,-11.062531484585616,76.34236041376016,-0.16848834045222227
17.16015625,3.8268436408676583,-0.5095358636622813,-0.2933734342042027,0.6912988468821268,0.0860611296453308
17.1640625,2.9631470190295266,-0.858490950226164,-12.779765193510302,44.84636204443146,-0.24756047182089347
17.16796875,-2.4254209381034935,-1.8068315032388989,-3.0985194983228306,15.969923213920753,0.06453981818107578
17.171875,-3.552934352699671,4.071784773334263,-0.9738610661821707,38.61904135535312,-0.16340689414471363
17.17578125,-2.7332668377199862,3.58660513281841,-15.000010826654336,8.805562004600347,-0.16787960018301923
17.1796875,-0.7825043193281418,0.14816342033570729,-5.40658015337935,-1.9074746686055466,0.1632517699361432
17.18359375,-5.396974909059971,-4.10793260463705,-6.084128378942154,-24.464830424667074,0.40165030582282896
17.1875,-4.946810851003762,-0.07111607241044854,-5.314346053500021,15.777207494829582,-0.05574437654250767
17.19140625,-5.364402384771708,3.419636340712741,-10.331345240473967,-17.593309866318712,0.21242872937124435
17.1953125,2.688073976365294,-1.03141141036537,-15.05581363029469,-16.47436738102166,0.6100412612049018
17.19921875,0.5961474750126475,-4.505133286376086,-1.1352262527227692,17.70526821850308,-0.7941726848477729
17.203125,1.0769055699814916,-1.9518933800580567,0.09715586490626571,11.674554451306134,0.20337523815755967
17.20703125,-8.956377012294887,2.9073727527548443,-6.397231408781103,61.49996588200628,-0.29916330583964745
17.2109375,-6.354483130884392,0.04841763684402799,5.556311008702982,21.44971963795712,-0.7075249108113971
17.21484375,-6.471943873042839,-2.007138122991359,11.486789164531931,38.373066686528986,1.4950592815216261
17.21875,-1.9757035923524269,1.1946934970183674,7.29006497257903,15.629459699854705,0.33323900897311115
17.22265625,-2.3373917876908465,0.640940574509493,-1.841675315607711,23.81068559717646,0.37976325269974415
17.2265625,-2.0130550652800334,-6.452273509893609,17.4884895794508,7.527652439248798,-0.21180373041884368
17.23046875,3.173851659725286,-0.38815413373703006,6.9912945344799216,-67.24520578921437,0.22338669131690692
17.234375,-1.8770986972001242,1.5103665696859545,1.909812609537938,-1.658374837022361,0.5753324005381878
17.23828125,4.020315538764871,1.26729929962005,20.257450258631497,-78.8451347911915,-0.6778411934535701
17.2421875,1.245625511598334,1.3780718166390058,0.1488789632424079,-4.933221527879537,0.37800745462599417
17.24609375,5.816478148518,0.38907371195797424,3.3229366965782487,-20.517229759991608,0.1225637981380989
17.25,4.721574413128701,-1.2255753986933762,0.08147433532177839,28.220334244389417,-0.3867534776934207
17.25390625,-1.2120066992063416,-1.9167116945242575,4.083336504997571,2.523002266721706,0.11862128987961496
17.2578125,-3.766590587464159,5.394817255050037,-7.027113434081066,26.08487759095333,-0.6183022524084325
17.26171875,-4.100243030836206,0.6831971576549507,-7.7094905386247365,39.31385672957785,-1.2265090584192544
17.265625,-0.3926216971316376,-1.0309702980173776,-1.9357561042567215,44.637436430532745,-0.1788525075063806
17.26953125,-0.870869424091318,-1.6698721788249629,-7.31104283957393,-12.03644333013763,-0.10284308609524576
17.2734375,-6.132357168595406,-0.20531298636588952,-2.8112318244900063,-17.010660936641813,0.6631871844537779
17.27734375,-1.2027587160353208,-0.43869920032737675,-10.242535761456338,-0.8475069965623918,0.15025215960646676
17.28125,2.813919697213032,1.184262264471688,-13.459178701652643,-25.68572412962881,0.18473153688779903
17.28515625,-6.095182866576738,2.616201025799654,-4.865440643105096,-64.79652592785932,0.18569751878864782
17.2890625,-7.97993648786454,3.342192224512244,-5.369724680420269,49.11263299876127,0.07733178230949098
17.29296875,-6.793600612529041,-0.5384912746013298,-6.1712334124245025,19.859378449612674,-0.41689960313089913
17.296875,0.8863899264807351,6.9991732827337545,0.5293519151709822,24.851087157814717,0.3377705708945599
17.30078125,3.323179476258482,-6.385213416171507,-1.9748448356341592,3.3162064266561675,-0.062147635351463205
17.3046875,-2.6697201483522393,-0.8719819118676703,-0.5386803135468807,26.199127367846337,-0.5935972478202934
17.30859375,-0.6821231615266385,0.1420588158650162,4.709103605667007,-1.2902423018926328,0.48657066058914383
17.3125,3.646189908072369,-0.76438346603196,-2.8441869498791927,17.982830692720245,-0.18974650446792868
17.31640625,-1.0315342565888777,-2.8882300436138055,9.695256786169459,34.72836056732696,-0.04543696752843546
17.3203125,-7.405808262548933,2.575979831625375,-0.2358120250282214,-28.50606230523601,-0.17313864637879495
17.32421875,2.3221406058983955,-0.7334318701504882,14.778716139692984,19.957031511410037,-0.34824042367718155
17.328125,5.459465909760457,-1.376382882420502,3.2469334372924,-30.526702887297716,0.790432971747797
17.33203125,-4.113986743190897,0.5233600289064831,6.750059025307895,-46.7613409660303,-0.013742703731644861
17.3359375,0.8164216446186775,-0.806820415406863,3.123872238598465,15.464341935189175,-0.3423525636959052
17.33984375,-1.186326754624909,3.4565489519080925,3.0996021607805933,-19.509580199836453,0.13347601602506617
17.34375,2.2633230324094784,1.9039781511516116,14.83338293988931,-6.491446238109976,-0.3147839246731942
17.34765625,-1.3828679151963985,-0.060933125806097985,6.988451245427913,-25.376696914666844,-0.5696135155243122
17.3515625,-1.9406870320222003,1.7055176520229687,-7.534539549157941,34.09407519561144,0.1705985459286383
17.35546875,-1.0094068353011119,-2.4570028185871555,-8.149926257757302,25.795146004487457,0.8259941680478582
17.359375,-1.969171932077695,0.7892786359223303,8.565032716521449,-1.2319863340018848,-1.0074340117047387
17.36328125,-0.523016371795813,-3.0736445029725292,8.045423579775543,-10.051442191779849,0.32608672101793434
17.3671875,-1.6032259873011958,-2.846800238895011,-15.330921548536796,56.107606085050705,0.09335093089485932
17.37109375,4.396256031335973,-3.7350277741058893,-2.50316291531008,35.31378515102263,0.34743503911472023
17.375,3.822642606673692,6.131428388908512,-1.1762651613921205,-5.7445435590326825,0.6427374677979233
17.37890625,2.694483750740079,1.3377647454300103,-0.04133642599466558,-12.706728546155151,-0.4836592343161424
17.3828125,7.85895864556283,0.2330245681271269,9.079926369911263,-38.653091195584075,0.07782503405293542
17.38671875,-3.394609897381945,-2.969196827765573,-5.3221685903385865,10.153050354558435,0.6657808449117942
17.390625,-0.62720200336446,-1.405341898055819,2.047535189178883,10.32257397505288,-0.6909097233318708
17.39453125,-2.832542229983967,3.082262540087883,-9.08519031665262,-33.4973341947323,0.5009316821414516
17.3984375,-0.9890068249971146,1.609002944009997,-0.13687533563006832,1.0025930409295718,-0.09402598385228848
17.40234375,0.34670107896811864,1.7610653526557396,-7.920908580415702,6.850765813186228,0.6556389862489266
17.40625,-0.6328136459948873,7.536945567774287,-10.337168083964684,5.901122410226618,0.3966699055491429
17.41015625,2.7763546124608975,2.055648586237795,2.715869452761818,13.075182819918911,-0.10315500151745939
17.4140625,0.8002876655639974,-1.146563772907451,4.18811481095212,40.39307103763326,-0.26435107141525643
17.41796875,-0.055954492372798814,2.0872563825627246,-8.779207050301164,-4.149318132028537,0.6201919538787685
17.421875,4.5824396238026734,3.2085979448295747,2.553950117659876,-40.35066923017576,0.057016538704797406
17.42578125,2.354311498507152,2.242608309408987,6.813383703937559,16.97470770114521,-0.48478154964475595
17.4296875,-1.4833841593430144,-0.07798213829578438,5.398307912200216,-34.90490520665765,0.08486500965107796
17.43359375,-3.5153435705723632,-0.10436441401729588,-8.413616846921899,-16.68190342557977,-0.17883473448970558
17.4375,-0.16595586048639596,2.1738322932956335,-14.217826424380242,-0.8710126501872288,0.043644072499728306
17.44140625,-3.0590562737251537,1.2052583590586536,-6.963930141419107,-14.696349309023464,0.4789831848254893
17.4453125,0.8387279696284159,3.212713535951558,12.240009118160552,46.45356053324635,-0.149294762879381
17.44921875,2.792630815574057,-1.751855802889239,6.809815132888444,-13.787794926247003,0.37559844877590115
17.453125,2.4266702597270906,0.07834309438790113,0.8897813743538092,30.134145304013504,-0.4746096608848558
17.45703125,0.5412503937751972,1.7741626427716464,-4.814156006770265,55.46109733245784,-0.1172113794299959
17.4609375,-1.4227388888818673,-2.1209390150448666,0.14714226939689068,81.8441582643716,0.25342041703467505
17.46484375,-0.2897090372639991,1.3118617718122436,-4.261856002062252,103.141457344362,-0.038254643435036456
17.46875,9.358467980304782,-4.8783841575899,-9.491622952317062,2.0751605366616026,0.0640480323014789
17.47265625,-0.7206084978780029,-0.3453779577695525,-2.6581239151850418,-23.099498792531485,-0.13955840481756568
17.4765625,1.3779550145842459,-3.429229287137064,-5.877042980545104,41.42514046887736,0.8099689743624537
17.48046875,-5.367371556139051,-1.6963698431395455,-14.657194249521186,-56.6189441172562,0.5552206693128977
17.484375,1.585359172869144,-3.1362538326994054,9.110187870218326,-47.35585256071753,-0.8123273383077765
17.48828125,-2.7893061931221603,3.167569229480799,-24.340519265223563,-18.40737445044161,-0.4017583855503704
17.4921875,0.24050868338171266,-4.964269716245864,3.8768820949962763,-47.694601453645625,0.027108428352112503
17.49609375,4.16148582877078,2.1865191108519926,10.571479589339507,-34.27714429229891,0.24101734157571353
17.5,1.019768218034309,-4.3866598481644905,6.303582740100717,-0.1665874309686796,-0.2557041974117521
17.50390625,-1.0164602672578837,-2.653545831489889,0.6368884978388657,-12.559721647574273,0.1493118375054277
17.5078125,4.43776907904223,-0.4330910075370432,-6.259133479280759,8.465436140215997,-0.16787201063931778
17.51171875,1.2005891169185763,-3.088067492090215,-4.376043917915881,17.02799522809751,0.16347087430642424
17.515625,2.291400484454111,0.5747851227991245,6.272256961779567,19.675061586611733,0.7799063764431414
17.51953125,-9.971427211258774,-2.357265603847458,3.7124417890207972,-21.84081634317595,0.5885171529348161
17.5234375,-9.403375161248047,-2.7830665537287387,12.873183126693942,0.2641407457127398,-0.14734677353433748
17.52734375,-6.924372287844213,5.859204988496284,0.21637818242402673,-13.070422146945356,-0.49007937062962664
17.53125,-4.941988459932373,0.25834415787094694,11.649515071028084,-43.62543997337268,-0.016005348962657883
17.53515625,-2.506844922041736,-3.084057169790923,11.021655525186237,-15.927388069969892,-0.03501917925415405
17.5390625,8.830068268701716,-1.4396593532933217,-5.226026508966496,34.724678948109265,0.1046243451322811
17.54296875,1.1135021405864023,1.0097506566445036,12.047227142005237,-8.236218240913743,-0.6142139973769812
17.546875,-2.0342570808128824,0.18920850959987182,5.624755104877073,18.10093028660353,0.15347906141438933
17.55078125,-4.96365619998865,3.8438442927829564,-1.2317625990304677,7.090722510751399,0.5668044774587994
17.5546875,2.8827688738638284,3.5954182462056146,0.06472559691050339,24.483246999019848,-0.44419893835946517
17.55859375,-1.82194598184747,2.1325714350028653,-10.709846608839845,29.749545585239247,1.2270183991982404
17.5625,-4.893530412597968,-1.584102459946608,-14.42980814784962,48.56314068236857,-0.22702123721961023
17.56640625,0.12099585286003463,2.071077512458939,-11.46525313445527,25.534766260454486,0.7649099085692345
17.5703125,-4.105434309483226,-0.5534797090000602,7.056538295537177,50.109088900080934,0.648070077129469
17.57421875,2.017846382655279,0.3390569321435136,-5.2323709500646105,-38.70621788236919,-0.2749239551217442
17.578125,-4.836717323460335,4.601319904708155,0.2641845217099146,-41.486167391943056,-0.36997640059493836
17.58203125,-5.535270510149107,-0.6994017653029356,-16.2323853271265,28.72534490774462,-0.4613910398528119
17.5859375,6.516764516667103,2.6713357025694107,-8.190649011175452,-14.921675567279813,0.3543326324405403
17.58984375,2.45881027229319,-2.7324942401375045,4.739506412742239,-61.600608599424056,-0.588281979464791
17.59375,9.221528127623412,1.0162407684981354,-5.735400920928237,-31.984643058632628,-0.03992422266323264
17.59765625,0.792615458941201,-3.3208922882695004,-0.28978156305383823,-4.1642546613796325,1.2070801565027331
17.6015625,7.9015040030281245,-1.1874512064768195,8.078457372644689,11.65031848775141,-0.4525883583574808
17.60546875,-0.9389790702527151,-6.306549024956786,11.432515994502138,24.518003387532033,0.44380289358102193
17.609375,-4.468213894208882,-2.831234211479877,11.467437305409202,9.590773133902365,0.6460982864843554
17.61328125,-3.5105250196455238,3.71468018705232,16.235387505361054,39.12170741378917,0.40398575128735464
17.6171875,0.2367335608531203,0.5904448902396625,17.473217618434266,16.371435045464352,0.4767660658573154
17.62109375,-2.730747144330043,-0.8737592797559008,12.10352073743249,20.845165940695026,0.09888998640076821
17.625,3.089716305581205,-0.13463520080331481,1.7149829619884351,-24.006992205098758,0.09309746048958266
17.62890625,-3.5137874323188907,-1.9983950034240285,-8.049222253300417,-7.25573199106608,-0.24261293141330617
17.6328125,7.353300869655491,8.497403919091944,4.648050490878481,-21.606916455383775,-0.765758335270075
17.63671875,-4.802939494046284,-8.345789308314597,-3.657734643525892,-18.667101394753356,-0.7897690718470016
17.640625,-4.50614426768159,-1.6676944846077837,10.30999328902001,-16.46799142877513,-0.22651910210120912
17.64453125,-0.7460585366560349,2.3200461852233194,-2.2957199009360147,-6.5520421458245375,-0.459100782212625
17.6484375,4.086751635394202,2.6611903410285924,-3.6312914811412207,-18.053944307039927,1.3699661460119694
17.65234375,2.305676022027567,-1.223344930682007,4.1733278392454665,13.807674339564766,0.7547997375525021
17.65625,-0.5194218185548285,-1.5646562586895472,-0.13877279010168242,30.99638093679515,0.9505852799238097
17.66015625,-0.42941660095620315,-2.1154540132848356,-7.782760193428414,0.9910254431892831,-0.284143579499092
17.6640625,-3.730480445860773,-1.7549758440908079,-9.211604981595908,11.98853814383988,0.8845890464635922
17.66796875,2.8121999974119043,0.6900414391187116,0.7594003491631742,45.49508465296832,-0.14619911773654287
17.671875,-1.94323272964212,-0.1904178175847967,-1.0315215729978724,2.3425158579491967,0.01984732861360557
17.67578125,-0.9793998131559952,0.8125741347940099,-15.802274609271395,-38.26337141951962,-0.354283118879596
17.6796875,-1.7724715375310511,4.163383179234317,2.5959078711864523,0.4944282420152515,-0.4416113599549257
17.68359375,-1.731213768115881,-2.959473956750874,-4.908419409104396,-21.412543773900914,0.655607316323659
17.6875,1.9551360262412778,-3.3430018834354183,-13.784353589500675,4.484584829869327,-0.7195629439943362
17.69140625,-3.898941399910012,4.783297203393504,-11.202725101915544,19.19733412712174,-0.07703072845270234
17.6953125,2.4925285561716644,-3.1734241050764798,3.0730050982402624,17.548646580707057,0.46412087428555987
17.69921875,-1.0347656099366433,-1.2667662248749192,2.8606644649019746,-19.414775032442545,-0.8156854206965977
17.703125,2.2404167650104765,4.287568655386023,-7.8079831305213,26.953219541165538,-0.36546033821676643
17.70703125,4.600936053402603,-3.2878217206891316,8.281782362166375,3.211845954059191,0.17891129552264173
17.7109375,1.1739035422413389,-4.161208930693199,8.045556409446977,-1.947424080218326,0.6580818929475234
17.71484375,-1.9380795781261488,-2.7246036197909618,11.235993854261316,36.20742951639116,-0.8017420949620088
17.71875,1.3673776053873874,-2.5899548088010906,2.4234844573416647,-12.863065179549618,0.06150646013505721
17.72265625,3.1704593772202783,-1.6214218411836105,8.981387275994674,-6.932064122756311,0.6170906959525663
17.7265625,-6.364180793554975,3.637214799668503,16.1271184124325,-37.61795748255601,0.1497230431572746
17.73046875,0.4470249168569617,-4.440130952078625,21.509041235584345,10.159928827764169,-0.3760717311098098
17.734375,-8.935649371050923,-0.1533043507999895,11.607607083990569,-18.781690277282944,-0.36148302671452665
17.73828125,-3.773572687028384,-3.533024864223102,8.317710317573637,-53.81947953250103,0.03977590036285102
17.7421875,-3.0120827936734575,-1.7803228769930368,2.447993313755482,-10.287251085895974,0.9588015356369347
17.74609375,3.6678355371995197,2.157737399233647,-10.126869728459756,-34.880168500859085,-0.10844423958395925
17.75,2.065314237186761,-3.6974124549553555,-3.200482041520091,2.7782910039733415,0.24088940233850226
17.75390625,-0.46847405845895723,1.3328208791708769,-8.256496789786286,-7.614410079471474,0.700570035898143
17.7578125,-1.78638905960192,0.4384078337141074,9.052791358941112,26.32716536465393,0.4516910394538301
17.76171875,1.134373862617136,1.8956244198180288,-1.7293156311695614,-5.1408433094822215,0.11025243717662267
17.765625,-5.905330822447815,-0.7328851312014693,3.8671103399345954,23.178583741458258,-0.6175053285611467
17.76953125,-2.435289518959613,3.9564357993645927,-0.36154079325404354,22.815838270517922,-1.091753022674441
17.7734375,3.322583454412951,-4.200050126217011,1.4476030446105241,-8.347023738669513,-0.7654765222059973
17.77734375,-3.7291349009386545,3.2545156411940663,2.8686573625335807,-51.02331426410994,-0.20008365967064398
17.78125,4.78925131996538,3.345100635973564,-17.701663553322383,8.793019020044214,0.13993963335042112
17.78515625,-5.859044913391803,-2.1127393346000565,12.328360462645817,-10.384045807118088,-0.00046848585218115294
17.7890625,-6.657026058084263,5.521539155495783,2.452342222114578,-13.302143188992776,0.2968519114643985
17.79296875,-0.08954941170899167,3.731552149111508,-3.3750468855700175,-20.05097692654133,0.6956967897820509
17.796875,-0.009301907109900557,1.1173449170916592,-3.820097147927796,4.116313563178121,-0.17787411884845908
17.80078125,-3.250544959024767,-1.5368498615916817,-1.1232172139278322,68.79714828637064,-0.3651063586447281
17.8046875,2.28297119750637,-1.1286782161970739,-18.11520303909418,14.563774403121329,-0.02264238121075311
17.80859375,4.357913627147283,-0.8153570350772948,15.24947541714132,21.178495717406534,0.599883385088938
17.8125,0.739676872455232,2.514312004217786,-1.1822690308270372,33.96201767399597,0.09096050282602672
17.81640625,3.2796752189840537,-1.5305184529575293,3.893827623591681,17.07606756158397,0.04984285819244549
17.8203125,-5.454826937483137,2.3242049170685815,-5.185773843584098,9.4546243156024,0.8428280764521229
17.82421875,-1.0843203185503014,0.17736707850293856,15.711993947932186,30.02719696887247,-0.5986495174566451
17.828125,-11.503063424903317,5.65378771254961,5.56414232846101,-29.529167176294536,-0.3236141966060577
17.83203125,-0.44188686576192654,-2.877539016293532,5.944736517142344,-29.072613093135764,0.6331474148549757
17.8359375,-2.985846706478519,-0.7675672922850652,0.5243702674407862,-11.81494804768357,0.5000503773358934
17.83984375,2.09455911862757,-4.734451157402194,-0.4219338488239872,-43.1677801403971,-0.21151789656228906
17.84375,-1.6941636280428962,2.62237682780379,20.031951841365725,-19.585118896370297,-0.0016121857293026963
17.84765625,-4.473824674356505,-4.082142463798534,-2.977422198008658,15.199543951708993,-0.8518218021681851
17.8515625,4.639229265495307,-2.03629442081815,-0.01439038547299265,-19.506910852037795,-1.1058048517250423
17.85546875,-2.8368696263130166,8.820486655526896,-11.397327772049948,3.0217659620517896,-0.7921300891574298
17.859375,-2.78118604958881,1.8836201424528927,-8.107100959026628,35.97049955001792,-0.35643854807624387
17.86328125,-3.8043935837789324,4.483908329755023,3.8396587219355505,-43.810209624263024,0.18682953543697325
17.8671875,-0.40975923157352595,0.9010771064730263,-2.1432926649082527,32.4581039919548,0.035951932986934436
17.87109375,-1.7679029608049424,-2.4190180690286036,-7.97333109087647,45.885236072955976,-0.2841779931535407
17.875,3.898158733371346,0.2649082430323557,-14.669141122461326,6.857983547227358,-0.3677361300366557
17.87890625,-2.175277697870947,3.3133610290065585,5.9659207933503335,-29.967175628066567,0.336807535628884
17.8828125,4.442082188439248,1.651591376380375,-17.0025229686085,-20.95703231980883,0.5215285959159682
17.88671875,-1.9326553758897436,-1.029073300472089,-9.171673635275724,-27.07137431935775,0.3241892743005942
17.890625,-3.959335409125178,-0.6787927730633848,-22.14630922584792,-51.697362949122926,-0.017145291539238713
17.89453125,5.8372284957218765,-2.1191500490668487,-8.759366580190797,-7.287957068949806,-0.46156285018026827
17.8984375,3.9235699027918454,0.5785064152282178,-4.20117538394995,-30.008769084251018,0.7801569152191516
17.90234375,2.1896766087181723,2.0825575141955017,4.066498071235466,-17.604011656706078,0.9616621008682169
17.90625,6.505364397247766,4.4550065445663485,4.082084433838589,76.62496931162512,-0.23628959488781595
17.91015625,-2.4534279592403534,3.1312933323900776,0.007966344575029982,8.408364973427402,1.3275930814239245
17.9140625,-6.348938266279524e-05,-4.0150197593166155,12.715622437876913,24.483189290676187,-0.8199977120607557
17.91796875,-2.9194125083653413,-0.11193541831727505,14.470393245507847,11.966344082918564,0.13451568053325388
17.921875,6.253822657046537,1.617942300828896,-0.6995006299233246,-30.838535330201495,-0.245894955295958
17.92578125,-3.924630438047257,-0.15919218547591207,-11.377269249887544,-3.5189061419542185,-0.6130802299391963
17.9296875,-0.047287641889656847,2.277465217977743,-6.00568161386519,-49.28977152015864,0.3383104877518041
17.93359375,-0.9396975073882115,-5.777288327600752,-4.63946296534533,-91.29648423170613,-0.5461353391761795
17.9375,3.385524518508792,1.1209391657251666,-9.634306132661711,-35.413358707424536,-0.07410280859703093
17.94140625,-5.409373537060745,1.8809300169099608,2.4203832037839836,-41.34682945136959,-0.28482432145195713
17.9453125,0.5260115026059288,0.8869365406232226,3.940802146568566,-13.339244567543219,-0.850661969817921
17.94921875,3.7836127900931174,-0.36036579886032005,0.84659798413387,-27.743967820235213,-0.46588528533220563
17.953125,2.092575627583493,0.33719599358733776,1.9676096618053738,16.56123903389914,-0.994851842247134
17.95703125,0.5544611819614447,4.373987173131193,1.8754956300734404,35.189951624370686,-0.02660159493383856
17.9609375,13.669444138537864,-0.41241275273721945,-8.147952867052915,-4.574073746511321,-0.18040773007203226
17.96484375,-5.701668711431277,4.052622762411975,-22.442855024263807,41.94223324497655,0.2188717820103026
17.96875,-9.979512995349541,-3.94791618322917,-4.203632485058994,-0.7121539244062411,0.9573787111871803
17.97265625,6.354352000200279,-0.46071358593765266,5.578153915257121,-6.369132192187533,0.856955825239078
17.9765625,4.11491649433134,5.727334595987615,-1.7141383359128102,-26.48788427706549,0.05310789936417406
17.98046875,-5.05100948270989,-1.3145766505647003,-7.28091087426516,13.996882778875412,-0.8741646004376219
17.984375,4.946830928784058,-1.3061376005432705,-11.346252640822664,-48.88213628692526,-0.31130008766238515
17.98828125,6.318106140333583,-2.7211978291367322,-7.475989122857503,1.1191623333434713,-1.2050736850546728
17.9921875,4.332831270539412,-0.08042025951463491,4.110643162696631,3.2788742233241237,-0.47929856595264136
17.99609375,-0.8323911344845312,-2.997939102378715,-1.4198369399112516,20.837064065353562,0.03092574705386818
18.0,-3.550069149093826,-0.36272343000725327,6.067525557017696,-33.51754355350902,0.19532896414505138
18.00390625,-0.20913573836851979,-1.4894750254064422,2.7208441373390135,6.046964108520924,-0.5126718471453457
18.0078125,0.15610105333185423,-1.1308945436720101,-8.678164733567924,62.09439941378875,-0.4228805633889228
18.01171875,2.374992299737635,-7.529953425773471,-2.461641289495153,34.43698454670499,-0.9089950465950984
18.015625,-1.6450617509290189,-2.736845626779346,-2.087777454497627,14.213308982701125,0.7745648644433718
18.01953125,1.221747471786407,0.2444352259026573,4.649899138407647,18.732767030572,-0.40367446625022385
18.0234375,-1.629577739905502,4.946710992611735,3.808516442901589,-15.480835342490138,-1.190419552353289
18.02734375,7.792015929689564,-2.1162065956564278,-0.7227100414195098,-33.68615675387121,-0.5060946842594616
18.03125,-5.7766968544300585,-4.561835478823236,10.314253478509368,-2.728555968691797,0.0277749567578882
18.03515625,-1.1043787001909902,-1.6261099651838775,-6.767348836522985,-20.51301945539413,-0.1104681895505378
18.0390625,-2.849489174364072,1.0124247102901083,11.525341765251142,-39.93045331428621,-0.12803669435807247
18.04296875,2.3042551918974326,-2.5437968684842707,0.4858564614484522,-1.6555282516723615,0.8139055924266372
18.046875,-7.182127860092713,-2.7964814882942086,-1.8441237254739977,20.06389056647909,-0.5465331914278015
18.05078125,-1.2235793074102492,0.5717231381886334,-1.232354626357084,-8.618411116738855,0.35939447128687235
18.0546875,0.1180917239578749,1.8828056323078945,-14.041552005243025,-12.976205079839053,0.4161597894196671
18.05859375,2.71082749113777,-0.10827192034560265,-16.099643071880223,35.7241068615041,0.36709447227249364
18.0625,-4.514678870057562,1.645800684081879,-21.15852436612192,43.492078073817545,-0.183608452585593
18.06640625,-4.757420882855213,5.1638651835646145,-2.8370605299128937,12.709705816950446,0.07932120179026236
18.0703125,-6.549346203198784,0.13869644477614945,-18.659038979052852,46.5936495314854,0.3783045520878957
18.07421875,0.8546549551080721,5.962060687898399,-10.905690411127205,-59.6982903036436,0.739987604783359
18.078125,3.711747633674336,-3.8546601048805655,-8.651007462336224,-4.862368080735312,-0.23023009727648663
18.08203125,3.916986465317687,-5.760549976954539,-5.767845873166001,-41.94925644376865,-0.05161911810880333
18.0859375,-2.9236541896725834,-1.6088916611944524,-3.865185658465656,27.977053440456654,0.013725599654221392
18.08984375,-4.922859001375798,4.041785267479583,-1.5072259086531137,-15.623589420110248,0.06201957779053371
18.09375,5.180053870644345,2.8485435113540665,-8.629374172823765,2.1955075298062408,-0.11629026992604305
18.09765625,-0.624275140510313,-1.5710942622477941,-3.394291655489843,-10.318608906232367,-0.6262043731029869
18.1015625,5.32827880016435,-0.6509204360606907,-4.2447276526232205,27.988959502510916,-0.4853533267457052
18.10546875,2.3652379181449925,-0.9046985054621458,-10.728657203272707,16.45508918528722,-1.0427085679430028
18.109375,-4.205659645815697,-0.11454122729941095,-4.451481781933565,49.949712081709194,-0.5261376469046665
18.11328125,2.7429918832753355,1.213025738376786,3.5315096370316095,39.16792570118159,-0.752625855770884
18.1171875,-0.046866129466814954,5.87277697610649,3.203085497941459,-19.921591282460852,-0.5000608781214003
18.12109375,2.5507200418289235,1.3386059234313143,12.920554542359314,-10.717093813899766,0.25881082038588143
18.125,-0.1902875270750742,-0.09491123893375936,5.068627706996947,-39.39499559531739,0.030288940997805585
18.12890625,1.1677028341987483,-0.2287603671684395,-0.40718375877313306,-32.838860451583656,-0.46983695486498117
18.1328125,-5.788077691790242,-3.169889611741282,-5.358481531339248,-17.07982944646223,-0.038054393133118765
18.13671875,3.4370370597056183,-3.342252650506852,7.260747057475724,-61.76985880799512,0.16234231281614564
18.140625,-0.7951882228885433,-0.1558578630335207,4.892705595116667,-18.748775056446476,0.5662569503471317
18.14453125,3.0843052684152346,-0.016809889096405774,2.432461602837847,-13.819352266447384,-0.874922059470233
18.1484375,-7.889688637747795,-1.3119342990344254,6.916003662003606,-21.479626217287173,-0.41372442480463084
18.15234375,3.8409207659824616,-1.411069730838101,-5.657453925817506,-29.381313272292733,0.1377708444547644
18.15625,1.0304430764605608,-2.9921852891885776,5.087759471176837,26.568889326909325,0.03344729134155347
18.16015625,-1.6471797747011658,-5.772321225502896,-7.752657473836733,22.28759119854267,0.5142530793835319
18.1640625,0.41384161102195866,2.770690629876516,-8.03983850376177,14.603335972563862,0.1471553180500812
18.16796875,-1.2944207409895891,-2.4425410228040203,-5.4316852569259195,-29.48998238129924,0.11985531322319518
18.171875,-0.693668873297332,-6.057949472742799,-6.934182614594675,13.660752339594637,-0.008375832495673936
18.17578125,-8.112016346836983,1.9985730189081479,5.957796390334005,11.409268554069882,-0.21450755401260196
18.1796875,-3.055203419180276,-2.9178688809486055,-0.34180932685552445,15.983869168733351,-0.7317697263362253
18.18359375,-4.814518173021919,-2.447662986992918,3.132714910934461,-2.220317675202253,0.14641618679146645
18.1875,-3.6689120716516546,-4.778771028184883,10.253343284510379,-40.00353039488171,-0.6198338072430671
18.19140625,-1.6661492240409257,-2.229116765959857,18.489354530402686,-19.26344532760833,0.028591324187433098
18.1953125,-6.809383330110069,-0.8500529106499547,-9.271220704548977,-22.130403939127383,0.08356377042905101
18.19921875,3.298773927469259,2.202287310879031,-6.378124433006522,7.0157982608154565,0.2310822780333436
18.203125,-2.405870902178166,2.3949660342340238,8.004126230845005,-22.118297770017556,-0.07350791484848747
18.20703125,5.3143470016238625,-2.7413127295358075,-2.7726287926663393,5.062692914620705,-0.002409361826189594
18.2109375,1.4922416949370445,-2.920143194980859,14.415874699340247,1.8446770712522707,0.12989918059304179
18.21484375,-2.619478882053329,4.15096683427298,17.63049629766814,-22.281085313832396,-0.40214460617596387
18.21875,9.192644685656065,-0.85377830704469,-1.86772809863563,24.748482138210825,-0.39549790593567236
18.22265625,1.7322893929081595,-5.411298473195397,-1.8153828969278392,24.950593655010625,-0.749699634261469
18.2265625,-9.937057406316455,-3.6796823418353313,-3.2647533115974783,-19.464220811643212,0.5162865317947128
18.23046875,5.16342657165682,1.9345775505966385,8.346236154813944,-32.87008716102373,0.1765346027736177
18.234375,2.5067955770808226,-1.8583963830748895,4.8965799401095875,-14.620864720720341,0.1522723372391757
18.23828125,-1.3583377941889732,-0.6547971802412569,-9.194113540911937,2.575113668703672,-0.1854009235792292
18.2421875,-2.0811204386161686,-0.9282680615012963,13.407836358328119,-11.886790803587223,-1.0417074901482761
18.24609375,0.695923510273399,2.7706698344198144,10.935630145729647,-0.8862454469765702,0.8805979007226142
18.25,-1.9544959696351747,5.471758967292838,-9.783205310567268,17.41640853439447,-0.3971716672596064
18.25390625,0.14309997234617863,0.4571301029357842,-4.994686927550098,27.316255999206668,0.596706888366104
18.2578125,-1.992515266317305,0.3193772205156944,9.900562392153134,44.238724201273556,-0.11330356542346054
18.26171875,-2.3042620187547906,-2.8309231915152764,-9.609033698570297,60.14967880482476,-0.17008798682361717
18.265625,-4.841751298468373,0.17674252857128095,-2.508224255629875,-26.205392725636994,-0.5947970710346758
18.26953125,-1.8555997604301024,3.0625384155854865,-2.3093800726784566,-3.606738320373573,0.46188846752947593
18.2734375,4.717755704906301,2.5746904081473136,-23.389940607174477,8.899746854860723,-0.33096456185885786
18.27734375,-6.643120369262566,0.8538715193985403,-4.383968511625521,-28.95378153827873,0.03484391009133076
18.28125,4.704675457515507,1.311109664297003,-16.651993226783212,24.503951201301078,-0.5403121958135695
18.28515625,-0.24608332253280835,-4.146839011458374,9.496378740099743,-20.21738192570763,-0.06623146270004109
18.2890625,-5.952483258323211,1.4803629597825547,-8.408358417207573,-41.1674501229836,0.17985183951666328
18.29296875,-0.36297140436179065,3.0448791847761294,1.0402866479625055,9.102668361181689,0.15332168928970355
18.296875,-2.2572166105945306,-1.9067780103421745,-3.2445575893812144,-18.089007262776214,-0.47364976843884676
18.30078125,0.5780633507035413,0.15261182247783553,-9.042722619707494,-19.469356932689905,-0.28300211862481045
18.3046875,5.837310804479131,-0.5632051370559029,-1.6897522852364317,-39.72137502689534,0.4829062539003823
18.30859375,-0.4155207301284318,3.8369375853618735,-4.5789151041786464,-12.103410046360487,0.3005564708638702
18.3125,-4.031016121960658,2.866554872961798,5.030167546381275,56.46483845938301,-0.013638037622989548
18.31640625,-5.64351669128045,1.4546732107476528,11.377848436908286,-1.2656622915822737,-0.2397515534917306
18.3203125,1.847133708831616,-6.229354634372828,21.317708154868654,-68.09802940640523,-0.6613760492595747
18.32421875,6.517765098191763,2.9483662568954827,4.365362806838309,5.971206560297068,0.5602120663256556
18.328125,-11.746763731038648,-2.279669475845207,9.673942897677904,-9.18440673718605,0.20937025204556386
18.33203125,2.3000056947869933,-0.11442754392925401,-9.203541376395826,0.3660497347142666,0.03555025447709287
18.3359375,2.6488178514911906,-0.2827555364176353,2.1856534115912485,-33.064137659464585,0.04234413444056994
18.33984375,4.879026264962984,-4.4958413416443666,6.296672391018876,-27.718897131973584,-0.44484005634347984
18.34375,1.9218554063342308,0.7213988597678989,-14.948381174633084,-4.764275015342795,1.3785367545081864
18.34765625,-6.29915429793117,-4.038374019058656,-4.249738585433929,-2.78146229321322,0.3790425555633884
18.3515625,-1.154746104195752,-1.7331727629766291,5.871927549149272,-18.576693179664094,0.6022887782522054
18.35546875,6.8033911477163755,-0.49380687760885333,-7.858706302716639,-9.231372071579461,0.6996470946144434
18.359375,-2.4161956124772845,2.5543032919180595,-5.077667511774829,23.603523299670595,-0.7261382511743305
18.36328125,1.6500610011793206,3.488063223427321,3.679351970746805,24.259866909266538,0.30440681791680935
18.3671875,-8.457692445517097,3.901466745364365,-7.156351530957183,0.8720532039772131,0.37101757714235545
18.37109375,-3.3947629888865802,-3.397437694538721,-16.60548530449288,-28.07160895808392,-0.7187890731205973
18.375,-0.41036462309127625,-1.5273981098303315,-24.505685109816152,15.932921980901416,-0.3785974868770642
18.37890625,-3.7674293790889477,0.41994876950625604,-15.577039161445342,-16.48803448471419,-0.08903599466698447
18.3828125,-0.11681916680006826,-0.3127365737761848,-7.739636157226386,-0.7221738255978174,0.6816978450968949
18.38671875,-4.848672209062274,-2.2435467502226354,-10.551176580995772,-18.2177210830377,-0.3659893324857562
18.390625,7.608518509470102,3.8185822200495387,-9.311780492531359,-78.38612366079165,0.30777490520737605
18.39453125,-2.9990643632554734,2.4490712252440985,-4.614050446828307,-19.719971248577096,0.20254550589596207
18.3984375,1.7478242138605709,1.0122067814731497,11.386040595830385,-6.6549619380959975,-0.4196804776254323
18.40234375,6.8393146866793675,1.6819177339917952,12.757135753719153,8.188813532237122,0.6706842877017407
18.40625,-1.4052578340590816,-6.338670477364807,-11.422555385147662,-9.913654192123323,-0.08887094500228553
18.41015625,-7.529345235674578,-2.089151319822832,14.101784828454758,-6.986526942678925,0.5998470939550763
18.4140625,-0.8776037837872253,1.5476957059034349,11.414842868522502,33.057572087971224,-0.08211268309686577
18.41796875,-0.5720527492856231,3.8074827857849254,1.4595020431962054,16.390629077881208,-0.22054431426104573
18.421875,1.9217747956642561,-2.9691066171448033,8.499976331089023,9.249323071444358,0.5625132829430698
18.42578125,3.6421558278109356,-4.807775772089373,2.082698934747552,-4.0977480849210295,-0.5719954473643374
18.4296875,-0.9295250302653508,-5.25441629822114,2.8916676032038655,-55.3943020519966,-0.22919718543545234
18.43359375,2.6656979817311206,-1.344729863838537,4.447318644727653,-25.545897608501043,-0.10148795664573794
18.4375,-1.6072648197972226,-2.2913796994358155,10.033667090486992,-26.37917845935567,0.12230046688411136
18.44140625,-1.6117198767595489,3.0896016392456,0.36999829568534803,28.354426352202257,0.33157449196149424
18.4453125,4.607596832787827,-3.860389278461402,4.640705194761468,18.39054950815482,-0.7427894249558753
18.44921875,-3.3670916927996566,-0.2770445679559584,-2.595266739966136,29.278468963662508,-0.37962385865236914
18.453125,0.8396555135081905,-0.8007800485635892,-1.896026210900204,17.30309553092828,-0.4226808180214664
18.45703125,4.692311173663073,1.8882996318466927,11.486132412782926,4.765588963614098,0.47258088609233373
18.4609375,7.263246995747454,0.23580981984085347,-14.874369450634564,6.953377653497974,0.8791498283820253
18.46484375,4.0576519824349155,-6.102257322240597,-4.480009260458006,21.87586696719149,-0.5645623604519784
18.46875,0.021178846446858426,-5.930631352754862,-4.384826799371688,-0.7097475912317464,-0.21647239981733923
18.47265625,-0.3811569217685257,-0.8145245929623031,11.212975963992337,14.0730721138182,0.08183509490606744
18.4765625,8.714426874968856,1.5253149722144999,-8.448384425282379,-46.51683498959408,-0.3752524440385476
18.48046875,-3.5812976562151775,-3.5933105077796457,-15.020955046587328,-41.88412354449525,0.4104707480098559
18.484375,1.7292343556423804,1.1860656662438653,-11.242791737698777,-43.09010804510699,0.06285808941747482
18.48828125,6.564192303313784,0.15192101137691552,-2.2750479599199323,-47.969192304760384,0.11635984362881015
18.4921875,-0.590270274571575,-0.11038340530285656,-0.5770066092910675,-14.759564342398205,-0.8101240790251149
18.49609375,-3.555210273248266,-3.3271952713197632,-12.181384251673164,-37.24718870242357,0.5595022524606487
18.5,0.9071323138999193,-1.7699341671970092,3.3369902103236195,-31.94395570416223,-0.12417880753727524
18.50390625,-2.7010035115189748,5.143025835759591,-7.748764883562501,28.53854600718837,0.808086252171149
18.5078125,-7.287854510332375,-0.5006199374364522,-17.84222849795706,-29.520023762799585,-0.6474808680076773
18.51171875,7.640831595066361,1.7443518546857866,1.3081037987467132,-23.256358847067055,0.3541577456680174
18.515625,4.126179800939471,-3.4086506170266775,0.38180458074149426,6.7663047607124405,-0.21114336145219426
18.51953125,-0.4744759400318122,6.776673454149863,-3.861948768161133,10.726620309112917,-0.9918348840086628
18.5234375,-5.2714280251775225,-1.4454831079255719,8.936474824216152,9.260801610200694,-0.40786045186027936
18.52734375,1.720862370086233,-0.6602914946618204,12.993342589708952,-32.269754343426364,-0.5504146383472501
18.53125,-6.742957978952746,2.248808785866883,3.1387834994974035,-28.30791607934089,-0.7604579559967534
18.53515625,-4.40641026179331,4.275522283192907,16.848268389956583,-15.185678796019513,-0.42269720084364054
18.5390625,-0.156663292781613,1.8928393051216055,7.444914542683575,-44.75605646935095,0.32714705643983494
18.54296875,-5.598253912877712,-3.42001370879911,3.502208563711836,-16.823454760577025,0.3576516778929157
18.546875,3.5231049531495753,4.343604098608212,-3.1214734827420427,11.848808710897417,-0.476117216141013
18.55078125,2.9052898705976946,-3.36619561752346,-5.8572174322779755,-19.524855753719354,0.5763106430264041
18.5546875,-7.818646854177542,-1.5704856053944876,-5.551994370788622,31.70099439412617,0.01021346772045925
18.55859375,-8.675011575279596,-0.006301580773512786,0.12182292888413482,28.023590422411196,-0.041209409129395316
18.5625,3.820496519719837,0.7799108450961569,-18.318379520021185,46.232410459778826,0.13078366980138548
18.56640625,3.8777590004687386,3.114434441990629,-8.55930377214952,-25.72630542282771,-0.4665724207564406
18.5703125,-2.2414985237853653,2.431244051785734,-21.217852958877256,1.4552119602380227,-0.45413224332750257
18.57421875,-0.22403290261795375,4.825392847963261,5.282461723979528,-20.54903839381537,0.6126426337547721
18.578125,0.37119332456313237,0.3131754740578242,-1.335657034893599,-28.280629140399405,0.22085105879266065
18.58203125,-6.811546299286531,-3.7315055600792135,-12.830283613976357,-52.123270175220895,0.9139092924852821
18.5859375,-2.0593460771863854,-0.11487389469866688,-2.45200508698832,-65.3929850829641,-0.6150306517997676
18.58984375,-1.859025574498918,3.0785745474759523,-3.797464494545495,-20.26184115372945,-0.5392517041296143
18.59375,-3.085872940361744,1.098356962499997,3.898540224409684,-20.359012377757082,-0.6685830452503649
18.59765625,-1.0112005032314835,2.125232701480144,-5.948369084800072,-46.008690118356476,-0.6890499757222412
18.6015625,2.7139449158996314,-1.2693661499787217,-2.7782212361532013,37.143949009783164,0.6828090000399417
18.60546875,3.4420094695055683,-1.937787804920425,0.7917841645306789,13.883413000027815,0.23061120201745638
18.609375,-3.9685988542006854,1.6898249819472548,5.932678787257749,5.121908625283098,-0.24684315226308307
18.61328125,-2.520674278291312,-1.13751580778475,-7.006661504526102,12.043025564924761,0.573218844481378
18.6171875,-3.5029437849315164,4.783236645472361,-0.7682344668990044,-0.8365904615011459,0.016597967624367202
18.62109375,-5.425359064634966,0.793258042970415,1.379177371365338,49.8319200286589,-0.8815580361031764
18.625,-3.8943999608559587,0.8896048057608286,6.435204198523175,4.94495137377266,0.18253048790817739
18.62890625,3.889129024677281,2.8763109289972792,-3.964534721216964,-5.43891634970953,0.023167261130096584
18.6328125,0.9596207715331541,2.0037380399366285,11.159389622326621,20.3650275007544,0.24460443539298235
18.63671875,0.05712035562561274,1.5152733163582375,2.8763186192526176,-10.762840529612781,0.5006494237387477
18.640625,-2.037285863551618,-0.9453386804731672,2.9945421909188856,23.31360490839435,0.7009070456868817
18.64453125,0.06585105609109941,-5.199587122156226,0.6073654458979336,18.843626131589268,0.2830674158087628
18.6484375,1.5958624210237917,-1.0833420490368062,-1.40649943109241,37.718694826458666,-0.35244586731169264
18.65234375,8.673898247628014,-2.0752549967043734,0.0834077983989786,-14.37625226976279,-0.4712384163772249
18.65625,2.801834436134053,-1.3558606732142449,-0.5736997296240858,4.3580061283676415,-0.14713904996299196
18.66015625,-2.5437844915617753,-0.755816092408961,1.6081462076519517,13.945321192574458,0.6541825167718175
18.6640625,-1.4700182199841696,-2.7891866279855986,-1.7323321097004754,37.902988459243204,0.26579516401331693
18.66796875,1.1705948341538825,-2.4249790462215266,4.474532359179859,34.1738957949195,-0.012368823720868902
18.671875,0.2701299655856587,-0.24512244132139055,-11.697418674244389,-0.15108935724862604,-0.13875589634585442
18.67578125,2.5988255080229834,-1.1212667281791646,-2.214798484838854,-41.64446099638962,-0.6673937453927975
18.6796875,2.769845416023661,-1.196881214496814,-7.783127998736062,6.538689893850798,-0.2497021592888589
18.68359375,1.8760062748394946,-0.6976252297579407,2.1304680531718105,-36.48769041151107,-0.5236707598815902
18.6875,0.5342693965067344,-1.5231794067253313,11.573052650934695,23.891661419550694,-0.09710704607888267
18.69140625,2.9871782225614623,2.511377308880742,-2.773091065726517,-6.777186353678513,-0.6138169409044588
18.6953125,4.177331330629945,1.9461165317325841,6.73915894742591,-9.12208543284967,0.16495694201092173
18.69921875,-8.873118751598817,2.6342675857642606,-10.262285627710671,-17.777711366011122,-0.5497007213436733
18.703125,-3.3762755222054945,-1.2083480077647506,-10.053868938539738,-21.04708564824318,-0.2313252267979158
18.70703125,4.7127959229375715,-2.0507123466538424,1.0672590919335183,38.311743828364655,-0.8071947012188554
18.7109375,2.2144456313836542,-0.3527134155423885,17.38544975044335,27.024469054973675,-0.4856509008888471
18.71484375,-6.086234899678888,3.6663202007156643,9.816801863586651,26.283558283261947,0.4110361463834111
18.71875,6.180891193531278,-1.236391036291524,5.878806683403251,46.199390221808514,-0.7642549498936668
18.72265625,-2.925865213805046,0.9394411398870572,-1.914076194190656,-38.274819373121105,0.3703250209977104
18.7265625,8.356931871491282,3.137877318656356,4.785415826148121,-7.106051786453953,0.7798856393464635
18.73046875,1.0240208871162004,4.289111717160104,-2.7847097307912465,-71.85133591985957,0.17002095110866672
18.734375,7.042432102354929,7.776937064433957,1.7058761226180423,-65.75773303027854,-0.2920808271609785
18.73828125,-2.4901595177874136,-3.741757572022238,4.50257971076736,-6.85022854765408,0.3729303245228329
18.7421875,-5.6876300533302615,0.7811353575278338,9.814816040426864,17.233643914800105,0.2772788236686794
18.74609375,-0.6743167136986461,1.169167651461517,-10.578555687181998,19.247009606440635,-0.3278700704678839
18.75,0.40074792388305375,3.926063770382154,-8.712989563218084,-5.6380901640885694,0.7826831950048063
18.75390625,0.561244712786964,-1.4452962731002272,1.745515239046325,27.63841493262343,-0.46501046387226364
18.7578125,-4.694179037719775,-3.505529519669795,-20.27027986366923,-3.6359542234887208,0.49635399092050203
18.76171875,4.379463573937834,-3.671329653408968,-11.672131612942643,-5.387178139084451,0.24793558415180153
18.765625,-0.8209610616319197,-3.753675150340654,-5.699235523221811,6.708550866542179,0.7418210210255246
18.76953125,-4.313507895177586,-5.4450987122726415,2.4176175899154346,48.717537626981766,0.46326316142333746
18.7734375,4.976454082017663,1.9002277556515537,-20.391888683870256,-40.116209061689815,0.021096181319076025
18.77734375,-1.578098699619731,2.7382635943393545,-9.422694729929649,-19.651135423552955,0.773469138286803
18.78125,-3.2122659509588307,-1.2977541674646607,-17.429640021917102,-16.68564687886099,0.0595202964939513
18.78515625,5.0353833715087974,-2.8752399366459933,-9.3029700403821,-69.47502927652525,0.2492583008706323
18.7890625,-3.128861471200418,-4.952745723962408,-1.3514614131889615,-7.563001773198648,0.24282647624946777
18.79296875,-0.8236178938501312,-2.8046610175032147,-10.223277109426078,-6.452622640362618,-0.21620927561915376
18.796875,-3.475908357199283,1.0655893423021459,-6.629768285168724,-18.742861608344136,0.09637003702369644
18.80078125,-0.8009258428142955,-0.6054514270108329,-13.452532462793942,-7.642348346362944,0.6113809120212796
18.8046875,1.2174955873030897,-2.899706013783667,0.20561428396135684,20.155985398502903,-0.09963979348808821
18.80859375,4.629520650097401,-1.0995293119887661,-11.158205331766709,29.713742838356318,0.388372714705572
18.8125,-3.4881851489509033,-3.325339489827156,1.8901506705930524,15.714440318387483,-0.13949709824584156
18.81640625,1.2181692412793783,-0.6512196851180104,6.896218674869823,43.91610169162688,0.05712224173594288
18.8203125,0.7866249283533521,-1.0662781471646476,-6.060203782396591,-7.9375051167451485,0.1736918442129404
18.82421875,-2.582272997337966,-2.994107772677185,6.740648880096911,8.315399952714577,0.03312686275514237
18.828125,-7.243041009044448,0.19898121221380488,-5.052514905779585,2.411787552480792,0.9326916575620459
18.83203125,-9.248898877257728,7.495425379782837,8.357354866778655,-28.37307792577114,-0.9057387991552297
18.8359375,-7.218574818538181,0.15088442974225252,0.3301976580737733,-28.75211481175122,-0.12372333007042073
18.83984375,0.311570508332611,2.928695455599069,12.05609768332379,-30.119464555961798,0.5995978395415195
18.84375,2.601093491255328,7.651224778052821,-3.413411647958087,-12.271274181092707,-0.8267041656573759
18.84765625,0.9208056792096369,-0.15449491114915825,2.939431901038618,23.719111183370693,0.8541841968856191
18.8515625,-3.4833635182108695,-3.4108796830118138,-3.575197209904935,-36.27556889893938,0.24938725707916837
18.85546875,-1.295850087289023,-3.2752687903781865,-0.325102233895616,25.07840609719026,-0.4295881943224203
18.859375,-3.3561949966192337,-0.508031439948467,0.10913013793288373,53.18495624568274,-0.4646327207345024
18.86328125,-0.01436854674917355,2.3099794915361254,-2.3760723374002084,25.608146813486012,-0.5766669884898585
18.8671875,-0.2652217519855709,1.4297674868396977,-19.240164404219804,35.209358025347484,0.7006091810970662
18.87109375,8.338063231045206,1.9830568874088246,1.0558500536074744,11.415858824187794,-0.030167009280112376
18.875,-3.8617141478549155,4.356183949773955,-10.25305511928389,-0.6943614807331111,-0.25718351957721497
18.87890625,-0.9784525324992996,2.957914099376342,-4.354253580196785,-30.314865891086473,-0.029639181214524732
18.8828125,1.831509925627606,-3.221891561858913,6.831508888077149,37.57735765015967,0.21962346215144543
18.88671875,-4.304575647669314,-1.786983130101247,0.44206179901243026,-53.11353834176309,-0.2975008709946534
18.890625,-1.3424929142393185,-5.402062393660161,4.505650314795151,-45.931927529201715,-0.1911161759937006
18.89453125,4.884860821391159,3.8688001370998073,-4.60728636168195,-6.192290988206424,0.32465991928083016
18.8984375,0.6420369166898477,-4.58763678011239,5.288637215844071,19.531079087108147,-0.14623560914688433
18.90234375,-2.9132036625807394,-3.0142628364026294,8.54198817799608,3.915403043371473,0.16209829150331323
18.90625,-4.356411830931781,-0.7527693566746263,0.642156385758937,-20.55163872220885,-0.32327913258761537
18.91015625,0.9976707953953232,3.130889776842709,2.3466464113616334,2.5984178512569542,0.08461257143565638
18.9140625,-3.6047990461316783,0.833386332161834,8.209424572718309,20.331792766122877,0.2464386739471234
18.91796875,6.5966621383117925,-1.418978287888645,9.847168594236106,36.18053419221223,-0.8002474794202631
18.921875,1.6206007703326255,0.4049577353644559,0.4589394736559216,28.738733632505642,-0.8357230217257643
18.92578125,-2.5285205760921468,-2.634885805060542,-2.4169531923214382,-22.170597179381996,1.2152867822438589
18.9296875,2.852950160356249,3.222002836891285,16.103421714095415,-28.63874592020833,-0.13203297587433044
18.93359375,2.3629488143750046,-3.542284143484043,12.620390983419465,-18.65215968209894,0.68366788635751
18.9375,-0.17710530370293587,-0.22805867544668068,-2.35167689048279,-48.750631489825565,0.5332036780131437
18.94140625,1.5185266781463715,-2.975637228333075,5.357124601780816,0.9353925665699094,-0.8822983431794619
18.9453125,-3.982724252843226,1.5245342256455352,-4.111034212464545,-8.764415327084707,-0.026750847272052892
18.94921875,2.4726959038389342,-3.0868103897773316,22.54890642340049,-19.304732017329755,-0.30292489784291593
18.953125,4.490559636095561,0.1483706157423743,-1.1586732420451065,20.750547641210762,-0.5359254722104194
18.95703125,-5.049087826547189,0.8111823957054951,0.7056071528314263,17.21068907973027,0.9818655950179718
18.9609375,-3.8569398623921267,-0.8544977593803942,-3.3918131431505323,40.66240365880731,0.3325843091550491
18.96484375,-2.3534487981859273,2.3883210741301637,9.248603880685758,36.55965254696171,-0.5403917254232744
18.96875,2.9426713953976873,-3.380748658513239,-7.494720022850705,3.239581172385275,-0.10693347852464449
18.97265625,3.8396029190766607,-6.437287146533926,-16.979719188483315,17.59151768157951,0.6321380296561336
18.9765625,-5.565668243318203,3.2650336713100554,-5.8786949329986475,31.146849032273856,-0.526801242105163
18.98046875,-3.956998704461493,-3.122298714557698,-9.462806340895089,4.573237579910318,0.04749048167087711
18.984375,3.283301399585153,2.453140159894851,-1.0824720010607023,-30.259744321215223,-0.4758426592370632
18.98828125,-0.004114861727597985,3.666926109058788,0.013769075603821346,-22.203434163679756,0.6087422942507985
18.9921875,5.542799187761236,0.7887953411714526,-1.9161772455527928,9.218814512483686,-0.08766023806593393
18.99609375,2.116506237851879,-1.0236040496268792,-2.143473049636004,-22.717269061332573,0.3045317390378895
19.0,-2.4243094859279055,-3.743669519063329,-13.675304330539408,-12.69882836575745,0.20542748991942492
19.00390625,-0.111504259867877,-2.283793297211983,6.926299338639304,53.83700919356636,0.49509342367482556
19.0078125,4.589176444264986,4.61097420229526,-4.445008917908577,0.672678371012946,-0.4324968106392734
19.01171875,-2.970318464125187,-0.6817346358608647,4.088995045221179,-11.22677967428372,0.014758580161862071
19.015625,1.6713224913315947,2.4748557933020336,0.516401353199401,1.400497681410176,0.40011656634733866
19.01953125,-0.4808024727244038,-0.4104789682207088,-14.35568793032969,13.991490836952023,-1.2530171244297958
19.0234375,-2.3914573855653942,1.3667618411504414,20.76610913463762,5.815872375690238,-0.49534613148610196
19.02734375,4.530005714517271,-2.2241384802636293,8.869847271428311,-28.61155736146958,-0.581045792163776
19.03125,6.279627767040942,2.2647136384204143,7.938338221958443,16.344044269184952,-0.2707654467111787
19.03515625,6.0821788032667845,1.139327544872439,-4.262538447048405,-43.34038604291866,-0.9873699626161273
19.0390625,-9.116633063118769,2.5745693589137537,5.683601857464153,-13.099358777615294,0.22713528124164684
19.04296875,-0.2010347014605845,0.7655423039468883,5.215858852597309,-12.669749440428685,-0.6184598743728391
19.046875,4.848750193288483,0.22105618956860257,15.162883985295426,2.3612658427567847,1.001296348085291
19.05078125,-2.9020990155457476,3.561349269634776,-2.7834869696373823,-14.891343116563922,-0.19632830834871165
19.0546875,-0.1546434264008313,3.5367773543065395,-2.7867272373728618,8.10341473052518,0.044091612174478795
19.05859375,-1.628022153784258,2.672122420297872,-2.974325463526113,42.53186547485238,0.06091619373395437
19.0625,-5.411045718867259,-3.7549857752032763,8.314411932786818,-10.866323397837732,0.7786929025874563
19.06640625,-0.7861289186743108,-1.0113319669918197,-1.9978578158882514,-3.499441783499563,0.9947680209007888
19.0703125,4.476283798226673,2.9645185806576255,-7.930264092946093,10.525236131490669,0.2638828583801672
19.07421875,2.360272070554245,0.7637925140629096,-3.274094126052277,-16.234536410582635,0.3633986926099092
19.078125,1.9670526206099044,-0.038577202686410586,-17.005597515017595,2.584151860835565,-0.4794645413777188
19.08203125,7.820260215318798,1.8889595716783436,-1.5733580354838437,15.459232899090964,0.4494942315883604
19.0859375,1.5708037903328231,5.280473527280406,-10.978781081890602,-45.46162865104428,-0.43162161039943564
19.08984375,-0.005386192406796401,-0.08419975309266112,10.644737725041661,-20.768183218665698,0.3869161947203371
19.09375,-6.91941161149098,-3.3548322417188543,-2.229682783249219,17.362212735445148,-1.0003441577503616
19.09765625,2.441729631669479,0.002662242223945498,-6.999187143002759,-42.34414919339341,0.583615767533697
19.1015625,4.287843493478092,-1.4490453656440923,4.375832995908802,39.592105314843664,-0.15886878044216182
19.10546875,5.098630623721346,3.761308570291618,2.551611744984312,21.385007318917747,0.3374038507241124
19.109375,-7.799916296617824,2.7632213526686624,16.064898551095613,26.291097771926676,-0.1484694094425618
19.11328125,-8.3029362882827,0.652960113764178,7.879608887789727,10.016493896851852,0.2438699526729328
19.1171875,1.774532183347437,-1.3048136648270137,-20.49661315242073,66.65251487573602,0.484483584527755
19.12109375,-0.2605928564595594,-4.9915090346235536,7.281471435088247,8.174401795556658,-0.5401691550702769
19.125,4.929087245936408,-6.756874875868086,7.829585919092297,0.06471496657529469,0.09448702437132458
19.12890625,-0.7653326230803468,-0.01509608059036077,7.512143379008838,7.633499916196508,-0.5984131060907131
19.1328125,-3.8218161802559103,-4.3669173806198796,0.024970072852663172,-8.1457844551766,-0.4622671177721464
19.13671875,-0.17097210505549412,-0.5691381975587407,-5.991372611017436,1.1544388519212916,0.3764557307816039
19.140625,-1.6239289385691242,0.5438320564110246,-7.059669558715993,-27.174565696875877,0.9475623028705464
19.14453125,-1.3547132748385213,-3.298399988019773,-6.229999708951442,-6.059878644103083,0.1723474940291821
19.1484375,-6.666725996494557,0.07074082824679125,-10.292576990045252,21.66614975301203,-0.016066406355809356
19.15234375,2.72303987568188,-2.3625339557869256,-5.226147379956847,5.682389923847022,-0.9248349342953462
19.15625,0.7758959478811867,-2.3082651520271393,15.36837598952228,59.04359324380255,0.15694908041561287
19.16015625,1.3020263348337824,-0.9039945106462431,18.014852143146665,31.794494365740267,-0.8850915610395776
19.1640625,-4.540760038467441,-1.1983466405798668,-6.798936011994821,19.72740801171307,-0.45581357415524737
19.16796875,-3.9271684204382002,-0.33542328393584836,7.680583473194494,40.810489276033564,0.7716165746270929
19.171875,0.2977804750109181,-0.5368916782820063,0.06906075384691768,1.0939447280922936,0.36916000310661373
19.17578125,5.576736140285774,1.713519928584482,-0.23450106852816077,9.242478510665187,-0.6147784742672016
19.1796875,-2.196520456514877,-0.023290188055922104,-6.019119708959769,-21.536124590101245,0.46761095502258837
19.18359375,2.0353055062329055,-4.165897536181667,0.5769585175490173,-2.3341623274714465,-0.3441145205613805
19.1875,-0.07637827502915033,-1.6755091645348923,-6.101872102861909,-14.181275083903941,-0.4350544526482962
19.19140625,4.562381594619158,0.9747838734954031,0.6062349317286193,-55.20585055048028,0.23285685825124772
19.1953125,0.022436928987941883,2.5423141831383904,0.30755763351285825,-15.938837496898717,-0.04273568965781904
19.19921875,1.2600749201321586,1.0520332158187924,0.1036287101661828,-23.470803710200716,0.1436725064611837
19.203125,6.010118329926336,-1.135716687443829,2.2590379742957682,-43.15484823181818,-0.1649231414865022
19.20703125,3.5134760928476916,-7.2131290771878795,-9.183530745927495,36.34339727396909,-0.007378002244918123
19.2109375,4.204429149995563,-0.6322798244095325,5.369912410571686,10.105316672260244,0.7982366418035018
19.21484375,0.2735755775675968,-0.9843951967458135,-5.741767677424331,-24.029373254514407,-0.2703705601997362
19.21875,-0.3729022763133321,-2.001282957232111,-3.158250151436067,-36.911115485131646,-0.8750682602798247
19.22265625,3.1806166435672494,-0.31940027679407523,11.270429718766396,18.973682144158765,-1.0665859021449626
19.2265625,-1.8286309926524553,1.0416155915780627,13.299874603520088,11.813664347425702,0.07221803115690946
19.23046875,-1.036771088095788,-5.18429496239055,11.84100699454029,-37.9527881951703,0.325327899606845
19.234375,-3.673739367474501,0.32708002027323213,2.4029606127169036,30.944094375988346,-0.3810276435484586
19.23828125,-0.41865003010809654,9.06461773338827,9.230402059815962,-51.98939056529141,-0.04116305745618366
19.2421875,1.2301170693005377,-2.3914026240147184,-10.136038633546455,-26.00180842915927,0.5907939652789732
19.24609375,1.7695781390716365,-1.2301065372421678,1.6348085592669068,-15.997527362506052,-0.6477990964000298
19.25,5.113597227381641,3.0226989436594316,-2.6292404627905683,55.05083513330109,0.45774814732316926
19.25390625,-1.7449957855454836,1.4036231925508116,6.18449003384169,-25.51872343200869,-0.5030521562881398
19.2578125,10.772096083546558,0.29851937132011674,6.1068015736844,-13.857694085052835,-0.3285806078550507
19.26171875,-3.822691875238752,1.213407499555676,-11.177544776221996,35.510109890105866,-0.1777739554393073
19.265625,0.838835876367454,-1.2855648280086582,5.32134588598197,49.51741891611867,0.9866778994443995
19.26953125,-2.093317924461961,2.6977534084598416,-16.259706356848557,-13.658279633673786,0.3863621756178682
19.2734375,5.018890707070274,-3.2102774037745774,1.6440761562387287,-8.114381117214535,0.03134780207073049
19.27734375,-0.8604544352896986,-2.1521169348028133,-18.34794922739336,-23.849613538221526,-0.3624445333249886
19.28125,-1.5234660815922774,3.1621263416023635,-26.42491689486934,-29.569445394404436,0.23171916123038058
19.28515625,3.2230652583560992,-2.4565449430513633,-1.3894414491660019,-10.800913257975235,0.8625347595910301
19.2890625,-2.301635946811501,-2.339078293655817,4.734290066724068,-51.49789187370548,0.06687682660390575
19.29296875,-2.6332955292034073,5.3317246360191906,-6.332467063477745,-43.48251090066667,0.04686611043722325
19.296875,0.7211091496978043,0.48939368630707275,0.24052780542046803,-6.50790921170939,0.26092466492606675
19.30078125,-1.7094397806905832,-0.5143690713720924,-14.728666846862167,-0.15456219240197955,0.0701802837419684
19.3046875,-0.5927816477593713,0.8149387323133277,-0.804970967293791,-17.793088382010694,0.7143887633900158
19.30859375,-2.631149178665624,-2.774558317228178,4.153367679397879,25.35081271510645,-0.8810740349886693
19.3125,-0.41004519132970274,-2.2332583194587845,5.55466829111019,64.76801637806969,0.18943185056584494
19.31640625,-0.393618436000462,2.3869047616161145,1.3247498627735195,-13.231739980560334,-0.6439340152002689
19.3203125,-3.9053072599562926,1.000856743231015,11.16091132380858,-19.55378004402523,0.14546934226883096
19.32421875,2.4586442427638535,-2.3227220016059227,0.11498437907966164,35.39781149040607,0.12974760302234342
19.328125,-1.369604052873481,4.115529544987785,4.771760921752389,-4.5652148741067755,-0.4615215308718069
19.33203125,2.658635101260536,-0.028170572186712935,9.592199067351416,-8.239620492646717,0.7791313636262616
19.3359375,9.390027340700554,-1.4461621857404017,3.0448570448190058,27.853517659179605,0.34012846763209537
19.33984375,2.0981842724065363,-4.250361195276856,9.71878546639536,-37.38710850310544,0.14971156510200614
19.34375,-0.5326936236041165,-1.9240999153498382,6.311858161335787,-48.37119618817851,-0.18592135114197744
19.34765625,-3.218946419357526,-0.5247483997349418,10.36931875751487,21.63088316124274,-0.13400821201801458
19.3515625,2.1171735374014222,-7.380650733953325,-2.6654730690997814,5.3030080467310565,-0.1774485404715889
19.35546875,0.11628045257202559,-0.9640372776707895,2.443000818478949,1.9533557062627356,0.20030599668084004
19.359375,2.922279266874262,0.018813275167593572,-3.5003727775468314,25.26820546628521,-0.8054558082784383
19.36328125,-1.4566823102958841,-2.263092431449972,6.372065507516345,41.92489475564126,0.15112337867106868
19.3671875,-6.923429636823784,3.3627117222095526,-19.39783908403045,10.599542626162812,0.017915593820862177
19.37109375,2.80638867947857,4.524316697671569,0.9075689847723059,12.593620915132584,0.4038476077095628
19.375,8.223443625141613,0.22300021954467875,-7.580791420308267,31.46283672426046,0.043270482678567875
19.37890625,-1.350345203118472,1.7787924111813567,-6.075243916896146,36.56644905041238,-0.5552925813651676
19.3828125,-0.5166006478798268,-7.699461660901636,18.38410364220376,11.441733907730214,-0.14282396405793576
19.38671875,-2.1515721265204775,-0.8900555273783619,-1.3330638588673573,-17.48689683350344,0.3969178116540016
19.390625,-1.3602153220398066,-3.402405694572442,-7.244761113041064,5.160206225062652,0.3033389036154621
19.39453125,-2.4542916785355353,-2.424215946868966,3.0170028173208125,16.07249211123932,-0.6103223194358753
19.3984375,3.5248993299473366,-1.1741494935695873,18.022842991032288,34.45340333051309,0.29109475617251823
19.40234375,0.9584897997708347,-3.6519116691879328,-20.73441308807333,2.9683102858971626,-0.3221557554004426
19.40625,-0.3894779384786016,-0.32888140439816416,-3.9420120143542388,17.715486161862252,-0.44634992145909874
19.41015625,-4.6143620215841405,-8.63270138355644,6.040033755124863,30.516190542418748,-0.9688553715677435
19.4140625,-3.621686233731019,-2.220957750341789,6.071917253040056,44.876143677822036,0.022319325707383177
19.41796875,3.7553022298296717,2.328751449641705,3.075357436963788,27.883802378408006,0.042908601238809074
19.421875,-6.37602799002271,-0.496564096334184,-8.095727700795187,8.547236587353792,0.047225671384766583
19.42578125,0.44393905334540024,0.03483673435293584,17.96158109129787,-22.83232130655844,0.19002588346395197
19.4296875,5.931677837408679,-5.16269140067106,11.958391191536196,-42.38251834440943,0.7007163122035247
19.43359375,-0.20296900274590338,0.025817587908365504,6.594168365660516,-70.61803020811352,-0.43598673477493266
19.4375,-0.6700438018192475,-1.2299719965669573,-9.930398872596262,1.0095718959980964,0.27823250593175863
19.44140625,5.869480100649763,-1.1784993317471235,-0.5972085028112493,-52.49336329389752,0.03708650548685863
19.4453125,-1.4500591180034712,0.2372759471528717,14.529651989257463,-14.057959058954042,-0.1457441749002846
19.44921875,5.30797774937319,1.3393590218868945,-5.258806690349025,-4.001462874098454,0.7253480285601005
19.453125,-4.503039455153027,-4.139391271627081,-13.965395332228491,-3.261648384940516,-0.5090765544937358
19.45703125,-5.921310085636254,1.4274087118015826,-0.8761196845377899,37.69331799628685,0.13205724695967375
19.4609375,-6.003873990477161,0.17799223255211716,-5.7717611720874515,34.86845672616929,-0.8307784545317837
19.46484375,-1.3629053154223687,-1.1265912498775754,12.382630721088239,-27.41242052971687,0.3261382991274778
19.46875,-3.8489090475733447,4.232025590735349,3.7502572653197035,11.202588712366346,-0.22181518221104599
19.47265625,-4.776553557222313,-1.6312920002095344,2.144595089261899,-29.380142785513666,-0.09878289571866132
19.4765625,-0.2259884773228218,-2.2784219409361586,3.6430699328476432,-47.562442416282046,0.9151880411885764
19.48046875,-0.7306640674086397,-2.161397743897162,-5.216580610126971,37.05119766996581,-0.7547327228743973
19.484375,0.7763401823753111,5.360881662496377,-10.661433405205077,-62.20821876546537,-0.490751952767852
19.48828125,2.64075446187122,1.704217120409006,-0.036737996365062475,15.957895107707078,-0.05154646877665923
19.4921875,-10.14414455974228,5.327057852229587,-12.4242052269061,-27.60013803009771,-0.4041217570455049
19.49609375,0.84547661027766,-0.17700025289688817,-6.62519103943545,5.188874021605425,-0.14263935385090384
19.5,2.6591505889807174,0.6070330159083235,-1.5466649873202685,33.62438536685072,-0.06176798473134196
19.50390625,-5.091187380322861,-1.5303101557885785,-9.675877922465201,-27.847498879618705,0.44371570931120274
19.5078125,4.034834375240823,-2.7377178622216016,1.0427466775845489,37.02073457279833,0.6072617675190025
19.51171875,-1.0603168409003338,6.509362406566657,7.332320600934096,43.667310623698896,0.2744331844587688
19.515625,1.20390919467241,10.621071501263167,-5.0599712767489695,19.332983278529586,0.42420585446490877
19.51953125,-3.7784848101827158,-2.4293520106722917,-2.9989294073686574,-9.563664201810907,0.39059868495907296
19.5234375,-0.8332619277216942,0.8102655391990576,4.55190975704685,16.16866574753123,-0.2171007942614465
19.52734375,3.695191254702252,-0.9774336114319093,12.456787828015631,-55.099871480110686,0.866384769556818
19.53125,-0.04067711118047851,2.4627146767725456,10.531129205389634,-43.30461297019351,0.4725240260279789
19.53515625,4.483046436144368,-5.294899240605416,-0.7130963581234271,8.508938558929508,-0.2797705744008724
19.5390625,5.027631882387004,0.6244285210082368,17.430806516935654,9.060270379132199,-0.037125872466785746
19.54296875,5.288335314563887,-3.4678126848563124,15.538824997956795,2.070833799090913,-0.605847699019423
19.546875,-4.376300472330769,0.5600863738712472,6.176072747744599,52.06725924491916,-0.7926579013837303
19.55078125,-2.2631912735337782,-4.700459762268004,-1.970312222209515,-11.602519506983299,-0.3387485257783308
19.5546875,4.980564617463162,-3.410076084689734,-12.871437799618,4.280407636099854,0.6721606213505161
19.55859375,3.2007294130135424,7.749115747353406,-4.355379508149844,19.449758464750857,-0.35844589219013734
19.5625,3.4926440886428347,-3.5525275307628412,3.198028058386562,38.54051441857313,-0.5406698132838497
19.56640625,0.17146580347064228,1.3148528465382652,-5.644006437562814,-36.42085898608273,0.11065084098997267
19.5703125,3.0619773954003615,0.2671827438454214,16.549857709726787,-9.102553495997903,0.3910626024110097
19.57421875,2.093311055520127,0.5157238514802893,2.766208818324748,-13.775718639976844,0.2559737829020172
19.578125,4.166164907700549,-1.202717593319344,-6.602173326554913,2.0172810889889075,-0.1579448299301157
19.58203125,0.36751043509799436,-1.5740974844735787,-14.89145390997331,-22.839843492990795,-0.2644523962444497
19.5859375,3.430515298930437,-1.8544084174482691,-0.15357177851343584,0.9119527641509642,-0.5667398105003605
19.58984375,8.162387541114965,-0.5317748966647049,0.7684175321918771,-11.52986098415615,-0.11543701112071211
19.59375,0.3883709064004005,2.29831253981797,-6.975312600060679,-48.82805076575262,0.5616509232850829
19.59765625,3.436363683005863,0.21299925004719522,2.3416430923506777,18.553164847029915,-0.5475743173849578
19.6015625,1.166337673273258,-1.9870959327876268,15.093801076063041,-27.56180397201326,-0.44423065595701194
19.60546875,1.2088836380873602,-0.7127018564951013,7.395905845610192,-13.512469814739061,-0.8422708809939125
19.609375,4.598778444457862,2.0337054274432917,8.196604361064846,26.219939413878375,0.26754958229494186
19.61328125,1.4552615525653196,2.874315844421651,-10.206998119397257,50.66764986443704,1.0599396111648793
19.6171875,2.705267636094294,-2.1394001545532255,3.027312901172005,-47.5046456273117,0.8305865083628221
19.62109375,-6.094594340569508,-7.02505871044082,18.171364658377854,-16.061343277053354,0.8921687597316444
19.625,0.915203344871456,-0.04552571224204977,18.066347560459462,57.95267195489914,0.3190411593505608
19.62890625,5.814314490819292,6.245037615578245,5.189135798311599,12.928358470661319,0.31182180336828597
19.6328125,-0.8545363026188311,0.8807055889725877,19.56921809653282,5.17706386397613,-0.19635029088923392
19.63671875,-6.929128034099067,-3.928469446163068,2.8189729590377604,-19.73042843976101,0.3587393032919584
19.640625,-0.9309779782702419,-1.8314908134811305,3.8539570772193623,16.582572051583146,-0.3008541850147516
19.64453125,-4.684789698254284,-0.09678031000187509,3.3056303862230996,30.21782628880652,-1.03961733356962
19.6484375,-4.907284427343689,-3.0034910826102426,-2.976393945108388,1.2835808624676783,-0.3164727486865944
19.65234375,2.807524924573447,2.9411517724864407,-3.887596791431597,8.08992637242077,0.40162824943400793
19.65625,-7.324498904791137,1.6252242509339623,3.0003664940331056,-1.703183031495028,0.7754251427613228
19.66015625,-4.98033119726205,-3.875232029932488,6.953950536319024,21.582729861721003,-0.41097059242957124
19.6640625,-5.822657221818659,1.6224827507342492,3.6054148931976604,15.860480421453811,-0.4382703937406856
19.66796875,0.6670038281527982,-1.9323031139774614,1.6022005988389418,45.28368598797077,1.309684292200022
19.671875,-2.848683732715217,-1.3246717910813381,-12.64523508380681,-0.39104157610423584,-0.1333791433427415
19.67578125,4.186336220114266,0.4192593481894209,-6.494638074947097,-32.59710437115721,0.8224756308779174
19.6796875,8.362883374829892,0.792039147233575,-10.683268857702508,5.504249805127557,-0.28398764931875675
19.68359375,-4.664677564046851,-0.32015343898044735,-5.194637432771044,-4.632619310681553,-0.4014999186869788
19.6875,-0.4335008264957063,-0.5321225146124964,1.5134884369849337,-12.49652832009712,0.03924570135830052
19.69140625,4.813135977353471,0.6349964867395209,-6.115245838728999,-32.55354911515808,0.04650937655238385
19.6953125,6.9216977648565985,-9.683480442615508,7.244320577445954,-19.62869766801145,0.8451817704399772
19.69921875,-3.632069992401216,1.0841683625700695,7.395412446190228,-21.108978195452583,0.31111374610399417
19.703125,-6.393401569198056,-0.314054650739748,-6.604427953692692,40.03441891908206,0.31552576168063856
19.70703125,-4.070955007321343,-1.5824800998062734,-9.851725275036273,31.64250335676597,-0.0938352390602938
19.7109375,-1.1845993088837377,5.369974071670324,5.129244930025549,30.041645114864767,-0.47503887792640287
19.71484375,3.5314639777000982,-5.140607885400552,-10.911784621500008,28.660079868378705,-0.15129347058407872
19.71875,8.921256698216808,-4.6215992082136585,-1.3439742944619661,13.864973748870659,-0.09046685225836021
19.72265625,0.7444339112753758,-2.966462957342442,5.178753747926276,-4.538247014644755,-0.6383523285926177
19.7265625,-3.5135602538585182,1.3376378329771057,9.870822865975828,16.70296937403179,0.16272044253213092
19.73046875,1.1615331234271085,-3.828905710844648,14.25476349176578,8.524896734670106,0.12030267569352511
19.734375,4.521505825461451,-1.0550643775858353,-1.6700169266775164,-67.79452952252242,0.7192091428717649
19.73828125,-3.6313788661779554,-0.47096391538259513,4.665310454411867,-47.61681844296311,-0.9148831760256536
19.7421875,-1.7088281294117067,-1.1479379640745084,0.7359358998656367,15.03554018576925,0.2759978703297543
19.74609375,-2.799400515724011,-1.5892415179983415,-9.030264657917689,-5.127779095826067,-0.344163039744125
19.75,1.6081265598006953,2.220211641343316,3.916737144595763,-1.4585331652738749,-0.29277110547312446
19.75390625,-3.5644495889317436,-3.1762411613244135,0.6587841167226691,19.80076513415298,0.6008816695562547
19.7578125,0.3420479057126019,-10.385043009107658,-8.337164695193877,22.687166856565675,0.5779304919272857
19.76171875,-0.9735088133833744,0.7956601706819668,-0.49502875923997003,-13.35263388660222,-0.5419033535102249
19.765625,0.6380057514496472,2.28284774324478,-12.841065591897369,-13.467513661063947,-0.6221528109393176
19.76953125,2.1461300262690344,-4.37010540803489,1.4508828534023523,-2.3072703178348153,-0.24156215583021512
19.7734375,5.66614470256725,4.064602071261873,-7.092861123110646,14.384483935557817,0.14744780209842326
19.77734375,-0.8695284764045921,0.9355401309229592,-11.55490691683661,6.520331543797755,0.3897001045067515
19.78125,4.661538950964817,-1.7217429848161552,-12.558468212400594,-3.7045587801307622,-0.5426096425608998
19.78515625,1.2165392851179786,0.7909394304483797,-6.408200606064309,-37.603105944172356,0.3893471894574727
19.7890625,2.606671307617899,1.0976954068818143,-15.227939830727937,-5.534343700206101,-0.09926638073665517
19.79296875,0.9532808180229031,3.9554158245916975,4.954509139019654,-28.11973910942377,-0.09863008116132581
19.796875,0.3505789771475669,0.06931549216979495,-6.020797693940643,2.1724904259499347,0.5224361667058198
19.80078125,-2.2555885582088275,4.1369599105137205,-11.621541522180337,-3.7533008677298123,-0.15034623576663433
19.8046875,0.8663224281224697,-0.2070333913068195,7.722612033014406,-7.01503264601579,0.17567618967581314
19.80859375,0.753971194835312,2.785833262576986,9.356185714995455,2.1967422920188184,0.20261604743940897
19.8125,-2.91283268250328,3.744544282046447,-3.368011130330222,-12.411017555183001,1.2354566207778064
19.81640625,-1.8317763137054006,2.5953749065074625,-1.1019209703379858,29.55999675310307,-0.06838146283232202
19.8203125,-3.640182229100047,2.6104893982967874,5.884001888708876,7.289581689680681,0.08879291027717229
19.82421875,5.7845796252094885,-2.168582693465046,-3.3720175297522763,19.937079641423345,0.018381969266077915
19.828125,-1.913576787152873,-4.38641924691834,17.51274090652072,-17.058110306361826,0.7703738532124792
19.83203125,-3.6795631994061533,-0.2355878138086554,-0.8138405994089393,-2.1583465039942986,0.9207086193156752
19.8359375,2.0627796448551723,-3.679273563198726,13.400909573307583,-45.946347373556335,0.2187444809451884
19.83984375,3.007245648523022,-1.2172083520538588,11.401528607923346,-27.920560369413245,0.11233067055120516
19.84375,0.6097245778962891,-1.8775507624209158,11.956829995698635,-22.56366625309156,0.485692701743582
19.84765625,0.6692644686635087,3.135623899758504,0.33946818995758216,33.93834757502886,-1.2958905568368582
19.8515625,0.20618262347270863,2.9086902830171755,1.3764066241284372,-8.144923440930132,0.9006062284582191
19.85546875,2.7751139922250307,-2.1224245724701385,-8.283056322566681,10.768957747819623,-0.06445195537030392
19.859375,-5.014572079192424,1.2306648848408452,8.453719040903593,34.39118299474309,-1.07373125525182
19.86328125,2.2084805001271266,-1.0681189878602906,-4.418767372452273,-9.054633748820013,0.03852118190429795
19.8671875,2.3143290263751792,-2.253932112421986,-4.895837530997353,38.020095653188825,0.1244567000704018
19.87109375,-6.042760868395666,1.6521625340775992,6.153641922719872,-2.486564453707505,1.4788344682419226
19.875,5.882018730013028,4.155542766084723,-15.681047100327413,2.929802067330521,0.3703335365771238
19.87890625,-4.875388529880252,1.692819437266071,-1.599277118023092,-41.766852231143865,-0.23158092883980444
19.8828125,-0.09988045549942155,-4.608364385943325,4.158165492297836,-24.54947309106218,-0.145436201945423
19.88671875,-4.290369341843026,0.4547788208149449,1.774063109607774,17.339306748894373,-0.0021055479263130342
19.890625,0.04244936732451287,-0.06887455918473173,-5.461035807356419,-14.323765459180645,-0.5105098088094309
19.89453125,4.731022145133359,3.771088273671354,-9.34486167806536,-20.33228859735808,-0.1335737030052657
19.8984375,-0.40841659088007753,-2.845251749872487,9.230391266110583,-8.750669423228569,-0.05024864563389114
19.90234375,-0.6370564832181632,-2.106632530946305,11.196966579399032,-23.91022447033296,0.12235449558314311
19.90625,0.6546166337407242,-1.199335080897264,10.054980790707699,9.212798430010583,1.0555658523790865
19.91015625,-0.47209044931627725,3.707322813310091,7.941103598401698,-18.297720586873567,-0.11246784412935922
19.9140625,7.032170584686531,1.3674605529456478,3.0961201594102468,46.32893616035666,-0.4568078489634562
19.91796875,-6.94412825482582,-2.6931430090241277,0.9286107626666329,23.756470721030418,0.19093157343387693
19.921875,4.027148851384939,3.9115882012475263,6.413043959666428,-4.6393944466679375,-0.539412491493738
19.92578125,2.9051707025748104,2.1698494822904397,-3.8614701057048233,45.16344499594157,-0.2644035190232554
19.9296875,-3.966670975240345,-6.815876796806025,-4.689907828457489,10.21317576881512,0.5227102141026387
19.93359375,-8.183971441533043,1.354596693840012,-0.6971638687846005,-3.2991616334559914,-0.3572841546757253
19.9375,1.1511593140897418,3.288358741292382,13.290245328854182,-26.735811414999834,0.003907335537612902
19.94140625,0.9041307014821081,2.246858458458589,-2.1477971917563194,-56.28223163032083,-0.037098937340415084
19.9453125,2.8522812226670036,0.3030262809731279,-6.480436225355511,-22.52097620780105,-1.1041984160607612
19.94921875,-1.662213616869035,-0.5597128468867163,4.975583050373567,26.39451186085769,0.4223819880120774
19.953125,-0.8146359340779037,-1.7825784329347796,1.1216007411579887,-14.007034333610756,-0.23901898918736703
19.95703125,11.974487395239347,-3.4225602860521516,2.904260579636949,84.33564587003782,0.4819369828316369
19.9609375,0.6000161338785719,1.3412234177082174,8.204249688101104,8.500124037143115,0.061871257109385264
19.96484375,-1.061013845741179,-3.0994337388222397,-15.049170998038981,27.327784174494408,0.18077660729069986
19.96875,-0.8613426261880031,-0.19102073864507985,-19.197713113721647,13.719036212685774,0.2231527386257063
19.97265625,-11.137219739582433,2.228125471866976,-15.598731408852693,34.58043938871309,0.001158594231570769
19.9765625,-3.574183728220023,4.298986921490562,-16.020550980575084,19.508851635098218,-0.6576546965242993
19.98046875,1.679296330272358,-0.8236976105040551,1.103099917968053,-18.882164777697433,-0.28228686688322924
19.984375,0.37226693960568163,0.6124391135339455,-5.860090692580324,-39.118708870135556,0.7144822761986382
19.98828125,2.191531929741007,-3.603719039590848,-3.6326853884538073,41.25646033981666,0.0841644434738917
19.9921875,-3.434019298660375,-1.962505704431884,-9.552169611794682,-61.01474543668327,-0.3624946347785435
19.99609375,0.25216565673701935,-2.9719608781162314,-2.6263806043995834,3.49527082989702,-0.11068245681036219
20.0,1.1172569391358576,-0.37511562635339546,1.0113661555045885,-32.30940273330202,-0.7891323716132934
20.00390625,-3.9493278581295335,4.4721356484639765,6.3402358841099495,5.687627165954875,-0.6043248478909944
20.0078125,2.7768343506726096,3.108196636778694,9.693566782889066,-16.09271129827006,-0.4463614888006353
20.01171875,-8.513501865810698,4.120435013984442,3.623187483122867,37.603602341983056,0.4740531036567713
20.015625,-3.7326768891780624,-0.09410184638270915,1.117026230478845,13.813464781249369,-0.3555337400137649
20.01953125,1.0455677313751075,4.155350812399003,5.245014350344078,23.869749015109313,-0.039240336238116874
20.0234375,-5.105836604392785,4.003016565254798,-11.565037698733203,14.81050888694316,0.23363523689386353
20.02734375,1.519719458839614,0.9295441065026471,13.006455497117715,23.805535052901675,0.2003146094610722
20.03125,1.8471225205557886,-1.7247232324011623,17.336481877789172,28.990101921551208,-0.09910692039342155
20.03515625,1.5528724807455345,3.067967018692405,7.657531580877316,-12.20572335739292,-0.20882003079890857
20.0390625,-3.246459157317645,2.358924891214853,16.016283769780436,-46.82852738713512,1.0635370416772456
20.04296875,-1.6521187417901448,-5.387894269208253,-2.8402194582406715,-12.30320100372856,0.26221297860533327
20.046875,3.238403845637675,1.5980852387597135,-2.232036431931622,-26.252754472562543,0.46555793322258227
20.05078125,-3.9030760367186383,-5.21856280957921,1.3772474532798231,-16.92160600420262,0.2506196143659272
20.0546875,0.5033126501906634,-1.3372640778881486,-3.5303307557507093,2.4824141371291137,-0.02112665136100696
20.05859375,1.0422437754417642,-0.9919246465058684,-4.345161862040096,37.39468233246027,0.3611191482692309
20.0625,1.8892722252648018,-2.7298578121540245,-10.707238843753881,-2.2738237499005898,-0.9679544408639962
20.06640625,4.42444466706925,-2.286856219454258,-8.465141670514523,-3.0523910306460813,-0.23228585559944007
20.0703125,1.5893123572881764,3.062796163068115,-8.54316975943624,8.765286370949553,0.20026517163498395
20.07421875,-2.3667384847676636,0.022209951911800918,-3.3718202679015787,2.1006467039808996,-0.9416687478797335
20.078125,3.527790400567517,-4.602262138774843,0.2941587689926779,-66.4527818696406,-0.702779187703097
20.08203125,-5.516352729316102,-1.3037938599929035,-2.33532229608614,3.161460768787432,-1.026392338072236
20.0859375,-4.004849719979147,0.9092008040750454,28.295880527647174,24.004672670830345,-0.333942197589877
20.08984375,-1.1697350880261297,-0.24889988776428806,11.412902930199316,13.91454724900077,-0.055796518615685554
20.09375,-3.602056761961756,-0.11987375976400672,-7.213976548589383,-18.239175862272685,-0.6254211291953431
20.09765625,2.6381008674144604,3.9220603109925936,-1.4371884928817542,-11.570685338053368,-0.5946609996969331
20.1015625,1.0933104760899612,1.090875254567774,12.694770598275223,16.288011471277358,0.1284521726662426
20.10546875,-5.183050883095719,-5.365312774524067,9.103138718265333,16.48589739096972,-0.1240775778450093
20.109375,-10.728492221311894,0.5172989386376103,-0.11694436099102523,67.25376196802955,-0.4167241271063759
20.11328125,4.895332152441786,2.250469563292256,-9.09416222748387,10.248236705221005,-0.0006584152999873586
20.1171875,0.7115833411525048,1.971335706816156,5.745475218699577,13.843416631882636,1.1719308115253788
20.12109375,0.018780664005281528,-5.887706212654671,4.124330740073761,55.777018177175215,0.8756513007659412
20.125,-4.285512811998533,1.1045377708705,-5.33911185022024,16.476587291707826,0.058299712293881374
20.12890625,-9.517589973279094,0.2992963662025872,2.276611614405437,22.776999711290404,0.03343470738010321
20.1328125,3.988676736447024,-5.628873913543146,3.1291610759399444,-9.648235392447472,-0.7026532355561885
20.13671875,1.5507740795627798,-1.506062804153478,14.250508959806979,-4.872382161929437,-0.6724203719333248
20.140625,4.737420243493389,-2.044708680344389,-0.04169297104028269,-8.950291856799641,-0.002340440831262335
20.14453125,-0.6093339285014067,-1.8481569230019934,-6.483674976238843,-39.4258485752748,0.3799612978670968
20.1484375,-3.2167585407797676,-0.17124609796164944,18.30824490966372,-46.052763923035705,-0.983429301814469
20.15234375,-0.8876621205490596,0.7108636200111158,15.62680660141174,11.12039399641144,0.6940120910210924
20.15625,0.4953842812137626,0.5987531837871604,18.838552926194428,-2.4712520231626804,0.1294780061194257
20.16015625,3.743630883958324,-0.43623288856268194,4.929761019870634,29.497853291198794,-0.6422467967514273
20.1640625,-6.978463979195781,4.130412759848608,-11.41622911691642,2.2306856059587723,0.032954848208986594
20.16796875,4.355906581135207,3.685575503439061,-11.199769236584348,12.164863243598106,0.3359378315991527
20.171875,-0.842070971496219,6.409044193581809,-3.420280100044386,8.657016126397604,0.6824886236745863
20.17578125,-4.129954507151523,-1.1096259319324187,-10.797194866793575,-5.200319835789081,-0.29877483356788304
20.1796875,0.7110084723175967,-1.2947535002798038,-1.7836940764058604,14.103941418236577,-0.2036315358155837
20.18359375,6.457825658100298,3.7025148815430713,-10.482474902472354,-31.421401006072706,0.32844254150310925
20.1875,3.9162380407106263,-1.4405609246186692,-4.252451486073331,7.8444106703064165,-0.05168581886737772
20.19140625,-1.8719667699357607,0.2795250607809605,3.1992539273290084,0.6946743868916201,0.9972138918594436
20.1953125,-1.5265726790089387,-2.297284311678872,-13.130411493593076,-54.50609645420811,-0.10832415145876649
20.19921875,3.4167672573514096,2.6517422973428872,6.616093935972059,-4.41241357631535,-0.2017884122096933
20.203125,-1.5305414842275393,0.943886774215061,-15.148714864723827,-2.311239122936346,0.2084267743888543
20.20703125,1.5044679942111836,2.5793822537848197,12.04462064568408,11.006108178454404,-0.21160742901273438
20.2109375,-0.7893161965868847,-6.544741875754955,12.142396284385022,17.581281337374996,-0.4139892394352605
20.21484375,0.18738660906772214,-1.6793497687201056,15.704106967544337,3.686180095745229,-0.8022919907553127
20.21875,1.4150078809423685,-2.3965427978466254,2.7226392711680516,22.179751361871226,-0.648444987951882
20.22265625,-2.044919062399566,-2.4055229359451396,10.18778859467421,-39.87893750399004,0.26349049568376326
20.2265625,-1.9643281043654655,-0.7107090717604321,5.078599324198779,-10.047169996631167,0.3387759086829172
20.23046875,3.0164757398183477,2.5398408039361056,11.008939316631679,-1.295924781050175,-0.3576902879012301
20.234375,1.9935312180300022,0.1528065454812533,-7.77913925042689,-9.86575523914224,0.6573949165843909
20.23828125,4.796891224631139,5.472605836228972,7.942746148359351,-36.81200136782134,-0.0800412991072479
20.2421875,5.116310613579513,-2.3773509812521523,1.2921228757400738,-20.06117586634639,-0.249386523639117
20.24609375,-2.0074715505819456,-2.316782537560494,0.27614776714804545,12.800376714692092,0.253249067820344
20.25,-2.7862246453557007,4.223541145716236,2.1596282364009043,-8.453034417561247,-0.5689724376371709
20.25390625,2.11386388802882,4.254857949445733,-5.31576631899005,-18.142207828094683,-0.6425783613894055
20.2578125,2.133604912908308,-4.586346203064264,3.254919786709216,-16.818882292072825,0.6572470858819216
20.26171875,-4.518242479224575,3.6782101214852094,-17.88555463336352,20.568240180993705,0.6668201027562175
20.265625,-0.9806104767327286,-3.24416297261251,-8.655721468992816,-40.92143530337444,-0.31979311864748194
20.26953125,-1.3322120532007011,-3.7774811415692353,6.7406219551786615,47.104890078238036,0.4967117297339694
20.2734375,-1.8079140207560893,1.4991138405474669,7.235446409756292,10.31096484651723,-0.07225595192966505
20.27734375,-2.4219157265406457,2.2458716430656995,4.240171065894281,-10.65195421060902,0.1743176493091518
20.28125,0.3725578711751964,2.3900970398893095,-0.9513428540016768,-15.457777298674118,0.2720988549767331
20.28515625,-2.7679322998942246,3.2730874826708902,-6.771820884756977,-22.511094505637015,-0.6752110754800105
20.2890625,1.9557508785385722,-3.7489026943036197,13.94502817912322,-51.323979109354674,0.26524703954578055
20.29296875,-2.273394583025955,-0.47908214870256877,-3.4805976050920204,-68.08165751129982,-0.43717413786833204
20.296875,0.7547194425576382,2.4094585955400962,3.4648930964007105,-50.569808415048115,0.15763015340688
20.30078125,1.214525992752584,-3.8491957447106557,0.6476880647001588,-16.426497824189944,0.39624155697327473
20.3046875,-4.788959548449882,4.511727132066872,-1.1272113387342169,13.884393967404396,0.327257763022274
20.30859375,5.60548130556212,-2.371483709969996,-6.31569174038727,15.154075313041545,-0.6571340619374645
20.3125,-1.2706808311087434,2.365223510941029,2.113892182793368,46.60143139094238,0.039341847602612626
20.31640625,3.8173724919866046,1.5125961899822433,7.504149692327017,-1.757318380060898,0.5093436134605437
20.3203125,3.229894628161484,-3.3040569430042837,12.156772042277982,16.364559825536645,0.7795817553187699
20.32421875,-4.376217142023551,4.543695908296526,16.481487823971833,-2.637710958310898,-0.2274811463964978
20.328125,0.20731963172385193,-2.0893150215143006,7.112683539288258,9.90960907734276,-0.49571194121490886
20.33203125,-2.353374892870444,3.8723397709251803,-5.394148487359544,-18.126035320920387,-0.22674200131824043
20.3359375,1.0561130889232255,0.4324077644073582,2.5782771580956183,-22.42007083902434,0.7835073678468492
20.33984375,-3.315855511772044,5.2168145932939245,18.706458992426782,-44.00128769719681,-0.29475582128261657
20.34375,-0.26112076037114634,3.698601904987852,15.730712259007374,-36.24566997650462,0.18392996984618423
20.34765625,-3.5252740730040646,-0.9647894750519301,8.39155063160886,23.8781651574889,0.7173604711775069
20.3515625,-3.1173678815587604,-3.6190279037422037,-4.044755966843414,24.430470263454552,-0.5247773983808832
20.35546875,-4.690733595844859,1.56142757650433,-2.296520304282521,22.907078690192655,-0.7351952930120558
20.359375,0.12285675013505015,-1.9897692256480985,0.5693114023584673,2.611876544885593,0.2699473341492939
20.36328125,2.230258212084927,7.084996337419472,-14.64261183165018,-7.712180408333371,0.7111141463674427
20.3671875,-1.6594043954269422,4.1964247289629855,-0.2779248993149519,38.956679850471296,0.1329538373493222
20.37109375,3.2119317452252925,-1.3610653888324382,-13.47903768368584,-5.606264064101243,-0.7670174728737045
20.375,1.6337139673701897,0.6356703915269332,5.046460704082234,-1.0085906319604314,-0.32873947350603483
20.37890625,-4.8804992864456205,1.3225538227762552,-8.424584259548444,25.33801922858364,-0.06381533793922628
20.3828125,-0.08622640946427466,-2.712327527022353,-5.308182361012984,-55.34470072266531,0.9671118321680039
20.38671875,2.111543705391275,-0.34391430399911865,-19.666676141236408,-27.41426175579053,0.04018459134169842
20.390625,11.717961236627584,5.6474576533849765,-8.903940104132975,-70.9349911451672,-0.3641241971439286
20.39453125,0.8466768591771354,5.6123530000739805,-3.001195143564871,8.634546962979591,-0.17333255804515565
20.3984375,0.6976250731428041,0.4437470847872217,8.188597008831026,2.4721509352903306,0.44463403767580095
20.40234375,4.796211168317103,2.45438580739508,-2.739386744260752,7.5943772667030345,-0.1206350683522578
20.40625,-2.3401386846434766,-1.8920740086657106,9.525965854840631,42.58406854611644,0.6184252048133183
20.41015625,-5.648583776371168,1.5346010127859055,-8.630140220742947,23.67917004003152,-0.589326529419784
20.4140625,-1.3077548627882944,-1.2640656466471298,9.53898253877535,61.73256661684966,0.23982165140957587
20.41796875,-0.729767565672891,-2.8952232817223154,19.109939237128504,16.46007056937252,0.5616744993759357
20.421875,4.229768646092086,0.675541501191866,8.114999294569454,22.767389293955993,0.2548270054810417
20.42578125,-4.492959566752224,-4.416141024984811,14.589044260652628,76.76985206939348,-0.2685200653933743
20.4296875,-8.124047813166674,-4.133615761134537,6.19841300073127,-29.581316334032635,0.805087777901043
20.43359375,0.5806228297843716,3.3729614890199606,-0.47716434126234564,2.7826120783726545,-1.0665331794565664
20.4375,-8.291648218239471,4.323240137325101,5.806348169212818,2.9101642771968734,-0.37862546429759436
20.44140625,-3.848774765569245,-1.6857052124481835,-3.563804853539084,-36.66050786109529,0.08589894853670567
20.4453125,3.6700842929552273,-5.10477832238274,0.1848595140383984,-27.32014041922811,-0.634181077446201
20.44921875,-2.5257687118497882,3.0302275041024087,-3.7396191218168453,4.854062918313916,-0.03379827276897734
20.453125,-3.8047862308185807,-0.2017985888989413,11.13223892570134,75.30558357260841,0.20633010587235986
20.45703125,-3.4814051401250663,-4.054544771706995,-3.959381078560585,-29.500957399559766,0.5063187896452516
20.4609375,7.049404298255564,-1.7064312903601198,0.4239550063400306,32.29967475435542,0.26659296292858525
20.46484375,-10.75107954313367,-2.330843391252289,-7.643348524932674,28.862478558592343,0.19175442244950036
20.46875,4.015699398315147,1.5709402822618717,-4.093824943819617,21.676279832484873,0.2490329162576904
20.47265625,1.3564683570347453,2.88521213811902,-15.914108343666319,-1.4052108977284723,1.3841789009212115
20.4765625,0.30190829659674007,3.545315797085496,-0.7462673003643845,0.8052706486585404,0.47898472690916183
20.48046875,1.965764629951184,-1.6945335483594395,-8.19633367026202,-7.1488024555108,-0.7289231395308384
20.484375,-4.328830802268852,2.649304838504878,-18.224838898956783,-16.05450355497997,-0.447680008385568
20.48828125,-5.18391255352789,1.0622156843640158,-13.307468392209707,-12.750509975101279,-0.20047045974015262
20.4921875,5.322726618136311,0.31529755697415834,-23.261646028726542,-39.6099975114865,0.9482968180296099
20.49609375,-2.030474129575035,2.914976035073451,1.3892502144750734,-5.668589807239084,-1.0068711588327914
20.5,2.1053987592309973,-5.2942331498079955,-9.923852860784521,-11.25624455955027,-0.4334543059032081
20.50390625,-1.7028011838704482,1.2352172285402345,1.8257768293354526,73.38853187230522,-0.33779197080044326
20.5078125,-6.398230317751314,-0.47344972413638897,0.798887402119544,5.687805942354299,0.2931552066411442
20.51171875,0.42521416269984946,-2.4522728213850176,8.897491288651018,32.157255058512916,1.5673896116757173
20.515625,0.2542912247567251,1.3024328199064557,23.736194379492314,51.86524190582361,-1.0103894044142785
20.51953125,2.9469084809542383,0.33470911596750874,16.8800429161184,24.79933561313789,1.2078532551505117
20.5234375,6.351384164967158,0.17825676372568416,21.58585657880228,36.5814982628288,0.3244675258008984
20.52734375,2.592011754001555,-2.0325463802404107,5.9572638710034855,-18.698557687861122,-0.5791719700080387
20.53125,1.2722701341636011,-2.389404252119369,-4.678951880809951,-39.31316141067687,-0.7822298629644837
20.53515625,4.166289374278923,0.7183748481120986,-5.844344830846374,-46.91704389764917,0.06519390925453111
20.5390625,0.7707978660984397,3.0433191255311396,0.4690170042831947,-23.96331146892086,0.564450458945257
20.54296875,5.447580240359165,-1.371461601584465,6.59509647446675,11.627835413402316,0.37084349071625294
20.546875,2.905781551075423,-0.7970304023224201,10.826766812433966,15.434303936590364,-0.36182810782487007
20.55078125,-1.2661565819766678,-1.985752026831555,-5.377971315105283,-15.514565641113155,-0.03786778266314422
20.5546875,4.83990668893194,1.3301094992156286,-6.129539251734432,31.107365396438084,0.1424171813435381
20.55859375,-1.3194304140884878,-1.1011096853819553,-4.901431079885977,25.23578285760472,0.16060030725747915
20.5625,1.7764192429968226,-1.3608119054291556,-16.153736513717107,8.759556516176575,-0.2073265387584064
20.56640625,-0.27652164313164296,2.752751439663786,13.198406519174828,-1.82778255392153,0.3916843807812282
20.5703125,5.075199414941012,-1.4563642686024567,-2.4034418857750994,10.72409277327408,-0.8189140872579513
20.57421875,4.434787052854125,-0.35751830743158736,-12.625809633495315,32.98804751156368,0.6122154206093893
20.578125,7.31656384870504,0.23021177376617255,-13.850167538303264,-10.938063119586946,-0.6701419010316615
20.58203125,-2.6028928852856517,-0.41095941171091366,-4.045645948190716,-2.3932204979128358,0.3981667851551214
20.5859375,2.091671605838106,-2.4132671675307558,-8.319667113006481,-42.73238097517798,-0.5924988854201426
20.58984375,-1.7952342225683013,1.373485937009977,-11.018989208303804,-12.954288390112831,-1.204214582271087
20.59375,0.5840031657778952,-5.698539018015039,-15.135945995779446,-0.03734439926101629,-0.0064995407047715465
20.59765625,0.8786146375906754,1.8836576347155356,6.785587148656725,1.9761125090657723,0.25152297933205864
20.6015625,-7.827630145475731,1.203922609702797,13.839483538981106,-17.69580781268357,0.06361831125523387
20.60546875,4.840780917786707,6.0939004114105035,-5.781821362233014,-4.801011691763058,0.2239243592639321
20.609375,4.257008869813687,-1.3618613742271872,7.783595328392421,16.75423180475403,-0.4862737854828629
20.61328125,-2.71072829628959,1.5441866895999463,18.53097139264577,14.964872417486156,-0.21569595612288703
20.6171875,0.16148147623424106,-2.597690712729392,-1.269646559490103,13.43056317994702,-0.028759670886858525
20.62109375,-0.7672612222181464,3.0824316822903963,0.5527513843375713,36.719725548757864,0.037778782702433546
20.625,7.916752357551089,2.3817498294479686,8.34002633775394,27.189916009687835,0.3129249955745744
20.62890625,0.17739327707662073,-3.3840700483852473,0.06864606004803253,-8.920797394930151,0.005011071498650868
20.6328125,6.93415102299376,-2.051170915236807,6.882700980362352,-61.61517720793858,0.1024910794971265
20.63671875,0.19152225593328714,0.9193584324269121,3.8375424737227157,7.082022835249727,0.042195310080323054
20.640625,-3.692863320478319,1.9255465309686581,-4.366634518891725,31.06888551305664,-1.2378023561063975
20.64453125,-2.229092401038234,0.8177333078501083,-5.580175325247153,4.400264143362428,0.16021274615025008
20.6484375,0.41365973587658944,-1.3390293796135055,-6.7396283322548145,16.416944417403293,-0.24525386759615864
20.65234375,5.053588745688436,1.5743987793233534,-7.39602605968615,-27.51882716480128,-0.005768865900033172
20.65625,1.1659543529696657,0.7434444802803734,2.3907970685669166,30.867910093213588,1.0349078462893864
20.66015625,6.7154849230376366,-0.11778016438697009,5.322157287992978,47.71255268989519,0.10485447231492069
20.6640625,-4.3807069206136795,0.5746866584583632,6.101335726900806,5.725674044178316,-0.44697745541951717
20.66796875,7.689807947827096,1.988359425194043,-0.847850546428762,-17.639252303144335,-0.00045277668415426205
20.671875,-1.8635772922847136,1.1131167012611136,-21.342477182917914,-4.887580724815894,-0.1977379387949793
20.67578125,-2.844212713610908,4.45216475138532,-9.16789041046832,7.702943038832476,-0.2498470202999279
20.6796875,4.490798756795389,-3.975971189619397,-11.445484180746718,-43.13830689718367,-0.07551393312829062
20.68359375,-2.7307796016366344,2.5904418456265015,-5.356342648138572,-56.846320050169254,0.14292201294978357
20.6875,3.3503343526591394,-3.588448023743365,-5.51479469803281,-15.863239642369116,0.06223756447820806
20.69140625,-2.861632945285531,-0.24213565922093971,-13.417108889709565,-38.68660225848558,-0.06996560567911421
20.6953125,-4.887773091091681,3.423046307586273,-17.985282301219325,7.220463831548887,0.6616803103407155
20.69921875,4.777894805165973,1.5166896187967371,9.611553729523916,0.8846660384646929,0.20187347999967636
20.703125,-2.2024578649597717,0.30354181994578644,-2.484861758594723,18.084909857143316,0.0914798464722031
20.70703125,-6.126174978005176,1.8874288129366719,5.496413614775652,47.25287605580539,-1.1943691808782069
20.7109375,3.84821360847678,-2.1140939525744815,0.25870246033808453,8.605132733350064,-0.4674302623885193
20.71484375,1.7896395255049373,2.5802698609322134,7.860162336267569,33.31177669771075,0.45365978724915673
20.71875,1.3362712569040343,2.395908222294388,4.226961764849173,-17.51857034995041,-0.17537016262355473
20.72265625,1.537008288219326,1.0672984731949062,13.570682008423624,-1.3497856734667382,-0.6112150006693553
20.7265625,0.4402331889314733,-4.677119949119657,8.69333181584386,24.446241105138657,-0.9202871137720535
20.73046875,2.059572195947967,-0.35850857270865955,-2.7871658031400166,7.676171044064894,-0.02269350070629717
20.734375,-0.3530976390771542,3.9554416028458044,1.0932652540279446,11.16021572248583,0.8966917170260768
20.73828125,7.263155424274119,-1.7881230705245883,15.347798084196468,-16.086493295441645,-0.07681550268494557
20.7421875,3.107780201957413,2.020197688188827,-3.421429048440592,-22.684864382080285,-0.340741024684403
20.74609375,3.570438147092366,-2.491522711159763,-9.889763142987833,-14.13440968788946,0.0705797335981212
20.75,5.036613111407776,2.4733102927345065,-4.053794635810819,-22.72705716292055,0.20926986894339347
20.75390625,0.8133454153758465,2.2120759101263276,-4.722219207100402,9.102105956979548,0.34399145795486363
20.7578125,-0.04930524063703548,-3.0448522307357795,-3.433903645561135,12.101146511651102,-0.08528323343709228
20.76171875,-2.195979929932092,-2.356827158034199,-17.354571012035656,23.83499107109537,-0.32907736188017295
20.765625,2.7675196442856107,4.521459437351717,7.453082029930863,-21.661561202343385,-0.10721365657842583
20.76953125,-2.4058061018373533,2.946206089558042,17.0042950297319,-13.588355180462706,-0.23934522441827974
20.7734375,-5.230976975265414,0.31182156207574196,-4.685738190648122,2.4980142146676543,0.1648680360874173
20.77734375,1.4805546123693336,2.9596886286572084,-13.894365887740697,12.804577099204618,-0.9593589251850654
20.78125,-0.3560461331258647,1.2986730910388713,11.039134449610899,-41.262835393311974,0.2844934358639434
20.78515625,4.311475312862908,-0.17155289187185607,-3.2735521415674897,-29.863909532706817,0.5601453916276108
20.7890625,1.8615612179922882,1.6472221271340413,7.770214155086375,-38.63639669432657,0.10506689111428744
20.79296875,0.6937676964154739,-6.199658299846187,0.11003541508148196,-15.889312217281702,1.4499167513768296
20.796875,3.6347922618937196,0.8436968492293003,-9.249118752759777,-26.75718694424872,-0.168314390654044
20.80078125,1.562418411982098,3.9801070399296945,-7.691562307188931,36.94636967263298,-0.04330062782653014
20.8046875,-4.089041675354171,0.3547266732468061,-2.563196287887557,2.1927949566765577,0.6468276899101908
20.80859375,-0.5042655723967306,-4.308057970951976,2.986858502462074,16.940634734123933,-0.6281891076675072
20.8125,2.24180197445071,-3.043461121261775,14.975666335888576,34.660327282445294,-0.6877680390476675
20.81640625,3.312231729284392,0.8156090118592759,-1.2982332612100365,6.10365538082727,-0.22634563475042055
20.8203125,-1.1935569087529248,2.8242385783641373,6.607688777837727,3.4496384536642637,-0.2501229662111114
20.82421875,3.313407727250771,1.0869960897601834,-1.3071701957134092,-27.338438929039565,-0.2068684597500348
20.828125,4.542555919830116,-3.5015604530121536,6.018819376552404,-16.24929657276516,0.02098346226167902
20.83203125,-6.9376775731706175,0.7770974906173511,4.489536517303477,20.867757989901946,-0.49484764845557877
20.8359375,4.264992898760353,3.794063608715211,3.9112546048423145,-7.8568750853476566,0.5659401389687816
20.83984375,0.3312003071595205,0.541777649637751,10.438347925319814,-45.66930244573797,1.2522161240319887
20.84375,3.246587545918608,3.772789122698284,-6.249223732722516,-43.55127891608848,-0.618978186695349
20.84765625,-1.0321547615117086,-1.4548621972249294,-5.4404169338873265,-38.57327187748603,0.3171590435012411
20.8515625,1.9522091777579622,-4.0915579426701525,-0.5071945996043312,12.65294130594427,0.5194956269444483
20.85546875,1.390468544073026,-1.6511869237011696,-10.66049681100908,39.93019661359272,-0.5716801248046857
20.859375,0.9044521804162189,-0.22699862607846602,4.1403941027803,10.052926894946527,-0.8562406638504653
20.86328125,4.325742927541514,-1.2467713854706282,2.691403109370676,36.541318518648005,-0.3364109407845607
20.8671875,6.068823896450589,2.3605289563866925,-13.62132122709583,31.940252278021894,-0.1216065810992378
20.87109375,-4.859960045901665,5.624773528158713,-7.1813171575762205,-15.511289972782642,0.18596290806636012
20.875,-0.23943623238583756,0.5743222444116302,-3.073500386392297,30.35525886766139,-0.49988755002808843
20.87890625,1.6394215797772762,1.7973233010108993,11.206717938621862,-45.6045236789988,0.21814012475584915
20.8828125,1.4174707845480157,0.5951995915554571,3.739217123008487,-2.783035775386468,-1.117407976679092
20.88671875,-1.9997779416182087,-0.5272897148323956,-1.0376960100933839,3.1958703562470134,0.24136674843091616
20.890625,-6.2289392885309605,-6.242119388843142,4.058674616107039,-38.62337088004372,-0.5015722720918426
20.89453125,3.3570824677561664,-1.2636568985005068,-7.211888653686836,-6.442792903555962,-0.877686949645369
20.8984375,-2.741719614466873,5.232428538264664,-4.83966425670577,-44.177996554034245,-0.439521193681398
20.90234375,0.027207700095000512,-1.3174228154670669,-5.657303697531552,-21.124272734019208,-0.6691199647460554
20.90625,5.093061079908866,-4.834542913221075,15.884343368481218,-32.80804476621917,-0.47752851094654064
20.91015625,-2.2863058160746217,0.1502661759787662,2.041577144726995,-2.687960427230127,-0.24989396142547177
20.9140625,3.0670269882660763,-1.8568959617704817,5.27605905837056,48.13903470245346,0.36253996795343885
20.91796875,4.523670215516343,-0.03773184079691455,0.5695959022358053,-7.389328841814038,-0.8788861087051285
20.921875,-4.856816783892493,2.5432716569700284,14.522757662021686,-19.050157520356702,0.07513219149195974
20.92578125,0.9015920444481441,2.638530459715155,9.501387934100663,-5.465774056153835,0.5009019412470742
20.9296875,4.235300162088211,-2.941080473977509,18.562523878301935,-50.77207188672342,0.29925405508098246
20.93359375,-0.3039515960630229,-2.0708882022033825,14.299927667776014,16.883103721762083,-0.8016511477059953
20.9375,5.615605137317966,0.7917369114841277,-6.402645519189185,-52.08013667976294,0.6345041809087557
20.94140625,1.1150577427471775,-0.637972915986405,-10.795001921304864,-39.87328385665073,-0.7685646254297556
20.9453125,-7.55811647049145,-3.393015898445503,-1.039401826681015,-0.5008728410042487,-0.20437388738088652
20.94921875,1.9758709854464942,-1.4333226813972668,3.5696122356474103,7.6305024015752,0.45286136470652566
20.953125,-1.5250338448134524,-4.381341635457771,-3.8843786005074663,30.121008975648348,0.08294917838869593
20.95703125,1.408240325492162,-0.3346247208414951,8.790765184774287,17.30095569184473,-0.25215055843795336
20.9609375,2.652278723243579,-3.477841770124914,-0.34461685541196285,-29.04177882666423,0.43341237630550966
20.96484375,3.2219305304486494,-2.764136802513552,-1.4540867813462568,25.690642543113317,0.03084080740719406
20.96875,-1.548311366989478,-1.288493678676744,2.4741204148248617,45.72239768439968,-0.0008298857337414034
20.97265625,-6.112624431464111,-2.5870487337826376,-18.8971843580513,21.171363569362253,0.07095769592749718
20.9765625,4.413936918559054,-3.395685102917102,-13.344971922016232,3.7767280681960766,-0.5448098393366033
20.98046875,-3.2597754068058116,-0.5418138278880714,0.20721194998553916,-17.727706534667057,0.11807811562045988
20.984375,1.2513825837289407,-0.8749268822829546,-2.5804719068713693,-19.48802216397027,0.42102633168413767
20.98828125,-6.057041702500093,-0.32822100094329165,-2.9033316444258235,-18.18682089108299,-0.10666512842681614
20.9921875,1.5002201018197594,3.490093428895361,2.3657565642241987,-22.007122580672032,0.1739366036213887
20.99609375,0.819982446686788,0.1269537478114245,10.455063362456588,-15.601700322044975,-0.08206890028487736
21.0,3.5441965678082092,3.7874259330117015,-1.6087775657274335,0.5456123947371303,0.1118960036284991
21.00390625,-1.4296193559830832,-0.7129563017526082,2.208254092567161,17.214492310251664,-0.5029877172087988
21.0078125,0.30466010795902176,-1.045426210584318,12.315631452436167,12.657149629941628,0.06777253805576358
21.01171875,-4.133024800974893,2.664930863264569,9.72088212014354,0.9092976931234524,0.3916887544260075
21.015625,-7.72125007067454,-0.44217964080252836,13.15474682212868,59.2511541781945,-0.010106270798939256
21.01953125,-6.5868317793365625,-2.716470571981136,0.7524237991881941,28.068092926546427,-0.14394085146471006
21.0234375,-0.9422538220422252,5.035382481100735,15.62696840686731,-6.19627681925498,-0.11821522832427601
21.02734375,-7.442786514053927,-0.22636455391422095,-1.149336536303613,1.3132028903533426,-0.6951186946063244
21.03125,3.7142506488161127,3.267285180080023,-5.357666170646861,18.593052484734436,-0.7346531582802688
21.03515625,-1.1045828208300443,-1.6807778859901146,10.051825147305967,5.435337818205323,0.026839702294017838
21.0390625,0.9057360569263619,-0.2815934556020996,-2.0317604847360506,-25.578968745830924,-0.3758799054044614
21.04296875,8.795585241120124,-4.907885367816756,6.748738878483895,-3.111794081273132,-0.19336738949625606
21.046875,1.6023585495586496,1.445100421772165,8.680718354105204,-22.435830372482013,0.276410698840597
21.05078125,1.0112237987286579,-0.5159000050463787,-0.12609463726063525,-24.918552617024947,1.0222704267323068
21.0546875,2.7247500620006893,0.29343271046279873,-6.215975694449343,-5.748848387581949,0.3590566481135042
21.05859375,1.9392749616769949,0.2461960657122825,1.316855573208779,68.01099536109736,-1.0431337083356877
21.0625,-3.6340150437471945,0.629633959876867,-0.3387010160554125,24.28740283471148,-0.42441852583454565
21.06640625,-5.062234086488706,0.839906409609225,4.042630207747192,-45.72113510879099,-0.03313655122222724
21.0703125,-0.26248396171789595,0.14694718076752178,-4.337188563024062,-0.6579561864256558,0.9496829128694179
21.07421875,8.084315068752327,0.8696276786071444,-3.0359608681564483,-46.545433652103405,-0.6587353605382109
21.078125,-2.252424920501686,-3.7490800632569643,-12.04933579457207,-11.278783653484535,-0.21746595017822398
21.08203125,4.602456421059117,7.564128989583887,2.481371370861818,27.530153929352206,-0.09293462157960902
21.0859375,6.237432807677573,-1.5574042166960655,3.1611937937656274,-47.98380430777463,-0.38569458012646685
21.08984375,-0.6557315762864248,-1.8293309305141743,-0.3349798631762666,-63.220776218337626,0.5882325283659167
21.09375,-0.9698542079688706,-2.343858824653559,0.3303422467710857,-29.75086169324162,-0.5387899612514098
21.09765625,1.7911038853163324,4.001599004191352,8.072058803772212,-21.00550614119226,0.5375063125583277
21.1015625,1.231557235532802,-2.3461838033498474,-3.40035366039219,-0.9929394763737216,-0.11408269365958013
21.10546875,0.5965745237913006,-1.1110519119342104,8.396150338644759,-1.3926223214615643,0.14425719387015778
21.109375,3.2542547026199293,2.223920182747006,9.90003404503539,98.57424464253654,0.881423908172901
21.11328125,-2.2603008452091706,1.902104334733088,-0.4739936100629114,4.562489600679392,-0.04580319134928616
21.1171875,5.2678347058762895,-1.6281804604320123,-3.4111552272339365,46.09270775916725,0.9072963937599441
21.12109375,3.317844482749777,2.454293417483452,20.328152237202534,-5.663757229869612,-0.28639046224847614
21.125,3.3624786320876003,0.4709627167559442,20.987265075155346,27.258759469454084,-0.2936079351400438
21.12890625,-4.121604112878225,-3.3839650084440462,10.689376377835611,-53.75455643888742,-0.16124469595963994
21.1328125,3.2588498175697267,-0.24640698130054678,10.644487118547863,-5.6661410465575965,-0.24688394610672662
21.13671875,-1.8803726839104875,4.688784620607503,0.029128405151702452,-28.694527531095368,-0.21980459623875986
21.140625,6.5670709910972835,-1.657939779176047,-0.4574582926518418,17.821645196372835,0.0976439329716974
21.14453125,-2.4409822043594804,1.627684790764877,1.4355677393577293,-52.15329119147232,-0.2475391518178124
21.1484375,-1.5576504968330855,-1.2837689371742291,-2.8373138551704344,-19.705070864713505,-0.6851041224687477
21.15234375,-8.7166925717243,-3.5457908497169086,9.179331999391513,29.33560625639046,-0.4987874962451299
21.15625,0.5755181416858604,-0.9456908153193846,-14.554858346923117,19.032757682578236,0.03464166589149566
21.16015625,-0.1932480619309675,-2.030569736329111,0.09739604400306856,44.32550274316323,0.05737368201655802
21.1640625,-1.0600227270209333,-3.4622342302855045,-11.938598366400141,2.4845942933298346,-0.16989367230154725
21.16796875,6.330517179736756,-3.36865681246956,-17.473221420781275,41.875054328718505,-1.3115580021158433
21.171875,-2.013255250521309,2.3836683585871814,12.918077315481522,-10.611291945709247,0.2563662298055048
21.17578125,1.7920187012092446,5.144587633127583,-11.582343901950491,-2.7049734206863274,-0.17155905606383007
21.1796875,-3.7154660726885567,-0.4673418706520575,-0.6640788850192845,9.907359608683002,0.3969990580867886
21.18359375,-0.13586465076770118,1.2649862930722788,-8.908326311605228,-13.548399927423416,-0.437690766192029
21.1875,-5.8015293109332,4.8200257998626626,3.5191005448985733,-37.30428055071117,0.41341077315764163
21.19140625,-1.4182252114378417,1.4668896484660991,-11.977154435926526,-26.601167053693203,-0.0041687676686364954
21.1953125,-0.0527220015448692,0.9308160584222537,10.561788068757291,-2.630781968900786,0.25838425018727995
21.19921875,3.016635509106451,2.921574333309101,5.081181372352113,27.090941460395605,0.16735991348411336
21.203125,-2.3555747556844118,1.6349517230631803,4.685921285121829,9.310186996291755,0.04572151454720155
21.20703125,4.551522342715889,-1.108561667127315,-1.8531399333696177,13.792050557440799,0.06102204551092473
21.2109375,0.32508802978465445,-2.871681240876647,10.880906103638278,-2.569200102719588,1.054886502700911
21.21484375,-4.739976640614798,8.576830009890749,10.990657494533675,29.31632039564699,-0.04578498299572158
21.21875,-1.5593005280954653,2.9029318841408474,5.907361140157704,-12.10417087421226,-0.07087324061821688
21.22265625,3.9014648779292114,-4.200665710346199,-3.8208970924124337,31.777021207114956,-0.7648768588739652
21.2265625,0.2617031466798051,0.04217121579760713,13.197640244850426,5.898218436073797,-0.21219610609824818
21.23046875,-4.778351119584182,-2.21077439492092,-2.2101344999210664,12.588662840986931,0.7936687111428341
21.234375,-1.7542038757801581,-1.990465781985051,5.516741536966182,17.562078915848588,-0.6655382573231774
21.23828125,1.777071020918365,0.1812104276537554,1.0108670507409028,-20.80369960095197,-0.1450456684461799
21.2421875,-2.5811333931170797,-1.882060463374605,9.64886086019195,-4.007598889515137,0.5360105992622325
21.24609375,-6.126285268305634,-3.2159436211652173,7.655562702397083,-13.921400452943155,0.5560025032572751
21.25,0.19689666966782757,3.499588281894198,-0.08926068816444578,52.395392165857174,-0.270374976738623
21.25390625,-1.8031590042204366,0.3286926935883269,-14.00516550441714,13.131437411454678,-0.25133129860519365
21.2578125,3.9420612774760646,2.9720984982567735,2.47989991134797,40.18651655756872,0.4106270999755127
21.26171875,5.150859500000384,3.3143136718795247,3.95282985671133,5.35779830346161,-0.11900318536858823
21.265625,-0.9269253551653932,-3.7813134618144213,-2.9270695549030967,-42.01074943734994,-0.13273757905502415
21.26953125,-1.1379559021856138,0.034054498052986965,-14.970680204525959,60.1108817883309,0.7376425213118217
21.2734375,1.2443578504529775,5.437591167515204,-9.23931248335207,0.768723448777854,-0.3952966887946242
21.27734375,1.1512997992881884,-1.7233830551476665,-1.9725905149095269,15.287279010117711,-0.020277455559323664
21.28125,1.7188040929158055,-0.1717180182414491,-4.412197263507834,-20.56609460180758,0.022255944826463443
21.28515625,4.0546301328728225,-1.1601051413704924,6.1008678511846055,-46.26430529231465,0.6636834246446918
21.2890625,4.46756845425077,-2.570686994674423,-5.353132626668579,-34.045835596141096,0.7040420750935223
21.29296875,-0.6610434417997825,-0.8182948856982927,0.12861707547694756,8.596629453799412,-0.8165914158505859
21.296875,-6.6723064688440585,-5.390580389961776,2.856084865132467,3.684648128988675,0.07291442420146953
21.30078125,1.784158859719757,-6.871939644193578,3.4908987416350223,-7.758952565131441,0.021834465709268672
21.3046875,-0.10819976720227213,-1.2521760631599679,-2.366478452182281,11.105384004407943,0.6853643164677142
21.30859375,-3.0242552940213523,7.811963931291027,3.6038805965571976,30.671533227035226,-0.715710697291714
21.3125,3.23461434355999,0.24310318489048263,-1.0725135106015067,15.960676436514596,0.5398733375793505
21.31640625,-0.6250072254371591,7.109750120989512,15.324051631459296,48.48603855682839,-0.14226424220169906
21.3203125,-2.1445554679139915,-0.2880692567950156,-4.965022380447455,27.325170059580714,0.8498124461918796
21.32421875,2.584515122163533,-1.0740162445967187,3.8522851095971387,22.37610448972841,0.2919633173041918
21.328125,1.6517688629168894,0.7939829966615228,1.5605965029106321,-30.00133102250762,-0.39220655877810945
21.33203125,-0.8126782945018339,9.235452065834046,14.611540657740466,-62.31881628872475,-0.578276516362355
21.3359375,1.8915120133727659,-2.4557308945935423,18.685352199439077,-25.989628404910025,-0.7386015354569485
21.33984375,-5.3188644545221875,1.853426009698075,-3.397361309088436,-47.46981573757183,0.5066002245075862
21.34375,-2.96949984295074,-5.955252183213151,4.949617119067183,-17.64350007405771,-0.6464273274366394
21.34765625,2.3468321482121435,1.1422733542417243,3.4331665498783215,-19.657055829258034,0.36731650768760815
21.3515625,5.095514952013906,2.9954186379316408,12.022752132835992,46.55443816895604,0.7225024990186611
21.35546875,-4.018235548305929,4.74730153163287,20.297664012926106,28.43393626507239,-0.9644627106720963
21.359375,-3.966433729985149,0.56472568572549,5.0907258589202105,36.578895298868446,0.3571484800876133
21.36328125,0.7795756173575031,-0.9222826183727358,-4.955761956056292,-30.031062855002123,0.34591192999522247
21.3671875,8.06268754740678,2.0733769880115034,-0.3388334410562468,4.44099024634853,0.7267096607549351
21.37109375,5.190521357969224,4.063197223500058,-4.42723719863843,14.16809518779503,-0.45131421271278854
21.375,-1.366460098543866,-2.109416588664992,-4.279863294684609,-9.150282552460252,-0.2853991253013186
21.37890625,4.2563826085465495,-1.3132526899063355,-2.779570180423338,-25.68502662346479,0.7629796140385879
21.3828125,8.713980150341696,-0.04415665936422851,2.163695250342278,-18.417793282880922,-1.0501020862586161
21.38671875,2.9815481012895404,-1.3019169528795396,-4.2283096993680696,-33.08647011834253,0.6711234733094611
21.390625,1.6262274583888898,-1.305445820909073,-0.9744432651955406,-7.167811045079931,-0.5310014497990346
21.39453125,-2.5943710896988463,0.534475211456291,-2.8917731120096217,-20.718355254484365,0.750972206639489
21.3984375,5.032063681637565,-4.2582549638509395,-1.2147492822817436,-13.679969915079525,-1.5396388160491412
21.40234375,-0.18799523741167104,-0.7544765409367209,9.894975744524924,36.64846292230564,0.9787529673474585
21.40625,-1.9572401586981423,6.627318213444937,11.81216514344067,15.477570272611793,-0.5189045348549481
21.41015625,0.47219820538970037,7.197373594717077,14.668055840673432,7.374409256122124,-0.46478662027062195
21.4140625,-1.772495931317525,0.32357392449511924,7.385294059536334,19.234912008475884,-0.4190848048150198
21.41796875,-2.9773970263147853,2.870037347995124,7.165341292201311,46.95333411326049,0.6089218296423545
21.421875,-7.671247445138181,1.7325950432432924,-1.102443054313829,-30.259183069022804,0.24479628593739255
21.42578125,-4.175337755576268,-0.549229107226564,9.693789429424024,-42.37646543025185,-0.5336171325530809
21.4296875,3.5377846619899906,-5.082400836248225,16.98532302774191,-24.6611466568869,0.6668956749520882
21.43359375,-3.9125660827711615,-2.898985393138952,-4.08754318105784,-10.44666971781746,-0.01856503051694976
21.4375,-3.472659531719505,-2.882364665588385,2.937524762544854,-22.62444601020159,-0.35850677741160397
21.44140625,0.8219849095186149,4.059802042008124,5.641560462165868,19.950367351354178,0.21523747947364855
21.4453125,4.368535005141764,1.628292662338317,-1.220855864625097,14.507045589413195,-0.7587061162752096
21.44921875,4.115758560528421,-1.9704124974603423,1.8053577271729702,10.125500063439738,-0.497782864987285
21.453125,1.8183269973912977,0.18381894500682838,-15.313767394117042,4.263871279967211,-0.12559073173182592
21.45703125,-0.69453814461236,0.48236823273271234,-0.3066865872541453,39.555569905760144,-0.5125432407724521
21.4609375,-1.0139214481173806,0.5413304493956554,-3.7741287703412456,51.902015624417785,0.023037227338756995
21.46484375,-3.2635118242433445,1.8686067087813345,-3.248834912975153,5.086356651850268,-0.5669047355190928
21.46875,-0.18214857793356237,-3.4813015128902554,-14.58693987031867,13.365688530128756,1.3451057280644714
21.47265625,-3.848890107588996,5.97096892648225,2.2326910595475544,14.77391632169851,-0.4030822760408601
21.4765625,2.03338713746815,-2.029053129212478,-18.34096231044372,-17.641563440142413,0.9781305446736439
21.48046875,-6.823703540199612,-6.307937768179072,-6.666666581436129,-46.62288473924811,0.16164900524524412
21.484375,2.5300385930108575,-1.9311825634627997,3.2853025332565764,-23.553478584773217,0.25851818662103254
21.48828125,-1.373773696810857,1.0704803462465362,-18.16924505462626,34.14178052440255,0.4191127571184381
21.4921875,-0.337712596670612,3.4362129753740014,-2.500845732462979,15.403900937376143,-0.5753132679612445
21.49609375,2.629118472386528,3.1286170090704903,-3.281977482910544,1.6352994837550714,0.12645671791615712
21.5,1.309801983645531,-2.6238048015684954,-2.045731703965006,32.519648464266545,-0.23928153176070738
21.50390625,-3.21375494558011,1.2363303704534059,13.383948998180927,35.85820448291855,-0.5007929248207633
21.5078125,-4.644626718448785,1.532646140597236,1.1985950884295145,-22.528115844363896,0.00290492731879538
21.51171875,7.510728298090666,3.22835851123794,7.395960403340157,23.995067176704996,-0.015354933955646013
21.515625,5.682224306997457,2.502493455066147,-6.02045624060655,41.055833691827154,0.510083618879093
21.51953125,-0.039653238128869804,-0.5727809996434753,6.012902622686295,23.970573122927348,0.5826115508484163
21.5234375,-5.157519204223286,-4.438624448464542,13.0359416768543,7.2859705161292325,-0.35617563491654297
21.52734375,-0.3543926996311449,1.3190745320087034,3.551669460078681,0.6990164948144546,-0.8324740922790806
21.53125,0.4246458923216233,-2.3421295453426954,3.4127617225025686,-16.90990470257051,-0.13706622360481371
21.53515625,0.5986118164016768,-1.9017759919939934,6.321644540550898,-41.65471432812902,-0.5512110978601094
21.5390625,-3.287112473274818,0.5646451886970413,21.495189848836517,-21.572959777645345,-0.2678644291734452
21.54296875,5.743050574910941,-4.833654319775317,13.87781234950915,6.185998871662473,-0.04550825067542636
21.546875,-1.3264486680551368,-1.0413722198159359,-5.412995970828529,-6.233940436529043,-0.1870882884872867
21.55078125,2.324922463192036,-1.853300476443199,-5.267192092362433,-6.394926072511291,0.4142918502703729
21.5546875,-0.38814260519126065,2.4933782067692025,0.037707410598024405,7.42670719184396,-0.9706378833176013
21.55859375,3.2578435612019656,-2.8810929701783694,3.0295860529209975,34.18897563035843,0.4505885071684229
21.5625,2.44233823566585,-2.072604494137389,16.641480562572504,-23.88942634021882,0.8189184934341822
21.56640625,-3.682415093518198,-2.1257366188337925,2.701903055808172,12.609483111782795,-0.9380397136188705
21.5703125,-6.2544663077536375,0.7819739952145198,-6.404470626556602,69.6318363462484,0.8348671398746861
21.57421875,-5.47063678887872,-2.393917271252816,3.6565151691315307,14.78347860593539,0.2500372538368794
21.578125,3.4081252970687106,2.1255891882431666,-11.633802243244714,-4.055028112270895,0.5050291988232085
21.58203125,-1.8514563653837914,-0.16370981729104858,-7.2719197581702595,52.2916587235031,0.50940311166826
21.5859375,-7.3236463191887795,-3.0642584473918433,-6.55986003225601,-48.56261279802407,-0.010816297182880073
21.58984375,0.3046458715457105,-0.7427402907417727,-3.682880273082516,-44.0320192606374,0.28445233128059055
21.59375,7.088166793400443,-0.16354388965535047,-2.1496306313838947,-17.56574060273328,-0.10852156069688146
21.59765625,4.476743790662161,3.885064703767929,-0.6626427088607993,-1.80217374941385,-0.1535055547647454
21.6015625,-2.022698968798865,0.43820849202692747,11.24038476307581,32.106579630497954,-0.5346199363397769
21.60546875,2.442545724106186,1.5569610078371463,-3.1203675333993393,26.52578180266559,0.4008437630364474
21.609375,5.5630814005685,3.132488707223618,-10.105768994928562,30.971392756759137,-0.8803806889903959
21.61328125,-3.6165485865002847,0.6563038425256462,5.102177883185826,5.3500667910135,-0.3601991045852264
21.6171875,-0.05431838963896211,-2.6902581759555626,19.63943755371882,35.69062666815704,0.28075037207511544
21.62109375,2.520010653769885,3.1537350502974233,-1.9202348779647984,23.792611739164915,0.7050637926273965
21.625,1.9525616908187593,-1.3562037472413908,5.706289770688965,32.68640143938406,-0.6540812122954702
21.62890625,-0.502881940283646,2.2710877176749458,-0.33262389429146566,-39.370477087359276,0.4198813250508794
21.6328125,1.5661309507569554,1.0904756095973152,8.215902950460732,-29.879080128056266,-0.6302840629075833
21.63671875,0.8004645019818334,-1.035898767610185,1.1273384410401603,-36.20860518318694,1.3287297964586495
21.640625,8.525165582514395,-0.8895691533211996,5.913159450441618,-34.826806604135,0.06742074604290302
21.64453125,4.917596659212156,2.120143299428028,5.141607994070881,-5.413004130037493,-0.8454326393658325
21.6484375,-1.2251736209632023,2.3779681161661617,8.49891035286028,-22.593434457986284,0.378769553271274
21.65234375,-3.665808316027048,2.410059967110877,0.8860824026542725,19.662051944393532,-0.6310443806712098
21.65625,-1.308269273431584,3.0427455870744553,1.114975099660807,13.115282125427768,0.166817769279062
21.66015625,-0.575806991417707,-5.909813144860788,-21.05184363248172,65.60099493785127,0.3788373252934768
21.6640625,1.417208735192693,1.9366826253638887,-1.2441615350110373,43.99205617536162,-0.44247407747942724
21.66796875,-0.5503152893780774,-0.48252930029196417,-8.934892199384606,73.49956499026749,0.045528627867386276
21.671875,3.184595601237855,3.7581634096032372,-10.750034283314672,-20.48653030461783,-0.042176619168082935
21.67578125,-2.374591045412775,-3.815764008791289,3.9818219631462544,-13.066666758622494,-0.9184159446294546
21.6796875,2.9475576250823075,2.724783251314899,-8.092579674802263,-21.764003393172253,0.5872606479384994
21.68359375,-2.3154795302912996,-0.19560087880902183,-6.427300251143317,-28.464001767030133,-0.5784765492497217
21.6875,-2.811849978053536,3.639369365272633,-12.245809699785038,-24.48196392467366,0.6191833297113143
21.69140625,3.4953353282650528,-2.439445924228549,9.874098525023326,12.249855334606025,0.16098575725470804
21.6953125,13.70818289392641,1.7900063513448254,9.08564634714567,52.629580772818386,0.4796282247236359
21.69921875,-3.2728291743563016,0.786823349277689,-3.7001681994680187,-8.81995006678309,-0.24541185390297965
21.703125,-1.825219966996958,2.8050067453032526,5.126179719130426,-8.552848185896876,0.3768504340146979
21.70703125,-2.1150218156917275,-0.11318018450901271,4.279498976341687,25.92746501243067,0.8183052162893828
21.7109375,-0.33720352321161745,1.0905221268003527,-4.845954458314136,11.745374807527222,0.18399377821723856
21.71484375,3.036172004665189,-4.835286753928493,-4.228506431128977,15.552417321904482,0.3220686437013847
21.71875,-0.9890031854520526,-2.6706692911073757,8.215480825211166,16.908512692034943,-0.017695328798963555
21.72265625,1.1326284231272898,1.7712712061362228,-1.5719736678033343,9.619579800826404,0.3445895492487347
21.7265625,3.287911625947469,-0.6046455433091438,-0.668948293050831,3.414572046256696,-0.2960434567155732
21.73046875,2.021796988849982,-0.3557490975740094,-0.6142372892065904,-9.803221726784592,0.20515207094724672
21.734375,0.7259511832348245,2.2472976145515484,7.8612133268113755,-23.047854459896868,-0.24508891674269492
21.73828125,-1.1355163037320057,2.4388030180286924,15.22009713619898,-4.323752585872196,-0.5375463342136133
21.7421875,-1.6297444852330454,-2.9262921655958225,8.530832686937732,-38.982483671843866,-0.28154646968400965
21.74609375,-0.359154330508238,-0.9334243425913262,6.716242968108965,8.399994908254815,-0.09563017993631226
21.75,-3.288286272222035,-2.8816851372002663,2.4893486167646706,-36.69534259060412,0.2584864172847894
21.75390625,-1.1132672017788425,-1.6516274540293971,-6.223117862816825,-7.712634937998592,0.18300747064159525
21.7578125,2.606902246887078,-0.5953683097980716,-9.78294812143664,28.03284737025227,-0.4390383483267492
21.76171875,-0.4320839948604326,-2.117534653585522,-9.526826638511452,47.460026423581326,-0.10917725729327407
21.765625,-3.9262972150044795,6.1215812345510345,-1.8283847870536443,60.440059342871784,-0.008269988356734601
21.76953125,2.9145108882274875,0.9746814204485588,0.5646814023103612,23.51893995256526,-0.31952728700889
21.7734375,-7.009961458589508,-2.2334569610722266,5.131035371819845,10.88831505440421,-0.14741092280432347
21.77734375,-4.3561768496455056,2.4840565672624626,-2.5629780127570827,16.066648506436565,0.009668363247880436
21.78125,-0.12275820346288763,3.608289911425439,-1.6807115792207385,19.284566464923657,-0.018768059973371234
21.78515625,-3.9009855201664676,4.947226637580526,4.5815105299204895,-47.33029647014735,-0.16223161207826042
21.7890625,-2.0890808839875654,4.591202507214129,0.4882803602797252,-51.810289077526534,0.13072695110332455
21.79296875,-4.947734622747003,1.282290407810753,-9.058809235005118,-14.677853809370998,-0.42617854429874374
21.796875,1.7001765727862863,2.1638992905972447,9.509815403457853,-35.00863419861038,-0.2543240852647799
21.80078125,6.984436853323938,-4.116740647286097,4.737282053562074,-7.421974568909245,0.4112062352226287
21.8046875,0.03988436800768947,1.4781616709274847,9.956152356625143,-58.240908692579445,-0.22695425480739392
21.80859375,3.9591516080599365,4.689107700860912,-2.9102265178591313,8.052012527030515,-0.43323930004574807
21.8125,-4.018559424887868,6.3841553915087115,-6.3205349564716915,27.480305887400192,0.14172442769959082
21.81640625,-6.926594010590948,0.7909093499837957,-0.6884959889769053,32.378486082798915,-0.2896873290734021
21.8203125,3.3695004548018916,6.6714987909202,-0.3134844703542008,61.60336652244135,1.0106906343286366
21.82421875,-3.0014003370823414,0.6810054586594978,-0.8739680590677388,17.49024700182963,-0.05439755122152245
21.828125,-0.5648747205046236,-4.7384808030256,-2.351395632202336,-9.469853374414567,0.15586147483086413
21.83203125,3.926305443224104,-2.8475395366085,0.4170689884064682,6.127469168920648,-0.33387954554145416
21.8359375,-0.8652201454184957,0.8744339466970628,8.839593023157159,-9.609995565075748,0.684041885517461
21.83984375,0.6395692355909383,0.9324963330689728,-1.315079537233077,-44.56673160971078,0.3611489521528829
21.84375,-5.442964462155335,3.0728551161433453,1.5659146738683334,-21.659064711749057,-0.7771036571772955
21.84765625,-3.4278590838527765,1.4761331954848156,0.4111714571098282,-10.659184285374865,-0.1775072096189866
21.8515625,-0.8916348317192354,1.282188731731743,-1.4903288106992347,4.574322630512561,0.4660950111686067
21.85546875,2.4271945033547127,2.563320441841892,6.999777824782541,64.85480092731447,-0.7211680100119848
21.859375,-3.4953407624514163,4.010084086698998,4.335167560869817,17.21115692884924,-0.28422224217573583
21.86328125,5.936065867065344,-2.5937582037146862,3.908493019161684,14.196499085580687,0.08754677512226054
21.8671875,-0.022023109966856944,-0.33949111867006887,-0.002845156557740758,32.03709550281843,0.2916969993370361
21.87109375,-2.1709579363349554,4.302251520236459,-3.421417882835021,12.926147326365495,0.40986652722087097
21.875,-2.0403498745414748,-0.19583177688328587,-10.967888528881405,23.878400890735207,0.20578780699438423
21.87890625,-4.960594041262725,-0.3536695523002831,-1.789268214280511,-23.887885819943214,-0.04653374288649323
21.8828125,-1.8661911889242573,2.39059257533629,-5.256604201447969,-31.23161836784095,-0.709717319708487
21.88671875,1.741544165351509,1.2924890371416256,-11.165623464968347,-18.864566486162072,-0.06255647240913835
21.890625,-2.1555161803045566,0.8356911423587277,-3.739386940170395,-33.88806242798894,0.4848165255172016
21.89453125,-1.3013684232211782,-3.8498183568388034,2.258491573378618,11.272481841005805,-0.08565667748022908
21.8984375,-8.752867314703373,-3.45913458337712,-9.020224894383993,-16.630574639081928,-0.5756958914149288
21.90234375,2.7615894196953423,1.1290347664991283,17.91916663102098,-13.007945963973391,0.05671986476542138
21.90625,7.917191193071396,0.9668703839838737,-7.14343010251133,47.64040162648565,0.29913561238023284
21.91015625,1.2998867212919825,0.969726399446539,-8.619133919875551,50.32806119722268,1.218059193543107
21.9140625,2.5535554979716184,-2.582103311133211,4.101775847894672,42.833854662089614,0.3991805584915106
21.91796875,1.3998086261093243,1.9004164036328546,4.726383144314522,62.9212100303232,0.7334712099052123
21.921875,-1.92631727034631,-2.1608878632064563,20.57645568530732,11.261614356916738,0.0226984517790951
21.92578125,7.4451747131904655,-8.44021134710067,17.7836202147495,-26.650946073273083,0.1635162268956012
21.9296875,0.3987420385374144,-0.9099996116259279,10.60606785816416,7.1704943264019825,0.9799223341229933
21.93359375,0.04210379021957947,4.055517227602482,3.5452755786240266,-25.879754992282674,0.32177296331522587
21.9375,-5.666628027108277,-2.8083705886326378,8.84853025121292,-8.928681019179702,-0.4232335449144409
21.94140625,1.014958871142603,3.0034489013030043,-6.519120018605406,-19.990760991989983,-0.16578717650810193
21.9453125,9.675923983006543,-0.1466246062662169,10.04382902274059,-50.53510396148056,0.4408123416538208
21.94921875,-0.6300825373964019,2.5592613824004884,-10.220838791711934,30.27906150500108,1.083247674887725
21.953125,-4.305324519333158,-0.4986148185295726,-12.01089300625723,-0.47928092062721994,-0.6360241647900094
21.95703125,-1.6115409750600282,-0.9919533344177294,-5.381841069918172,3.1158565374102523,0.04120350636195614
21.9609375,0.9147719231251201,2.692992996406351,-2.646639998973113,14.303355204392979,0.28967811917615127
21.96484375,9.407174728595077,-4.742992911814507,-13.571073850955134,-28.19210679762369,0.5888669936065184
21.96875,-3.1810467364353303,-0.40668318249997715,-5.811301483329336,16.965711091285492,0.2908680120100163
21.97265625,6.241174851668763,0.4601598654401393,-20.48833363507995,-0.6868894827822496,-0.06128581690393301
21.9765625,-1.1492214880679805,0.3129099774230499,-11.503505182022103,-41.52435728349194,0.45413381043651574
21.98046875,-4.243524139167068,3.3438500950650916,-8.609950999005731,-24.28690926114533,0.6023654537964033
21.984375,-2.8277595455873574,-3.215182000153912,0.7982280423685708,-27.472866234523757,0.19163642166210965
21.98828125,-0.5392838229456436,-4.224823215178779,6.04632171867684,12.493842725131,-0.18512532006763072
21.9921875,-2.306492838351507,-2.9414874729505818,-8.11390565531292,-40.61297201460839,0.619291955191576
21.99609375,-0.7310364590560123,-3.097205883058183,-16.837265021888584,-7.568818556560549,-0.04587569624550231
22.0,-3.137377958738412,1.2654324169249787,-3.2094554565048283,33.24853954194522,-0.03558411259047615
22.00390625,0.32952213014978027,-1.466091430883342,3.316435441379733,-5.723357366137639,0.508730292709023
22.0078125,3.637125479194845,-0.5080552968127189,13.162884849981845,61.47774865772881,0.46529258186384476
22.01171875,-3.851245976513132,-1.618028650167446,-0.0941193458503915,35.471891821624325,-0.8004522476608142
22.015625,-1.1074312036804381,4.101154014065371,2.9868809033630157,24.679377134103465,-1.2658279509735324
22.01953125,2.9325564686319,-1.5433658973897653,5.332472001351238,-14.822999896728929,-0.08922414571339303
22.0234375,1.0486861245618024,-4.438829844591082,-4.161153202321802,-0.8800500612959521,0.20473106282918946
22.02734375,-1.6994481317696495,-3.435216861149734,9.470660212060057,10.134038537703738,0.09898994567621301
22.03125,0.7646169630799798,-0.41479515694116065,14.989145971576505,-2.6213220080968753,0.2406108813775522
22.03515625,-2.0333654832824672,6.952240222600484,3.9585792235220567,-27.84835146357959,0.027407276902138598
22.0390625,6.737977136803863,-5.2461657157277095,-3.562552403427418,-67.02035653039076,-0.8072694931060136
22.04296875,1.592275397596413,1.6361998879317297,4.941429134930432,-8.20985189531542,0.44757074575614
22.046875,-2.171742060930863,0.9933855967890309,-2.7223110627929064,2.6987297741063045,0.726106749727213
22.05078125,2.830883243954582,1.7062559596808524,11.680814061666023,-11.763888966650391,0.45378664708187316
22.0546875,-3.0058382649785464,-2.65942453525688,-10.814441522016413,11.519609042608481,0.10729174262866915
22.05859375,8.708916195084813,-2.353242449229201,-13.145066510118857,11.66971888183563,-1.2470198182960486
22.0625,-3.6894686200952913,-2.0291255699987323,7.9566196508350995,47.63512101449059,0.16891718594793373
22.06640625,-2.6547987226267855,-8.433364453759776,5.500141411470799,16.369162967541374,0.5168943997510548
22.0703125,-1.6134469488441745,1.5218264370262706,3.4239415940521516,28.619391841849655,-0.9621537211215959
22.07421875,-1.4622320145872634,-0.3480869137170256,-9.251212847276857,14.999934991440874,0.24153723156300758
22.078125,0.9954679640899822,1.4413418643249205,-4.300094829037214,29.8945241408054,0.02113289468877388
22.08203125,-0.30296363289138617,4.952100058607371,-9.480425385128825,-33.11902156951308,0.7105840439281262
22.0859375,0.41563323652440143,-0.6018791000611422,-13.529759093296303,-22.378166291559072,-0.4567729987101064
22.08984375,0.02183815958468783,1.0003812721239804,1.6936533227645572,-9.601265917090862,0.18870947284806686
22.09375,0.8862769850149241,5.50020441066107,-10.807127205595148,17.158127699761977,0.47893297248647076
22.09765625,1.6441023828370198,2.876737811580683,5.71941975426027,-17.74706049676427,-0.13679570944638902
22.1015625,-3.0647960420079587,-0.5959417278782866,5.074041006090844,-23.260810901010046,-0.36866939101914203
22.10546875,-3.138927249173807,3.7951190179371617,2.1472864743155076,-7.9351623802618025,-0.1282514250139203
22.109375,4.246950812603622,-0.2939201616419019,-11.589861338427689,-10.982874326842975,-0.599083163934961
22.11328125,-0.2103824881372243,-1.0036515131750987,18.973412401975494,36.33809085615172,-0.15710493819507246
22.1171875,0.37726359743250587,1.6164114206681917,3.417868242562422,31.254781917862964,-0.708753877744817
22.12109375,3.101279680754154,-0.733585186377641,3.6199177408612417,5.2395634192518195,0.28526474836242144
22.125,-5.237175258067465,4.546659758270013,9.297815265862955,-3.8701191777200727,0.3957869749422903
22.12890625,-5.730829991860346,-6.13495060723189,-2.7703823878037284,-1.1678888190526617,-0.0993771191366087
22.1328125,-1.954978954946749,-0.046803561026976984,-1.8408567047949154,-16.258164703319935,-0.5592587362863788
22.13671875,-3.4185734333394504,2.114090335082929,1.4627420050317488,-28.39991758340841,-0.7593042299224113
22.140625,1.1873136479969884,3.1443189265325415,0.5564229742872313,-33.37443396897653,0.556156103868839
22.14453125,1.9332369195281252,2.0512182213270975,13.681598625275239,-8.00447196543712,0.26577593487553614
22.1484375,-0.39652587771906583,-0.8922657386460646,7.0445703019746055,-1.372891377397663,-0.4069942809685759
22.15234375,-2.7623444928621574,0.14102692630079075,-7.993025901418875,-2.2073416703837285,0.018644205761554535
22.15625,2.55743810492609,2.217849068709932,-10.351030751973179,-10.41574640064621,0.4583043548524448
22.16015625,4.309758214653186,-1.1725233254245986,0.5203267603894766,38.22872824875006,-0.06821052392138255
22.1640625,-4.936009230613849,1.0288035227959418,-6.89535664634618,38.37622377799214,0.23610906248826002
22.16796875,1.486829949230816,-2.8145081779469305,-11.931357512218574,5.894179574821898,0.3055434515554311
22.171875,-7.34009599149959,-2.1919110716103027,-12.951759882295299,-20.780304460708766,-0.5490665639555254
22.17578125,12.265121093029917,0.922389963640573,-8.119537510404854,22.337297884081167,-0.14102526690457226
22.1796875,2.621644303171124,2.2897786010083,11.867553066765165,-7.435528666259011,0.3562416356570102
22.18359375,-7.536821347573066,-2.285584713267083,-7.100982035799036,22.885089340780983,0.78490247533424
22.1875,-0.5512023861217208,5.281312763619518,0.5625110579426442,-16.863995895043008,-0.09274480034548592
22.19140625,2.9379553734744652,0.9800741331379248,-6.061042744708531,29.57171704916662,-0.7656884847247306
22.1953125,-2.9044331926149507,-1.037429625518536,-1.0356843640369766,-34.40665033701137,-0.18129552577945574
22.19921875,-0.5851602986314279,-0.5921322875468895,3.9635993319570133,-19.192648912376253,-0.27463825553331433
22.203125,4.489606144840072,-1.1768835529347872,-3.7444340359113095,-0.05535600471235469,0.3753947493694286
22.20703125,2.617904806993219,2.600245298563568,2.177991885373072,13.732624926589626,0.4177383231803852
22.2109375,0.6079896414157934,-2.4698302656393674,0.6218097004748517,30.337586369065136,0.6138861700050562
22.21484375,3.9391017207514434,-4.244697783732171,7.985003813857826,24.01846219974467,-0.31625842234512896
22.21875,4.839209854923621,-1.1055938940829884,7.937865008079758,19.753505027965968,-0.2374549979205719
22.22265625,0.14204212576931607,0.0695045742551115,-1.843524401849706,18.387444546891704,0.32281744497390064
22.2265625,-2.674467641111234,-5.457628583785391,-0.3095499690255554,-36.67110192885673,0.17993929227908648
22.23046875,-1.4846466947741077,-2.137368114018874,1.7840085123556273,-11.112568342541081,-0.2968578192687507
22.234375,3.4943433853185417,-0.8662739400856887,-3.7851563525395777,17.26591474889986,0.2868303937635272
22.23828125,-3.2437383009083023,0.7120351809676586,-17.368945004557965,-75.76708390708396,0.11935909836029336
22.2421875,2.958902112928141,1.4727058332945369,4.194687743947531,-29.71568442534872,0.35848559178809264
22.24609375,1.506847318550499,3.9870974157604575,13.007957991031617,2.29795128970307,0.21431249121543755
22.25,2.896559081734099,4.458245302788507,9.102544502123093,15.840706783141641,0.27082008581470063
22.25390625,-1.8689101116115259,-1.5457765273084125,6.659960181824607,49.93808503406869,-0.06827421558990066
22.2578125,3.0540158933355834,1.0027650670964223,-14.312970077030942,2.1602074771741613,-0.2925846335290968
22.26171875,1.0398915225264398,-3.5802569246791416,1.4243335809069588,23.260245783115106,-0.19779613354046874
22.265625,3.117130967788147,-0.1537566970787374,-6.227396736839569,-15.190624507693666,0.23467718901431112
22.26953125,-2.4930697500009003,2.5054726318256586,0.6755414795318098,30.489988395918587,0.33340792546158887
22.2734375,-2.438849525153923,-2.1849021703417564,-7.300224078545986,-33.409066801241245,0.21775033144249226
22.27734375,0.9229822969267022,3.481342181831278,-12.210839584009932,-38.020732469417624,0.15748466073190617
22.28125,0.2545269581292888,1.7265892772035114,-2.411698975990878,22.529359193244012,-0.7950789698375069
22.28515625,0.45927490512983105,1.8178648768564436,8.510764359498774,-24.33131694112864,0.5527223783493801
22.2890625,0.4129964928535858,-0.1992687678138813,12.245096567609231,-17.986732963219204,-0.3581832492941357
22.29296875,-1.1636530150334432,-1.1034425703613766,-3.136065430368679,-32.30237413950742,-0.02740660380302651
22.296875,4.670728938782674,-7.185606927484719,12.150401344709524,15.419539242621148,0.012828073151538078
22.30078125,-3.599280291309311,7.852618517986846,-0.26601556461766274,-58.561794595899684,0.46519628175905636
22.3046875,-4.922052690257373,-3.2363430011814307,-9.579177528715096,-28.237142256831284,0.23887172276195728
22.30859375,3.427896847988827,-2.621190338847146,7.797045782389384,-5.5849269381288345,0.01742248535593934
22.3125,-3.657960451601808,2.069839278487703,-8.645516890052821,48.1583468070009,-0.8396534620742886
22.31640625,-5.8042634139283695,1.7465432691002478,5.52233284196059,22.64481015859456,-0.7839883103178303
22.3203125,0.7959774536208162,-0.13118724242628493,-3.1029250011895826,-2.868266938947352,-0.29896601605975526
22.32421875,-3.358042888111672,-1.978253167587407,17.742235206631165,-49.87978671981203,-0.271908297364597
22.328125,1.772518918084837,-1.841775481690407,6.072644138839198,-40.70823809189569,-0.1074305323528793
22.33203125,1.2618450891006356,1.1227889803391014,1.241956211444431,-26.919088553313365,0.36813134091105343
22.3359375,-5.289701824957775,-0.7287985698482404,5.206730530584159,16.615181376983898,0.6282023952158995
22.33984375,-3.577194673602261,1.954899897877915,13.063126898885747,-25.591327959091277,-0.21910495899323348
22.34375,3.04553323461076,2.7247205231303915,-4.408209109781042,-43.782065850850685,0.5953282475655296
22.34765625,0.42607273501428716,-0.2730310441385049,-0.5987861404639038,15.865555750594647,0.08288502610622105
22.3515625,-1.5678245243730016,-6.579188392798323,-15.095305906447699,12.644277442860858,-0.3491894429687802
22.35546875,-1.184504857110883,-1.4954277622736027,1.0271625256878376,29.370869260498395,-0.053088380411223574
22.359375,-3.770932497627984,-1.775673645772805,5.220778295024041,52.53829046420336,-0.1469647381136795
22.36328125,-3.536635757288559,-4.731771759203842,-8.320023569898044,4.3198022034250485,0.061130360356417134
22.3671875,-3.281873430719465,-2.3555054266669817,11.041272494126355,24.75951997838803,0.2819337792369473
22.37109375,3.5527683750805847,-2.540052928089585,-3.677048959746556,-10.30901174030727,0.33420205572751815
22.375,7.412258337776437,-2.2776756613611497,11.668001756405634,-27.489193760057013,-0.03479696828634843
22.37890625,-2.582622953146945,-1.033011306909874,-6.665013775911008,-10.582861380402116,-0.623871165927276
22.3828125,1.7634317437714686,-4.521876476572928,-1.7064898245388243,14.689682984629407,-0.44063164068188615
22.38671875,-0.8976513530908727,1.4910177152493342,-3.7998738219566683,7.034812071025176,0.38988403468252647
22.390625,0.32205990627826825,-0.7125771627869459,5.8393337899229,-24.963338905719482,0.5262858085992598
22.39453125,-1.260051843557987,-3.2115677935337104,-2.326430260273768,22.54045765708009,0.10321290137346181
22.3984375,-5.678967265265386,-0.5216189085803669,-1.7545064652157434,9.28235982502424,1.0871543590057444
22.40234375,-0.9367482617541497,3.7693779511265255,15.66287240506093,3.6853440871696432,0.7269011072217906
22.40625,1.8884581224826291,-3.3989177429221744,-1.9062418907981213,46.148050227136615,0.8241285375208078
22.41015625,-3.7842616226611714,2.574373437251336,3.126481453584876,60.4993541784804,0.5335059044476776
22.4140625,4.0943603906486645,-2.3113475739732046,-2.7269024683226895,12.491974129731574,-0.45110381243342146
22.41796875,0.93995958032728,-0.3946414860596158,2.514054251555588,45.96630662225205,0.3580514021742716
22.421875,-3.5795317653126695,-1.3722850770490058,4.466582932798648,-46.80953642437804,-0.6701666984175424
22.42578125,2.85149568442983,-1.1894948905880192,9.727139191054405,4.369623010017442,0.4065004110182538
22.4296875,0.23437866382170872,-1.9718486732301939,-12.984743783718008,-57.154846950516486,0.18409624239336464
22.43359375,0.8482322871960783,0.23935354319703914,-2.7305023968493156,-41.50981932978772,-0.3106903504761659
22.4375,4.461242024979432,-9.025843886815691,-7.976426725814404,-43.55233552884435,-0.43255751441035595
22.44140625,-0.3272352835323255,-3.0460619038131016,-8.683839234792778,-58.78943901840496,-0.6138862532199321
22.4453125,-0.6353988209508873,-2.4431704755201213,-3.995702319703304,-43.83800267749531,0.17575764788843196
22.44921875,5.4809430691422145,-0.543830414968083,-2.173586200838229,-25.66692510463278,-0.6912297880681552
22.453125,-2.794651465677161,3.3508867915421714,-2.94354788190803,5.423317338219697,-0.35830857988958315
22.45703125,4.203952206854087,-2.2085650411746123,-2.169552410885863,-11.896464384290166,0.3783124874421695
22.4609375,-2.8717733203542695,-4.631189571202926,9.497512893554383,24.710496099972524,0.0022573669636920053
22.46484375,-7.302989461027627,-0.4223624738334481,1.9361498007604894,-37.72522819217644,-0.4440323142362126
22.46875,7.394771849634852,6.278921601380018,-4.433904773360078,-17.695200073604965,0.492878373510799
22.47265625,-4.299636951064344,0.15846718491861275,-1.8727849978840174,-31.65736346561243,-0.19402184085357282
22.4765625,3.0507445266692748,0.6321523610894842,-0.6037179650357389,56.513478344972235,-0.18799759261294527
22.48046875,-1.9160864082806317,-0.36624892715993324,-6.7677014568254314,-20.451393221984617,0.47983134941419076
22.484375,-1.2340825381519338,-0.969298751843125,-6.955952199074179,-13.40999261604097,0.7810904710699293
22.48828125,5.361657059720693,-4.0701497011771774,-0.12334521911397367,-13.856939906397121,-0.04167586589272019
22.4921875,-4.688047140386364,-1.00877824999586,0.390902083173585,24.570622116205243,0.414333549626189
22.49609375,2.761286129008636,1.7677736055105144,6.142506124444054,-24.534952702468644,-0.907981887912853
22.5,0.6048032358403892,-0.17497366509943724,7.121981603648847,-44.48652334766605,0.6162102751448266
22.50390625,3.0681513787482024,3.8386715412134684,15.989619104775155,28.79204384966077,0.364665417172659
22.5078125,-1.625556691506825,4.150556147626027,-0.5581265355799974,25.26269604816877,0.225065235811922
22.51171875,6.090660118548014,-1.5620146223796023,1.956904321537527,41.14883265988908,-0.012878551501979843
22.515625,-0.9927197594993168,1.5418784905579743,12.909577665585534,28.587411146838306,0.7765086854124825
22.51953125,4.5229201465901925,-6.216564383598621,23.880301822677442,47.898247133806485,-0.31914401369116224
22.5234375,5.105347437725646,1.7266027637266805,6.750200201332862,-13.49610311033079,0.837412624316552
22.52734375,-1.6739229878636694,-4.7634779482169485,6.399934946074476,-30.658429626127568,0.7361370117374457
22.53125,0.10526836756511175,-1.1326641674973748,13.476386534691516,-25.79344283698847,-0.13095535632475655
22.53515625,-2.9395786957552885,5.607892812382689,6.61020727802243,40.60243927077626,-0.7474521845229424
22.5390625,6.238463430462856,4.971995893946222,0.7031624363409379,-4.503707744526281,0.04744778186476179
22.54296875,1.8138428461518528,-0.01638370371069129,-2.62490024379016,-26.034202456697955,0.3374359427614876
22.546875,-0.07156928662396489,2.7163276483248433,1.28271352747789,-17.82900149718924,-0.46919146665807127
22.55078125,-0.3478639993077681,-2.809626307321633,6.425127485883464,-6.533103763672518,0.6517592587505454
22.5546875,1.8459907125264148,0.06331422261323931,-4.848494911430404,40.9628658177186,0.6971952715794385
22.55859375,2.8047266677576785,-0.46787983540711764,-7.275071368703245,22.51205168935058,-0.5152881549815093
22.5625,-4.2644196531292975,-3.3543355367387826,2.006891021863969,21.40796454293714,0.15280257765305202
22.56640625,-1.8400195622719602,-2.5815260401352407,-8.964432585162339,22.711217776006375,1.045950085938546
22.5703125,0.37141293773057776,0.16134264319940309,-18.761804597214518,46.841433770074445,0.7121581211061256
22.57421875,-0.8810201228197269,2.511573519108592,-5.734419519446342,48.08870351474459,0.601163491124009
22.578125,-1.7133282804826382,-4.181515248371233,-4.062627544090909,29.300676869029374,-0.6305900697348655
22.58203125,4.571529877722471,3.5327209935492307,0.9825912506935044,-4.444293016936191,-0.47841843216659813
22.5859375,5.281059714633136,-1.1906653377915908,2.4185912381796824,1.9852093330243896,-0.07371967871175909
22.58984375,-0.5178659518024574,-3.5399917735188087,-10.617227880182035,-7.053259369044486,-0.19462737245527498
22.59375,0.8932645920150475,3.8954000909895363,-7.401846064322002,0.8127843542034654,0.029273756957121387
22.59765625,-2.7171866325842746,4.563383395697588,8.019708530081601,-65.58596464721091,-0.8034140673436886
22.6015625,-3.0538022573524857,4.0568463391107175,1.7847497615070957,-25.422810384894596,-0.5840498016336795
22.60546875,-4.015628230854031,2.385039653278438,4.748430178592891,46.829832579455726,0.02295868497637546
22.609375,-0.14368492206120864,-0.4503175979391779,7.366666122983052,33.99282760164905,-0.44377647376086043
22.61328125,1.4071031398012217,4.617395955421216,1.2975411048963221,3.9273417577817717,-0.09375815820276445
22.6171875,2.8884281869442807,-0.3171812074789468,-4.449590298949265,-17.842548430043422,-0.400056444316442
22.62109375,5.173563167816499,2.645006048824095,8.457459997903207,4.441671748741602,-1.0383640610672817
22.625,3.1387722607478645,0.07624559510405113,11.185581615129404,31.31822331276691,0.0008207211477994995
22.62890625,3.6685002651619296,-0.5704013268262245,-6.457155633270461,-37.10399798199198,0.04084218657953659
22.6328125,6.666955932413876,3.317833218643585,-5.495652750939966,23.512112683989564,-0.16001670123008746
22.63671875,3.2572677725501076,4.646085474860478,-6.759145376597585,-71.1039445277764,-0.4120969911778321
22.640625,-1.2011081505421282,-3.124177565290526,-3.2360479195520773,-17.790149529128154,0.30015688190748946
22.64453125,-3.778424806802895,2.371947494607077,18.85698844714185,-50.438035958024045,0.05183677222762469
22.6484375,0.9470629078612445,-5.44300373585557,-1.6197510328511695,22.607698319352274,-0.987036689122226
22.65234375,6.976304778552599,0.23431232504077265,2.264045589117832,1.4542111151528392,-0.026596882219125338
22.65625,-6.935908058798523,-3.7087723069299345,1.747769766113031,3.6078783593528208,0.30787266961081833
22.66015625,-4.703884914520157,-5.066938661710329,-3.725859496192121,38.53696842857079,-0.7152164506439537
22.6640625,1.4161930688502775,-3.0256621640990744,-10.13748621374619,61.786497931429025,-0.04901968876600093
22.66796875,-0.9955774196823843,3.3629717415170584,-9.77951363398341,27.15552692729448,-0.4261034002771505
22.671875,2.948638703356289,-2.0611840003966826,2.0610546484584713,9.566000193516404,0.0970895869158192
22.67578125,-0.07722528513703243,3.299056624503568,-21.127102615837906,-2.0783632589989356,-0.6141719207449746
22.6796875,-8.980454162520621,6.23230233908106,-13.549590214078599,-3.5068762343718802,-0.5255643235474757
22.68359375,-7.362778197945274,-2.6181996495388313,-9.61113278448125,-0.765521710640634,0.15231166540480168
22.6875,3.7354163343642375,1.36338849237654,-8.215743725422097,-71.83098064340209,0.1633194139093647
22.69140625,-7.560632979387042,3.6229932903371513,-4.011774329754903,-21.68408164166443,-1.0362725943945306
22.6953125,-2.197377953195494,0.37480091041806246,11.005397028934768,-24.507147176080657,-0.03603325086702106
22.69921875,-4.745327397888794,-2.142165224903919,5.2043813916427695,7.7216490731056915,-0.4269650093169237
22.703125,1.079927221250801,-0.864823479535776,2.481530607968878,13.779575529597537,-0.05940318277462845
22.70703125,2.014836456783001,3.978649510073818,6.470620090703279,-10.05368437421388,-0.3890720748888266
22.7109375,-8.644115907243776,-2.335282622767676,-7.566287634194751,1.61108302569005,0.10867340552085808
22.71484375,8.2365164818442,-4.438527809589484,-1.3425806446044586,-22.86191309767302,-0.38668781875616126
22.71875,-2.69865595512241,-1.910581125706714,6.872567071870383,29.263984115366668,0.5240915659948563
22.72265625,-0.42517774454199625,-3.382740488436621,10.23668822918481,57.82936987174767,-1.081019933771486
22.7265625,-1.8166322044833385,6.834993616451815,10.758806591965023,-26.59596445814085,-0.2216724862301611
22.73046875,-4.057228668085651,-5.97475201780853,12.962906981550736,13.297855483112627,-0.16868380217420764
22.734375,-1.8888536640341436,-0.2914470490891331,1.752490917846845,-36.51746189025991,0.16649386459685794
22.73828125,-0.904910065244658,1.2539668454471953,7.609314826192826,-21.819379030179988,1.1930898929630072
22.7421875,0.5252965446172403,2.4829758966577,3.5691150421314823,-20.853365683254626,0.026392785767065663
22.74609375,-1.7213804445448497,-3.151010940050594,-3.1155174135742847,8.247983484212446,0.6933482734501428
22.75,-7.242341719312375,-1.5960851251478627,8.391846157718009,-23.059332503104848,0.840818626947197
22.75390625,-1.3047826584538373,-0.6292937984810006,16.071999993090458,10.862996754843603,0.027339498823378817
22.7578125,0.9343443568718156,1.856081933697652,6.839689152288944,11.572952413829537,0.441140134329427
22.76171875,-2.82289433659942,0.14495728016868115,1.6070909035927472,2.4695767387279766,-0.056666189812661555
22.765625,-7.7287853630059296,-2.273780743831761,-7.705761453574398,21.13877184903156,-0.19003611610589025
22.76953125,1.00408117104039,-2.0975201602289326,-14.819107831000204,7.5112912188615875,-0.22252681052141812
22.7734375,1.8173954952319225,-1.3253901876240817,4.3057224075792115,20.224459213267764,-0.2976900184702494
22.77734375,0.4357198784493759,-5.301582171133515,4.191113744268771,-19.343448516596162,0.6585768099131153
22.78125,-0.8596699580845628,-1.9119466932986682,-7.211866665674565,-33.662095012563505,-0.29911197754419167
22.78515625,6.633517045489192,-4.175718938170661,-0.37533039281371217,-7.938215092036986,-0.0655509530360569
22.7890625,-10.044403068962392,1.0405869194622852,4.461870275262927,-17.964957583497203,-0.3389683852183671
22.79296875,2.484541488979064,-0.7185008182536383,7.943885061333198,-27.641654340554734,0.1535149473003809
22.796875,3.400508663392537,2.6758486844433875,-1.0713746624226625,-13.941866205755254,0.3667684783539032
22.80078125,1.8639119791610848,1.8690852883572804,3.190549822595167,20.909468131176965,-0.5127607869710493
22.8046875,0.8740809458115649,-0.2950693696932266,-4.1527401596982125,10.204963389303531,-0.9198832947660839
22.80859375,7.538916215634018,4.2210713203282495,-6.643518768740012,2.94885623169802,-0.6113802974660848
22.8125,-2.9088205462619268,-2.1000851146855206,4.8561322269710345,0.4255469056835217,-0.497199618278487
22.81640625,-3.8759264125001884,-3.8538074431393543,0.9084091494094126,5.453338693933555,-0.15284188776111077
22.8203125,-0.6675793524219195,-2.6518387598351927,-3.4375122386913315,10.471048611717237,0.2615957251891098
22.82421875,0.08974449703212932,-0.7444985803958306,2.5044100808108976,13.650062018200437,1.0393375057550442
22.828125,1.9029901196297003,2.966619007926597,14.082428340494065,-36.34329472326869,-0.04019912903009757
22.83203125,0.46178328479799935,6.211779478880361,-12.864926243861628,-13.375060367425094,0.08468673986221747
22.8359375,-4.655348564685283,-2.4985037853565943,-5.421348855374431,-63.783885195952806,0.3981919835158114
22.83984375,0.6877903531259512,-4.55031202168251,5.800364246933333,15.799378436981936,0.3281716618190435
22.84375,-1.0708802693212724,1.8376873124549857,3.5462053191679983,-4.824812878749,-0.11255254163151134
22.84765625,1.1726530801229735,2.581741758035837,3.175800799460249,-49.346843607910984,-0.06071393930852968
22.8515625,0.4398879623919401,-1.4025582552114546,6.692453573536337,-9.871736289383112,0.7987031630830026
22.85546875,1.3653348452027074,-1.020307747160073,-13.229363612559649,29.739942627424433,0.20745809174801141
22.859375,-4.908136046805855,-1.254293509867567,8.955678408190854,24.44455539188402,0.22495682459418645
22.86328125,5.388129340494951,3.2987571685246317,-17.315572832818688,-26.193233911934602,-0.10289388525220908
22.8671875,-4.050707021201581,2.7300630471039113,-2.444966261850529,10.06214659091653,-0.5795577579695819
22.87109375,-1.7820821494802963,-0.4087130872731308,-4.159611890489479,-34.916528160181294,0.5954745130670712
22.875,-8.17937651130884,-2.6656223310695806,-3.2197400214505523,-29.253912928177993,0.06410343886827378
22.87890625,5.34437350993219,-2.872254866093762,-25.56790323040414,29.886963277257024,-0.048556173293100906
22.8828125,2.2629907236057814,-3.020560507529008,7.40412227468495,-0.7803809235620385,-0.18500286109898328
22.88671875,-1.5991383028569672,-2.7621228611687263,-17.978131014701532,-5.813312344869885,0.44728085350744756
22.890625,-0.25922762237593067,-2.036373196922712,-3.7611478726508905,-12.218803771510569,1.1957512736434848
22.89453125,3.922471532084649,5.827463487438994,-2.5820135301930356,-2.8944934184226803,0.9001804658394378
22.8984375,-4.328149066324433,1.1808498856735483,4.192940565650143,8.98494581817367,0.04298763970232988
22.90234375,-1.7354881449773423,3.4935028194358555,-14.974119217663244,50.9661900225421,0.5663736051293682
22.90625,-2.0657028712504912,-4.4215727582027045,3.654822073912327,19.676261360278797,0.02806513093294769
22.91015625,-3.0970141969958935,0.41853016048429237,-7.1262479764423645,69.41865185419057,0.19051775504210242
22.9140625,-2.582060951489621,0.6806569816347068,5.1503862877443884,-0.4649747264100732,-0.42760386378338744
22.91796875,-6.215817232237262,1.9360801152447866,-8.688084199803761,31.460022306832737,-0.002792660708793247
22.921875,-1.675404252340708,-4.583589489064513,15.341593046996941,1.3904363970622295,0.6338082272822231
22.92578125,-0.07269119896636181,-1.0613638761474868,-1.1217647565280586,-16.460685322740375,0.1621787406556868
22.9296875,0.5754868082418623,-6.453559845452503,7.916174515595697,-9.310338834403872,-0.016633571298409446
22.93359375,3.949916053827695,-1.786994814790747,3.765716892948291,13.211280013575099,-0.009762001833052095
22.9375,1.4966688787707203,5.7597616584360205,0.6394617911582121,-18.815368301869675,-0.112661280505701
22.94140625,1.9811392434944335,1.7498744069324204,-8.24241045317322,-8.232594545162582,-0.6319504942705252
22.9453125,0.15435500274347314,0.5329766967324227,-5.8052264533626605,-55.85197915546378,0.22273776794165
22.94921875,4.649727796875438,8.557888473487909,-7.369585069028161,-98.5758815860914,-0.8251909672297199
22.953125,-1.9472347094213216,1.6943291293957303,-6.175097379590693,-12.366791495227355,-0.26612336899266875
22.95703125,6.1739460620382856,3.0715238673893337,1.8449517775945674,12.104930346996586,-0.17934316390488134
22.9609375,4.33932789791001,-1.4200512101285496,3.6635970486789255,14.642807227921889,-0.7344896665906578
22.96484375,-2.6538731902855277,-4.628442988032287,-16.413735205562325,36.020181029978005,-0.05568276458647148
22.96875,3.204480399210367,-0.962038722684751,1.0787947246841698,-38.02368214127037,0.38252564546866347
22.97265625,-0.4170970106123812,-2.532239713951296,-22.794837013096387,19.916994384143244,0.08574725894219161
22.9765625,-4.191324488715484,2.7074903489808517,-12.342164004579736,-1.7615493413408108,0.3602815069353574
22.98046875,-0.8348824977154048,4.244689934622716,-12.05553977632053,-34.478616774171066,0.300101428567165
22.984375,-0.8391236403064224,-0.20499412133062295,-1.8184758449905494,-10.411090931570929,-0.3502591009927924
22.98828125,-0.7727858907183257,-0.7107479271533566,-1.1770013790564224,-0.6322911714380233,0.40906601043875923
22.9921875,2.9239687299171955,-1.5987267403393575,0.21057455715062945,1.9923384183901334,0.16601613899455042
22.99609375,-0.39384831266810155,-0.6432786032150435,-1.4506824814314345,23.47745086302936,0.8955541548023681
23.0,-0.1714209332546857,1.4777143305777207,6.050802753689556,0.4135027929920044,0.36080245140663003
23.00390625,-1.2000744566297976,6.6211063446380445,-6.438603910799632,28.5483877162781,-0.10952877944638116
23.0078125,-7.327972985287035,-0.8028264877761244,-7.434661850858156,4.900198902602657,0.32743398706855137
23.01171875,4.475717956671375,-2.920504644592049,4.814978421406526,68.64124846132059,-0.040551102559458284
23.015625,-0.4477522840925934,5.654721348703868,-4.3418424927627015,50.23649633643166,0.19421416080137224
23.01953125,5.671954232045076,2.6214896918759907,-1.0658738242715815,3.1905670170121923,0.7241282523597758
23.0234375,8.970085814078043,-3.2591138169478513,8.223239304590994,25.461288608394,-0.6423538472630931
23.02734375,3.1139358218236195,-0.4109920215786889,15.292653894511169,-32.91451621654771,-0.11780533559419355
23.03125,-5.003764539553924,0.9859198512154794,27.43439487927075,9.837181238004675,0.013176259329891613
23.03515625,4.444092029608801,2.3764697564178534,8.396501888802778,-46.0476226672762,0.14167775838133936
23.0390625,5.20351390676943,0.656800448069767,-3.049150578750446,-39.01995759329026,-0.7354061604990587
23.04296875,5.77674434772668,1.9257031425753617,-1.7771553978167831,5.9172012684874495,-1.3093345559974154
23.046875,0.7164460475085674,2.8532262535073327,-9.494110843017445,-17.35302432518084,-0.3779016491465249
23.05078125,1.2828751020708178,-2.456395114489602,-7.822437626496933,6.950463310978254,-0.0853666864317001
23.0546875,-1.8526324030726515,-0.875876129989815,-13.911476739527583,47.65900229774532,-0.1956075867692116
23.05859375,2.654512829719715,1.3461371378098639,-12.179333518854802,-22.27486363630954,0.3764364999126889
23.0625,2.2244766385706805,3.241150297105516,11.410689787079122,-6.018844266925985,-0.03826025415446082
23.06640625,0.14690479576204926,-0.24008559048410022,-9.483275785255572,13.294787109667965,0.4001804478872747
23.0703125,6.076533589749346,4.732071867005113,1.569944369236202,27.85923760023774,0.032490956142590045
23.07421875,-6.61592807998379,-0.19712487567500014,-4.502861671717937,21.603593292135127,-0.01158336979762933
23.078125,3.593729557706367,-2.1061054439610656,-8.566278773963676,12.617906188246677,0.3346832229776331
23.08203125,5.356008868131325,0.8333732836588832,0.26130954417803487,-20.47933417780125,0.027361599015619947
23.0859375,3.7116428440060094,-3.439340746843966,16.227033847184885,-62.15581138619132,-0.9603052647317452
23.08984375,0.2167773665984605,-0.6679229186199908,-7.66839109447924,-8.25115360331802,0.031691364175320966
23.09375,1.4626925877262587,3.8800902211699695,-5.606264614096915,5.693630127698681,0.938457692697153
23.09765625,8.704777754903358,-1.2077189094899115,-3.063746537013547,-1.3011836307896747,0.4025027040150511
23.1015625,-3.9627711285056417,3.047900438925979,6.955996876915407,26.26314519151872,-0.27543532405129967
23.10546875,-3.5627176113049135,-2.332262034224475,-3.1101906652755225,16.472633415668135,-0.6066534693061134
23.109375,3.5964670417555076,-0.3288493896267208,-10.121037601291235,58.76243855059835,0.5137282344946008
23.11328125,3.1314988462845084,-0.8534201410753985,11.128200618790022,-28.87464511865866,-0.4537409254101521
23.1171875,-6.540420521120636,5.490754257609329,-2.368488346691346,35.17584152360648,-0.5139635309147952
23.12109375,0.4688962860640574,3.5587134675661507,2.089383968211584,44.23673574767963,0.13513727516620505
23.125,0.5120370160279759,3.9447411765806777,18.618252300954442,-44.671076687828275,0.24189471759479633
23.12890625,-5.816697152774325,1.8130892387187392,12.882611849557827,1.6914447601537965,0.04294805772143793
23.1328125,4.9145699937193195,-1.6374655465046182,6.906798951792792,-35.820646735898194,-0.4488548882778782
23.13671875,4.979773346560528,0.006544964645703445,-1.208422136287799,-71.57013789653249,0.3923434821435956
23.140625,-0.6220772280746734,4.322855221059916,7.803534548552172,-36.47909905002166,-0.9610078885882167
23.14453125,-0.2851326480443386,3.478768989256994,-2.372773691040694,0.9868853767797763,0.6586387695154752
23.1484375,0.578015912515126,-0.0239750281430681,3.3919118139505193,-21.184125123765114,0.4042799834140589
23.15234375,-9.250459974918474,-2.961175623939976,-7.6994783263646855,-1.450172835612201,-0.6128046695991529
23.15625,2.406699637977717,-2.9874735282809994,-2.224711161118255,10.777999037124188,0.35710603593642953
23.16015625,-3.7465234020065106,-1.2098054027717975,-6.075703600273317,41.57875036701626,-0.4800591152566654
23.1640625,1.202097475821832,2.6696979948209667,10.014644585772091,41.18175398692925,0.33819629430343834
23.16796875,7.130552233665156,-0.0007614424837443228,2.8188979622373607,16.342757999838465,0.14454447494480374
23.171875,4.493190466320435,1.9692548150234646,-15.648684252727318,3.52950505303526,0.06943482519453345
23.17578125,-2.7117822353448258,1.1953959005759245,-7.68466782684011,-44.39924907045549,-1.0506615423288088
23.1796875,-0.6844061704786013,1.103870894648383,-1.8734685348359648,-13.581517471242531,-0.22242735379191667
23.18359375,-4.902186626320526,-3.907299145399594,-5.303812434060317,-46.673543246679685,0.2057045304006272
23.1875,1.9482655010688485,0.13731810179033416,-9.5989723639652,-86.28237413643237,-0.9819071914657319
23.19140625,-2.000226810012644,0.0070048671416830825,7.505691578946913,-54.98890787920561,-0.9235630714065243
23.1953125,-3.382696432461694,0.686685194337647,-2.6541722434812622,-18.81702181502697,0.3770227963936635
23.19921875,2.402328465182317,-3.851522588713508,-11.591538693264157,20.688072714901487,0.7441920740803867
23.203125,5.867321309502411,0.5648771004529545,-5.382966920719806,28.027654767953585,0.22776535049547425
23.20703125,-2.719612295356314,-2.135773671924266,-1.0201917939648144,-0.5425542336176647,0.2065982792351551
23.2109375,-5.401182460582726,3.6699685717431656,5.835016855889637,78.62761131308278,0.6301339659719924
23.21484375,2.4912077585540042,3.524084710490479,7.791485848705852,1.8269156969843294,0.3017764397323462
23.21875,7.061509013869807,0.09085640262517565,2.852512327615111,-19.473391218214534,-0.04408692092637486
23.22265625,-7.357295273467169,0.5403411998881965,-0.10445532651185996,-3.5524497414370684,1.0837844320782744
23.2265625,-2.2353629715351864,-0.5417324181990214,12.225661636424798,-2.3298947103206267,-1.2027720303337446
23.23046875,3.6193528474017973,1.4381693242786815,-1.0234612066139617,-49.41858990238225,0.19738096692396712
23.234375,4.641592050495306,0.7645303172423812,-5.753767834023044,-60.63236346333282,0.29336438024158984
23.23828125,0.14544462752395942,-2.6728961964132747,12.6008520003498,-24.651850395242572,0.6158301435771187
23.2421875,-6.1208491074827425,-3.975281342954844,5.129903308523311,-6.009486454300896,0.19899770991904472
23.24609375,-6.366682030951011,-0.18961591464997546,1.1156544971810725,-25.301029889959782,-0.0008626993074303432
23.25,3.8697523252349693,0.32816619498537564,2.7166679347014338,-17.658100436992672,0.926601441946581
23.25390625,5.624998082284083,-0.40623366306926517,9.175798668234686,-11.550911502010107,1.1567920290840166
23.2578125,-4.311033630945965,-1.9299569933003131,-3.801512119999672,14.154468306779197,1.0429139864546193
23.26171875,-4.025717911158763,-0.6690284050159635,-8.478782110968952,-15.514540826266014,-1.4240815063119798
23.265625,-4.462384774225001,-7.860266432485028,-6.284174949906106,39.63405303778029,0.21425232176968512
23.26953125,-5.71700904026725,1.7146336601581171,-12.180946477846375,27.34583036898256,-0.7270935871964302
23.2734375,3.2689811337742647,-5.123134268026821,-2.035486932542137,15.674106393823774,0.31165948169014807
23.27734375,0.4783446773841362,4.446641557732612,0.8085690463440232,-27.026112125163305,-0.32682282616326896
23.28125,10.168889824967387,-0.08506710930545879,-1.6244429317705338,-18.424300584670007,-0.03466308437583628
23.28515625,7.917917456310151,0.6971030451952291,-6.752660535114911,14.442526110547558,-0.19699314806019289
23.2890625,2.6359610230238752,1.0422057421205084,-5.207959148811424,3.1046876355728585,0.7790429639396934
23.29296875,-2.1965718399245526,-8.536237495958083,10.45326177677884,-47.61598882720674,0.24429084426091208
23.296875,-4.9937070240570565,5.606034422247575,-7.461176467437618,-33.10026034507432,-0.1795905244773664
23.30078125,-1.686595563959074,0.5310180285597907,-3.6303729286443858,3.1826530837438263,0.05573934875868862
23.3046875,7.129522303427456,-1.9480996007468163,4.028878382847734,4.6974829477150095,-0.12351794563762301
23.30859375,5.221702378434081,7.243481857167545,9.310527266938898,6.722742989214282,-0.43406470861624263
23.3125,-2.511562327490143,2.6550336846813813,1.9145649076480789,78.30376440871382,0.373959993826839
23.31640625,3.379004999642638,0.11837529418434506,10.175839900537078,44.26009883667941,0.39593924186685914
23.3203125,0.5098011532128767,-3.0735820826725515,8.076871277112662,-24.242414387308223,-0.141044266530536
23.32421875,-2.462863221160625,-4.41640568889365,10.15294829165335,-23.077506842634875,0.19697749849467966
23.328125,5.345050506272199,0.964285076604253,-10.775774216128452,-24.527142743188875,0.45728583194440114
23.33203125,-0.6020289328609868,1.5612628941242332,10.769167551580553,18.622529226911595,0.9698033215927694
23.3359375,3.1161007659851303,-4.972329980034188,12.844090541087645,22.875908612277073,0.041573094961708
23.33984375,3.8099093635859993,-0.01242815137967767,-2.818330299507318,-5.738427451395255,0.3081437625806614
23.34375,3.0920087471075495,0.8179185162986818,5.0638979905678045,-42.649662589401814,-0.54337054039612
23.34765625,-1.79438900016759,-2.262982278823227,7.525278908423062,16.256857057832818,0.45222956499586137
23.3515625,3.068135275176696,4.066938591234251,-4.8020302980835785,15.09732910446344,-0.3948538954763041
23.35546875,-2.7267696594524016,5.51928149717719,-0.2017445957909294,-21.72348108986634,-0.11834272516857265
23.359375,-0.28086461026938975,2.6441045494321984,-8.652862002193093,23.30716042677845,-0.5030206781010854
23.36328125,0.36024012945983025,-2.302775039642989,-8.3840918649156,4.527343947966365,0.14612653013459512
23.3671875,2.2345742250422522,3.489714416561103,-16.302685452012852,29.11364025757943,-0.1860961751476109
23.37109375,-0.812719808086802,-5.8041057205177005,-4.247972826973115,-3.589618096997775,0.6026360883591688
23.375,2.370775110425546,-0.7963967402850433,-0.4102149243152109,-6.009010118484319,-0.2116652339742166
23.37890625,-2.8298419993547514,1.349753608528319,-8.635577205339874,-47.45605332027477,0.7533814190954305
23.3828125,-2.8785790563014966,-6.104349837259329,-0.8419814058672239,-28.563843559359995,0.5714904446560686
23.38671875,-6.135452082617919,-2.5036426217755654,-5.100108768346689,-27.58307084409635,0.09945299017956785
23.390625,-1.4314312188537868,-0.5769075945599382,0.3360657398840621,-8.28770257380746,0.5526971990198803
23.39453125,-9.067006296023104,3.322420207119895,0.36696727180697364,-18.384002464273227,-0.0589722145162759
23.3984375,-4.174981065445963,1.4151329470963339,-3.186175408656059,2.416605461097493,0.6086758797879815
23.40234375,-0.0497569867639157,1.5156101286213328,4.548045898132687,30.737714974041282,-0.6117590953749952
23.40625,2.869472083190206,0.7988243606453664,-0.5548909444798724,33.85010153291762,-0.013621813277032054
23.41015625,-1.7477790967006297,1.093901892452459,25.490783999386544,-21.033021307721754,0.19778880908687893
23.4140625,6.71703542959475,-0.57842984375977,21.282943681341013,-6.089675759314037,-0.10180712430525336
23.41796875,4.920207286609157,-6.311089217272324,13.084804666678489,86.1466400619763,-1.2124025087876662
23.421875,-4.362237038900577,4.116422653371373,9.972179802332438,-13.772093041441357,-0.5055497059693294
23.42578125,4.154143602889311,3.1553862187555444,-3.4744455580517597,35.6253873842403,0.24723553684054678
23.4296875,2.171002187141464,0.05012885925336524,-0.16374482797555334,-3.49744436460783,0.04322278419226193
23.43359375,-0.25991780979686385,1.9721252042629431,0.7103299482703891,-43.101613283495524,-0.10454197995451217
23.4375,7.491933148562918,-1.8398829612620728,1.443071772603433,-5.120027127980734,0.07822801370027817
23.44140625,9.296439910812992,-3.772071012603887,4.98000740796937,-31.618338393183713,0.40159532731269254
23.4453125,9.150272997521677,1.8522089418075856,-11.69067236134503,-3.635008900443168,0.3458574476153715
23.44921875,4.0907380403266185,-0.22759412905026427,-1.4532856738023485,-9.634174775583112,0.01204019914844823
23.453125,0.7396397736689848,0.5769068471296694,3.185307247324678,8.966144018818179,-0.3944629354496272
23.45703125,-0.9783113358146983,1.0283050468322017,-14.671445104385214,27.345438339087103,-0.6772521440656198
23.4609375,-5.64615345683262,1.1108949218146815,-8.32002112705743,53.55908754201821,0.1078760504218989
23.46484375,-3.6147731362255566,0.07099144675665804,0.3267075138996569,33.065818623711806,1.1066076399625142
23.46875,7.083624219579711,3.389200930102632,7.746571368214149,47.835809874797235,0.20949970591609998
23.47265625,6.0029315104454986,1.2389332918868097,-2.0704367058881434,9.111182672860084,-0.022147429637435705
23.4765625,1.4178521316129082,-3.9848959745350863,-5.341501353432181,13.664228866989841,0.14591692027357878
23.48046875,-0.22146323580074032,-3.035051373453775,-0.9221291738131447,-21.28340755102606,-0.05837349927350238
23.484375,4.589864327210144,2.9648611407705996,3.0671307359069093,-20.81299342055335,0.6246056344988102
23.48828125,-4.260942365582497,-1.3541603675736296,9.11267692073158,-50.117179918613665,0.8287348046462109
23.4921875,-6.731963410844825,-1.6751851518549414,4.375395071690886,-45.27834149001999,-0.14560174143210808
23.49609375,-3.594635752887684,-1.495690936156135,-8.620371298784654,13.863244874606742,-0.18575636731366385
23.5,-2.2584918764575703,0.21810267535261474,-2.007916195684849,1.2031871856302665,0.4933893060348162
23.50390625,6.120972319499598,-0.7821386419963094,-7.9695521001552345,21.17860438582327,0.4111332494296957
23.5078125,3.3395768231293355,-2.0575417532422264,2.781427765794831,40.08272287295654,0.5661539483878933
23.51171875,-2.7795454917758975,-0.43739716758144853,-1.0555167941893195,23.99809701204847,0.18705269662927473
23.515625,-2.2489046548094236,1.773488812027825,6.318729166166352,6.681986705774635,0.03432056584896728
23.51953125,5.778057578866371,1.6551391398475133,2.0191038859717354,16.65532768838489,0.4231268153828775
23.5234375,2.035327686710309,-1.047799752083746,-6.8745034759712595,59.83132109471961,-0.34808409703265886
23.52734375,-2.2279885704037996,0.39037474611732303,27.63818466951739,21.580327469984418,-0.5282763401461624
23.53125,2.8274276502041835,-0.9252009525956753,8.73300297276797,-5.3851798223206,-0.6115591204057718
23.53515625,-0.08365715432237794,2.4743522827048157,19.337315454014522,-20.41489745020624,-0.20184710489693536
23.5390625,2.5429793606915276,-4.177067923741475,25.624098047927127,-12.506604463024757,-0.30874348860991946
23.54296875,0.2988243071931965,3.46786561500088,7.076031817137971,8.293639919932925,-0.06859180967996722
23.546875,-0.6085523795607406,4.082326903927181,7.25002821691776,28.78623088354682,-0.6585171379193544
23.55078125,1.591882568449869,-1.9047851940348748,6.942263703253483,-7.721578875722067,0.22122890622292712
23.5546875,3.5178921488850103,3.37538588357818,5.287055669538791,25.695748605428772,-0.2554260875061179
23.55859375,-1.3965768478924767,-0.3997013635508283,-4.811877912230177,18.01400231050371,0.08573063283322684
23.5625,5.953130815194575,-3.526014726308717,-10.186030931396372,33.83205040926941,0.7426433737869932
23.56640625,4.952922146065018,-3.293062583474641,-7.938039348356903,18.969606145333305,0.933722717700677
23.5703125,7.142519439125308,2.043670502621006,-10.29231570381211,-21.163339986957176,0.12615693884527518
23.57421875,-2.0576259438223823,0.037335588451890236,2.2407513028318986,-38.738741308854124,-0.0010502234646044873
23.578125,-0.9551139375138278,4.90268895883317,-2.432958555038266,-15.099945713428664,0.056392530201046995
23.58203125,-2.3729309620990513,-1.8236343803927348,-12.792189912807014,-26.236304388715766,0.43818786212865707
23.5859375,4.293656455751599,3.984268319640194,-6.844069467607964,-37.836345553250304,-0.3163930705693323
23.58984375,-1.05226896182187,3.405448795715076,-3.5629889017858956,40.231864848182624,0.1982332207673351
23.59375,-0.0812340952120668,3.550843608914314,-7.522718519999576,-18.402788338295704,-0.3590965638144232
23.59765625,-7.551828504308389,2.7385520096463827,-1.3865839963688473,7.250356690016016,-0.08719347663958599
23.6015625,-8.18988180573907,4.98312718121246,-5.287712700626206,71.79166702702237,0.31268559974878474
23.60546875,1.9587897361770028,-1.5743710210315003,6.956023714390883,-9.783880345988724,0.1916594598325416
23.609375,-1.1755667645620755,0.6135772854522659,5.854362485201698,23.491454478879387,-0.2591476979676756
23.61328125,-9.385566446401867,4.237890020249474,11.564967989606599,19.31927093818346,-0.1030990420434414
23.6171875,5.625358948548146,1.1598655796895339,4.164798849496217,71.82774516144298,-0.49760890146233216
23.62109375,-4.666461751235074,2.5489534838573062,3.7064514814695433,-33.71382989189625,0.40128701763337715
23.625,-1.5925265432458438,-2.2461578931464974,9.04990846037776,-23.948996029369003,1.0446257343062095
23.62890625,-4.75026778349567,1.692197183794573,-0.7969910334321293,-59.08914822899264,-0.05187157775335401
23.6328125,1.5443056386687848,-1.256915706058616,-7.811989918010341,-3.591307201796692,0.03967603047582963
23.63671875,0.9460946123667608,1.1868599471194974,-3.7460900481380386,-12.297902733773515,-0.5753517459990525
23.640625,0.885828256329254,0.6956378526457634,-0.31002405788756837,-23.769068960565036,-0.3600824628924587
23.64453125,-2.6425186190273076,1.7518671102468235,13.983139990203933,-0.3329112135758887,-0.031251740921432646
23.6484375,-1.7708047062319185,-1.049675241780212,12.460103604074364,4.972493697597481,-0.07695112764143851
23.65234375,0.18800440772083107,2.2961270217896654,4.720169043044181,-19.33030877151009,0.10290646216337973
23.65625,1.7475482310902437,-3.283969168742648,3.3390614724146372,59.36031716490076,0.4717056837537827
23.66015625,1.5226544676368452,2.3913266145069234,-3.6520089975844368,16.849516507589215,-0.3716540891299947
23.6640625,2.7443078088919117,8.396236809513098,-5.790520107564422,37.81727519931778,0.5833894559525977
23.66796875,-0.04496179281422695,2.08720110675742,-15.53042482460878,-15.56344758656163,-0.011661912883195368
23.671875,6.531917571973333,0.4435050781173534,-1.8677431264886053,-11.447990743158412,-0.6365815887519153
23.67578125,-6.783863985418287,0.5456001947948158,2.2469494273673156,-0.038239720558190804,-0.32509014852726936
23.6796875,5.486527813485565,5.279202331469256,-1.6218789227309438,-6.194537223199266,-0.6729537416728177
23.68359375,-0.15517623308236442,-2.094846308270044,-1.131277284358148,-13.606800070444653,-0.6277243165019435
23.6875,-0.9432673116768839,-3.6409466284609344,-5.799692475125078,-37.54044650869556,0.6088344286224336
23.69140625,-5.178725174947574,2.3273264556361846,-5.79977773275655,-24.86677184725007,0.4332753488405369
23.6953125,2.667574425530005,-5.7257600050422015,-3.294630312572198,-60.096177669862826,0.3748743476572901
23.69921875,-6.184053270773684,-0.5791354887190477,-0.1980044813728773,1.947612323015636,1.1749556861597146
23.703125,-1.9443052910198528,1.3851660896248186,7.457624426106133,-28.78571544603959,-0.037101548213336215
23.70703125,-2.4690962680649085,-1.438787107268336,8.932112605249134,64.69152592645247,0.5081647738724628
23.7109375,0.1260380637125284,2.447504239152844,8.637319965826919,56.46676241168102,0.0734391312444309
23.71484375,1.9326504114271297,0.7639250088345164,0.0690052552474043,34.19519793347299,0.049709050968745776
23.71875,-5.305285170762127,-0.9702864538018907,9.693300522638562,-30.59983255545845,0.30424376470417075
23.72265625,-6.251978698457368,0.8243372601272894,15.313458399620195,-9.26938252280258,0.15446845426403394
23.7265625,-1.556246001142741,-4.994229518756001,15.917772966932421,23.87478721436114,0.23537293165128315
23.73046875,0.7739319765074112,5.945030689192615,10.909389021606849,-25.674441414694968,0.01782495968929602
23.734375,1.5076198712220197,-2.5280893984699646,16.152251280204936,-7.699520648634087,-0.2733853958555001
23.73828125,-3.8767018116718477,-3.179157006813445,4.05665810163518,-2.8255107892231983,0.003000321888278129
23.7421875,-5.699283821893898,2.5421275729760224,-6.333733170883554,19.26367892444302,-0.3376205070893763
23.74609375,-2.66179451538664,-0.6195344463201133,0.21089221957005222,-13.759063352692449,0.317063981253014
23.75,6.516994033585694,0.4727473190365803,-0.20524448331861173,12.787773011557025,0.9381019157536589
23.75390625,2.5467300094305525,5.249216943490104,-4.554212590681411,6.290333100778244,-0.2742938132756147
23.7578125,1.3487845690556863,-2.44952815309804,-9.970540278226146,22.8087091215786,0.42572348418378
23.76171875,4.301582475154339,-2.4962188653606083,-15.225698061845964,-1.1202881925724242,0.017287759213005915
23.765625,0.49294013220593286,1.4647567589680603,-4.0749658833024665,62.38231691420404,0.41616624082733134
23.76953125,-2.3557044261297073,1.0171557156757172,-0.8478598320610988,10.337037359265741,-0.12571167909511022
23.7734375,-0.8006525973627416,0.5945354721975746,6.903053771370561,2.402239733990152,0.30299713109450566
23.77734375,-6.656008542726909,-3.8590102651372113,-1.138690769834664,29.191769825745983,0.46743490955556644
23.78125,0.9546589023384358,-2.808412628733063,-5.67210006388427,-2.878581932427233,0.07506695024263992
23.78515625,5.837643446910914,1.274556662043266,10.415237542738158,-4.464090730947014,0.5221347598955816
23.7890625,3.3008441820083902,-2.699794479874294,-1.8005275000455876,8.595434225096575,-0.5486588287419166
23.79296875,-0.7019089433416129,2.5486965449234873,-3.251919541449438,-62.52733884321418,-0.12815251218518448
23.796875,-5.3948438206452405,-3.5344876979514486,-2.788432318727527,-29.846352508200496,-0.09989008381836266
23.80078125,3.2238632676645973,-0.06268858074859568,6.6346986933615995,8.615849542748862,0.645237350830502
23.8046875,-5.885195115231419,-2.3142390536216664,-7.32428625740404,18.61607731826276,-0.6899423113036907
23.80859375,-0.04733200764108828,2.8900449934556924,-14.112307446959207,39.960549308978884,0.2648127783349346
23.8125,0.6798940091092841,-1.2975733184307412,7.968725573907062,37.83066339227174,-0.18255744134312046
23.81640625,-3.0949947574140233,-5.546163498601951,13.323470481519715,16.03673032830696,0.35639819073293244
23.8203125,-1.495077056434181,2.0077841294787717,8.717254369658521,18.320455942150556,0.033402252374462614
23.82421875,5.394028563082766,3.027038359497376,3.703754693745364,-23.228678672715787,-0.2837887905128383
23.828125,3.5370488292515883,-0.6578173963975756,-16.36816495831686,-2.9463950774572067,0.42577478044795436
23.83203125,0.7299061880163213,3.8239870526097293,-8.748088513448746,4.131994693586929,0.5808639409535381
23.8359375,6.393430924921117,4.39748272414163,11.941538113742698,-17.037035860840497,-0.5228786545576526
23.83984375,4.525061067772506,4.35541348423715,-0.5962270077184222,-31.312604230811047,0.6994858026642103
23.84375,1.0514518644999062,1.674001296744294,7.236639506032402,-58.46410279240966,-0.26979977031577645
23.84765625,-1.428650659205803,0.1179591385944837,-9.96162901823295,-4.5682262545934105,-0.642950488040452
23.8515625,2.790686982441258,0.4180788456370861,2.3872758505846305,-16.490752879076105,-0.3736633886093134
23.85546875,3.029435590924673,-4.405776157217334,1.9686842365790194,34.418141262812036,0.737856234079158
23.859375,1.01545795574356,-1.0661842178229834,4.717932876573656,15.257676432357286,-0.4319969339596699
23.86328125,-1.2334731691516725,-4.364183404670511,-13.034891417992,29.423499148815367,-0.23323102331737974
23.8671875,-2.871480642335774,-0.2509599516730957,1.3465040803599724,24.53714479139573,0.1926277661735934
23.87109375,-5.643239971590181,-2.668815878663148,2.9485867597719757,48.419759735920124,-0.3770070772156866
23.875,5.317001917488219,1.326000504719293,-15.727422476807797,51.46568566599308,-0.6520721029290516
23.87890625,3.3183773878233,-0.9928207463071685,-7.549606394148427,-0.4621731405102345,0.06402706506092834
23.8828125,-7.759009169504863,-1.9538886749052122,-6.5288476691238335,-32.66967289699738,0.6676488641156367
23.88671875,-4.655043015279994,3.2747697189928786,-7.869982208782597,-28.183184278676915,0.5989124623900188
23.890625,6.735225712259217,-4.857165504523801,-4.8916086785151975,27.52897155129601,0.6044636415501259
23.89453125,-0.03225081261913222,1.2299714905454644,-5.997960598743425,36.82851382582396,0.1855125049135127
23.8984375,-5.23564578559975,4.2107605562675445,-9.484582166239024,-22.933760734280877,-0.2523199248000289
23.90234375,-4.5273137457036645,-1.668028856855107,7.202489098780136,-11.71607000363252,-0.8916094452206791
23.90625,-3.3483439446068513,-2.285836378386144,19.967807366337233,2.0367539034273427,0.2386438070566256
23.91015625,-0.8583785873910724,-4.504282562288613,15.212620985545438,24.676235470157398,0.1483233198920493
23.9140625,-7.2459515935936745,-0.7282956182270268,5.1982200483426055,42.60593793303158,-0.30867415143804233
23.91796875,-3.8731249886144705,-2.480367362051485,12.55390702989379,-3.9523468567002134,0.3424835304124713
23.921875,1.3347984039085248,0.374325709617707,-6.878995475262396,-20.32626604904346,0.7656697517369216
23.92578125,-0.6521285027670024,3.150467896345827,4.926331457366813,-46.920577062072326,0.28474635799347786
23.9296875,2.2701486325209177,-0.030524361451073533,-4.2579575226173585,-45.35437426598056,0.5537547964216903
23.93359375,3.063493027066923,-1.0674142427102618,-10.192760504554645,-24.153026764995413,-0.6806531434709413
23.9375,-4.281579338799577,4.945233334544541,5.507576073817131,-10.727740022013904,0.35098963503971115
23.94140625,12.581217225954733,3.5714286313103845,-11.583565236906729,-48.04433599495181,0.6295681712042044
23.9453125,-3.8264519940127837,-5.02380045591492,17.084528762310683,-66.4116122300232,-0.3795104585992922
23.94921875,-4.714538964596459,2.79317008625281,-5.672492324554284,-59.635537821548056,-0.5646978364050292
23.953125,-9.518839113094732,-1.0797362108456223,1.3980023870569873,-26.490357484506404,0.23821570584346016
23.95703125,-2.3526246226448047,-2.055969554765399,-10.07480783344111,34.22286122642602,0.3679963610423731
23.9609375,-0.10698081299742915,2.433646645151151,-17.735496327332164,43.76737807390549,-0.5171022044766853
23.96484375,11.902193356137499,1.7264441343780013,-8.195281991895383,12.339641033705545,0.23042079853109665
23.96875,2.2175086262830597,4.518038933940615,-14.271604900829598,0.5520250760883378,-1.1692122056651775
23.97265625,-4.219275925853202,-2.8959737706452104,-12.895631013205048,15.13712728517576,-0.5213898231297189
23.9765625,2.445310958906849,-1.0228756562494232,-8.35282539227768,-12.002852305181875,0.7260350362925189
23.98046875,2.028974670889035,0.7256496409094175,-13.054361966312715,12.48053092297428,-0.3292805681302579
23.984375,-0.6038762623768315,-2.1128142871773554,-8.877532217378539,-52.80359883482041,0.30856083412019264
23.98828125,3.8815947398555464,-3.4653042029118226,-3.8993096822723396,-29.804289655289036,0.6534666560104885
23.9921875,3.10993240747559,1.5762852141730321,-7.971350855797327,-43.629323628875156,0.3534704856816354
23.99609375,0.9981993593306097,1.3928113690516137,-0.5699539957105167,-39.53113561523656,-0.1398230515306682
24.0,-6.770949399415959,-1.8969027941090657,-1.6005537623114903,7.545284306389489,0.2653555377819817
24.00390625,3.3065233683306774,-3.7800122211254497,-8.417912745796194,15.449944794453039,0.96543485839229
24.0078125,3.151940088994698,-0.17114659429050988,2.449461098023264,25.98195250897474,0.10169401347960044
24.01171875,7.260754647225628,-2.194798204417708,12.282476577227364,13.653529868307713,-0.7126073106962343
24.015625,3.857905069851794,4.2944898801448685,-9.698551443037392,-10.145117801884737,0.6668959919344116
24.01953125,-0.47820911431461327,2.8977946429120083,10.766460684906406,31.670103761372527,-0.055174717194776735
24.0234375,-8.606283283034454,-6.833013203464716,-3.1861215285404327,8.490621054227725,0.5197347363524683
24.02734375,4.079250791924219,-2.1047578924023567,10.104488209188212,-43.701908164530096,0.5809070946649789
24.03125,0.6208665160975548,-4.380406479639696,5.881539043951836,0.8811089778740957,-0.20992415231018752
24.03515625,-10.1245411969674,2.1667349958257396,-5.351615284443325,-24.530512045021204,0.298495067316592
24.0390625,-6.932521117990467,-8.632259583349583,2.8054337763681674,-14.60067513939416,0.8047174317959253
24.04296875,10.456214765066715,4.114288362133443,1.6219547908933505,-12.871308764135243,-0.7360804259579408
24.046875,-4.23503837028369,-0.8434034386507016,5.661656449587954,26.336589989804846,0.2939935943247452
24.05078125,2.790874421135357,-0.17775181789530559,-12.424106504213457,45.728621722389434,-0.32070597873573686
24.0546875,-11.841671754549242,-1.7062309163226586,8.134323417327789,5.913842528118639,0.8546926938150115
24.05859375,0.5381419079264607,0.6090520004300598,-9.878185709148962,21.589575167985977,0.4960200004991172
24.0625,3.508217574832278,0.4038500007174291,-9.55928699840864,41.516200367249,-0.16569403505880312
24.06640625,-4.275226239261635,1.342991372505439,0.6709751536588016,21.537657561022332,0.3244319073471994
24.0703125,1.8004397636897924,3.8785842605950362,-6.286931034337012,2.8874891312666353,-0.24413055665338604
24.07421875,-3.3842209582539597,2.346751238486412,-8.082390461220411,-3.806207354978873,0.23483079282516778
24.078125,-1.3540975543036275,2.5920207257760515,-1.034751083053941,-20.741133603315514,0.1514321648365332
24.08203125,2.8472898975626433,-1.2106633726447606,-10.712690849044808,-55.63929975032518,-0.06759337219643895
24.0859375,-2.01792253937581,-4.563047123532166,10.003375931239823,8.405971179067471,0.828293871134537
24.08984375,12.937734187407452,0.8071629858503087,-1.190172733767072,0.23398604069913276,-0.6183088075046729
24.09375,-8.324760315527083,-2.0404157195981667,16.567634752037964,15.134399696549346,-0.08581129071121152
24.09765625,-3.8000865518638918,-1.0181189530410055,-2.5759795928958256,28.38170426611162,0.12676614897738453
24.1015625,6.034549322092852,5.06678324178955,-6.7116320506659735,33.275136052081486,-0.002482203485928772
24.10546875,2.9492440074354214,-6.22762715488048,-4.757764439568834,-23.54017191698538,-0.378954032550915
24.109375,-1.6139599575567467,2.807250964516655,2.751853751180347,-16.46060920668881,1.088928955470085
24.11328125,5.124311885649819,-0.24603475205134417,12.16789672553243,14.377554968829479,0.8828615059944999
24.1171875,3.4427877929378807,1.2524393915282261,7.03897897228919,0.691067035300545,-0.6516825493136545
24.12109375,-4.045307284086008,2.5578199457007975,10.82949730423047,21.665919591901172,0.24435771568338926
24.125,1.0408553132000595,4.152472388700431,-2.4916320632665236,-3.6804439353347003,0.7550265432799497
24.12890625,-1.5649779774430503,1.9694336116305369,-10.983673073415401,-68.78700573723319,0.06187147752879435
24.1328125,-2.955262967045861,-1.6864705592693285,0.5399281624692724,-1.6123673837712644,-0.5801088241974112
24.13671875,6.174933292582517,0.8460278847814824,3.264135288805543,5.237738623383802,0.416771534685749
24.140625,-6.332487283031418,0.9192807295192882,10.587381819228218,8.453057295778354,0.3944381807032207
24.14453125,-0.5721384210640051,-0.6327256162434387,8.864050070576106,-17.312345056156875,0.7904984016743979
24.1484375,-2.1907712107159645,0.4990368942667054,18.825515842348164,14.531712137436976,0.3719802359917135
24.15234375,-0.7115089514816766,7.218117279444428,2.7539308719975875,2.5192176446991743,0.44726844145592365
24.15625,0.5015788076704765,-3.1345900086731,0.24284659715179524,-1.9871147488000869,0.26043442968205666
24.16015625,-6.787576494368134,-2.0011338639741605,-3.0871134001199816,16.812252113278674,0.3944080736394629
24.1640625,3.5035217148398186,2.12158431089602,8.02857847146869,44.819980064380104,-0.6354476120821513
24.16796875,-4.021991657176287,-9.081745814368354,-19.48837635217881,28.404297560434713,-0.453402343700162
24.171875,2.0178337858795414,-0.6969400004402476,-20.67610286986075,-4.03123732999574,0.5723834579724357
24.17578125,1.9680622452999652,0.22258341286024824,-3.524995027993183,21.409266122826434,0.028963364357073494
24.1796875,-0.27734001316933,-0.5870187474242803,-4.780361270104907,-49.31052546444175,0.03312632713664686
24.18359375,-5.21733182151305,-1.5512439082716933,-10.529324864322867,-37.5289490638465,0.11156969440715041
24.1875,-8.64359312739427,-2.5088309304847387,1.2886909281196202,-43.505299815141505,-0.20452382496404564
24.19140625,-0.19002835725901707,-0.7049203180260764,-3.405529037466869,32.46377373119097,0.04265586737838597
24.1953125,6.7256719762712835,-1.3245102212362343,-3.920173875164461,-20.88438695329774,-0.24046142663048883
24.19921875,-5.725234399757301,-3.746129993130735,5.117532916125794,21.577496177246555,0.26461268145232725
24.203125,-3.8911297015337123,5.628244248825683,15.797264275896016,26.35709668607358,-0.12872742074621366
24.20703125,0.95829466216267,-3.012740617525572,11.047152420779755,12.286990770395047,-0.9289177541097515
24.2109375,2.4511743466713085,0.5941041068072374,6.754885792987375,-6.828422919428849,-0.17613768853045805
24.21484375,1.0240643217222007,-3.3599072032914608,4.997680276305239,-14.763880577474662,0.16528914822381596
24.21875,-0.14373137252455845,0.2495267199204927,1.273119651147483,-0.16113437642654915,-0.5040134755707832
24.22265625,7.74176936416691,4.64665348296022,-0.03715689369946684,39.15069378496466,-0.13471825969209839
24.2265625,-1.1477591193013081,3.067513567823732,7.66636659522173,-65.20318840051208,0.794615133042853
24.23046875,-2.878669286035923,-1.2512374796177865,14.374761347949025,-20.048260761353205,-0.2680397969299199
24.234375,-1.4903017607066775,-1.439230118276891,0.772550492698485,-6.314018085942649,-0.44431768150734524
24.23828125,0.8089239373974729,3.1719443646738377,1.4844006559292053,2.3664572140032334,0.004545518967626462
24.2421875,-0.30118273503492554,-3.7940196845861496,4.339624842910905,11.340569277193989,0.09636519690279208
24.24609375,-1.9089518902415878,-0.8827981280732361,9.731533470071433,-3.1433667603377664,-0.9705063982500298
24.25,8.097629000533402,1.8067336649492676,-17.213125060740445,20.07591160076728,-0.052800562074807114
24.25390625,6.814150802905866,4.223813173841516,-3.267760599837001,31.903765126899433,0.711944444487618
24.2578125,1.5156442018048903,4.769075095077138,7.707467706126362,30.69246175291954,0.11099950409054618
24.26171875,5.955093908506009,1.5769899045251772,4.557798014846268,13.408336832778494,0.323612280466994
24.265625,0.005219675664967806,-1.4622985338601642,-11.13345560528835,35.09487406395115,0.5105466568572259
24.26953125,-4.566791882652208,-1.8964330339892022,-7.555366698523915,0.404137262468522,0.5104197262760407
24.2734375,2.546022152515829,-1.2074601648672731,-3.1457742211323403,-1.77233642232075,0.377307750561667
24.27734375,-5.182501606179203,-0.8382812007967786,0.04452619439847627,-20.560814378513893,0.09858147112616392
24.28125,-4.88136531477235,-2.8375763086778427,-1.0224456909093997,-23.050665258291787,0.9407254530640349
24.28515625,5.1468294152216405,-0.31508207722247117,-10.877676288990035,-11.101638291001963,0.053341803701984845
24.2890625,-0.05520175021574737,0.4214612062091223,0.36308094721941364,9.163432038287553,0.18643272499923721
24.29296875,-1.3850522232075624,-4.931416001650823,-0.3080052978884986,-9.576468140507721,-1.1022979064006384
24.296875,0.3123212525492728,1.4865981832596113,4.291600560825341,-24.795919432662203,0.2601934597763151
24.30078125,1.443370234321389,-1.356208166035133,-10.153101596387584,41.91678197075395,-0.5678937895522229
24.3046875,8.046579473681348,-3.565452024743106,4.118367259964132,-43.416410630919074,0.12270776996228246
24.30859375,-4.281962671324072,-3.1990202901343894,1.2172038442187483,4.058994472116273,-0.4785183913383318
24.3125,-5.50635408011097,0.7450237546095968,-0.7401748885104547,39.7876142504211,-0.9408066372679132
24.31640625,-2.1174561625202077,1.021339481217268,14.666866421794907,-4.449041419196686,0.11965466296325203
24.3203125,3.7505089028224785,0.4413930795932555,5.479471915620126,-22.643898506628325,-0.029104987512737858
24.32421875,8.084258220056226,2.785426524606561,2.992637258420497,29.390581627540065,-0.38803887291337713
24.328125,0.9151756430402108,0.4154379454912645,2.2716724438882188,-24.715323922772313,-0.14533190664295817
24.33203125,-4.16836960996066,-2.2141184899586746,-9.38163051871739,-35.905535919965345,0.10863622642225687
24.3359375,5.509923048144198,-0.7939873385296174,-1.5771065313135764,-58.36309473568559,-0.025948813530154338
24.33984375,-4.268213265940167,-1.5050280334374375,-0.8106869702710671,6.642288723298712,0.15386491099411537
24.34375,-0.2687378694894402,-1.3715157641521178,-16.358521212765538,-5.993715902773017,0.5793953482434794
24.34765625,-4.9508327069935,0.2247605047588272,6.744446883004798,-7.221605473688713,0.21967404634176205
24.3515625,-1.7858756083198808,1.6375081642641969,10.739631984374975,16.00375600108113,-0.7910746905548635
24.35546875,3.1084480891465622,2.668498224465269,-7.0034237404856965,15.741322660374502,0.10762244499320382
24.359375,-3.032374916045983,0.321315053631095,0.1362884316816344,-21.269405263886227,0.36060291909573955
24.36328125,-9.679612354082908,-2.027884770529752,-13.3106987411796,17.93205153169113,0.33264016048116424
24.3671875,-4.212982437881406,-5.726703413145868,-9.765866908636053,78.40941270380834,-0.4747297152542386
24.37109375,-4.875651151044296,2.8246102131667152,0.35764552492054147,8.528847445852598,0.31693778995324867
24.375,10.28616453814345,-3.9217689254018735,6.6612595803612376,26.343832484548418,-0.4926453546365656
24.37890625,-5.585580570073906,0.9555582860367,-8.619844826140765,-11.858643785594175,-0.2266212047365553
24.3828125,-6.685862783241833,3.2636556352313697,-11.07922397752439,14.895764016596097,0.9096471597684549
24.38671875,-2.894898321714085,-3.726974654237764,-11.656891489227423,-11.904771382479913,1.332066387554816
24.390625,-2.305664931624737,-3.910714992793314,-1.6415881338672285,2.045340889669067,1.0275224771406315
24.39453125,-14.23007379553771,1.291108501606249,3.282555217936312,-6.260015052923216,-0.33598705697684206
24.3984375,0.8995171680601765,-0.4391135160885851,9.515358269208168,-6.843354982480939,-0.15100293702429252
24.40234375,10.15495776399913,1.6893459746503106,-16.526444917538434,21.119892658311,0.31018955565995204
24.40625,3.4352829421722686,-1.7602443109338322,3.326926040490606,-20.791907980781744,-0.3379811090590028
24.41015625,-0.6867409812461105,-3.3763111631643232,-5.181183954153377,12.72848923389838,-0.47761575462524525
24.4140625,4.910636862928039,-0.20233997216383015,-7.848246427249049,-20.432291215233853,-0.5237464197893146
24.41796875,-2.884168297289923,-0.9653830114702888,-7.194174587030288,-11.312461706490854,-0.8182600705866464
24.421875,-1.1532442091869177,-0.1975660787100773,3.2871814168560176,-15.681013370189426,0.08957164881638983
24.42578125,-0.5691992180162937,-6.105798148695371,-0.11783532690900778,26.046350915506046,0.161206906794398
24.4296875,-0.45556256613441964,-0.2720810649669505,-1.5089953708854127,-32.60318552849888,0.26196068751119755
24.43359375,6.777553173329222,2.9743283634477207,11.027889165000957,-49.409389741460956,0.8522372210733987
24.4375,-2.0270265982249933,-0.5679481812385216,-2.049054537883264,-33.3975917140623,-0.07239218716915197
24.44140625,-0.06953467746284174,7.530113654929913,14.241067142902995,-19.45899634601918,-0.2502554984627964
24.4453125,1.9631594300911626,3.0312689546723406,-0.01049333217281978,-26.27093822776329,0.12745850726819946
24.44921875,-2.9989322175046667,2.521156663149724,-10.206339556321236,25.32197120908234,-0.0872612322082913
24.453125,0.9715485680825015,-1.4489616479159966,1.3610784803991867,0.9334264221350841,-0.31552448953189316
24.45703125,4.696744200087228,-0.6385424847788843,-9.067710280756414,-7.838057764984889,0.11198305339548542
24.4609375,9.07599301339325,3.01121537167102,-0.32958432342044475,3.6663008914458963,0.3615288302886318
24.46484375,2.3528293969367944,0.25036922077521306,-0.3765726903413906,61.205255934409294,0.07464433385840846
24.46875,-2.3121347428868626,2.9455792137684313,2.707669498587804,52.34596091600396,0.002994668700630947
24.47265625,3.173067682475258,0.12171351345376671,-6.1868097049680095,-43.31527548380999,-0.6659169308581554
24.4765625,-4.000327913649095,1.966022467503115,6.894556346663493,8.985244392561185,-0.2721591772134903
24.48046875,1.0258708856373822,-4.446670028022683,-9.12482984190392,18.654364047521412,0.23581853956499302
24.484375,1.083144349158411,1.1560914831145517,-7.908621375163112,4.878376536229716,0.19239568291863351
24.48828125,1.6654503539900696,-2.8509073854976714,8.514073084997456,1.2207457366146315,-0.0774464222804464
24.4921875,4.791203922150556,-4.881128369605535,5.780186527001195,-17.38311516398628,0.09454660625770958
24.49609375,0.8594194205637435,-0.6929535572150443,-4.165004162756133,19.277442314919853,-0.050714841950721436
24.5,-1.1464929374630395,3.6864252693699004,19.371884097516215,0.03886765597735822,0.8476511619469498
24.50390625,7.265674803211371,-4.685043464388196,7.617372900267828,40.22482537987546,-0.26037659098487803
24.5078125,-2.884062059918047,4.484725009546401,-8.09603935271157,10.085445592629947,0.16340207330713205
24.51171875,-3.2674891943051523,-1.7916173824728916,-1.9473586134371517,83.59723268692149,0.20656122597702078
24.515625,-0.34032747919069006,2.2589567185172927,11.75605052313065,42.68377309921165,-0.08332712590094626
24.51953125,1.9705937340658228,-1.7497655839612687,12.83586872277379,9.811970161461836,0.015001742820690172
24.5234375,0.8369342160986987,1.9846150734601795,0.8045102608571151,-1.3462644757208828,0.2844088459479417
24.52734375,-2.984305366272099,-3.9690661797220357,17.66843350403171,10.597747174024015,-0.3860953206219327
24.53125,-0.8239695779465577,-1.758212520519686,2.1371683901864955,-36.91507055454315,0.3213055086306131
24.53515625,-3.329349640787495,-0.5992950344848711,1.194013512395807,-18.191536897252163,-0.6449318252116744
24.5390625,5.024458509705436,1.122808607419867,10.558315016973573,-15.04345896261327,0.3645352842571278
24.54296875,-5.858778153427568,-0.07298873728461013,5.079185847846521,-28.29766023871014,0.32076755984576166
24.546875,-0.5940966376751732,-1.0183189205340415,2.454833071695157,-21.39680735740417,0.20310342588821245
24.55078125,0.4420709392546747,-3.315373276549734,-9.496164597451381,30.663881087996153,-0.23321461211498543
24.5546875,0.13332787374289784,0.28386411970923403,0.28159596735385883,39.858789182517526,0.3730783612773153
24.55859375,-9.567026140188322,3.655949376088161,-2.0332741433017496,-25.599354936673368,-0.35851721383940066
24.5625,-2.0505484316380254,3.8161139059149263,4.503052287039685,19.254389577933274,-0.022297131681849297
24.56640625,1.135561526939209,5.284056433741559,-3.3623679366662316,50.801145763339996,-0.49031396437199876
24.5703125,-4.73301210092769,-3.6236575873048493,4.286666698563441,26.42814542564485,-0.05815204463728805
24.57421875,-3.18343455924028,-0.38637688475889004,2.4775373362359403,19.992372716336988,0.3563054596421098
24.578125,3.0651607586479295,-6.2590084206880885,-16.558281663739425,-14.834507095431444,0.5380525861333489
24.58203125,-2.535993794462561,8.544913089991866,-7.155110085252764,-15.821825196392853,-0.20880091572194195
24.5859375,0.1102210554948931,2.0924209259170117,-7.870578558149013,-22.16144384229562,-0.17517913232120408
24.58984375,-4.8568653660059,-4.257685277903895,-7.1522367753060365,-22.390608554545782,0.36438505266107746
24.59375,2.3201333298846536,-5.353690480939324,-14.568514184717014,20.061747089055658,0.20586201529180664
24.59765625,2.5338796746202057,-4.8149241717867275,-6.506212367084187,-10.91376598885115,0.08288220568642948
24.6015625,-1.6741672248846515,1.735769468609417,-4.980333473097248,-27.659191710411076,-0.41421485091014165
24.60546875,0.1871612266175082,-1.2135596301010834,-6.130224119563352,36.982357037295024,0.5092524239021564
24.609375,4.095463315727668,-0.11413553251831277,11.508964626631894,28.7834988241093,0.7954948171063138
24.61328125,-0.7476161578648075,-7.463100995839467,2.2151511233974652,10.04467768479463,0.21763775778372996
24.6171875,-1.6520484792128434,5.919439597661601,-0.683371359149767,13.596710641494141,-0.47097109791638136
24.62109375,0.2683616031316392,0.37405143212953657,5.0138495918014065,2.6476355753476897,-0.601025632048932
24.625,-0.038311332035764145,3.571298533651701,5.0713399942091035,11.4896757805825,0.7793364582858789
24.62890625,-3.409971915432824,-0.7637711374347651,7.3114016383567915,-30.36928131349631,0.10522750705549609
24.6328125,-0.20863072571958335,1.6782062783323513,12.543441451098094,-27.2399399938106,-0.7161030860641594
24.63671875,0.1872592016101748,-2.7220486252026665,4.377037526093261,2.9533435504925514,-0.4306155551520387
24.640625,-0.8085024263071658,1.933645394073888,-12.168547920524645,-49.78007067635893,0.0824227843144183
24.64453125,-3.090969804272292,-3.203582541679153,21.959847035481708,15.8620668063364,-0.8963726392720607
24.6484375,3.8439573803040488,-3.150816939381916,0.4143446977751827,-9.166427668505595,-0.01784734053074081
24.65234375,3.479773803845301,-5.179675268793119,3.8017924272287913,-20.283579592467525,-0.8788469568911819
24.65625,-1.6731131547522153,0.3129596409934383,4.363046019527915,36.39367015819819,-0.15381955586984158
24.66015625,1.5952996366434662,1.6703810263847867,3.72148545792982,26.137107681327386,-0.056725846621658506
24.6640625,-3.9044575202262775,-2.4091864245958714,0.6662868749055266,64.1293378187084,0.036594782569567455
24.66796875,-0.6051734209455774,0.4470437895672653,-9.220833136443698,16.86289579179353,-0.42170557351229315
24.671875,-10.769520769890278,-4.8427066362692965,3.6211655723249088,3.7231638338313457,0.3382022867782565
24.67578125,5.582112150367221,4.200623470371378,-2.503156702056585,-74.75498271625668,-0.077528740789345
24.6796875,3.6734100076771825,-3.308947711260103,-4.885805839992243,-14.751595396160088,0.15653238770079891
24.68359375,0.06361691497450181,2.7592630724007137,-1.7966922373583158,-51.86526837549028,0.08258564103462136
24.6875,0.1626170987292271,1.4924249290373444,-13.462116159642163,-17.563852882729186,-0.28319089113589063
24.69140625,3.7975024059026987,-5.184095064196935,17.771065012633052,-18.043686958661123,0.5031861961643661
24.6953125,-2.8970124810987374,0.5619283314101795,-9.403843696356057,-1.0083452889082913,-0.1373195508984383
24.69921875,-6.87609410757726,-1.93997383327094,-0.8445914880440921,10.850185473052786,-0.38522826766610574
24.703125,-2.582414829190187,-5.835965299467397,7.015589174181826,35.34431646920439,0.11527463060895161
24.70703125,3.737799875007687,-2.659987258954164,0.4487882324656123,37.790214379512946,0.30043229133092286
24.7109375,1.970393680731833,2.0427287245128456,13.981089736185954,5.1276356404991965,0.31059783814600544
24.71484375,0.22760102170312607,-4.179126103664082,9.111644890016958,-45.89684298343717,1.123613747516058
24.71875,5.382651173498264,1.6187222721377772,2.224438112446788,21.19423527840741,-0.622337445021246
24.72265625,5.408031527365981,1.2959461075092702,3.411512777759831,-20.94594872478716,-1.1373832841240934
24.7265625,5.443067759364902,-0.7733279254216955,9.952822913385582,-73.6607418791984,0.2693309279874255
24.73046875,-4.093478563072465,-5.458813640874597,1.973335168555641,-43.94935779928254,0.21288869988725542
24.734375,2.5669666755308262,6.4269499416211175,3.118895079783929,-15.226869980121855,-0.2991712207598489
24.73828125,-2.8562511523030034,0.4679869399467075,18.712120994334406,-101.02665290441942,-0.1446724406398034
24.7421875,9.532227721647772,-1.396965257871764,-4.7237672539778615,-6.070901587180101,0.26309492454445804
24.74609375,3.380120324413996,-7.288517215885921,1.7882454291671241,32.09403330837266,-0.45536381684347127
24.75,2.787426760717107,3.7388514477838317,6.659089651634722,-4.2339378574261355,1.5580311629761185
24.75390625,3.6766989623163635,-0.4682488408876464,-2.2593476633694016,-0.6059055081421079,-0.028090438915159107
24.7578125,1.0877813462899668,-0.3786482938730944,-2.5879573586582296,45.797402279850516,-0.11387837612128442
24.76171875,5.783209345471406,1.496120035163292,5.608093004324096,5.755377363450641,0.6241971705360962
24.765625,2.0797077173220897,3.5745180787875737,-1.6593270162246432,-0.6177085851079447,-0.20727506484021077
24.76953125,-1.7344250049853933,-1.9489752338530486,-1.1539104167784742,3.8995656580995863,-0.16283122048650497
24.7734375,1.0896587615954934,1.2424030497249752,-4.9813587745870125,15.759071647839999,-0.3820113219561165
24.77734375,-3.532770314303087,4.933703774881693,-3.0520613876150424,17.934578298928074,0.3497943539015776
24.78125,2.7141045732294296,-0.5027606424672063,-4.285404388153783,-27.86931884668273,-0.19031043474816758
24.78515625,-2.9658987961306473,-0.3253079817696542,-22.708842626241903,-5.907180156729202,0.033635644114283186
24.7890625,1.11446486445566,-2.6888869342892234,-9.198708140036858,-18.253874515382307,0.5913484338258722
24.79296875,1.398555837418364,-2.198585553495359,-11.4250944405122,-69.48019122649731,0.6948601843856447
24.796875,-0.6511765267125257,-5.3914412522566835,-7.09430838066128,17.42014481702348,-0.3198102579568007
24.80078125,1.5433345665365645,5.414624569188167,0.7472384104107912,23.780256934355066,0.2718354791361101
24.8046875,-0.8940805243929405,-1.2065642631584428,5.294489857342619,-34.04603584799325,0.1428953007722484
24.80859375,-0.22650079052222918,-3.5760849634554117,-5.830003325865702,49.15536161551461,-0.7762141814933468
24.8125,1.6498920861564799,-0.4768934358334063,11.093177844803055,24.374486881350247,0.5851418146066217
24.81640625,3.5341904547692065,-3.829207400777365,7.415764769225973,-24.88403645050836,0.1723827065431814
24.8203125,5.6805038868432325,-0.9093878090405672,-0.10046215739137132,9.601364840123532,0.04631888005264711
24.82421875,3.002752273369873,-0.9146440268690066,14.304366104666851,-31.766245483651286,0.31393781129814474
24.828125,1.9118985527718546,-2.6908839744996964,7.506655873922665,11.066435642411841,0.5427850551761889
24.83203125,0.7483925579356416,-2.6909266937517797,0.9711438510661048,-48.872368782423806,-0.9054864106993764
24.8359375,0.43569921701746545,-6.963750606622117,-6.851893602811373,-86.39528862502836,0.4171985196967177
24.83984375,0.48334670459319906,-3.3067012499416117,8.542607033410604,-6.477729388709385,0.10283481033055923
24.84375,-6.8624695745243995,-2.824608948233693,1.1045320275287376,-31.11650225634184,1.0409144966482973
24.84765625,1.3978459074717462,-7.931584968627966,-0.8076304965489296,1.4650838987190458,-0.7103787632210405
24.8515625,-4.74257078084351,-1.539642836253202,-7.120228004453894,-21.087656223707185,-0.6386437686694605
24.85546875,-1.8412948653612695,-0.9237858474123537,7.741592919441549,5.973709049907206,0.4413702766092594
24.859375,-2.870491289110436,3.2674269256347834,3.1643299297581966,39.5032573445512,0.0334720766548589
24.86328125,-2.2895471727053134,-5.679283424026139,1.2135434726208087,48.528493468239304,-1.3139029730483391
24.8671875,0.5871721846925388,1.3941189430336571,-10.497489428012061,-35.950630575169484,0.3636154454466415
24.87109375,3.083780933018381,3.8370935326745106,-11.981042479112688,-0.9332139884335682,-0.03895851576313682
24.875,4.740265274681031,0.47330144826339227,-9.00250600336046,-19.8205321719471,0.5211433585486356
24.87890625,2.846378204585537,-3.727662843497713,2.546180966537972,-10.126206448261895,-0.6283541274832657
24.8828125,-2.944479396105458,0.11688260290933697,-7.329830695997334,-26.142028094752966,-0.54325294026896
24.88671875,-2.613356730600286,-0.06447949410850803,1.7653667196739753,-23.179405541460934,-0.39472234135732726
24.890625,2.32294533681034,-3.1865057237251273,-12.075013148161501,-32.97608595861619,-0.48448768170841466
24.89453125,-0.6478314955331643,-3.6555130785031063,5.2043090972406,4.32955285918192,-0.6038202127857735
24.8984375,14.883422267594188,-3.8437205614923062,-4.5412936662518,-22.40118028959421,0.7676848058529205
24.90234375,-2.734848238128777,-2.0166328834025706,-9.335364437398514,-44.607455009054796,0.09010245926260042
24.90625,-5.435511712412905,2.049784993682395,1.3466268250547002,25.832902242491755,0.36866648816197967
24.91015625,2.2313464316967413,2.0823931808499916,8.35441734640851,32.668475537112464,-1.1561270725891615
24.9140625,1.7896798132209075,-4.183219203641372,-3.1134057785393425,20.15975180585003,0.8661784055806301
24.91796875,-7.344946492710083,0.6215673231292463,12.542223374644408,6.578163786362879,0.12418594339011634
24.921875,-1.6466742657027633,0.22790949443685005,4.088505652536832,24.703839723637785,0.6340272483159598
24.92578125,-6.68691344243666,1.3060383876948256,-0.6716849818276982,-16.046385595130356,0.17933147577066952
24.9296875,-3.7818914721201953,3.1797206397673534,8.99124120662429,1.1399396753490407,-0.0015123239646339793
24.93359375,0.6743757203506123,0.9309803280552875,14.366945025466318,15.265118898063502,0.8278875667821194
24.9375,-2.0605022674721307,-0.6129357127052697,1.971945584594976,20.741240125341086,-0.3667674102277107
24.94140625,0.7266916116608604,1.3401973560203906,10.072652260840343,-55.52743540126486,1.4458301820460517
24.9453125,6.249844722478239,-3.369642420221454,-5.555619647843125,-25.923589416845445,0.51582328079577
24.94921875,0.9842578514534914,-1.9572122518626347,-8.139221380980322,10.481371956088948,0.1552797398403792
24.953125,-3.5667846112566646,3.322832652683556,-12.15062122291977,-15.849801705360639,0.12456698256368526
24.95703125,-2.421244062445137,-2.509149086228491,3.254820709261943,46.988296331489636,0.20567202759403624
24.9609375,3.202019377107493,4.31782781152233,-10.504333221799987,6.571446526772622,0.06253137282976008
24.96484375,-0.37868735326464154,0.15949530021323435,-7.747510436632638,-16.28002702921013,0.11550905357213821
24.96875,-1.3556650745745578,1.4959552293678076,5.515595521912633,-46.15758150300248,0.18790849994811898
24.97265625,3.9131838227670777,2.6082151676285537,-4.649619997625119,54.66499156269514,-0.054247284341013426
24.9765625,3.79057104968617,1.112272288394395,8.336281969644439,-39.63253613456105,0.017462062864406103
24.98046875,-0.802548077799221,-4.0619991782848635,-0.9465171172130189,-8.130132017442767,-0.6952516518285355
24.984375,-5.017072753437825,-3.159014568554348,3.3397122301828697,-22.950610969841744,-0.005312835593971845
24.98828125,0.2194008650881846,2.027409724046099,-7.381314127808093,-10.492560289630193,-0.057134751760383254
24.9921875,2.639301032709491,0.2572246043491284,-16.512314411213175,4.428011693217677,0.4144177058603338
24.99609375,-2.6334533262164634,3.5851986423601145,-7.644408554250074,-11.785998417089274,0.8014284971271936
