timestamp,Delta,Theta,Alpha,Beta,Gamma
0.0,1.7469386499332138,3.269114860693703,-13.74065816862002,2.219899487756863,-0.008833093165581741
0.00390625,0.8231783201799441,-1.8145009929132572,28.023628143284952,4.324904114766518,-0.8027643676684615
0.0078125,0.4432890493315878,-2.247483208604047,-72.25637411201761,0.7578667885000008,-0.22058402757617096
0.01171875,-2.751968960752335,-2.968121524738169,21.064668749418377,4.584075222295766,-0.1783688429368473
0.015625,-5.99099512519505,-1.10718781602567,13.277122217213293,9.192129170037047,0.01932107553148542
0.01953125,2.4060669933745444,2.2559432118855716,22.555411499046688,7.831318141808503,-0.3109418437073543
0.0234375,-3.7423620463785343,-1.7324818319204174,75.95197927805745,-8.854163547638443,-0.016220865074356258
0.02734375,2.2441057571539496,-1.287456132662231,42.031591298752595,-3.5229550828066563,0.41804014206546053
0.03125,-3.822295539225172,-5.0036233125511185,-28.6261884045549,1.8722642299991281,-0.08246625265669702
0.03515625,-7.396011788876124,3.626881836485198,57.12777563656226,5.292922904571234,0.2181181497846844
0.0390625,-0.021915596023189845,3.259784303988978,12.531665185780927,-6.277411047346907,0.1891776291576966
0.04296875,3.0739393491250233,-5.524576974776676,6.862895221049861,0.43661010490884866,-0.020484472973209277
0.046875,-1.945657444235417,1.7516149698221615,33.76451882638485,-15.208362349460915,-0.9423240529324327
0.05078125,8.502679970242795,3.2742716703566437,-45.43077760982457,-1.7556305812290458,0.22262224220343557
0.0546875,-5.913015620697821,1.3910091581461377,-52.762052822491704,11.847125586382088,0.4302535880281838
0.05859375,-0.4102717477975399,-3.9985604841172107,39.92390316357617,-3.701872484415715,-1.200211803564555
0.0625,-0.8903568197228994,-2.731201175429979,10.799777996346887,4.068007266835965,-0.7225636115928256
0.06640625,3.656016850076087,5.335768557067267,2.4301358955572994,8.245114119554982,-0.18599214114340962
0.0703125,-8.506675030279434,3.7615209910117358,4.124731166683599,5.291900787526142,-0.5820098289016445
0.07421875,1.7093887163945336,-2.8288652732301784,-24.561769518681196,-3.1375640467303665,0.20686450045416935
0.078125,1.4178413402469034,-2.605740285572559,-40.45607340863714,4.378635326428211,-0.42435818939637715
0.08203125,2.637921527664664,4.970056411059374,-28.085921448800818,-5.4911579779222714,-0.6741858580880493
0.0859375,2.8461626495861654,-0.6236894761050893,8.266585675251186,4.8035643947989,-0.6626142181984562
0.08984375,-6.4413836809964575,2.034745720860797,15.788817344823027,-2.710798470495755,0.3340191232738803
0.09375,3.82752979906193,-2.8020486439300694,25.85054611914971,-3.1276888747462777,0.11850432895772585
0.09765625,-3.1526866371668856,-3.364587732284832,-17.13556468671775,1.1636791897978616,0.3025692665605522
0.1015625,1.6706163728999779,-5.663992038014876,15.610026160997148,-8.234641212435086,0.4817190661394358
0.10546875,-0.7430432313947269,2.9178442371315128,55.56304729586759,0.9141693780303322,0.33279428684140727
0.109375,-6.148571765584067,-0.937043693249386,44.05980885400665,-13.910629311935736,0.2838534824571282
0.11328125,-5.6788570227817905,2.044688966324969,38.623813766303336,9.479816015976194,-0.44686416979791976
0.1171875,4.282977197026442,4.338492650252712,113.85912204543317,-6.4139177442032995,-0.04674202526210808
0.12109375,-8.62121651708292,-0.5332446299604432,27.61453115962683,-2.849762530598867,0.21094837923201482
0.125,-2.9434419974045114,1.4505442239202664,26.44848154958199,-2.1259793138683234,-0.7001404909621424
0.12890625,-4.958780057116271,0.16346102518261174,-4.508710328697976,3.8622621062510984,0.13824871981549794
0.1328125,-0.0017165936255669487,3.496569510345746,32.90260389431835,10.884564415057826,-0.17910274326964273
0.13671875,-0.09542297745338064,-1.569962883112133,12.233223760512038,1.3923433423218414,-0.6898759205971778
0.140625,0.048836768014949065,-3.3322983027330952,-9.621289217134626,14.287343439367952,0.114282322472182
0.14453125,-6.200468331774579,-1.376937290399921,2.315377213696656,-2.970703718355335,0.017278990807384705
0.1484375,-2.5098562370837847,-1.653719997304253,-57.44803357705936,10.400364598605156,-0.29944454625538874
0.15234375,-2.2546193647991757,1.0880490317070122,-51.15243217472981,7.980859618520692,0.4626085803210468
0.15625,0.849888869336619,-4.269165903976455,27.15514975653773,-0.5650770601938605,0.006776685620975719
0.16015625,-1.3687928825074278,-1.7324445379085471,-11.670700080309823,1.8897840865712516,-0.23064080686882807
0.1640625,4.762185043416125,2.433563352272401,-69.33322018954485,-3.5952254955125924,0.35534057744748293
0.16796875,0.14855859339037145,-0.6857911438441523,29.496399904203642,-1.7934582894081377,0.6080563730046163
0.171875,0.4243210909730404,2.1846564965732624,-0.2734286452458683,-4.719801511385879,0.3233752684641176
0.17578125,8.331658320009234,5.891005354930823,-77.35097213759045,1.0102817643055144,0.4038925457815129
0.1796875,1.6196923578443287,-3.615078179965266,10.776243039312305,-11.555720126583166,-1.2682867085413476
0.18359375,4.663927259176082,-0.021711518010592894,15.10843686582134,-4.997121181489325,-0.23198394312956336
0.1875,-0.12260029309356348,2.1905921123340133,-10.635367825709563,-6.2292839101037165,0.09773989359967165
0.19140625,3.511347187085647,-2.7686666539558478,-4.224861407687151,3.2806290201569084,0.699594331235935
0.1953125,-2.735680605355887,-1.9035785855287108,-13.34705398769518,6.689916459225829,0.19436530895090667
0.19921875,-0.7586006511588397,1.1537370684847263,19.290429675257553,6.0360621224777,-0.19357215902720024
0.203125,-0.3856132501839881,-1.8609767398324089,40.31592495441262,2.1621542393080606,-0.46880264844358976
0.20703125,3.9863042386258156,-2.983095377123215,36.812562371819936,10.507352460401838,-0.5938312766391712
0.2109375,-1.1393220614969568,-3.5269109852762752,-6.779943967807938,9.58336121795783,0.7922479990804975
0.21484375,2.1004126031881185,-2.2562978303153183,55.52168687397975,6.314374185815557,-0.09141320278615038
0.21875,-4.026240033067093,-4.446031430272259,69.48789779660464,3.7988026060078717,-0.42298398136417587
0.22265625,3.716656646300733,0.804042183759701,59.986342866636214,-7.25065189593329,0.652570005927576
0.2265625,5.229101128401511,-2.357444123425792,65.13612756307741,-3.3734472945484155,0.512019583078433
0.23046875,3.3610210016407223,0.528935894714273,-4.74048471017997,-7.799095339585654,-0.3681803695126386
0.234375,1.7440255409102885,-2.2601050425471003,-19.763506245601032,-3.9616208881202053,0.3106566374191692
0.23828125,0.8424771905355743,1.5966568332042792,2.8724491807041637,-1.0188853114251875,0.6834172524764193
0.2421875,0.24704389624040204,3.7923413612312817,44.56031996025947,-3.7410397365351638,-0.6680426236144097
0.24609375,9.843273619332036,-4.925618953486773,-24.175964811414442,-11.760860496689181,-0.13721286329290575
0.25,2.2192705123541487,4.311387886693318,-8.200783642408398,5.346693257708145,1.7322589727480282
0.25390625,0.719029229367958,0.24419841739008585,2.6330510570823265,2.0505930716284477,-0.5116000063616212
0.2578125,-3.965001138737534,0.6243598694889732,-53.32368223668922,-3.4523571754252034,0.06690248731572836
0.26171875,-0.040526747753930774,0.23145126149496698,-36.378773620730215,9.397346477478338,1.0018043808555408
0.265625,-2.1445046635463343,-2.295270281485552,-55.76724878889004,10.887277985535029,0.09186652499970599
0.26953125,2.9354138865135373,-1.7563947972359175,-55.36220398771457,3.4071951740628794,0.5337944472168686
0.2734375,3.3585854745607384,0.3635912389195234,-3.1722747324423963,1.3115029106948675,-0.08535424589582576
0.27734375,-2.8101195415696583,6.3699714506677445,-18.047836181964115,0.3870144476396682,0.4640335484756334
0.28125,-1.1619275277209093,2.4499489313353906,62.004503351538816,-0.5390817809746893,0.5526992798085574
0.28515625,0.4808215554081426,-0.10918201279190165,-35.09476693373966,10.865610416554684,-0.1579624955984152
0.2890625,2.876199312391667,-3.763594490918977,25.525601254271173,-0.39033711921705594,0.1089498346413321
0.29296875,-1.4536582243583918,0.052276764428334316,1.4232377405048844,-3.434564097827034,0.6458451038290489
0.296875,5.921935425439991,3.5919571418495817,47.22420996657242,-4.950145217077532,1.446582917517571
0.30078125,-1.426377358151783,1.0702839072980606,38.277119108088165,-6.401537080298153,0.17706283667003034
0.3046875,5.645483219991812,-1.8074196783806369,51.60147357053275,1.1403764549337687,-0.33613675220604294
0.30859375,-3.3791761015563417,-3.6938755685963147,2.574199405034914,-4.153298354804899,-0.6835632354031687
0.3125,3.2289932493074893,3.061186280208958,20.461052311132192,-3.31536784852952,-0.699004935052608
0.31640625,-8.456754577925356,5.819531258371087,-21.287162835580126,10.3380746869477,-0.006774504270897965
0.3203125,-0.8168948826836717,-1.6660011276919606,-39.43656931653124,-2.1012948306800823,-0.12442275145590569
0.32421875,-8.777726375792128,-1.3987148139437697,33.96423539615524,4.907726804371846,0.1414311687221557
0.328125,0.31821131609310843,1.2811011080852173,-34.82414449847549,0.240250402482455,-0.09320568005182324
0.33203125,-0.32474465064567826,-0.6838170256909074,14.383217207589052,2.7404531004911794,0.002714399951879759
0.3359375,-4.0984918095789595,-0.25029686345098523,-46.68897568841034,-5.143755136962175,0.5090410708302443
0.33984375,1.6231389104218163,-1.3083685453807474,17.34205116958731,6.0066854479085645,0.0889167839822748
0.34375,-4.842221543473382,-4.265989390709452,2.2000414728111437,-3.3391432116374173,-0.706142136542696
0.34765625,0.6947707464872894,-1.356520978001501,-10.571807267123987,-5.646847071906064,0.4487198375033508
0.3515625,2.2079827201237427,-2.929715274494747,23.780196842527232,0.767511674064941,0.4131319820859034
0.35546875,0.6396094837762397,2.0030071568682097,-1.4538711255835324,-7.14239241791788,-0.21621859497265067
0.359375,2.1573425223899996,1.3920211798252449,-46.08012905276036,-2.443738710461567,-1.1457724221927614
0.36328125,-3.497981724249501,-3.5818144947722024,0.5566912706517968,-6.728051478708257,-0.33295191735721646
0.3671875,-3.9532620040728705,3.1223236976321473,8.680949914747544,0.8070933839419339,-0.2604465103569979
0.37109375,-12.905368095929306,1.8526371081883588,-44.67101475919476,-6.112106940740157,-0.8497821773687992
0.375,-3.779102663775778,5.249513247566994,-54.89857188246495,3.554864106288044,0.04396193102624261
0.37890625,-5.989624808239752,-1.9771842197214529,-7.673435500793671,-3.2316934583891497,0.5785119060607878
0.3828125,-2.5832419250613556,-2.7532207920635727,-26.598053094518534,7.318721736639774,-0.09368733270928435
0.38671875,-2.180314088750627,-7.412396674301997,57.28534807821657,8.598936275120003,0.9731178509485144
0.390625,-1.3378876866327032,0.8630704680320018,-7.762634928181981,0.6587416049022012,-0.021507508345130953
0.39453125,-5.130618430200828,2.349250708798952,-2.848732222325019,2.5511181365258393,0.12563584998750033
0.3984375,-1.123251872597469,0.5623476308207201,77.16457430696357,7.6902498307483915,-0.5873292432444296
0.40234375,-5.6171448614094475,-4.027951033122875,24.752452373924662,5.873708513558984,0.09829719081537808
0.40625,-1.3703901704864854,-0.35665809815647254,-17.392585236965644,-0.6814104705527606,0.9369796176853202
0.41015625,4.507246803422481,-0.08441883785092588,31.570795622079288,1.1962702807293664,-0.3725424910283526
0.4140625,-7.64742925208346,-1.3606913852745557,-23.0566152596695,-5.0468500611085725,-0.45684521214288115
0.41796875,2.5249408159262554,3.7679311957251778,-18.411611247400977,-6.929254685001135,0.2835187540495705
0.421875,-3.892341556844918,-0.2819760406175465,-13.588268016743344,-3.365464845906081,-0.4009561139192343
0.42578125,10.076800032863828,4.664006635044855,17.004666292104297,-7.151444171946775,-0.4135081051852335
0.4296875,6.894173198596468,-0.10089186162356056,-12.671663348104367,-3.746022309457836,-0.00942084040209011
0.43359375,2.0347559015209518,-5.142795811783075,-19.58577836359053,3.850568906533848,-0.49081413642200106
0.4375,1.6721927692655087,-2.8698751247279164,-40.684817041613975,-2.0408219531879603,-0.04200313090302141
0.44140625,0.18509389657045408,4.448081781413504,-56.63468072760516,6.081897812925943,-0.12330580199320859
0.4453125,-5.4568065486835735,-4.437836538401253,-1.850742262483955,6.649592934017257,-0.027053718941405677
0.44921875,1.7406296496150149,-4.241715028076376,-7.322691336062515,13.97753307094406,0.41197460434679245
0.453125,3.9656203052122225,-4.361258631070067,-1.3520574315872658,5.828413798299045,0.9126827083880562
0.45703125,1.9506505057907584,2.2374950948877506,-50.19074226759568,13.037859494782447,-0.28952514877508445
0.4609375,1.4753964699912487,-9.885124645462882,-15.654787395947588,-1.8522371149390944,-0.050257252072181485
0.46484375,-5.742564549471581,-1.6319378482336875,-57.03069933142213,-18.99938478118573,-0.36611294899172925
0.46875,4.778586171279727,2.6181691072760036,-55.33881466918524,2.196477292719144,-0.33254037742678394
0.47265625,15.091374147844194,-7.420305906173116,29.996897865896614,-7.824341363603835,-0.9180330199450724
0.4765625,-1.3297409239767808,1.7119885685444753,-7.747602164084228,-1.8691006874457932,0.8728101660353494
0.48046875,4.920313134530393,-0.624021348904505,-9.683205705794688,-15.052323968269423,0.9840528252470747
0.484375,-7.567076405015809,-1.9776155865694323,25.058391584775833,3.0327191589461258,-0.4937489756739092
0.48828125,0.9367985075265336,-0.9915668235350579,72.31909423781295,-5.4502357585995505,0.1495116262470616
0.4921875,3.336763510510736,-1.1381350411271751,54.76386930135155,-3.4980240950104564,-0.08406067396169901
0.49609375,-9.807803854410961,-5.012679107346552,21.64509322595099,-8.012242858385449,-0.23968914059420438
0.5,2.66463619804247,-3.4171919303167164,20.85750243117993,-0.8284584610248188,0.6259308221937772
0.50390625,-5.127455432938822,3.771631120778657,31.68358576745293,-3.2720753785689842,-0.15566251376004456
0.5078125,-3.6163489882089377,1.0437067447667185,58.405408087616024,-2.726240044960282,0.5662995011758597
0.51171875,-5.487730032078076,-0.8462271173522258,23.019820386310183,7.724521393024452,-0.9641128951988016
0.515625,-1.5480664270608024,-4.388246231357904,-24.615891807913897,4.070650003938984,-0.5053535749022179
0.51953125,0.5133088134487002,1.0668671465403385,28.49136996401779,6.704144502501673,0.861034569287699
0.5234375,1.4494521492988373,1.5861969792097987,-16.314507943718997,4.497269379002016,-0.808898800014522
0.52734375,-1.8174907442472386,-2.0444808748693917,-8.859220367937544,-2.732189954077286,-0.2651090631043755
0.53125,-1.9381912317239045,-0.010381053106554941,-20.663898092801265,-17.517785992023228,-0.06496026268161287
0.53515625,2.855892831549059,-2.3893874907615134,13.650419748978436,2.3909745840682186,0.10410834703635957
0.5390625,-2.1150104103423177,-4.647555485170686,-47.21882665123905,-5.658505972856063,-0.5276092166248475
0.54296875,-3.4999099781179077,1.448785023454972,-44.512623775675664,2.0491080819683645,-0.42875807415147715
0.546875,-2.932180472735859,-3.5073291738728347,17.12572981290722,-7.503981129447764,-0.34508750595569687
0.55078125,-5.309005858788974,2.2599148547006562,-34.27893803542969,-7.2447274431765125,-0.367057904590154
0.5546875,-7.353712596050105,1.2187072591523436,-27.779146647906455,6.046344635050939,0.6883968562420726
0.55859375,-9.1568389800881,-1.8785269797315016,13.121976589977592,-7.434999780597228,0.11271976391062921
0.5625,4.296761384637056,-0.6788001246291904,13.647645189282654,-6.285382890729034,-0.38103261212566664
0.56640625,5.473631161682562,3.0498280283219277,14.663099106820315,3.889819335914092,0.8265928506993651
0.5703125,-0.2866307088924659,3.909286512779124,-3.508859133546268,-2.891449868732859,-0.4608360736899149
0.57421875,0.9225800598555888,4.589966167650136,40.07318634550201,17.085838992553434,0.2325104140511114
0.578125,5.228610691759139,-1.0000245126973077,42.34555710881413,2.596389252449618,0.49308799957468735
0.58203125,3.597187524282724,2.2826711185082047,62.829187300307396,20.549754964377613,0.022844617151493454
0.5859375,4.8285598537982874,-0.985921441857269,27.847438456669618,5.6426721413022705,-0.06592203850177886
0.58984375,-0.17618818367579142,-1.3861232106050096,8.972847137535041,3.2957326048625433,-0.41763778443939903
0.59375,-2.3414413844784487,0.7477749834594261,5.7050021451877235,0.324428959963097,-0.6914591846529659
0.59765625,5.585498406433174,0.8240381546860014,44.39572148205716,-2.922796696058154,0.9237401911333012
0.6015625,5.7983132876547785,1.4023522498649637,27.034840575076476,-10.831503126182342,1.013662115067928
0.60546875,3.3281670333287003,1.8162146046180152,17.850341547057134,-17.243491083048,-0.3987037161571958
0.609375,4.281474369183294,3.7227213995695974,24.8854032394305,-1.9270252237121603,-0.6186350699613198
0.61328125,-3.5555615603298354,0.7255274579455742,14.076232481363858,-7.119746065689064,-0.6469968419518684
0.6171875,0.34986773714243874,3.052949640653016,-41.26225937416516,0.06447088816454949,-0.7401733608897297
0.62109375,-5.45983437216614,0.4579728014563644,11.01653869916678,6.226244909503474,0.0547381988969718
0.625,0.38465248908029465,-2.5143769908110576,-52.17528855619162,-6.188593989719594,0.5671577588218397
0.62890625,-0.7919891768785193,3.3496407940097246,-54.84566154541074,-7.886516837861909,-0.3761575158841416
0.6328125,-3.39851342305068,2.7188149338499334,-40.50795548072695,5.188643320781159,-0.03688158524928772
0.63671875,4.504301793888872,-2.6195461560720483,-58.15634878534435,-10.430049365168044,0.07243447971677774
0.640625,6.015498269072243,-2.059129007427335,-14.098845269729363,9.075966948941877,-0.2852382972944957
0.64453125,6.315559045022832,0.0657978553860352,-63.65770219011024,9.253412740695257,0.08098135426588284
0.6484375,-3.5824260414206504,3.3335080938723256,-4.183439609086815,2.6027850798329464,0.01920393095850098
0.65234375,-1.491337936532596,5.169728091250511,-52.06563116126708,-2.4659146392213023,-1.2778621229029568
0.65625,4.257931601300776,3.471491392268425,1.5865541298713488,5.750826717670918,-0.8663342231441031
0.66015625,-1.8338632086997637,3.982725898708037,-37.35172714208428,-1.9695404974499526,0.42266428817459056
0.6640625,-0.04614919227335282,-0.17743700254513095,3.3436497376095726,-2.95005281022785,0.7473364766487762
0.66796875,-3.303564035487929,2.606489818760373,30.9145119180521,0.6083769761225382,0.039219817392697365
0.671875,3.837667864683337,3.7230592620958562,11.299983230327049,-15.150504945248302,0.5482043824950686
0.67578125,-0.7284338603947916,-1.4377065938803817,9.47127774492623,1.804543243855699,0.806900156475309
0.6796875,6.680599665791046,-0.796985853286913,45.23306176976604,-2.8371836892786133,-0.5284390734781592
0.68359375,-5.527833797121587,3.6287131402972803,28.353490004670064,1.7390282377836859,0.5808440768339489
0.6875,-7.495538127992761,4.452772568780333,91.97776212623512,-1.6718320815488092,-0.4056301844064644
0.69140625,1.522154542261472,1.9434880665881926,23.24797241933475,5.490458415505058,0.04619799150047224
0.6953125,8.244130661435989,-1.9516277890983105,7.954567610307851,0.7217866019596095,0.8452281115081314
0.69921875,2.5305145441739825,0.23637075582867811,12.254084786279234,2.562549936126745,0.9847328209370226
0.703125,-3.240079953785763,1.0069565745692421,68.58239793108716,0.008949853450626932,-0.3970298242013735
0.70703125,5.804989021838385,-3.5768172259130493,-34.039301194139405,-0.33412809994165826,-0.2693959404456632
0.7109375,-0.09117526714112743,-0.7841346401808209,-52.40701853048961,-2.7300086028042623,-0.2767438975434589
0.71484375,7.450828766170709,2.344933965923942,-19.204557642412833,4.943869146927836,-0.7171935988063599
0.71875,-0.40683209588007707,2.1863252799279573,-85.2273365299486,-2.5359010748216693,-0.38322318720774257
0.72265625,-1.9729304743779927,-0.10095136471345459,-34.199203618391124,-1.7455988712756028,0.8157500800298029
0.7265625,2.9637932793304342,-0.001985961713498303,15.871346402713009,1.814649923123667,0.42283912927839873
0.73046875,1.6813315553772832,-1.886669266979803,-18.677913598388955,-7.02405067761249,-0.14606725370035611
0.734375,-3.3104343317233216,3.832529569892309,-27.909611277663053,-6.259889140681768,-0.36818364820446897
0.73828125,-3.991744588470402,7.1742628502480414,12.649808620728976,0.5658906554725371,-0.5909997802482709
0.7421875,-2.9852432735838974,-0.526351526597194,-55.53551868456966,-3.748644122510891,0.15953357178998956
0.74609375,-0.46100980560719457,-2.549537119628922,-57.66979028758516,2.0022646394672163,-0.09477806856244543
0.75,2.0523030778080127,-3.4336972036202025,-4.588685580807228,8.028492453543066,0.295376321522022
0.75390625,-4.855933091501016,-0.813996044898103,24.41492304646451,-15.494167508559137,0.9072927063228831
0.7578125,-2.8874242743823793,-0.4990739272438339,23.151768874632513,2.713114393540794,0.5560892048115053
0.76171875,-3.341983714330723,6.029453246598299,-28.41849599799735,6.552778481763127,-0.5930269172195938
0.765625,-2.548348376391266,5.3806438228666185,6.323399937692664,-0.40757029091040486,-0.5636420868235177
0.76953125,-4.654370342405611,3.3950460535408427,34.05446741590522,5.901279409725807,0.45229018963569545
0.7734375,-3.7734112825640644,0.8264519585507266,30.16679834992963,13.633122050425138,-0.1790454202154997
0.77734375,2.4774128289405457,-0.9293158351354415,80.61071896412258,7.5272168638666175,-0.2486789722919966
0.78125,-2.179580927456776,-4.488167226959723,-32.733560506331386,3.6557264920476706,1.1085331786732977
0.78515625,-3.7187993989219024,-6.419080091218801,37.10464515277037,-11.514913997290995,-0.22994946129710506
0.7890625,8.8026555554176,0.4994797151707718,24.149210909865033,-10.548915215789986,-0.18744613412127595
0.79296875,9.890232352452594,-0.45545322915013964,76.75993188651238,1.2800873781164634,-0.5836126486768791
0.796875,2.270634004901302,1.9003565763245076,60.192521509071746,-6.553988869376154,0.3523803466889899
0.80078125,-2.0924294186925336,-1.9767553189593112,13.869574116774483,-0.45070443706306085,0.24185523400239214
0.8046875,-3.306886671518321,-4.03759056746668,13.057425194700295,4.010432194214506,-1.3758078703518006
0.80859375,-0.9370831611664556,-3.305412227370685,7.307889703835807,-0.08193403972785318,0.1605412136858573
0.8125,0.5543213344287627,-1.3600124553591655,-46.29112616138687,12.150154371604808,-0.3289432557923918
0.81640625,1.7625590343122752,2.130087347895979,9.55977883389848,15.395868606141804,0.5995649478147321
0.8203125,9.320811811571932,0.8731246398338061,-14.777022970795628,7.684084756007869,0.1399034087694767
0.82421875,2.5819839408550695,-1.1316046538830964,-9.024239796396426,6.152643968894286,-0.5390061834833919
0.828125,-0.367297883647659,8.218962763894591,-58.369697883190724,10.503037877388364,-0.2822651251030514
0.83203125,2.984704136934501,-3.1510421755201703,-45.84284500882393,-1.5601133564787855,-0.2454677889690511
0.8359375,2.1707419896261735,1.8325291871771292,23.27322210799999,-4.336895884185084,0.1287800268081136
0.83984375,-0.6674673582407268,-0.9022144803326538,-29.336274417285956,6.556126929922616,-0.5509957254456983
0.84375,1.1522341275992254,1.769890517052267,-32.34439313664267,13.137470126347264,0.49609789807439186
0.84765625,-1.146261128960217,2.1585905261999554,-22.807349561967126,-9.024582756814265,-0.6615188131395064
0.8515625,3.824116147488349,0.2918497521847268,-55.427682029588425,5.490917667150647,0.17355289779943803
0.85546875,-3.556470164862426,-3.705931678359315,8.343339688327376,-10.801265670613798,0.15103496017223017
0.859375,-7.0613296640271885,4.246579207287521,-10.175378632442355,2.011443641033896,1.155907283589309
0.86328125,-3.474722727323231,1.6796370283716722,1.3248692701817788,-1.805968772837929,0.07668015715223146
0.8671875,1.309334537583757,-3.740100533134263,49.01785145790162,-6.804715696000642,-0.39468690213360685
0.87109375,-1.1336912984766119,2.0244661437353066,45.87607793369027,7.152506269518578,0.10487130183108324
0.875,2.1793599174227447,-2.813352751990026,21.048251186789656,0.3197277860811882,0.31613615986471755
0.87890625,2.8053769088615867,-1.8054510091191251,75.44049553878658,4.174898389702115,-0.6905769951262593
0.8828125,-3.5332025205617974,2.60266653480734,15.275642522769443,4.612527849799825,0.17124406093328368
0.88671875,5.7960024450452075,0.45003871031584186,31.924185898337008,13.283573025276766,-0.4012381589840326
0.890625,1.1471465559162581,1.48541445312979,26.206338193608836,11.993533247083535,-0.2519294696587944
0.89453125,3.8645987411707363,-2.1892835047867654,-72.18662822091446,2.905494384259786,0.12658220483305133
0.8984375,1.7425714023438117,-1.6591269344802275,-25.757535584219518,11.657488930854985,0.05724356976979943
0.90234375,-10.506510104894174,-1.2644677982485653,-42.34236632132298,3.000658379620611,0.19652459000642108
0.90625,6.924473399697063,-0.4527353416082029,30.417169775043106,-3.0929143435109707,-0.30468203783115194
0.91015625,2.5058713860685473,2.2141738457599045,-19.226388219112778,2.903558185874556,0.5168359046039238
0.9140625,-0.6331229527901509,0.1075537448967927,35.91293040434514,2.557736654290917,-0.17334055671757317
0.91796875,-3.4128940267321344,-1.6357133937187884,-69.18771550473504,-0.9383349052196386,-0.47626328223133735
0.921875,0.9101767075955911,-0.7940347704276198,-33.79310257193707,6.560661803836901,-0.1869578651988824
0.92578125,-2.7323322654110664,-0.3362840376734633,-24.054150637530466,-0.5253986996059843,0.5397897854375292
0.9296875,6.373114546853524,-0.40581407760509625,-55.64497616810323,-3.925767582351556,0.09523987962512885
0.93359375,-0.06060869188776071,-4.702701909356411,-26.845936177278084,2.109958430112915,-0.8261841414361238
0.9375,6.730811359694223,-5.840042685499698,-19.40928496152859,7.222400959586273,-0.1567189621134318
0.94140625,3.1165020408235518,3.426798169335108,-13.862993658008662,-3.532280584888285,-0.6738446136958833
0.9453125,-0.5755015648539739,-4.122860403015104,-7.760929463641859,1.2400990484510261,-0.044701922629529794
0.94921875,-4.035905204968919,2.7422791018466968,-88.45561860132432,-3.0507726577779994,-0.4653880800034736
0.953125,-3.0305919727743205,-0.3274140010240041,31.635292058127764,0.8197737711785456,0.2716885451249071
0.95703125,0.9037191781164007,-2.4214086549137566,-43.34347048953321,2.6148511499735707,0.18619029893879357
0.9609375,-5.032297343933591,-0.7470333844399333,-43.7154472234003,-0.515550552896662,1.2569579689830916
0.96484375,5.079028734390679,-1.3171701390639567,75.40315241455076,12.182704143677606,0.39146824139858133
0.96875,0.40790962534255565,2.534205726946048,38.77349896486636,-1.8043067378000337,0.3862974061297939
0.97265625,-1.7082804101169382,-3.7229370050514943,29.196811297080888,0.9154841421788098,-0.5062614702440058
0.9765625,-5.178790623684883,-0.07020242324072345,4.825794843075663,-8.569624784469028,0.11349834408005688
0.98046875,-3.6168517422275586,5.8475019227567895,23.915554098098788,-14.601737389809344,-0.0582573374950876
0.984375,-1.0087502899739107,-0.039731996391207454,14.186254903172347,-12.956201471206768,0.6263644529064604
0.98828125,-5.466937179475834,2.191902606807558,59.07261359845477,-12.769744254651982,-0.29732524257009046
0.9921875,1.7073111300492385,2.086847005322812,34.27530403315328,4.722558523225032,0.30299315304572527
0.99609375,3.2546517187660595,-5.119222662391508,-38.83216818617856,-5.701977472187263,-0.3378411693068429
1.0,-1.0216662927016047,0.6194031100440391,18.079982598683788,-9.9979647281013,0.18049221180070227
1.00390625,1.9164173340621367,-0.8377365492423849,-46.32952075071329,13.059243408579679,-1.0511618414609274
1.0078125,-6.982558284022503,-5.027211570619565,6.028319897158035,3.80207545305756,1.2046681782643627
1.01171875,3.5134514769649625,4.947575394551643,-31.91885543269125,4.756757339373553,-0.3380511698024438
1.015625,-1.5570949880541298,2.42880418588952,2.3520548519923175,0.6282660264066524,-0.14290305014998594
1.01953125,3.743616857916805,1.1879305255738961,-33.91711921855474,6.605735030892589,0.21666507312865965
1.0234375,1.989104776276273,-0.25746345264158615,-21.326992270939044,8.71116505376827,0.36359573744623697
1.02734375,0.8610496520078856,4.668800964048297,-45.74711107020198,1.9370731895239452,-0.15942933794467845
1.03125,-4.733376579618388,-3.0583633808939625,-12.75132614427531,-11.115747101352195,1.083726343534908
1.03515625,2.2459190104986217,-0.9470486060633775,-23.62569961583662,-12.726488579419755,0.8529639160995803
1.0390625,1.4975023580055877,2.39499412188111,-31.001145000714608,4.101755173444785,-0.04123697801467328
1.04296875,1.1072826907503124,3.71633822678666,-35.254581179401356,-7.615908254209856,0.005739723466688339
1.046875,0.8187645596591724,-2.220888184869055,28.59566077075409,-5.483632176942647,-0.4289057080275952
1.05078125,0.31319525638860407,1.4387798105943221,-15.335426674008387,-4.125481278081984,-0.50605046119971
1.0546875,2.5435973156848535,0.7455958362485107,-0.05166073640885038,-14.148339628443166,0.38724712176172416
1.05859375,-10.505768764376999,2.6090468754811162,-37.07444335843593,-7.201224120511485,-0.780040623966126
1.0625,-0.6038659048786135,2.514063637141428,37.211717956156136,1.4097896645143073,0.06733876957709452
1.06640625,-0.03689035707989147,-5.388357603369849,8.216210849499092,0.6145640921783804,-0.5798708585052789
1.0703125,9.049325820111,-2.4771120509572038,26.108999888205442,5.6858149917052945,-0.5954118434441807
1.07421875,3.48926485213565,-2.5139120677384863,30.30481392640391,4.905934107647324,0.05319220880019003
1.078125,0.09068293415571371,2.7975415322141615,34.21537248744256,9.674113331613807,-0.017690484114085685
1.08203125,3.150186055460522,-3.139454111261318,23.04523451080865,5.96096813876496,0.04132940894168312
1.0859375,3.9134821462795446,1.9214875176421096,3.0393682004239224,1.1457659736947399,0.6300044644455455
1.08984375,6.056661598504987,-0.8626849288210244,-1.132982032411709,1.5647603349409773,0.09795849901165393
1.09375,-0.9257326206109221,1.7979710488918594,26.61395777532368,13.392913943798504,-0.37366372925038166
1.09765625,-2.311046966643053,-2.411713902029734,39.428654273052175,-11.167207524612271,0.11164236066512775
1.1015625,2.188381455877356,-0.6353783129263809,-19.09329821974236,-1.2935106897808568,-1.0535596937366316
1.10546875,-3.4470413720557103,-3.000176148003784,9.169118011025581,-1.271519421429943,-0.6328695502183358
1.109375,-2.2738583080437285,3.6571659870593876,44.12422324730521,-3.736351656852457,1.036341279127942
1.11328125,3.5739206017240313,-1.43251764068344,-63.44923562155483,-6.181382271095369,-0.17440119956356012
1.1171875,-3.5346535929542475,1.7856997938433565,-66.51288584077616,-2.5932926386106243,-0.7767085397878447
1.12109375,-1.8898936429463253,1.038414278764638,-31.643815362322307,3.5278703914314335,-0.21569910693231087
1.125,0.4221456025631116,3.0833680207840217,-5.529754994620177,-7.8952002305505,0.15458778500130796
1.12890625,-6.1216208132834415,-3.5670091467664147,-15.354438942412028,8.352643345011165,-0.05535040357934538
1.1328125,-0.5692533324842717,-4.024454041654221,36.613255944178924,-7.768160505676693,-0.7375362718443077
1.13671875,-3.7226844165736908,2.144848759142542,22.778700722841883,5.250857273165932,0.19500899264663774
1.140625,-6.717590636321678,-2.4323480034697633,4.496679736207685,5.850606875799301,0.0016360900132630976
1.14453125,-3.067325959160624,5.166637602247176,-45.130298670715305,-3.8286856687433146,-0.2695115821964881
1.1484375,-0.8809112322700705,-1.3976149695013407,-5.549796645374055,12.996951983777343,-1.2788078675942194
1.15234375,3.714914493907176,2.150930672894704,17.10087961372987,6.313694983211876,-0.10206236638325211
1.15625,3.120557718309533,-7.894029682491068,5.655322573705838,3.6507447515037605,-0.5309858328976944
1.16015625,-1.3300079762482118,0.6023829590018148,5.726481433892307,-13.793984418958932,0.3483311857029597
1.1640625,1.4361657380651207,2.1113374696266236,31.01328548763704,-5.0635806135265575,0.7298784628621873
1.16796875,-0.6574282850839481,0.6371271697115345,-16.48890613226286,-5.194295828125218,0.013386646406374741
1.171875,2.4496368396160952,-5.399709820489583,39.82739090946639,-5.467862724925239,0.02125171948629067
1.17578125,4.195595748428811,-4.2859813117934005,104.41807388134025,-0.2650570363452127,0.43593455782611046
1.1796875,-0.584193742796452,-0.24477454395086623,38.309983887605455,-2.304748703999868,0.5240108568593602
1.18359375,1.7233528658542643,0.4211320408887904,45.92514165169645,3.172024483962642,0.3816466354340598
1.1875,0.564215548291525,1.3437255319253705,31.604171364542314,-7.344712391466845,-0.6129979633026416
1.19140625,-3.868491256633331,2.6706246664185547,27.73251860063536,1.3777679247745196,-0.5909088896238088
1.1953125,0.6458055724559782,4.703856274924426,11.276910899824637,-19.382861661406213,0.042399410471904264
1.19921875,3.2838337384643332,-2.3175034723746233,6.232673725722568,8.915350141902547,-0.023502303858183003
1.203125,3.1543776583748273,2.0013256345640213,0.0835790633135467,11.688030499888953,-0.24207674393844497
1.20703125,2.837584897977206,0.7430198343058371,-8.311998894269188,1.4729796653659255,0.9890480737227252
1.2109375,-4.348686041883033,-0.752055994633283,-35.106611391331434,9.117830482034787,0.1285071334417957
1.21484375,0.5498093386984035,1.8403392597428803,1.4033354641768874,3.0622981047492304,0.5187649706461815
1.21875,-1.3713455525666627,-4.994793065072249,-13.916606895461126,5.997729912520477,-0.3277549302401004
1.22265625,2.611456945494082,1.0154658732131339,-26.37007051884239,6.7327922755641545,-0.2758544664553978
1.2265625,-2.4474170402663264,2.2131042089056354,7.115504903236296,-7.331917265136437,0.14957353381170385
1.23046875,-1.9630869250800778,-0.08635053947847138,-27.45806356254471,2.3445713762468903,0.633321231927769
1.234375,-0.574048427897808,-4.30857053073648,-9.65176288796053,-9.476797705575537,-0.4981086279006951
1.23828125,7.0279288035986385,2.3042903044841694,-10.7053248979797,-4.530689089515789,-0.2533236996595273
1.2421875,2.08738981507967,5.200339156064353,70.94078036785965,-12.223168039089057,0.25024231510362743
1.24609375,2.2938730393942537,2.1163336773188908,-57.21174500569677,-1.9990617165047815,-0.23445404125086414
1.25,-4.17120257296187,-3.0852854614221856,42.284928684520025,12.916644913511055,0.3323060838226293
1.25390625,2.802402346232429,4.346386605308343,73.04522736315354,3.9559759005680197,-0.4639361372083714
1.2578125,-3.154681976741714,-0.907767441683542,46.375975056214756,5.485276559990288,0.7153070198540628
1.26171875,-1.0299590332190875,0.4609118951345075,73.22366589145949,-5.507768754029318,0.1509136308922645
1.265625,-9.228134786772344,2.3600972060528127,1.170834545928006,6.404270561402498,-0.4852267186263429
1.26953125,-2.467098301955683,-2.412577848598322,48.6779916712702,-6.911970903555594,-0.17666862684425452
1.2734375,-0.9640077516330227,1.8001274606127264,70.84931078725342,2.0486753198683587,-0.4299114112987406
1.27734375,0.588170195391349,-1.3619927639522087,38.703913277658685,7.6433461432684675,0.23911851132127884
1.28125,-1.8894364019390628,2.0220945225195344,10.24112634407704,-10.384749469185477,-0.2456445597482045
1.28515625,1.8460634695053089,-1.2124630713337374,9.661878098766042,-5.711956151551366,0.6913936437456455
1.2890625,-5.482171462744565,3.853968384942229,45.31120268090886,-8.877115630025287,0.17039173900137536
1.29296875,-0.9019948617119328,-0.2948210835128626,-11.571919313229177,-9.397120082759093,0.40490151732885454
1.296875,-2.525490432859822,-3.9349656818018817,-39.54878378150918,-8.412532250979819,0.5753132498757871
1.30078125,-2.5384937228055975,0.7486197482371546,21.23418119170117,4.885542943920771,0.21353849280892342
1.3046875,2.696959589221364,3.5269500239419678,-81.97270844858144,-10.954940207747365,-0.9542956828578394
1.30859375,-5.659726714991754,-0.3700923560428947,-65.31766761087837,-4.858500768524739,-0.9019957892057828
1.3125,12.122531316628827,1.4155597150572998,-20.167349973764473,3.3040083277503305,0.24395678603783758
1.31640625,4.278177151358835,-1.2428112714556203,-64.1700973770123,-0.911621703090937,-0.14443091689183926
1.3203125,-4.491236056436977,4.969582050485695,2.01906054074599,-1.1989429659333322,-0.3476999949585795
1.32421875,-2.5868881610745755,-0.18715350518168566,-67.53852642888648,4.073457867548083,0.3746993493831826
1.328125,-4.2993516809726495,3.8705366754562993,-51.414295647668226,14.540120437671533,0.16501641952255053
1.33203125,9.990849258442424,-2.6138841297954998,26.06565571699765,5.437053912849619,0.0011002622229804799
1.3359375,0.7260413904739097,-4.992129757472658,-2.044454860099018,-2.339659307243993,-0.642207077644354
1.33984375,0.4074945741873703,4.98698199401176,-19.306368063834192,-0.23417511820352277,-0.14015028950017294
1.34375,-2.754940311477107,-2.3302841302007176,80.49963894914112,3.7493494937875824,0.22342508140692807
1.34765625,-8.490168211006475,-0.8684509439656294,11.696366946311311,1.991812042410729,0.6776700822051775
1.3515625,3.028187625945827,4.698484097391407,31.930726720676077,5.093228364638511,-0.13733698125435412
1.35546875,3.4235014019152032,-3.2792840151060405,28.487934775097496,1.7989733972690591,-0.8861276307049968
1.359375,2.7418422876724065,3.5893442458463385,55.75497041833795,6.645617754537774,-0.9723409845381951
1.36328125,3.04527796406829,-5.036876355361712,19.95759265394902,4.5947811354823305,-0.08384688126298714
1.3671875,4.106548752001585,1.949421468195006,3.916037221559023,-7.489704962785169,-0.12337001047631026
1.37109375,1.152145371829208,3.799440972229208,51.12788551086406,4.581138186949461,0.19913376000282645
1.375,6.98987443705551,3.63404478016402,27.787996993157677,4.500754660680721,-0.7928843573703718
1.37890625,3.8509671576884106,0.2348966678079444,45.74957786114761,-10.773272643804685,-0.4422560900366186
1.3828125,1.202238897049575,1.646860698696921,24.061745937395738,1.5325354795199193,-0.22191148355123877
1.38671875,-0.0911272825868836,0.13623269145238656,-38.21397075848469,8.397385224031435,-0.6092260989121993
1.390625,2.81881692732349,-2.5245965207904777,-7.622495183536126,8.886939726242943,0.490104858428089
1.39453125,1.7561746080197023,2.756005986944934,-5.94116098509846,5.340275031132345,0.8343274571211454
1.3984375,1.9467117655049992,-0.24536597570450702,-9.643303340762959,10.20374260895258,0.10518792148077179
1.40234375,-2.210237529241009,-2.6276164893695197,30.593935178300768,-0.6178226746065629,0.0926657048126263
1.40625,-3.366948675404619,1.6533977666519046,-19.101953973189573,1.9214289293776556,0.3908976213010494
1.41015625,0.5440669755840147,2.650779188669871,-45.51768835024764,4.092633877597704,0.8661354937205352
1.4140625,1.0737411338104241,-1.6467876005406321,21.761189020249244,-0.7796978700272139,0.6248884940989046
1.41796875,0.1307280262312382,2.470293669731957,-51.51011802527199,-2.4077400089561785,-0.29127945175251646
1.421875,-1.1593273065377347,0.6532361117154274,-71.86639254954285,-3.810325433329638,0.18546210453682238
1.42578125,2.293138598977502,3.467760697098056,-37.6317810290377,-0.8110164253800027,0.024207956783245152
1.4296875,1.2640283919953421,6.079555085247199,1.9587509067114768,-6.2828976738139435,-0.5648245236902547
1.43359375,-7.168301426924366,-1.7339439855069627,18.980646065103038,3.4813429031907654,-0.009457744938953957
1.4375,5.881708176876526,-1.9778609249014596,54.9127853228554,-4.66743556107122,0.5317288316390096
1.44140625,-2.445627406537807,-4.58305478405073,16.90180822784737,4.809000216596997,-0.3636509935732003
1.4453125,-2.2246162421801046,-0.7213319781751795,4.824919196890281,0.2927235868525653,0.7826593640332289
1.44921875,-3.537527823560366,-2.7341929576391593,39.84719339424382,13.844473805796634,0.037226756843346746
1.453125,4.9588093514936205,1.9650020740953382,4.678775537328264,20.195585445100708,-0.9150914508533124
1.45703125,1.6698713829379754,-0.5957513085634851,25.774266455042742,4.856176924708359,-0.008652227876464563
1.4609375,8.381238242995662,2.0404951951259553,30.87643240953314,3.443306581324025,-0.6139755232891402
1.46484375,2.7242182568030997,0.6853573830210968,8.89463852467592,2.3221125407991114,-1.1133423786765573
1.46875,3.8725756035262298,1.1000069513744508,18.63788803781351,3.4120214789322,-0.26457464580696
1.47265625,-1.0810881551184195,-0.7397725698860559,-13.70696040332339,-6.689811457234443,0.9408261689804808
1.4765625,5.545569562563455,-0.6455872512322024,13.743033795031938,-6.9226057961662795,-0.45109550898449535
1.48046875,-4.804090770864215,-3.5132485314135127,48.798715048003174,-12.337302530824985,-0.24860520009791895
1.484375,-4.5332841033241085,0.685272109019568,-21.16805229447171,-3.6298528155968954,-1.620417676230782
1.48828125,0.7795242563471435,-1.923378079964719,9.719544492030096,-1.3273771054138326,-0.032278487147949814
1.4921875,-1.6140963935408783,-4.820849435684582,-39.620053604029025,6.633031721522713,-0.4175568042706481
1.49609375,-3.7445666346561883,1.6097126110755737,-36.70849113060399,5.397619426285066,0.47157620970613073
1.5,-2.173199511743707,-0.7010736898548657,-14.13259136512886,-0.5973279166377423,-0.4221729323578643
1.50390625,0.10094253097340572,-2.690255695792934,7.95688019785478,-0.03089535273615973,-0.23672069794375517
1.5078125,0.12706045307365246,-1.2172096274311435,21.02845989599155,3.212230018676882,-0.34300209600814585
1.51171875,2.7762007385330256,1.9610170328306036,-15.282842460691693,4.844659023274625,0.09197311374667017
1.515625,1.7763091290052169,1.638388504629827,-38.79917884410117,6.0199899935426835,-0.610276915690603
1.51953125,6.2623170493418385,-2.911345968206964,3.2676514732761914,6.696729376000096,0.025379563822278333
1.5234375,0.3530005469990145,1.0897420521612582,21.39892476238177,-2.442413644330713,-0.08713031410564771
1.52734375,-9.152697826888721,8.016309743808161,5.907075842809325,8.766780870928994,0.3474441080236573
1.53125,5.213076006317639,5.212458052623219,16.032510592596253,-5.708949625064521,-0.8820296223581284
1.53515625,-1.021062879633617,0.4773571368753902,42.45977611854671,-10.713247437164412,-0.48632565146442597
1.5390625,-1.3573637750279044,-0.7569123412121884,-43.42163515515988,-10.482813243084784,0.0980049561713199
1.54296875,-3.991515726882669,-3.5567075804843347,15.016236716318668,-4.683515724894687,0.21967042648119464
1.546875,-0.8330990204577626,2.2289544936906585,18.554470400075836,-2.201205592988204,0.21153737084171503
1.55078125,2.0038159147292576,3.5564949664105234,51.28433584370585,-2.8985356703567153,-0.23907346546962127
1.5546875,-0.8183582517800888,-6.53111636307051,54.11260898466376,1.3110347275239875,-0.7595938071389318
1.55859375,-4.4598939326784945,2.989118865511395,6.625809875398275,-2.8971304171218444,-0.1389303667810425
1.5625,-9.624853780262415,-1.5252546445185293,5.128356111247626,-7.238446199559036,0.18381202601973623
1.56640625,2.0584222512024435,3.564314012171596,-12.27856005987714,3.8142649340795236,0.38274131331001515
1.5703125,-3.038389317231767,-2.929744168329617,86.42635027603023,2.4443180598260525,0.13453007135440853
1.57421875,-3.9823659928440582,-1.7026261316320528,28.457600640331897,0.8708443403274333,0.8205148601643181
1.578125,0.6918668674845395,-1.6140668340774402,31.37160201695908,2.960154890908198,-0.39065164893103277
1.58203125,0.42393923360765856,-1.7106210778505664,38.938659144340164,3.972725322348251,0.11890167183665319
1.5859375,8.810789455338291,2.0648494951483354,-65.16302952401904,12.009994535215966,-0.14549393086133766
1.58984375,1.0029922014052168,-0.7481904096681228,-55.40994644808687,10.252163578771755,0.263278088237779
1.59375,5.825139181335021,2.9854741692585005,-8.276272208134987,0.45677108258394017,-0.010575809179931001
1.59765625,0.09783664823603584,-4.064109568530497,-71.750335404377,-8.466059947477865,0.13311938441243595
1.6015625,-2.239056385140539,0.245072247395706,12.595668457749717,-0.6384373658883016,-0.8347088645840242
1.60546875,-2.279644375069009,-1.9838757841461165,-39.27463631191257,-0.7188222324071312,0.08228479277878092
1.609375,2.3338784282668947,-0.7265769520980815,7.227847852469527,-10.496593578353004,-0.305639025401964
1.61328125,6.441856230123182,0.7162777082996672,40.664987410875064,-2.1074638690950662,0.3501617734428514
1.6171875,-8.205708463277148,1.568972582706778,46.72242979513014,-6.5813441670901005,-1.0756488010354066
1.62109375,5.372061913405015,5.377730781057484,-29.412543123547447,0.8849436237085953,0.7862056665708479
1.625,-0.8239859865323067,5.828542838640438,33.84753712127951,7.894055896469511,0.4704794534524604
1.62890625,0.5412742915940192,-4.3504695260183786,-7.962871309914835,-5.080228693690067,-0.04569581705102439
1.6328125,1.042583090279823,1.8476564580923878,24.536541790759124,3.4614731387415816,-0.20349462458258658
1.63671875,1.8549921078785718,2.4131543457010314,2.8811333263542913,10.130436596698274,0.07501073428365194
1.640625,-5.045623132922277,-4.593337091130397,29.767657057061264,9.689079590892193,-0.7096729698838845
1.64453125,2.9040350159902726,-0.5591519122867104,66.6469524057939,7.40089397654309,0.6301986104920968
1.6484375,-1.9135266875988393,-4.706927869692014,20.37177586906485,-1.8280145829911163,0.8157031214747492
1.65234375,0.17783352596109614,-0.52404551978958,20.017175126195056,-5.051035885808364,0.07860764951205988
1.65625,3.5510394922472237,-0.9651164364799201,75.13783860076477,0.7121314912080243,-0.1600207637308009
1.66015625,3.653118573110626,0.3887660065982036,-17.47647795219015,-22.589718805156988,-0.4504055582473647
1.6640625,-4.394242478657239,2.8195699474625826,-15.47319552358243,-1.6047439295169803,-0.3048845237587491
1.66796875,-2.421773522326093,-6.117979264515407,-31.152758410459956,5.962294157283823,0.15815008740384087
1.671875,-7.631365507392653,-3.332995885001921,-16.649370314355533,-1.5664073449853833,-0.10704395330699437
1.67578125,-1.520832066837584,-1.5017494544901016,65.89310739473166,-7.371223992993837,0.019574309196590794
1.6796875,0.014561454318689012,4.092458448593516,-57.07852159783446,-15.818903963122986,0.4104530300313215
1.68359375,-4.045572582091796,0.9113568431307371,-6.439569628204449,-2.386440860445254,-0.4992831609404431
1.6875,-0.5693122332457711,-0.9818851860670221,-15.586837428361072,16.11596339419621,0.5699744207042118
1.69140625,-0.20312928903127578,-2.5196961500615953,-24.319067505940936,-6.935436109968909,-0.29473915923701394
1.6953125,-7.088965429218976,-7.221840284476696,-9.772097960277275,2.7466927891396304,-0.9860225697058513
1.69921875,4.074989881154813,-0.041665052917836565,21.364807085594435,5.4390035922059985,0.3955483246194935
1.703125,-5.412805647108787,0.6610598886326647,-25.56651509843328,1.7210230165293265,-0.4388022777499782
1.70703125,-2.528145033229678,1.4164749129421372,-15.532733819228074,0.8394114919644355,-0.21439750689884424
1.7109375,-0.10961154068107318,-0.6820537962402684,-39.624673343540564,10.419092130031835,0.11942417976027461
1.71484375,-0.5344460667212478,1.8378351250569904,-38.00779363242836,3.020940190882656,0.4827138090026518
1.71875,0.18552265282573913,4.407009508256292,15.018966249782974,-6.898742473692604,-0.288886651569408
1.72265625,11.08286389729211,-5.048721742758892,-34.44484517001039,-7.765662710542431,0.8674395648337311
1.7265625,-0.19525777458345642,2.2034236658445803,12.795108816319704,-0.3668017870267781,-0.08512086886995684
1.73046875,-1.626979084449679,3.0241435193350137,38.9088735286437,-4.555058695519134,0.06864537054584711
1.734375,-2.140265350310684,-0.355754674837511,-21.622102964782286,-8.283085021169782,1.536723245898518
1.73828125,-3.279012290039687,0.8143235020513762,-26.34491502392541,-1.1183193005042122,0.13939832721158102
1.7421875,4.107487798902532,-2.367586931057551,24.822418437856186,6.026212898940592,0.7774070996290566
1.74609375,-4.2119408535280485,0.9175334703356849,-14.873533324604402,3.09114413915663,-0.17010170052722046
1.75,4.045333485024166,-2.8949256878046192,58.35401875361155,12.597206290931519,0.5655369598231633
1.75390625,-3.0723638205173796,-3.123170611631352,25.166376821566274,5.7985535019514325,0.2793132900343796
1.7578125,-0.36536826825647817,1.112989766454981,22.124820270071538,10.202221817247302,0.39391483219092044
1.76171875,-5.334884510961437,6.166151115326583,-16.651455000253254,-4.925797978800007,0.8334584879690365
1.765625,-1.5672091594494284,3.971231556424448,-21.052421428423756,1.7520521131531588,-0.5021770523185886
1.76953125,7.124248942900289,-1.89404481253747,11.587843472529519,3.1670228541520036,-0.3432256265437428
1.7734375,0.019130724355134698,-1.4968518898467018,-5.627298736773287,13.75144766869879,-0.6202639029716323
1.77734375,9.715303706975275,-1.2795730416340163,-55.62929423663989,12.17697491381604,-0.04729546988693999
1.78125,2.7798126830589154,-3.1419684951229447,7.476639478172817,-0.9513009067288848,-0.5887602341343923
1.78515625,-1.4913009713741106,-0.6211191708361008,-44.747711807810035,7.345437354647925,-0.22190392209875803
1.7890625,1.0789616459941995,1.2390296895319146,-5.597092815608111,2.9935713572090807,0.1366276564361954
1.79296875,0.421473916465879,0.8766772577921901,3.6371737942760305,-8.300704742171117,0.6190311300689605
1.796875,1.237485256650159,4.281069996799027,0.6381963671501012,-10.755991344886278,-0.41847743436314827
1.80078125,3.8040482370683515,6.000600761746599,-50.36318153453891,-9.01665941899296,0.5786869678451593
1.8046875,-4.820820762124691,1.5589810336478438,-31.769251033643222,12.216016861524272,0.16744178146995575
1.80859375,3.944599321466073,0.14960761685508245,30.835813244397883,-4.355947685462126,-0.030830400428858824
1.8125,-1.7435675223219689,2.888550425944664,4.416999294411717,-0.1877086931143068,-0.36226875754934196
1.81640625,-0.6562679797531261,1.7801022811190468,28.82953699576766,-5.111157403813937,-0.0010750901556107154
1.8203125,0.4683465226695753,-0.26298686001470034,6.284754799384446,-3.3699211830991924,-0.017117869137412534
1.82421875,-2.486147672319951,-1.0946897730808254,45.30977151714194,11.80821685890254,0.16772261023172708
1.828125,0.10041315148529764,-2.5288210683995374,-17.77907024752823,1.5511259833394893,-0.5370840650451884
1.83203125,-3.0032824994786904,-5.152327307526836,12.118132749695038,7.387396110023214,-1.1313397496882454
1.8359375,-4.8966914214885975,5.3926532447973266,72.69547956411978,7.495568268017271,-0.6919243967777322
1.83984375,1.7864938639261638,0.4775835177644576,-31.49092707183139,4.262027475359893,-1.0265901023979944
1.84375,-6.788804611064197,1.103724826767892,61.00542760679017,15.709821999926081,-0.9101351996129332
1.84765625,-0.2945291844232617,-2.5603160597352996,45.704852404763585,-3.3421857055161106,-0.5140103774542394
1.8515625,-1.6272316823814978,3.1533140646808313,32.166026192413355,-2.179371955564497,-0.7887757354976956
1.85546875,9.680497264954361,1.1113616530322425,-62.687956655947374,-1.4471195577913094,0.30476859282880175
1.859375,-5.265460966691256,-2.060820928040533,-13.906594912298033,-2.838074992834299,0.9611627902249898
1.86328125,1.1196499719980217,-1.2681061830071627,-40.17876161279287,-8.399150776811425,0.5400223480079939
1.8671875,0.7422001552956342,0.6316139571134716,62.92510503096508,-8.806082037932057,-0.449917045503596
1.87109375,0.7652498251446038,-2.9342447770244737,3.8617765845396157,-2.9813137583916496,1.252961516619421
1.875,1.0385545945961512,3.90164214139012,7.930765294688474,3.7281581253113836,0.23068270600872662
1.87890625,1.2378866938813364,0.22323136846922237,-36.461765338705824,3.718127654463022,0.016482468681783626
1.8828125,-6.447378971899266,2.345979808617993,-1.41439410897042,5.088530312473624,0.1803633585449486
1.88671875,-6.1843532049756655,-4.9317664254200215,-34.86485300565956,6.52993992512792,0.35703577061820624
1.890625,16.120160100744194,-0.7330651446030594,-70.60408483175708,-7.3847215850608485,-0.43126083409769456
1.89453125,0.4347316514408092,3.217382080081723,32.32271373831127,8.24156474724179,-0.3401638614919678
1.8984375,-10.576604599981332,2.069135067469812,-25.437577689010723,-0.565473287446669,0.747164037382435
1.90234375,-4.548359198953377,-0.0577051845173641,17.557423496313753,-7.375259034256006,0.25496938224773347
1.90625,3.4235905373700697,-3.3834112429986263,-20.85112507090069,9.721560766854983,-0.24855436828162628
1.91015625,-4.691064705205285,3.450422797444543,11.125472905637949,-4.001696121566019,0.11706107364618291
1.9140625,0.20343774315893806,-0.06501969818596208,-15.985552986487594,1.484285006841342,-0.5878239108542114
1.91796875,-2.442098273733087,3.771564041260285,7.036670657017384,-16.95314090453661,-0.6995685383249012
1.921875,-1.4011984873705872,-2.4801343802593725,-14.378077048127782,-4.928758388996976,-0.019336957401568416
1.92578125,-5.0888935302293,-2.4670621520592033,31.893873132342513,-3.901958178688671,-0.023977987948033762
1.9296875,10.883437750644264,3.5698167860355334,24.98163227187256,-7.149751540101761,-0.28293154475931526
1.93359375,2.4160344188442564,7.40808286876347,53.266883523717084,0.3086037568071507,0.43369234084461433
1.9375,8.302333756598463,4.2045403348615435,26.79530533296469,-4.462344157169858,0.44619442300214035
1.94140625,-1.0824872222586588,-1.9588831372705489,15.223364960731,-7.949368090406719,-0.40941522713398554
1.9453125,-1.3170997143829233,2.917122738346464,25.014863194358917,-2.298422302929221,0.051001117579737194
1.94921875,-5.452177623112389,-1.9451715436900106,49.0037871165123,13.178928764060005,0.05622443309873696
1.953125,-6.633949691178402,-0.6077882179905526,32.45424006871727,10.193972699678763,0.5685950261789119
1.95703125,-8.319937845029447,-0.33745257426344577,-15.669557414036829,-3.485829462020987,-0.19608524377853243
1.9609375,2.277788397101325,3.3009668326379207,-89.03610920687085,1.4332026582585524,0.37187442149285693
1.96484375,2.0720655770304672,0.03117603783355255,-74.27952530382353,5.275276942956759,-0.11273272190676284
1.96875,4.401478556570833,-2.6421489052368266,-42.22840296195306,-11.136081300672737,0.6846119098203327
1.97265625,4.496786937735586,-0.08905433836558044,-44.97361151540256,1.3265994168422377,-0.02734612930486371
1.9765625,-1.2845807712445187,-4.1556097837239605,20.94922174609227,-2.8866485393893706,0.30823831289716197
1.98046875,-7.524866591836834,2.3366195366309324,7.838882693099933,-2.5774805043623505,-1.0852022454908143
1.984375,-6.413279509470789,1.4511873895662872,-37.20605201000545,-2.248101539278926,-0.7396537224875385
1.98828125,-4.0843973656849935,3.9332641499568792,2.829874116618388,-0.9435536259646491,0.33728050834339224
1.9921875,-6.9361696473737595,4.726989520294307,-24.646078315426877,-0.40235996749487546,0.4225609336981987
1.99609375,-4.418727571836906,0.5287572742922133,-2.4833346814494917,10.334723559505951,-0.19128540177661385
2.0,-1.242229151805644,-0.6415379336069518,8.036554989163035,-6.407655460752848,-0.2354731465764259
2.00390625,-0.08014503982879571,4.476248321452706,-4.8255081384711245,7.499827928943549,0.8979393976142441
2.0078125,0.21777520670767103,-0.11834676196464744,31.981063307080312,-6.739167037687747,0.33380055452817553
2.01171875,0.48011426917642325,-1.7969158953548794,53.560722675152775,12.316584199519337,-0.10601558124111234
2.015625,1.7130694280391112,-1.4230158873716567,21.05530988448436,13.618433294921504,1.0494820979774844
2.01953125,4.646491345374497,2.048784717681727,41.7578860317656,-5.374374336580756,-0.7557990096108116
2.0234375,8.880160182485652,-1.3613960922533483,2.5966388228027597,-3.835986203470326,-0.006757666665389849
2.02734375,7.819767368415075,-2.478673020534269,7.792332331716942,-3.0348694424452636,-0.10342916001743957
2.03125,-0.4038122311063084,6.223475103224903,70.8268753831312,3.279829231273651,-0.586883729039349
2.03515625,1.5277159977695387,-1.2737845662682052,60.868089210968876,-1.1266889564599527,-0.2451001916956917
2.0390625,-3.9583548165741664,-3.3639385680760148,53.02227033198629,6.739937198194591,-0.9024067321155504
2.04296875,0.9859512969510282,-0.7871358099492222,50.479319410761796,-3.009920784801112,0.445149747040694
2.046875,-2.4857799116698307,-2.650422105958444,-13.750375963402194,-14.628618712048032,0.5685668952952331
2.05078125,-1.8851880035814552,-1.1189278648687464,-7.830735946079564,2.951113823157647,1.538493663088459
2.0546875,1.7888054961532025,1.3100021530211428,-28.371152863348733,-7.869270674441371,-0.6216194012831924
2.05859375,10.717312522609374,-0.9435815970226018,-26.182253767550016,-5.446615191133868,-0.07880416628138417
2.0625,-4.400098684991185,-2.0582445663004147,-11.852945597632756,4.220535409871571,-0.9264904572296072
2.06640625,-4.823861064228006,-1.3377699672075893,-12.864329544556409,5.667811046856113,0.13993201132123279
2.0703125,-1.5012929544508977,-3.5359903075590307,-13.746871314559549,4.02671394326954,0.10233628669534178
2.07421875,1.170133323984726,-2.139765224855442,-25.155425966102026,10.95400783835824,0.03146079853601568
2.078125,-0.6488592583113023,0.40675674821067825,-24.961767793014662,-2.2409992979970372,-0.16847637827208872
2.08203125,2.480395050313825,-0.8775382110756419,-18.441698628404065,1.5366802947191873,-0.01946224606535739
2.0859375,3.3555906592548044,3.5677147187780998,26.81395467073126,-2.3586871641572094,0.3291010047642877
2.08984375,-6.822749969986254,1.6421818097289762,-2.8744792879759613,-1.7315207472093643,-0.36731221559907473
2.09375,2.48335833302879,2.4503169143132895,66.87603524270358,-7.357278034151455,-0.3385735756382463
2.09765625,1.8820618524445054,-4.092092926323471,-63.68937868160559,-12.816475881293412,1.1907820379702063
2.1015625,-2.1072941756766164,1.4279596187926398,51.86980995556145,-2.1009035682150863,-0.6509345447971338
2.10546875,0.9449370228467426,-1.3297494905134173,-18.136229057994754,-10.25168720028946,0.007051976005612204
2.109375,4.522636420571658,2.278678424580301,0.5153598085292899,-10.03646867128326,-0.0350699884180477
2.11328125,-1.9969494506929155,-3.044153300018867,9.353589494918655,1.6598622725776866,-0.11010031719797835
2.1171875,-2.0255133606328557,-3.5847559116650047,21.024369389249344,-2.60912515818625,-0.730938577111736
2.12109375,0.44943609871079676,-0.7836551425963021,52.65643376231664,1.0082790403596726,-0.30558363223236606
2.125,-1.3557178184147736,-3.3457045335191706,-15.957512332021139,-11.03287133167118,-0.1480196202837164
2.12890625,3.5760616969429235,-4.363136049233283,23.155216213793626,-0.9676984467014313,0.8037461570422132
2.1328125,-3.611801044378044,-1.7920218850847718,-16.135713039670467,2.4410001728215165,-0.19968458287291788
2.13671875,6.788611194335414,4.678415366965053,34.93700069350174,-0.3543177411880949,0.42881917526201835
2.140625,-8.043810382130166,0.3226077929189078,21.523670489822546,6.384465135835251,0.6065909394120693
2.14453125,4.450686471118184,-2.974704441853678,-45.95624132490969,14.218310623800942,0.9719798737585469
2.1484375,-0.29546420663626105,4.722997279834537,1.5464204252803544,11.86737539734339,-0.25346313582405383
2.15234375,4.608907066457001,-2.4544977076215932,-6.208146873951867,8.32162618044569,-0.08585579392262618
2.15625,5.347366172964801,-2.204735880501316,56.099643884075974,-9.53310598517872,0.2833200787328218
2.16015625,3.463565403186653,3.1839640955911857,-23.248916866514676,-0.5361635386709096,0.6383926418697299
2.1640625,3.078788322718128,4.185694489829637,32.44514799539324,5.541619931209677,0.24286069131671123
2.16796875,3.5451576713836523,-4.868641592544353,-5.93395755667337,-2.0179424117970997,-0.27999801785496015
2.171875,2.4403209134749484,-4.916037272106225,8.376141328993079,-9.7616335637282,0.9073134953366143
2.17578125,2.2403571568729115,2.254194395128345,-66.94183173446254,0.6849621222487996,-0.3855287623578882
2.1796875,6.693193649861451,-2.0383129029036846,-77.70521602070819,-2.253241079800054,-0.19962868136527911
2.18359375,-1.431985011316951,0.11416760288217585,-2.1130482252125855,3.2425009887770093,9.407520771177032e-05
2.1875,6.198541910037553,0.0988864819167343,31.64595872390743,-0.03410465664974425,-0.2549777440695108
2.19140625,-0.2670384773803831,-4.5338292972040914,16.953574393669285,7.413413099939941,0.04129265035463235
2.1953125,5.377693199773657,-3.9737002913413333,4.862561250995421,3.9806925960918544,0.31763589653661606
2.19921875,-7.810036014337782,-2.616969933909249,-26.041307380017567,-7.218766485014347,-0.558890321197472
2.203125,5.016181730798959,3.4669911007233614,58.53525394433625,13.487874305447134,0.04344218634670587
2.20703125,6.9193092225678035,-1.9747057931656935,13.877033792463093,7.494065621528601,1.1743948513925067
2.2109375,5.072770666276909,-0.7123935328666978,35.606669826846144,4.114710933146157,-0.0556384997495932
2.21484375,-5.869844269661562,-1.821343769781902,21.57891253857867,-0.11056025003635739,-0.13284230868222502
2.21875,-1.2381310847633131,1.2665900085648427,34.89236326902423,-0.7469487113757082,0.06151590952627205
2.22265625,-0.3894575923001034,6.65881949520808,-5.635326912822251,-3.88144581347467,0.35641137420869434
2.2265625,2.9776466838847235,0.964657135361568,-11.139737946443503,-5.831029364964489,0.0474568714781099
2.23046875,-2.8241263448044824,2.762141484666019,34.40835328787519,-11.869657874941264,1.4374296826878834
2.234375,1.653002250124107,3.1281760254059665,38.267886813727856,-3.0649256756836776,0.40452741702251016
2.23828125,0.23847744233521836,-0.09456505924095385,42.29338597706928,-0.8523466989947388,-0.47703272423093196
2.2421875,-1.2902124460910978,4.310196085057538,22.576063956740096,3.343255477576152,0.7086884542666427
2.24609375,1.7115349689637185,4.702249500774293,-23.855508087494236,2.110650020329479,-1.0394089462635796
2.25,3.124189458336597,-6.283012419645118,1.4511215199659482,2.583500990434742,-0.4129463239642538
2.25390625,-3.6201707726323753,-3.253213096486588,8.895091561513219,-0.053270742232733204,0.1867457657978668
2.2578125,-6.421130624300029,3.228664642094924,-60.858956138294914,6.349232243628309,0.6198508126937496
2.26171875,-5.110823614705882,-4.2484457076850735,-52.8192499054231,9.273114558445037,0.25687684241860276
2.265625,-1.5926890930988422,0.30106800895242797,32.44150968671743,1.6231304112850542,-0.5441225769158368
2.26953125,1.7890828945449904,-3.6348069875340245,-28.312863322185564,1.0123256302705381,-0.3195179502205328
2.2734375,-1.28845948191002,1.7144758055593434,-29.19673561370082,2.728602707706343,0.1573048207810357
2.27734375,9.637506528117932,-2.69500145134494,0.7967916233324228,-13.707164728113817,0.8210258078471641
2.28125,4.481061185176332,-0.3823010620451144,-81.47804224849904,-1.3144993743061042,0.12779787268463857
2.28515625,-6.51457673566244,0.9023503808648942,-36.29074823742757,-12.46908500700024,-0.15570662959037013
2.2890625,4.948904083918031,5.185852956610907,20.756566094187807,-0.03384779025642359,-0.46054321925898317
2.29296875,-7.352605571941372,-6.780423964859091,3.389025663765148,-11.297997842497878,0.1417884683757824
2.296875,-1.6554304257662429,-2.1947007660560636,-16.56698006933606,-5.687197070208131,-0.5109507733672342
2.30078125,0.19226026380402866,-2.3000166347227182,51.159104097953815,-9.00417656936687,0.11682284741521781
2.3046875,3.63378526016727,-4.199715469987682,50.40475722753426,0.5617028777632744,-0.048433049404627386
2.30859375,-5.508940222675767,1.2090630283452373,31.092383399384588,-0.07775224795782254,-0.9736842278723885
2.3125,1.6677290981283344,3.8922827739704875,23.59182115300644,-3.8024718598630103,-0.5944083754796404
2.31640625,2.752285436479266,-0.49626091914677073,10.381042103506068,3.6632095381354715,0.3468689507715171
2.3203125,-1.2923474671648325,-3.4267814587962433,19.643722900056478,3.88611101615325,-0.3727789034954122
2.32421875,4.659856691793035,1.6361813560733078,33.761011773189026,-2.5886393251799724,0.35104653686442067
2.328125,5.198740869237041,-6.692770929638602,50.523111836337954,8.215411998035743,0.3419644547008438
2.33203125,-3.4091314868702294,-0.2168187683563796,14.034584299043948,8.186916777592385,-0.09722160598433505
2.3359375,2.823283000910932,3.3290650228603074,29.753633198448586,7.3554672744903,0.16313197670479312
2.33984375,-1.1516856918958902,-0.7641415974101822,-20.925030877179537,9.183766999065337,-0.3057525643604497
2.34375,-2.5515644508867137,0.7246264182040068,-20.572418677057957,-13.904780671071734,-0.15632192397956374
2.34765625,-6.145383161798855,4.562024048099045,-25.98967480454936,-1.82723619012285,0.6863273070555886
2.3515625,-0.505908742240732,5.744169451142055,-32.42883877685018,-11.017439763132444,0.47210713094567763
2.35546875,-1.1363568354376046,0.041123036627527046,-23.423075633953538,-2.9729533754169606,0.13279757005074652
2.359375,0.671521422609467,-5.913377922882896,9.943197959499717,-11.253116421631526,-0.30152277139753014
2.36328125,-8.639914741610914,1.66039599701946,44.9494069139009,5.760305288940772,0.02374149566819252
2.3671875,-8.412027738987911,6.25359082330318,11.0846864831244,8.096566685536148,-0.49590929617530954
2.37109375,-2.6846448430493015,1.1680604820128742,-28.509486929314967,-0.5551640572668418,0.37152187365101685
2.375,-0.626130259911516,1.5198704048230653,20.827810326317092,4.304663010687209,0.016592931910877785
2.37890625,1.2870525189203639,-0.6484742991631577,-24.815995001612666,5.527255650736217,-0.6722552880987035
2.3828125,1.3250326033605455,1.838677954880064,-6.305133998893858,15.497637405557303,-0.001922398370418213
2.38671875,-2.236832542999339,-2.157599159013417,-37.362267804442695,17.240956499677395,-0.07950734670278066
2.390625,0.37590106005249885,4.138882965887889,46.25590924210486,-1.1634023129532993,0.042983835694040115
2.39453125,-4.290264172731971,-5.613193594257572,31.03175768069245,4.833292731881963,0.3150756613216945
2.3984375,2.9385071060962127,1.8645959990094738,-4.700995821152485,7.843536987204363,0.2576567304597454
2.40234375,-2.9728236379720276,0.6471279886554994,18.061833774520032,3.6234317670450906,-0.12592111249717736
2.40625,-7.385098103765749,0.7562210030008665,4.5041959584899445,-7.023707982946826,-0.5010659440992369
2.41015625,-3.6325120919716123,-3.0469729360135296,-30.29353817120339,-10.163413229384247,0.5523722453803047
2.4140625,-0.5771946818636189,-0.6735633880420866,-30.710407629605825,-3.791265697201143,-0.6052300130822273
2.41796875,-2.977364245942871,4.798012715484605,-9.687099634034901,-1.7503516754430555,-0.43418908747960117
2.421875,0.15685920958509408,3.8349455897040645,61.32036012498924,1.8732604620935316,-0.18069678057698627
2.42578125,2.228380980720615,-0.1947407653226198,12.942473753720545,-14.973982581685014,-0.10010511870711455
2.4296875,9.324274715956141,1.558281724940811,19.329659231868863,0.8427403510649656,-0.11562403545179294
2.43359375,-2.2696122326936545,-0.49138056030378785,1.4321954844591591,-2.025958117645089,1.1715466375969745
2.4375,-1.6492091325225002,3.8080463855570357,19.81609138259096,0.37045869084002764,1.0656643081672377
2.44140625,-6.421962706010567,-0.7460679028280637,25.74497560178579,-1.4880154741335883,0.2970609243963087
2.4453125,-4.479300833816292,3.1254522189256337,-47.288326424453714,3.5957321559398108,0.12527491463978407
2.44921875,-5.589633219155968,-2.553586848188166,-83.69614657637811,-6.630603575655787,0.03829817341205628
2.453125,-9.937182934956617,-1.3725102994963532,18.43555062515643,2.738964177491467,-0.3052819751688486
2.45703125,-2.754618211813738,-0.22798459173241745,-32.50440519586671,1.8152949869548682,-0.17762112750696443
2.4609375,1.9940008432618024,2.662613770284784,3.050896049309454,8.915502658214367,0.12730453192553484
2.46484375,-5.7027067410367,-0.637986907567021,-8.728543629277297,2.2853164721389416,0.48115970276197406
2.46875,-2.4416839088441042,1.912493013397309,-7.621806997501354,-1.3819855135768488,-0.2268141711321337
2.47265625,-1.4818804671436754,-3.745416176483767,-45.80028243133612,-7.5336158298686975,0.6724662563346442
2.4765625,3.0643681457137526,0.7531826203115934,2.6253366180436526,0.7033977053118665,0.3077830622586606
2.48046875,1.3428659043418332,-2.073118584934374,45.67032171522218,-0.16688255708799415,0.3549686445729054
2.484375,-0.8864901834593641,-2.3091587278085925,0.07441838592776584,-3.6732250673729667,-0.16309269815366245
2.48828125,-9.044154283240466,5.556698991697028,27.583565726870845,-4.359089861142268,-1.068473520216747
2.4921875,5.376222783015884,-10.482550915238221,95.25310923972208,-0.3222645677938356,-0.032261523246657584
2.49609375,-3.432869671401884,0.28162443513156404,37.09843336350824,-3.4921362782036307,-0.09603631503520883
2.5,3.067178172697858,1.1416981089469922,14.140030850994963,-4.939875379835492,-0.1931054173347255
2.50390625,0.19955300310919952,-0.7307150939212552,70.64623879767359,-1.3463773964893315,-0.33993200857914413
2.5078125,1.3445718186012299,2.0833906914796683,-6.656821056121881,1.6582287766915842,-0.5777563175332696
2.51171875,1.4586150851230557,-2.582763451613224,84.55004997882256,6.5287662064368694,0.21768877649400936
2.515625,0.2425852235931479,4.281730656281334,8.385758122059562,9.475978598409014,-0.3740228466201763
2.51953125,4.171706929577418,-0.18840462857319445,-1.3574736574371338,15.829510351503416,0.5785166214447148
2.5234375,-3.27077058912602,-0.6516581605419224,-23.340682020140807,5.866843239984711,-0.25755748173294196
2.52734375,4.199510022707854,1.9977959265443799,-30.867701383436643,3.309570435970925,-0.41426894362601463
2.53125,5.732558126823688,4.821911706262459,-45.94487711484898,0.18477956156155423,-0.2998075401666296
2.53515625,3.8601326604974275,-4.641385464725104,12.499398121949422,-3.2341076155053634,0.574544306359105
2.5390625,-3.279354987939463,1.994229498055354,0.08121613367107727,-1.4470566970349288,-0.8218071308376382
2.54296875,-1.3984473892245595,3.651366129610354,-6.51868584093959,4.932173284315453,0.6405564284305826
2.546875,-0.93531699689348,0.8034815602699368,22.487756669274688,3.9027468084539247,0.6927673541543862
2.55078125,-7.771064899264569,-3.130656802627025,-63.88977347629811,5.8263929014472495,0.2626265486132724
2.5546875,0.2789357931666263,1.3249259652729202,-6.277796006427547,-7.020466379354556,-0.3598020928547759
2.55859375,2.622193013167053,-1.91512736570921,-13.717363885110366,5.249237926118006,0.5577902407245134
2.5625,-3.462631393955047,-2.8778665924730964,-57.51585108464951,2.157389480085638,-0.7344330070465966
2.56640625,-2.141158266137088,-0.9183102358170363,2.787984300665862,-4.753596602776641,1.2518929136849473
2.5703125,-0.5466573166276562,-1.807678682792953,32.77653760735639,1.9036906734907904,0.13787366101912293
2.57421875,1.0318335769594833,2.940857873996835,23.407315942901295,2.9521574475094923,-0.11980454202025298
2.578125,3.25525249284502,2.9484338498043017,30.583673112969727,-0.9246314761538832,-0.5173541169332622
2.58203125,-4.2573690907092505,0.6544049973033548,56.94282341948582,2.657917429668375,0.6530301274204624
2.5859375,-4.084195708006461,-1.684177792843209,-12.95543192986392,-0.2392613650277382,-0.3625042790359975
2.58984375,-2.708924157459416,-3.2663421721319565,-9.23388764799315,-12.07781173559742,0.7646594864502688
2.59375,7.096381139402839,1.7011335274702413,19.95352936999411,-3.6632997989983522,-0.9895413568985353
2.59765625,2.391939875547814,-2.7150820680866308,-19.886196260380515,-7.4237606123643305,0.13691944515664897
2.6015625,-0.4047890637187561,-4.495987562361465,96.8990284734124,-6.784773136192261,0.3282600381150117
2.60546875,2.9977591942348303,-4.734685419585824,53.639502927921605,0.8855759763176758,-0.4235795411465661
2.609375,-2.3167411643173854,3.779223504429339,13.547527553859384,-4.762688613942234,-0.1562726043102016
2.61328125,10.808160508151628,3.139959160387744,58.90693667731216,1.5644118573041155,0.759748246262472
2.6171875,-2.732219986468554,5.741639379262544,37.34928331133465,-0.1407962232385529,0.40466841636950346
2.62109375,0.6567640388761026,0.9522427622003413,34.38587527303415,-7.030745098624452,-0.7319793641477533
2.625,10.573771367443824,1.2357860107813499,33.95549439024013,14.394999741416248,0.3565042555784123
2.62890625,-6.271835333786398,1.8396247436779722,10.91618110338894,-1.1740541955503032,0.17057168878328197
2.6328125,-4.242853017101053,-0.20355367358884796,-1.2520494717295207,7.483058119486694,-0.27258874132359484
2.63671875,2.615093798806429,0.49964622310456974,48.40464492018582,10.339387598854636,0.022163238800135588
2.640625,4.773861571797381,0.6326462106007136,-26.127452679885693,0.49776761164166006,0.06585440024383946
2.64453125,-3.861095308948136,0.6336043042046939,-62.52822683808219,4.489480727161221,-0.03482796749870093
2.6484375,0.23623997310987047,-2.6192378653497794,-46.985951729170395,6.631984434010878,-0.9423279886749525
2.65234375,0.5678465064995086,-2.701558713435592,-40.324183839659995,1.1439278663169337,0.1374213050164965
2.65625,1.0409759325612618,3.616946854650736,1.7074495464625343,3.0049133131416035,-0.09649513130405672
2.66015625,-4.786818065397866,-2.3121006139910354,46.307061076228436,7.680736390052896,1.3818518999990834
2.6640625,0.6510546523852132,4.1320924761028195,7.578997403125824,-2.481484158079505,0.2594520948181358
2.66796875,-4.442131331518071,5.365316509307142,-15.64256003163549,7.055760222344225,-0.0751357453367605
2.671875,4.2178683323859865,1.2480168978628838,23.292385685431235,-7.795022768843119,0.3116551961391296
2.67578125,-3.004627789636081,-0.4538944155617147,-9.923584540782471,-10.10039764908068,-0.02109866567070859
2.6796875,-5.2293159729198235,3.2187298331109506,63.25097739699262,0.810590443902584,0.9013268419090517
2.68359375,-0.7292581747655641,2.8319768543938224,45.36704759919435,9.183858382846548,0.0286016748378241
2.6875,3.0411338684252183,-3.916073390459985,11.235915842494915,8.519687339392249,0.6103104551690516
2.69140625,-1.3966247877524653,3.5615927540442964,-6.396947859278438,-15.570793216644462,-0.4591986502146525
2.6953125,4.4581602635290185,-3.4332780557313667,-4.597960074974235,9.764774688669084,0.4153988488099393
2.69921875,0.04939815886193305,3.64075005925174,9.567064623765516,4.314962484219251,-0.18617942296556475
2.703125,-5.7662450952797295,-0.03475427472125088,-8.195386570040121,-2.547305575971345,0.2566524201768998
2.70703125,-6.993986587927068,2.935152139173464,33.71941217074196,3.8796074823544124,-1.096278569440204
2.7109375,0.3103253058347107,3.6783642154581813,-25.22050521929228,11.992366447354751,0.18907595991633463
2.71484375,-2.683816861627409,0.35929166061258,-7.569317278469402,5.859151266755252,-0.6253488552876493
2.71875,-4.484689937980117,2.68714736507984,-7.418302151613414,8.41789755219938,-0.4689030114495751
2.72265625,2.1124329956252317,0.13328858622777667,-23.375623976501636,7.076962835497218,0.025069076000788615
2.7265625,4.301535227571994,-1.3846229204418137,-15.1583642399474,-16.145276075156797,0.13096668092862612
2.73046875,-2.3756049769576255,1.929151230939548,-74.30524045190936,4.491268836059824,0.2097027013800252
2.734375,-0.9445291264420012,1.8125750517705919,4.481415462160019,-1.9209491848538685,0.09116652848674348
2.73828125,2.1926420646626728,4.826740747727085,-0.7026859789236148,-7.30873913405081,-0.4953757542386291
2.7421875,-1.8740528318669296,-1.1291615318205233,-29.89021161475862,1.2815410554294395,-0.48438349095623845
2.74609375,10.00270479794866,1.5785878461528287,-32.2316121664839,6.891024372568279,-0.07981252160350878
2.75,-0.1930808893532036,-1.5304445671457079,-52.673554632752094,2.5451373693024113,0.5245284566545201
2.75390625,-3.1209181959951198,-0.5040340168016915,10.472516058779602,-2.2113229703982316,0.9380969192241487
2.7578125,1.4713139492720009,0.1978756183818824,31.19977518107894,3.7659611552924654,-0.6622667147436647
2.76171875,0.3025754992097472,-3.527908036733881,44.77622397401406,10.03299325902966,-0.36522587431207715
2.765625,-5.07182368603386,-0.15982702364528806,-19.360969974870226,3.6118099169630358,0.3840212504054743
2.76953125,-1.1510774707736975,-3.037174023457808,26.804287823923477,10.16253124834402,0.9603483072934377
2.7734375,0.6651914576957128,0.25066377613280594,25.965910431559827,-3.026633859513234,-1.2710122564656134
2.77734375,0.8082282849490601,-1.2132442166941872,32.24500862094923,5.1415427895063655,-0.20781088571441977
2.78125,1.493595763791405,2.409225189661661,37.620948144500055,-9.79572284959611,-0.6855943987481152
2.78515625,-5.00093905643835,-0.34543849724780595,20.188430829569377,-9.445854138195521,0.03318970863417981
2.7890625,-1.9914498382341803,1.014754731461395,-15.127303733904029,-4.737863137783562,-0.38786876739631815
2.79296875,4.769183657747121,-1.793112111576187,61.69190375924382,6.066413367705138,-0.6575780522492266
2.796875,0.9899831536228401,2.220812156417293,21.69057240343325,-2.316207849304289,1.1085447543782296
2.80078125,-5.1889874857233895,-2.9050814091806916,26.852100132091863,2.220358980457911,-0.6016652766882438
2.8046875,-2.755949493978008,1.184761670132727,53.363689585574775,-4.282441717198699,0.29509932392133076
2.80859375,6.582877818358853,-1.9080637395867683,-10.711985162894639,-5.632589904997989,-0.3441015696339295
2.8125,-1.5211873956000441,1.387026705137266,43.43143446556901,-0.3045267636994225,-0.10507693336347293
2.81640625,-4.358493107074008,-2.916416284268051,-15.66207813779828,0.15883052260329933,0.2411241383660923
2.8203125,-2.448300591865528,-0.4580229558749107,-10.748934607033267,0.8461069190241755,-0.01962104664061983
2.82421875,0.1326110299955954,-0.20284490680993073,-22.92876679730866,12.914804435794098,0.057579138601034224
2.828125,0.9344443091623895,0.17807213647759274,-38.111153912662495,0.10490195677884362,0.4018872775099193
2.83203125,5.3560511638468125,-0.8976384974015533,32.71862304302877,4.975052103171526,-0.904724543584541
2.8359375,1.1036039057729987,2.4263063898650037,5.827923441372036,-0.041365737960592064,0.03240040786342098
2.83984375,-5.661269603489817,-2.4562657138501205,9.515061853067131,-1.2089170848976112,0.44802929174391654
2.84375,-2.7246670579992514,1.068670387557663,-26.4923376306937,8.082801267214114,0.49402106283480796
2.84765625,1.3172043720014892,-0.8152416771284622,2.385839773231247,1.1030267374334757,0.4081176568398833
2.8515625,-0.7007516922006479,-4.88875077321564,-3.2905951338163977,3.0417663146573166,0.32045410904754557
2.85546875,-1.098087362653493,-0.5469106521169695,-16.77252348246669,-1.8195554369738993,-0.6280913331783726
2.859375,6.35989641787151,1.3021247138820424,5.7001075819188936,-1.0956341694901983,-0.48713815417131984
2.86328125,5.456570737969558,2.149244111853631,11.40794273825797,-9.339377281841488,-0.09089151143352334
2.8671875,3.7392988311862867,2.1811382993186155,41.615651351923766,3.353845274099035,-0.6897201926956631
2.87109375,0.20391665813410717,5.852023348819074,80.24407102851256,-10.507903263914079,0.3829059980704303
2.875,-2.129632337974681,-0.6418550915303469,28.927122088982085,6.279821767788083,0.5831691336613252
2.87890625,-4.696541741824764,7.360428226122643,62.995339175566826,-2.102924924372795,1.6853132070019636
2.8828125,-8.448388460456869,4.172627614333451,11.313151464052954,10.762551029965444,0.19272638956276633
2.88671875,3.8267530187303627,-0.6692234435611473,43.100290270571236,-10.518616423572972,-0.2635322746106522
2.890625,-2.6329932225769825,0.1297089881889054,20.130786100881718,8.84412965228557,-0.04101071171654732
2.89453125,7.09491484180528,-4.893208273674054,-21.98041541528656,1.653495034561566,0.581679272791198
2.8984375,-0.5915538474996446,0.2724913020539877,-13.828499136484558,10.15757907980436,0.11709883819194465
2.90234375,0.16375900974433216,0.8284222676959911,18.170979747324502,10.642812649115495,-0.6089164219414365
2.90625,4.928689963824907,1.3229846191245551,-26.412748817456542,1.3598212626133261,-0.4369273680327835
2.91015625,-5.848043042539912,2.734924830693675,9.395911425984494,6.708248256559035,-0.5135386187515558
2.9140625,0.9064300727481372,-4.004491109848109,-37.62226284064719,-2.6614258148577337,-0.31933384572353446
2.91796875,-6.29918314625231,0.6614050096393538,-64.64292118594295,-9.71361163028486,-0.3127846108675285
2.921875,0.4987516266998371,2.0532489231928115,5.2988871197576835,-4.426967315688835,0.28343741198567696
2.92578125,-1.8062351968583206,1.0527417172388303,-17.685154997289487,12.58012465645555,0.12957535088856076
2.9296875,5.452241375514756,-0.43249839539406587,-38.93366381851901,-1.4249761977400184,0.3265395363883735
2.93359375,3.702449620531996,-0.3698987260235109,-9.903056940803193,-0.42360776967780867,-0.02796130563292746
2.9375,7.555564910148211,0.4771879786100498,-92.26864569004783,-7.8745709820597565,-0.06242186327545351
2.94140625,1.8927408104397243,3.618744935335898,-66.79848759382287,6.926697624578408,-0.29799541986966144
2.9453125,-1.027379868687372,-0.9603976680410838,17.550829439868323,5.382374866759774,0.6245006224248498
2.94921875,-1.4815098850248143,-5.17372477871465,38.322810694029286,4.684657970850431,-0.9014177225462832
2.953125,6.345647120166148,-1.773261573479807,27.202201142293006,5.946905725401656,-0.6766694291016722
2.95703125,-2.134166341012252,-4.297376328636168,48.73033414445978,0.3399264242808182,-0.05437483962897788
2.9609375,6.048524964256751,-3.1405920888762626,24.068325595642094,5.457705047614498,0.7615477793394938
2.96484375,3.715333037808005,-2.5052534153485624,6.496980558531444,4.417724256664338,-0.2793101579316186
2.96875,-1.2222515950821902,2.9549107467830127,59.813817473132076,-10.83601319926747,0.15573065213110052
2.97265625,-5.176734133898511,4.967517355481414,16.48062661424477,0.09992552892295925,0.15459083960021808
2.9765625,-3.9130678690094314,-1.4330305755285813,3.5222876338214135,-12.11251847722398,0.04226946083417858
2.98046875,3.285852466715999,0.7507485908821021,-7.71841730867142,-4.110417626859181,0.34419712272907116
2.984375,-0.6945086716880662,2.530242268937363,21.06926154471764,-15.333949583621711,-0.14859893533789045
2.98828125,3.7397157191845625,-2.1139251992091275,28.272795901629827,-7.661094849599685,-0.03485961461040024
2.9921875,4.0081868998231505,-3.6207942843113994,-35.07228429767716,-8.17043552549816,-0.7179069508364472
2.99609375,3.7560493607133627,-1.150700359058948,22.366537529023276,-8.398293837933528,0.10299605347889186
3.0,-2.0240863628608183,0.24367131220020516,-3.707062809467933,8.178842158623432,-0.2312649193880304
3.00390625,2.0607875717607937,-2.6933335125668436,2.680852453012273,-4.416137362075237,-0.5855789597382501
3.0078125,-5.503824188569808,-1.514875746498912,-15.404055381068982,2.89052316805604,-0.4213731215519307
3.01171875,-3.3318664828380427,-0.5962433760451045,-68.11648885729755,-2.2269598901381653,0.679467240338966
3.015625,2.343184504825321,-0.16747966635069308,-66.47783369134005,3.2123055474772615,-0.4175761330595475
3.01953125,-4.103352549279479,2.010107909682216,-1.0978695250483455,0.5287079465417333,0.467992646908116
3.0234375,-3.13660983907933,4.650912952495681,-60.823061393454395,7.640903625984916,-0.36633331098035055
3.02734375,0.448077733051765,1.5355660789789876,-34.182066558774636,-7.021116448370444,0.30375413552170105
3.03125,-0.0146353430724925,-1.9161189997108443,-12.618827857541666,4.469311957459675,-0.5891470393653254
3.03515625,2.857039696992371,1.740521029259832,-47.80875625259664,-8.496444884605603,0.22285636772573653
3.0390625,3.4031435057727215,-1.6743656849507578,-49.21906667744173,-6.553558921179107,-0.49644977438754573
3.04296875,-4.559425083912039,0.16061420689230785,36.894883744798065,-19.10050480378053,-0.09673857873176595
3.046875,-0.19884199505819347,-1.696270414660552,31.341729491697073,-13.028414690925981,-0.5275904882764904
3.05078125,7.632346587968017,4.5518325391471235,-32.73687566432779,-1.5699724037359166,-0.6325605655914606
3.0546875,2.9082370327569316,-2.5548082135264822,-29.77137727196904,-4.033092956435754,-0.24079523185070761
3.05859375,-1.114512622612232,3.8324357863918825,44.362108817770775,10.855934671294607,0.3608062249604822
3.0625,-1.4188878922644852,0.02144454296002964,-3.281615462132166,0.11730880494678429,-0.5401189313943299
3.06640625,-3.500632605832273,-1.7357019220119145,42.992361164075874,-4.615676734955931,0.36883622286568596
3.0703125,-2.013920039556359,1.48113790675934,46.70316694601365,7.6770954755455705,-0.48969789109805567
3.07421875,3.1521344996653426,0.665876586761656,-3.0886779986518462,16.768429984086605,-0.5321894723201389
3.078125,2.160643522139395,-5.150285804250882,-8.15755335831468,0.5634200834163163,-0.3970714513749466
3.08203125,-5.529475423836462,-5.97471775443701,7.707866201944606,-1.9458239611557118,-0.4372067525413386
3.0859375,4.260559909794904,-5.5456663672034185,73.86029352824728,-2.3649042536521576,-0.5418045095643602
3.08984375,2.2949903461735297,-5.006612925966395,8.823873087885177,0.5999135515539253,0.25154132439950727
3.09375,1.6634427086067722,-3.6983311365451934,-10.666851588783175,1.1686492729151234,-0.3881170870439777
3.09765625,-0.6732112509327761,-3.4264038842268336,11.702130047832936,-5.957312541913315,-0.5870539450690335
3.1015625,-5.478773179635098,-2.690399375700299,17.9271137739245,-9.423729241578329,0.2842662533755884
3.10546875,1.4617731922675923,2.3144592180259598,-38.8271904119874,-9.818452021115249,0.7321079452293946
3.109375,0.20653173229550761,2.03019908029688,-42.64568346083039,6.424324306650792,-0.12672403916904731
3.11328125,2.495718626150217,-5.656116154891392,-7.11093360640546,-5.548835763084542,-0.5633597157270211
3.1171875,0.19446406726395588,4.957511958860524,-78.2242599975628,-4.135719893177471,0.07758658152003645
3.12109375,-1.77571441632895,-1.488286592739223,-50.477806733521504,0.3929653464033027,0.42191841759244536
3.125,0.4374865988118533,3.58239641049311,-26.968173634812473,-15.756638958994914,0.06843358916610338
3.12890625,-3.1789642711815205,1.68539930606339,-26.31615664099257,4.1445416676337326,-0.4973696869623067
3.1328125,-2.1675910857920626,2.808416353937741,-38.47989367123793,13.618180199056848,0.06242059140654041
3.13671875,1.885164994559401,-1.6119338771459066,23.542966347723045,-4.893228642031005,0.2200604249321228
3.140625,4.939877927840435,-3.6097956132274356,-26.52547493690755,0.06531403290533877,-0.5962204796877992
3.14453125,-0.8049308472386288,-7.188814529430421,0.33122285951384933,2.5888735840634554,0.04556215356342466
3.1484375,-5.950987954199995,-0.9644990888669004,-3.4961769110216423,-0.41503506235781495,-0.22276034734892272
3.15234375,2.900884473241967,-0.8512582777461273,-7.278661498759824,-3.4594047022234227,-0.4035195568366707
3.15625,-1.0572710184508813,-0.6581282390119306,-17.165371773686346,-8.54138253141785,0.49598064850193563
3.16015625,1.8620715136806048,-3.9968345935698446,66.68458786506183,3.0558250832734,-0.688252143886223
3.1640625,2.780901296205181,-2.210166531534246,54.064435800557206,-4.131833323215744,-0.33109611518342286
3.16796875,-3.735436590075653,-0.07064868600030787,-27.5929759112875,-10.291379861941031,-0.31183750274738065
3.171875,-4.498692956222416,0.953931728780252,-37.81337674901772,2.7683452673285496,-0.3125514558838242
3.17578125,2.8392000706708536,-2.5764172958231155,62.64176108953591,-4.434275079682176,-0.26117673501065436
3.1796875,3.9708097621124074,1.5144711156217112,58.166339892959385,-0.2709149740310477,0.628212808106003
3.18359375,-6.012058901171517,3.4948007380213735,-4.766953283148169,0.12309177792827364,-0.03862670536841722
3.1875,-5.678457925967965,2.939530091413438,13.24536641755076,11.517638086303565,0.6595584331492981
3.19140625,4.952327026782706,-1.9944040839682937,-88.8755073723584,-5.534870855117671,-0.9979685271888173
3.1953125,5.306269675512413,3.3001068176094326,13.608071077168626,15.645078001418149,-0.9271757258778346
3.19921875,0.3742406179367834,2.833959168279398,-15.11664829914606,1.1802824515505383,-0.1830967629408903
3.203125,-0.18019396796807013,-0.016051512531998616,-36.021468933176045,16.826423086224594,0.11279613755487844
3.20703125,4.632949669956318,0.3640676742525318,-41.15020375601401,1.6915106051836108,0.17858431993733595
3.2109375,5.505154060507095,-1.536739997713267,-51.33294931885713,9.5469955907325,0.47300630952469386
3.21484375,-2.7793151215449576,-3.539023510639051,9.688369840968445,-0.45339756893247496,0.04703647460219297
3.21875,7.928986368243515,-1.1861975592649108,-3.218068317750703,3.210150383538136,-0.4037851415075873
3.22265625,-1.5557286589972217,4.357809414292462,-13.66789178866989,-5.9897035512206065,-0.48137964817926115
3.2265625,-0.6452467358185818,3.604164644696562,-16.452102604908664,8.40699835757551,0.01762444775328646
3.23046875,4.458798096897772,-7.125443699350885,15.588945129419967,-7.016304632531426,-0.4067867299617161
3.234375,2.47810227006046,-0.8767308807177296,-18.63285134912249,-5.803129428998416,-0.2783406622598672
3.23828125,0.1459752574027387,8.727988195419519,-13.116378281664444,2.373128243240194,0.66549858475844
3.2421875,-1.6491619131664497,1.4386450128981139,33.73559647990683,-5.294945475322033,0.04314559430900972
3.24609375,3.3522377362729516,-0.9536405831126169,17.519744552104566,0.3560325482686013,-0.556546096505344
3.25,-4.659143798094418,6.605405940642166,-28.35473545753629,-6.494350180416627,0.36944231387389054
3.25390625,2.287745307198973,-0.5303523109669316,41.007657049024246,3.7147636925768284,-0.2031171187642915
3.2578125,1.9028073401124868,5.537560797983093,-6.822246770585458,12.804725297891633,0.16175129907493893
3.26171875,-0.6958377608295228,5.7137457312548126,-3.071310021233888,5.305148998649241,-0.02956960081177132
3.265625,-1.4427489655274914,5.618576176366112,8.358787835614898,6.157150892378722,-0.11446214465449672
3.26953125,4.828480258263509,4.941792304227075,55.86671511922781,11.759652137271019,-0.22109226763846668
3.2734375,-2.1506413756199145,-2.2465961199498548,-3.626559671113121,-3.6281230367400563,-0.5253991431796993
3.27734375,-3.6558917297242206,2.0423856464691212,90.76988965238849,5.158497296668276,-0.10959499084321886
3.28125,0.12395841558849072,0.6548557986805983,22.543865045013863,-6.836845522601646,0.5403664939524271
3.28515625,2.2491632715199628,5.353873897028059,38.9604821684048,-6.562468104445308,0.34799518444951383
3.2890625,-0.9663059841663604,0.39208024274359504,-8.20171245076616,4.6101164191278174,0.5443606340612867
3.29296875,1.4160326522316198,2.3530418055678424,-52.53014673271344,0.1097444826180154,0.12822057779664317
3.296875,-4.0504534859512855,4.2498925567982955,-4.089711053895693,-15.541253163990266,0.44104655336373616
3.30078125,0.8468988965591538,-2.0426521426863835,-21.9466963294475,-8.780304316719851,0.4834645408181465
3.3046875,-0.5868165293346342,-0.441944859314076,-6.67762098320933,-7.849115601285727,-0.20814070823818123
3.30859375,2.025607218559834,-0.31468157064211605,-6.339866508757133,-10.761164573075227,-0.7449811846851868
3.3125,-2.7826610881648834,2.5667781756400663,-34.85179896151798,0.8846999673668777,0.7344685182142864
3.31640625,-2.913946982670627,2.946737868298466,23.832032143816576,3.182922353751001,0.44542639152099955
3.3203125,-2.3018148241031025,2.3005654742032546,9.678268799214944,6.98121881640717,0.3353856014959516
3.32421875,0.556876657251852,-1.8341318995000098,-2.1676421530500622,4.620271328703598,-0.32160019965377246
3.328125,-0.12362596420001438,2.208473968300602,-47.31394622127678,7.92175562494372,0.8006297843514895
3.33203125,3.020007855259603,-1.8397296342542506,-1.5881357729182772,3.4197413628027737,0.4944646507820403
3.3359375,4.685166373494012,-3.050616823963486,-25.53155390144702,-4.57335585400341,0.4247188459237064
3.33984375,-1.4474801096337668,2.8222830666756074,-9.015446852118005,1.5986983680800375,0.5294533757617752
3.34375,-1.8905749167701233,1.0345269782601667,63.74007201689753,-1.216106026130348,1.237188503673262
3.34765625,-2.4128164492068995,-3.9980557439436124,-25.835303993454733,8.341469475329756,-0.13780043072315787
3.3515625,-0.7444578499672633,-4.318611606482846,39.5600674818024,2.6430538225925675,-0.4478578777855963
3.35546875,-3.244230160329454,1.6593128077648074,40.325304274615455,-13.204557325359845,0.047080629510597785
3.359375,-0.5659404290421839,-0.40316131800902055,33.874850195787495,-1.327537720533143,0.04438041150454391
3.36328125,0.4454945206896984,-3.9546094752543066,43.05034691654076,-7.434742083209102,-0.39199839368328737
3.3671875,6.223125450783646,-5.7208053971444155,48.86314543295754,0.8264481535039505,-0.8768788882489704
3.37109375,-2.0244963116044183,-1.3652435513673922,-24.438410503754913,-0.5320753142594448,-0.6963874066374536
3.375,1.536803692916748,1.6350294463200548,-19.24619157451425,3.0432859860417287,-0.6522968443213093
3.37890625,3.902467305087071,1.1778966192299105,19.301958552288752,5.5861847945047405,-0.412904604219185
3.3828125,0.20908567169378423,4.148119312679632,9.744364310063931,4.837601510790936,0.5026861856315742
3.38671875,-4.953308629271016,-3.6786552390601654,-24.310527669899923,5.438023251048399,0.3329385688891662
3.390625,-0.5119331167547357,-4.57226461978691,16.605456939888622,-4.269790724950628,-0.40299008728351315
3.39453125,0.39259917852991744,-5.707547105546192,-17.94073266446089,-6.109213379647798,-1.2875276617310516
3.3984375,1.7919375900054975,2.6228826025731875,2.2857569476334447,5.573442325138952,-0.19146017350753317
3.40234375,-2.6103004729134307,-3.0430055217608922,15.615112620780813,-4.501971012410955,0.38095838399627274
3.40625,0.0828004694212618,-1.085336469867228,-111.94371364973048,0.20596094782768648,0.24632599813211822
3.41015625,-5.731642150213711,0.511883799347669,-32.31372114505585,-3.7273454740188203,-0.12517294545557514
3.4140625,1.9265915328686136,0.900535009391715,-37.90804086015363,-5.218692210759437,-0.15107464283008915
3.41796875,0.18956149172636483,-1.1221880970368114,2.0584699359432257,-0.9523290586290751,-0.050862607983482355
3.421875,6.079529437013614,-0.03689438090385622,-30.066110364930267,-3.6543978320182697,0.47265524783579876
3.42578125,3.55844978428957,-5.73099753927507,49.105244482478376,-6.8324424413321365,-0.41402748809308454
3.4296875,0.10637351833894237,-1.319406903561916,-20.594645993801326,-11.01458880130711,0.04073329350850802
3.43359375,-2.900414926611595,3.766755584472774,6.138551624847095,-4.8096481617219435,0.43717523189944135
3.4375,5.188539277389611,0.556160520226341,17.9550601357752,0.42697036941318506,-0.7282939069882615
3.44140625,-0.2619769795609159,-0.5337725337900578,11.528612276606967,8.28870710704168,-0.17673929080139583
3.4453125,-0.050292803750295385,0.9583045310370062,70.02998555900362,2.243777899092014,-0.808547439204744
3.44921875,4.785447664749042,3.833773631025661,50.34225615725231,4.339937427743962,-0.15035126581937985
3.453125,2.239502140031979,-0.5962710759588211,86.04598005452766,15.187537470762765,0.5985992116644289
3.45703125,-2.7226093407008585,0.8086141080534395,-0.0985385390358573,-2.9277957574522113,-0.9219713654205687
3.4609375,3.867388224994162,-3.0900557893237064,34.60252832600555,-5.098745426764662,0.0699619461072864
3.46484375,-1.5771507973161254,-2.0694671437825276,-15.197169644429007,8.119151432871663,0.6068985562130349
3.46875,4.594619000718227,0.12390428628096692,-11.176397862135829,-1.0961712198883449,0.24056246954471608
3.47265625,-1.9584295951441963,0.7861779211783914,15.332463961519661,9.464803017156944,0.7187969053983162
3.4765625,-0.5120479183472496,1.280697630994489,-6.3500340496499055,-1.2638357211627322,-0.07543920148102175
3.48046875,3.506708684617229,-6.617311789169198,0.06677583546977761,-5.782349965765733,-0.4715683151003543
3.484375,-4.957636507289339,-1.5447157083277618,-69.34221944902825,-5.516649883080574,0.31823521732074883
3.48828125,3.809810492041699,4.099005541074234,-21.597687334855088,-8.196367574248486,-0.9311382541761245
3.4921875,-1.483296273105536,-1.2128313075717312,-54.332854748260715,-1.615896697115183,-0.1675860897403573
3.49609375,-0.6085227430964197,-0.2436771644069473,7.4681279676232855,2.7110962967957244,-0.7550376508095884
3.5,2.1127192967036894,6.61685916814181,-41.540109727473464,-1.7571431209438075,-0.01961224897419674
3.50390625,-2.108362178866678,-0.15746218425963204,-25.034059760071806,0.004169406164996392,-0.027447596618668735
3.5078125,-4.320968449598879,10.491259346632123,-33.54855146302039,-2.0906926691818533,-0.12505421126752575
3.51171875,1.7698613553892584,2.002334643820782,-13.55445511693257,-0.8963263032640851,-0.7682328242672337
3.515625,0.38698703420503555,-2.069270973260502,-8.06170475074823,8.13320352784422,0.9531420604802602
3.51953125,-1.7642134308224795,-3.0576218820116647,26.313091244068758,3.765762403613193,-0.07599133160222184
3.5234375,9.520324611954265,3.3877810205087426,30.903407595717884,-0.181735753798538,-1.2074148242617058
3.52734375,-5.832005742890746,3.865367048357805,4.39092483996906,-4.031568904023266,0.3351718483281349
3.53125,-0.7040757148054517,4.294334607903733,42.177114796982195,-3.040878834915182,-0.8473142360832696
3.53515625,3.4134535208841266,-0.8536288543412633,-6.517981536873108,-0.014839057937175104,-0.3787436255719441
3.5390625,-0.34697030867339657,0.2159808019626227,15.532734767221719,-0.6900600191044823,-0.12565771973702702
3.54296875,2.7326518124292956,-3.0156882439223587,14.517161538387686,5.943862112985686,-0.12754401543686653
3.546875,7.33779409614136,-4.240943251758461,56.575885591792904,1.089172347510611,-0.5662839648750639
3.55078125,-7.09049872367369,1.5148428673351169,36.78834213579122,-7.487590017003511,-0.1303748390392953
3.5546875,7.347479796906636,-0.4145309656576661,28.914537871175483,-14.041409393171644,0.2796211655615619
3.55859375,0.13482333074914746,-1.1503546854316236,61.09222684974704,-5.024196434141126,0.3417637386635118
3.5625,3.6318224535779104,-1.2288557241590203,-20.466878343201465,-5.631743622782296,-0.1855875665414983
3.56640625,1.1660927421537874,-3.1134136730257653,10.003332977334656,5.680562126136331,0.5918233945500005
3.5703125,4.307552858018933,0.4760807265553911,21.113574867790756,6.229610177320646,-0.02353412848854489
3.57421875,1.675154707004404,-1.2350970473390936,10.890562419336625,-12.725901536647122,0.1714292706926183
3.578125,0.35425592988187543,0.7624819767889375,-66.71828945677393,10.484743361756715,0.19529923243399488
3.58203125,-1.2111044686478254,-1.1202883171326257,-73.39421739421533,2.2768577186910637,0.5775557903682569
3.5859375,-1.90714843688106,-1.9605741277760393,-113.70356694807566,-0.4344875452696124,0.39429908252659973
3.58984375,3.1619239895967426,-1.264997144973437,-21.136372042215573,-7.558454522876833,0.30982280413041297
3.59375,-0.4878393335718566,3.518178637151975,31.799553961256894,-9.830669526439404,0.4850369295731335
3.59765625,-0.4786221453583853,-2.3074583879880564,-69.95071640603913,-0.04129676552589823,-0.40212138590656976
3.6015625,2.3213653547007773,-4.896098703794539,-68.12724237986154,-4.265419958992845,-0.35234987411407354
3.60546875,-11.350476659616792,5.827400066061232,-17.311668373076984,-6.6997483797057615,0.05997555035635591
3.609375,9.39234929817145,1.0133389732098057,-43.953651369832166,-16.382038940143246,0.4603182832375194
3.61328125,-6.536336147597519,1.1969082256020545,-12.937095353447365,-2.6208374335052502,0.15793984079608964
3.6171875,0.6029242046720248,-2.8403494772643887,-62.223080922198875,2.6238829861047,-0.23610418272425454
3.62109375,-3.927707438775777,1.7567644006098786,24.229811952444678,2.6546444409312717,0.24993756648478396
3.625,-5.593385150717545,1.6413007967612936,-49.62173124673325,-3.865382730989339,0.08363801280121581
3.62890625,-2.6717103018453043,0.4239466590760682,18.696487021953846,-2.7662540408013516,0.779304403032478
3.6328125,-3.1306315329816776,5.030243101992014,69.37488291292074,9.595213997012646,-0.33721085197634454
3.63671875,-3.888825229604983,-3.650246248900334,46.35561105078699,4.2612998056163995,-0.3692403809937575
3.640625,-3.62210594439723,-2.000937687389513,34.581928110265665,3.1408325837922924,0.20912209790120762
3.64453125,-3.6015514390620536,-0.5460397419685816,72.50572275360256,-3.030798124078622,0.5581013804765615
3.6484375,0.47974514078127206,8.50921898235213,19.121441537079306,3.5103075165303963,-0.8870048277032001
3.65234375,1.528170022924031,0.13266505491747133,11.315060651065421,1.376001606001546,-0.30675310090306585
3.65625,-3.8496581073732665,2.238581212877261,24.176154240019542,15.223194286029187,-0.4540651453201559
3.66015625,1.061049498077605,0.711025214950612,-4.370791804403256,2.493299450992204,0.4719430819777525
3.6640625,2.8086484654101636,2.528329712066306,-2.568391042810119,2.624885786158085,-1.0017294416922273
3.66796875,2.202133430928207,2.5957542471287716,50.652386397421104,-1.5365389594015544,0.7210882563665911
3.671875,-8.554279440467418,0.7921158233573781,-20.08212621300778,4.106794519176507,-0.6973875165701061
3.67578125,-0.9437678784685228,4.12179775186578,-39.234844077344,-3.346199136234939,-0.500467474978837
3.6796875,-6.612028549093392,-2.9575188002480846,-28.6159237678824,7.217337292996815,-0.573620564623479
3.68359375,-5.232381005984041,-1.3386127899127964,-21.296304753253764,2.090201683585887,-0.3661086679719585
3.6875,0.921073706250508,0.06622889571738684,-34.116291438233944,1.7797630053228746,0.9469783990002183
3.69140625,-1.0490441823202963,-0.28439699237755434,-67.9887965245831,4.028889367041183,-0.253008739252358
3.6953125,-2.960855703608378,1.5937881064044581,-40.9428424447365,8.297616242122274,0.3023785631166242
3.69921875,-0.0886656218774268,6.220438887039691,-71.85357825584003,-1.4929834421559023,-0.09419580870700643
3.703125,-6.40406661624513,1.900397391808106,-78.8849208607404,-0.028952663618710517,0.12721187956754074
3.70703125,-4.038668987165558,0.9281315149055271,12.493326523198496,10.649927019048137,0.21552612846068414
3.7109375,-0.39499128707257236,-2.808531034203579,-20.352857443703247,9.796693156434017,-0.454793433763386
3.71484375,7.487107480271392,6.403777385483933,37.54137533200915,-9.522747187932477,0.7455509175869752
3.71875,-3.886778261868033,-3.0402944232352267,-32.61956540201849,6.903911751815482,-0.7950617702761241
3.72265625,1.2054275369852707,-2.0812679196846275,-8.71550167606863,-0.7416971248628166,0.3398916108596625
3.7265625,-2.11046020338052,-0.8336344977414676,60.657284461156564,-14.452014932126309,-1.135198456356
3.73046875,-4.1526409859601205,5.2661496439513,34.61746133161663,-7.621145472351786,-0.6413804993744833
3.734375,6.655641429901765,1.9253651309943502,68.02029112160176,-3.570612948684965,-0.31121166067771305
3.73828125,-3.8415532075317644,-6.216448572898381,15.279006401546358,-6.454658670486166,1.3287350586932574
3.7421875,-0.3596972109391525,0.7240241415698832,66.56939810020057,9.400706034570256,0.17819357548062306
3.74609375,-0.6627615898924556,1.3964217513871888,6.594458360473681,-7.853812701733164,-0.05700067437795589
3.75,-7.610925654010877,0.011564295365731125,-7.0980212668539195,-0.7903437336606826,-0.433744367769762
3.75390625,-6.4717684245397304,0.8314178778029306,78.0614497178612,-2.4649384696298724,0.6618428877987403
3.7578125,1.7219314075083416,1.4648116410284364,27.035780612436433,-1.9865601176060617,-0.33460583334473143
3.76171875,4.261967168175326,2.236645960507241,-37.79245279827063,10.715268042236522,-0.0575448497087577
3.765625,0.38974148286071786,2.5290362906085466,-6.038448875526183,3.8168830386191575,-0.06915632964575709
3.76953125,-2.488832687913286,1.1124577799252617,-41.135477188629835,8.024758087024388,0.2360051257853253
3.7734375,-4.719104148846817,3.1692491167766645,-16.930050107573347,4.3257850889573835,0.0760115821945258
3.77734375,2.221430393489004,-0.2631344887254678,-37.375545909793544,2.6011392611173747,-0.8198630173994139
3.78125,0.12799388281446697,2.175014262550723,-14.720629548237312,-5.1984861772322395,-0.04390861076539846
3.78515625,-2.2828886729318083,0.5221488611443698,-23.351807560699626,1.8776620178334056,-0.164711841153166
3.7890625,3.936814625410506,0.5460569688887534,-24.474094429935235,-9.73139273708758,-0.30453352563687064
3.79296875,-1.4285694637270359,-1.1648326586039495,21.273895978140928,-2.282749072847533,-0.31236472395944004
3.796875,-0.8897473205088606,-3.9612884124723315,-1.5271555100158487,4.463923029772658,-0.5928779522180754
3.80078125,5.734976134964238,-4.802485269605287,-42.13452958712101,-5.0066028147302895,0.5601359742107098
3.8046875,5.324437823220122,-4.183522070939252,-34.51089520929675,-15.024635421731148,0.2174726452609435
3.80859375,-4.075725010829132,2.939423339209761,1.0472542958855842,2.4068138348179926,-0.4370115980425089
3.8125,-0.18580480892900847,-2.371847035261288,30.947519981986563,6.881105715227631,0.9740911198372438
3.81640625,1.2406129411561808,0.9863149084963767,45.996834539594076,5.9025222715464185,-0.17658018881793258
3.8203125,-2.8395102425267473,-3.0474891824839525,13.811859764218244,-2.988313634581008,0.12305353568999236
3.82421875,-7.718348043588513,-1.4129893217419456,13.903281777555213,6.2284930935121015,-0.7208950279250305
3.828125,-3.6843134868097174,-2.2061109801196785,-13.178784374708687,2.4237503803350187,-0.11146130841227345
3.83203125,1.8852083152839052,0.90372054673728,77.04655511792966,3.2224838081164777,-0.5101967404541715
3.8359375,-1.0366654923895053,-0.4537937650609649,81.14008095846734,9.784271554849646,0.18962080617611154
3.83984375,2.1467316045445646,2.8214967182659354,27.80602695748004,7.10184165153831,-0.0724265725763384
3.84375,-1.9158027138430356,-4.945520877108926,6.11420343299319,-0.5454944672347392,0.03955290506783528
3.84765625,-1.221938374316814,2.0179964398101524,97.36394090289798,-7.0969135739645335,0.32544666443927345
3.8515625,1.0199474165709934,-0.997411347003746,48.630701779279946,-3.619103745076282,-0.21543484286860268
3.85546875,-2.966727568640604,-5.207053756244935,-20.684687693080512,-6.487271855662053,-0.22655534578658865
3.859375,7.126333436828627,-2.1517232219240703,27.690207690941833,4.154771188658605,-0.26230248815797996
3.86328125,2.624695250185303,-1.1712195575413795,-15.852202801058073,3.518506585108889,0.08803630865649846
3.8671875,-7.885068998436324,-2.2128925703111797,-3.640720448195639,3.896033348349973,-1.031103933870696
3.87109375,1.363758738748265,3.7808721772163243,-30.80885748831002,7.460675354604723,0.03989811246529217
3.875,3.4221473258301325,-2.3749464478554327,8.776221599802156,-3.904523892801311,0.19521417896458962
3.87890625,1.2979639888631302,-1.6591333203646972,20.4348422691139,-14.562226265136351,0.1873872127500356
3.8828125,-0.6123001975472516,2.476932101769691,26.81606375057043,1.2378356043974357,-0.1767092396728779
3.88671875,0.5238179191411674,-5.762721512178477,-24.73752456436475,7.148177105919168,0.7424482646618384
3.890625,4.875629546865828,-0.7213069482713129,-2.130974727725274,5.701292191674396,-0.28384881517184973
3.89453125,-4.417207607398042,0.2964534415185187,15.05077960914706,6.6623156317051455,0.46419002095630807
3.8984375,-2.044335030078826,0.8390393765547807,31.82189626727267,-12.670442920052025,-0.41302846952949984
3.90234375,1.141131268348407,-0.8729878503134483,28.40393817243005,17.382206836035316,-0.02725093118948968
3.90625,2.137425344949349,-2.313036113204931,30.572420100407747,4.978485509718868,-0.0037441320153563024
3.91015625,-5.513290273523346,3.5628822517190404,61.24694092976993,0.4505273371366052,0.425407227177538
3.9140625,5.638293702907884,4.0748672007383515,8.946865012337138,-0.21440331588980177,0.03315140189218634
3.91796875,7.200507676347324,-1.463977379739543,6.177547244901334,-15.194731354852305,0.49154471794021815
3.921875,-4.322742431703448,6.210982498665027,40.53911723701842,-4.839863461751343,0.1396842617310163
3.92578125,5.825376850410538,2.9490956532429182,12.271735326389619,1.1444771819286337,0.03557627220254779
3.9296875,-3.896012537590779,2.4762654563711366,21.23408018722604,3.77725113150024,-0.41564710088810286
3.93359375,3.2009704390290405,2.913328350483747,3.605101067697568,-8.668061453392296,-0.7016648001989323
3.9375,-6.904044946840571,1.8212381974760854,-0.6709624368609788,0.6440583874231183,-0.1923943206244574
3.94140625,-7.264373654444812,-4.084084460703997,3.213066889500322,3.122151180625835,-0.04322939906150123
3.9453125,3.155027672861917,6.731055384528222,-9.975211032633798,0.7118870603645724,0.2061181539757473
3.94921875,2.9278192206989555,-5.026367902439699,10.87766563307423,19.410295998028637,0.417125219455631
3.953125,3.9881088485930776,0.6961435555350304,52.746705665271435,7.998925196189511,0.20772968196784405
3.95703125,-5.093005700860868,-2.9463768698140154,12.685151497724972,2.862835431460012,1.2655497836366747
3.9609375,1.0565871880219115,-2.08373237142702,-23.852508324026296,12.816905239960564,0.6813035722218249
3.96484375,5.45338624147846,2.745694443744579,22.84529726944318,1.5076375847590882,-0.44298544356722
3.96875,6.618346868930718,-2.095793548983501,-14.595601303737398,5.038179256774928,-0.04080778080760269
3.97265625,6.583079759193902,-3.2153085905897427,-37.83782586540843,-0.9574392569505403,-0.9099018831626923
3.9765625,-4.2187533357770715,1.4041238435663577,-62.963774329815905,7.900683191037281,0.5924280168410483
3.98046875,-3.8677392514022686,-2.0404902405917325,-88.21784832196767,3.580800721691358,-0.6214554791210517
3.984375,3.23461624866304,2.865989927393325,-17.410199504381367,-1.4608419742324417,-0.614991411033784
3.98828125,6.268088619231748,-2.6718846035881842,-25.417240423281292,-10.803352023552353,0.23897526296246746
3.9921875,-2.8946946174769037,-0.7358127703739685,-8.73064402930458,3.3190726901672694,0.3002188639798355
3.99609375,-3.2000382144292265,1.4913844286983307,-40.94317709726663,-5.665379829826775,-0.332482584005729
4.0,2.8862968211298567,6.810544944914776,27.856538497052043,12.497546044736465,-0.5238290998434431
4.00390625,-6.3773031486835805,-5.2296944407603,21.82951329762924,3.0140631642324136,0.31646968714235646
4.0078125,9.9754247676797,-0.5801265437978527,16.828745413320732,-0.5416173716786901,-0.9164461317209083
4.01171875,3.3741923226375716,-0.9540145957439267,-21.179239328975175,8.042240641800843,0.38321112419046943
4.015625,-2.956915099689445,0.8115982542172964,61.146196246205804,-1.044531581042099,-0.29438298080726527
4.01953125,3.8505812763611655,-3.3223226906659526,-18.284912411709495,-0.7462733013971121,-0.4913966989676796
4.0234375,3.0993887341046245,-5.8364121059636815,68.33279742621917,-0.4281617773279103,0.5994296319019218
4.02734375,3.939399261055128,4.582352921446725,21.1010073935569,0.2734543993119869,-1.0465743247789627
4.03125,-2.4627775638042437,-5.916365445198653,48.17974513210672,-7.572290741598276,0.0936597874461154
4.03515625,8.567050993030369,3.9064837185866654,108.74052166083996,-1.2952903363905628,0.061289383995268606
4.0390625,-5.596161943534957,1.5325550555966778,78.1340975170672,7.255730849332789,0.6484284701276739
4.04296875,-8.364507008796085,-0.48536702580825186,-10.730147870486258,-4.698845080738991,-0.01640364589845987
4.046875,0.10493875707397504,-5.042569730683222,46.699756067841584,-5.165629245789972,0.466543083844125
4.05078125,-4.444204959212238,-1.4318488753276744,-47.09810854917459,-5.06807778062241,-1.000480704211432
4.0546875,1.541943016889561,4.1886177454537235,45.99087936264238,-10.38349356887752,-0.11997177544287571
4.05859375,3.0574732353802063,-0.8570061464395358,-14.636605095777446,-10.748573754766884,0.35998006097146684
4.0625,-2.7694091791720656,1.3285799428108138,2.3835101396362255,-3.73332774744746,-0.9616960105715642
4.06640625,2.2016172552423328,7.586131466941382,-15.879538577364638,1.7626517080630024,-0.32649342116278707
4.0703125,-3.3305817246268603,1.2584110187566713,-21.04075478442726,3.721325546349271,-0.47561513302145925
4.07421875,4.280635215854273,0.6782779269808855,-54.49368886130301,8.530983159492932,-0.3221802232575073
4.078125,-2.324411482239462,-2.396084745707,-28.75702687578965,0.29700839768517406,0.8895093332803654
4.08203125,3.5564598963670884,-4.358994153235052,0.027067806808510397,6.669014489184379,0.08478945493924026
4.0859375,-1.8852305098723907,-0.7965761152843835,-6.13654729787725,11.992435404767242,0.5386167280339076
4.08984375,-6.733681139270044,0.3606095317125311,-50.00440852276832,-5.626281392674004,0.821498583921717
4.09375,-2.5470870128578857,4.062162659820257,-1.5446944548086639,8.03436710117762,0.9480248404968412
4.09765625,0.5471503417973802,2.5964468718716702,50.63203705340229,5.100041738010771,-0.1549128167576666
4.1015625,1.9416013343960872,-5.721054793080396,-7.6941787317488135,-9.935752163456929,-0.5045558142167322
4.10546875,-1.3840861929847064,-3.5859396957596843,-2.4318088251845857,-7.161440502606252,-0.3822795361963867
4.109375,5.575017678591031,4.862127019522243,-42.87046485073275,-10.134215905691153,0.23341039829764046
4.11328125,3.1339488258419808,-1.9318417087998592,12.36864142417469,-0.00597140041576294,1.3580912958545786
4.1171875,-2.6616741643916244,1.326726178096953,29.753229787718677,-12.024453236225177,0.11050330560260872
4.12109375,2.4166358697624757,-3.994586348685052,34.82608822349901,-8.43492239911461,-0.6864491682022519
4.125,2.756462014667097,-3.4312099554342037,32.20571232758466,6.118734495197421,0.20259167306502732
4.12890625,6.032089616116622,-2.7404030833511266,-40.93417943021143,7.8844148925501205,-0.20943519566935975
4.1328125,2.069294469283742,0.9649256920095304,-23.786393353387748,16.065233855056686,-0.30047417599782833
4.13671875,-6.3723174476664415,1.541563394819761,62.749739374040566,-4.4499188135283525,0.49170623176957257
4.140625,-5.881971672994614,-2.9452711855537115,5.449646509268514,8.379332240830044,0.3939072102941674
4.14453125,2.222704749248055,0.016759951767182438,55.45002839218681,0.26647193877895203,-0.25045585018010386
4.1484375,0.025544962436691708,-1.8563458710379135,-19.37793040604233,3.9281219338877387,-0.7128043597672115
4.15234375,3.719944818570945,-0.41245769565085033,25.084435894887363,11.933118729440054,-0.5896768837956616
4.15625,-5.40316920409031,-1.9759709884611802,14.823081345741123,12.178295180218345,0.12505761357266848
4.16015625,-3.360610987203703,-6.535741779183219,-38.123142704025234,-14.131943577352423,-0.002950462796620054
4.1640625,-4.948677509595682,3.879705587160843,-24.958206928786268,1.3125367984052265,0.12249750021723017
4.16796875,-3.3256753413611215,3.621091987149805,-69.09447673963628,-6.692725042475265,-0.3443602520372754
4.171875,-0.21524637713618122,2.4121986407351557,-28.77417659674317,-11.974118426786411,-0.01376091209815028
4.17578125,2.5781762048811605,-0.8060965338668442,-59.55711627955487,-9.179836723957482,-0.2039064610038797
4.1796875,-2.5714245738844745,-1.285784843902388,13.737873043255867,2.7889148771372394,0.6938382452827117
4.18359375,-1.8928915224454979,0.16543916722844604,33.007547641587074,-5.3604662337555435,0.3102921082840523
4.1875,-4.792751873000389,0.347646384350958,-18.944643435400558,14.459891929265844,-0.29028864308810726
4.19140625,-1.4762798085112525,0.19029915387535684,-70.59035980740171,-1.9311883852158573,0.6380939689737828
4.1953125,-7.291047765520035,-7.902280455425484,29.187890344533248,2.691313169966002,0.19244900145228103
4.19921875,-2.0582292590066853,-4.605466838787118,-7.29129688988203,13.279729761872751,-0.19564569125587924
4.203125,9.915573684936415,1.8446202712568969,14.575557642781217,15.341011144882275,-0.10556499574934379
4.20703125,-2.557347486020828,3.024773378275224,-29.708302738522914,6.944292998284546,-0.07084886988966375
4.2109375,-2.673293578156417,-3.4586378511097724,9.91296995458191,5.139521326625445,-0.6469916599035742
4.21484375,1.248569788970297,-0.6878035527537436,12.60880471151377,1.1178669562773662,-0.09392989226084374
4.21875,-2.793880881242845,-1.7777107874856488,36.738372469473575,0.23006805995216661,0.03955417443051088
4.22265625,-0.37793786303992233,3.9147388957548275,31.047058862615227,1.9030205082218512,-0.05249672507659572
4.2265625,0.0642452246050008,1.6797202985203539,-27.28734492587516,-8.311190845379768,-0.6019675487710175
4.23046875,-2.660793979680639,5.679463779911043,45.9321651207274,-11.467951830309858,-0.2057540254027679
4.234375,-1.8099921930067033,2.1871131955525756,-7.932464357543856,-8.205991527132255,0.30739667879112315
4.23828125,1.8581957708522907,-2.7954998762365113,12.073255673727132,-13.931971028619637,-0.6863451312049511
4.2421875,1.5713370824438442,-4.969130968565394,28.984185878685167,-15.180636845832524,0.06870049564727869
4.24609375,2.21501359716186,-5.470146630207256,-0.6320815558489326,5.7604220418389325,-0.04885273057477236
4.25,4.603061920852458,-2.471667465198216,-0.3944292527015172,8.316103892174372,-0.3174233860030787
4.25390625,-0.49596217726094144,3.409067325795985,-23.693016482460127,7.42362340670877,-0.08780501899463587
4.2578125,3.372829192069691,2.69124721726663,-21.574007502011774,9.842289369943497,0.3159269928706403
4.26171875,-3.3317420047786284,1.1077467630030196,27.744376824241563,7.461265688186485,0.017457194627174058
4.265625,0.6907890127147838,-0.9254065559412064,-32.456873653937244,8.642805268943702,0.32812817205210865
4.26953125,-1.101178649314858,-0.47517778306788316,-28.17671707607076,0.7153223246036449,0.1348539086830662
4.2734375,-1.8007012098757507,1.6436544868882335,-55.95521989975424,-2.3583264164226145,-0.08844341009523096
4.27734375,7.555804887295466,1.7329117281609685,-18.01717743198958,11.47180691414351,-0.09342481107358303
4.28125,-3.493068612541503,5.043274753881851,53.34637023799837,9.879768610637761,-0.12667251235361277
4.28515625,-3.7380281473169212,-2.8294587730536187,-5.939808943599853,-1.3144961965623996,0.2989710031212147
4.2890625,3.061574630103586,-4.533468644858033,-4.329972557034163,-8.690348334031015,0.0846258066959135
4.29296875,2.6412884956529528,-2.8816244590509115,-10.103070113431137,-3.306373519204929,0.0258863703616978
4.296875,0.9268287967106811,-0.9656800925931392,-14.297351128465866,-6.433547897936322,-0.037710132026830226
4.30078125,5.173922485964256,-0.27269714697726255,5.691847476262939,-11.744808597124257,0.9983074026506551
4.3046875,-2.482242076023968,2.5677908295188376,41.31279384624307,-10.177434467390382,0.48318951231506224
4.30859375,9.070185533582466,-0.8174944313757684,17.00698297143218,-8.495625802224547,-0.9824616585869618
4.3125,3.4741129415764074,6.234251401846056,11.31282679123964,7.935719563009176,-0.2105856166608333
4.31640625,-1.1412957022804502,3.8771468052555296,4.757019695676199,0.402896177980373,0.3642614335724201
4.3203125,-6.164334073681006,7.520630771500501,38.45383903680002,3.8927847413336965,0.05929380165717997
4.32421875,1.260783571999214,4.2401217360686125,10.56556476332004,1.0168645097817115,0.5821478779021596
4.328125,-2.8756754283511916,4.478139293639411,8.013953393921724,-1.6899033119768179,-0.6231901989098465
4.33203125,-4.91601437203956,-5.611953305030046,82.59792267053665,-2.4788768106111148,-0.09797157376783588
4.3359375,7.341263505246267,-1.1008937820477525,7.205779187633096,-5.008184893566426,0.28014971486687357
4.33984375,5.353582278878128,-3.6177682246058387,-34.57632426587409,-4.401910973703517,0.5044843849414362
4.34375,5.611374443845413,-1.2688021335281061,-20.411225579523766,-5.923456280300813,0.6133402338886238
4.34765625,-0.031223851908310292,-0.048291863673568955,3.675229742293464,-2.099902690047226,0.4045553462891109
4.3515625,0.349562504619585,-1.4162417813055792,-64.83643688392323,-5.1822642881497,-1.1516488987327556
4.35546875,-0.5100125070521232,2.2899873128371167,0.15230486649368302,-0.3992949428570558,0.16410233547534347
4.359375,1.008926031845637,6.812236766173838,-3.7572328545138305,-8.729243857444471,0.13508074245723947
4.36328125,1.6571543150523111,-4.551637160117262,-0.30271508691727433,-10.548795733794924,-0.9385750940115619
4.3671875,5.0608695557400845,1.2728809827006564,-43.54058993605748,-7.434295528868813,0.2588326664853366
4.37109375,-2.401202602449389,6.115729310818553,-63.29672131263172,5.310405964280964,0.4390647985548532
4.375,4.547897199508045,-5.268725245134856,-11.519276194770523,10.444836929251254,0.2112151244722506
4.37890625,-0.8583824815842473,-2.2349446550577916,-29.910481562751432,-1.5554373226505351,0.38482161674597337
4.3828125,0.12507723208192928,-1.5836049122597997,-4.1490691086504,5.68195616372329,-0.05339343649778493
4.38671875,2.485934856428744,-6.882928975175147,27.605386708878925,7.982109277170062,-0.4413896293621993
4.390625,5.307543069745528,2.06822861544395,95.83546231436247,-0.9726987328871726,-0.07729684700197667
4.39453125,4.132277682378357,1.2917976850566786,36.21603979438315,-3.599557741004948,0.28270670266445586
4.3984375,-3.80469073972405,-2.5410494221702304,33.85317024070813,8.896365484757492,-0.07572736200058618
4.40234375,-0.04749718742327444,-1.2883409594528212,29.767870364635375,13.657382422293677,-0.5053918419777891
4.40625,-5.132063401519792,-2.55496911020243,-19.356779555554585,-2.0738379514009644,0.08258904003086724
4.41015625,-3.937610698178597,1.0375570372299683,0.6388026625130472,-0.9591512942941864,-0.9706012020532173
4.4140625,3.679143396002683,-0.5748846057764245,59.942911157192455,-3.0362546703056847,-0.14867414016028463
4.41796875,2.3313694773290283,-1.7187940246426026,9.877162795258874,-6.591936229173118,0.2622590874753049
4.421875,2.951903321005768,-1.2887990151181015,22.792477333061377,-3.8605033338281505,-0.17415418175975247
4.42578125,6.160523540614452,1.5045717042478588,-0.6098033041250739,-9.95680505518671,0.4340331423351117
4.4296875,-2.2325252987057618,5.6743157145055045,-76.94553320477101,6.832296338051705,-0.3857788979239647
4.43359375,5.212816531981162,-0.32489417568188117,-38.33060843717551,0.8691994228962872,0.2973303345760609
4.4375,3.9589975035870615,-2.5861815954896117,10.00633990942266,2.1049995818799454,-0.2562857879798776
4.44140625,-1.1191332117568764,1.2032998712892224,-57.75937102206264,5.134269436614745,0.6174445606184178
4.4453125,-0.9550493962475144,-8.084431505090636,-33.54585049667858,1.9737680962123783,0.0263959227942945
4.44921875,-3.843164347191279,-3.532849265551281,-19.304488586589585,3.827374606465207,0.40807320370742084
4.453125,6.452232197701283,2.578715922389171,-51.09549885318084,6.3064022824712875,-0.11774093796659417
4.45703125,1.384261152833967,4.06537056139942,-40.26132565032007,4.478060579033473,-1.344474034626449
4.4609375,1.1069657892373312,-4.436042925980687,-69.48336976494686,10.330131134994463,-0.42136378442195266
4.46484375,4.174369880916061,2.178299170352652,-22.393703907985007,2.832625895650419,0.5180167381872947
4.46875,-1.0091864499523504,-2.6772060189526288,-15.061393148167895,0.4254981996992036,0.10131307826992897
4.47265625,4.289414266980118,-0.7275190276049825,11.954021440414547,0.5283110581029105,0.4150986511802341
4.4765625,4.827915363971848,-1.6498172667498947,-1.3723495860228025,-8.937391421502566,0.062113853406007016
4.48046875,2.4972687525330453,-1.9523483846917793,-9.726312298269175,-13.396986834264737,0.10437764981896944
4.484375,-2.4008239738932917,-2.5787322473869105,32.483974581198865,-5.555204649509914,-0.05499866200955334
4.48828125,-3.1087001999644324,2.7545357970570543,40.92613640794716,-5.942615496012962,-0.05405934653987023
4.4921875,-6.523650682945375,0.5550568048346669,-11.390644215941723,-4.108774170559767,-0.3534554645397318
4.49609375,-4.451063128588005,-2.914478244509623,32.763811850952116,9.372756801958955,-0.7613208944562483
4.5,-4.12746447736562,-4.828769639195611,88.89349898731408,9.99955744117338,-0.27371139071958156
4.50390625,1.0797941010708954,-2.6329091893793746,17.664455593864155,-8.356042778516219,0.7398884740876508
4.5078125,-0.5722299846551119,7.3801987875522,64.27661268378804,-5.670041091460547,-0.3913391316298221
4.51171875,-1.8698426496473743,1.497634998543959,23.585945028452354,0.3738242289559093,0.3933179260861247
4.515625,3.8785559885749596,2.073061389778549,25.42200578059397,7.3390803249676955,0.07602283425349357
4.51953125,1.0102049657370238,1.7143589187973274,-23.285439898441297,6.865835948927408,0.5313170449756717
4.5234375,4.7346421221910955,-0.5242591507269658,0.0015990740410873894,-4.308835456355457,-0.586599393401214
4.52734375,0.7678048480898662,0.11510098976810901,-13.390680223655966,-1.0266072734297624,-0.19035570665933857
4.53125,2.226150382068162,-1.7523090584045478,-3.2887810643843647,9.362113410850146,0.6130551524119343
4.53515625,-2.9578580188890524,1.8852760745145645,-49.3990745754057,-1.5731731773374245,0.29318321441054607
4.5390625,0.6034802949346747,4.174228355918526,1.8005873899152256,-2.5091214381922757,0.4181461860455335
4.54296875,6.7581473375963546,-6.480729505528098,-89.98699057724335,-10.962964906195078,0.7492424844821975
4.546875,-5.147452177108081,3.8265648540398387,-36.99982316740743,-4.859262968168848,0.26519367671665295
4.55078125,-1.4970025709343617,-1.292528590483822,-13.069963472777609,-10.634697591503656,0.2624576144293893
4.5546875,9.436394571882607,0.6847359098681131,-10.531260423221458,4.4299302476813445,0.026710407074000315
4.55859375,1.612502650489567,-1.2831508185684726,-16.191904207998277,-2.3304808783421995,-0.41648070982483215
4.5625,-4.4960421816630785,4.320738715208109,1.6442628817745728,3.9644731633620354,0.10839959613683249
4.56640625,8.956140323708775,3.224031742934751,-29.714741520254318,-9.013234170287701,0.27798727009783786
4.5703125,3.3005513272650844,-2.3778306625691465,1.6944192108762408,1.1300908282376605,0.35731742746370326
4.57421875,-0.0944295860259823,-4.305998356004388,27.421411835161887,1.9829887398464712,-0.14143089110611817
4.578125,-0.10697442995013644,1.8672469125435254,19.359406492816532,11.081413852006184,-0.46307525065202637
4.58203125,-0.3691120062963726,-6.899471038219653,85.94346389571936,5.2448390460839285,-0.6856431739797125
4.5859375,-2.275775799281397,2.3605786996897167,1.9860765675238667,11.332120241099448,-0.6713084323553934
4.58984375,-0.08718050405474899,1.3609863011305874,31.782386800168155,-1.0320865018021963,0.3016153690308372
4.59375,2.7763407960049555,-0.05826475174764213,17.50170182884729,-7.250418916732776,-0.15015168390878864
4.59765625,-3.879275704669743,-7.153573404788435,39.56001125510619,3.365628947031628,0.31110574304377764
4.6015625,1.4526519775658124,-3.2638083658772414,41.26434159436528,-3.9728970030827235,-0.11681160497163097
4.60546875,-0.8131115763614337,1.4545062727289162,12.338282417779464,-5.251264317207193,-0.813623173971102
4.609375,7.233767989493221,-2.7112272982549994,24.3693280785594,0.9961696603103949,-0.11476200879504779
4.61328125,1.6435808698079075,2.1963378050475986,-12.902471855973467,2.5566120143281457,0.5551108062730342
4.6171875,-1.1504353323453747,2.1660547875047476,2.9576244525188393,-1.2072114276806178,0.206070113373742
4.62109375,7.6799689894705105,3.4507625933378527,-17.20036361911522,-5.80773400211121,-0.03176977634191549
4.625,3.232975734412383,-2.405341357432815,-9.220097747931824,-9.20127461919348,0.1772529410878194
4.62890625,4.2133539837511504,-0.01381026899425251,-10.74522069361431,-4.20589620567191,0.34080984182894003
4.6328125,3.655434423948892,-2.768786981067386,-44.77286373338827,6.60730390116653,-0.5856739444152592
4.63671875,-4.026833135023972,-0.8424854402952084,-13.641306528834718,11.433907049220235,-0.3026325632503968
4.640625,2.868572743219387,-5.236938898036241,-15.000831239825201,3.612045908270683,-0.49307765641611273
4.64453125,-4.036603976218498,-0.2950371389923243,-56.417238275663436,1.5074289593695926,-0.029105362380290635
4.6484375,-1.3846755658071939,-1.2075915828673762,-41.852164151568935,-1.3668077336288453,-0.35676821303483464
4.65234375,0.32104167596510447,-0.3836365385810007,-47.36479737846278,6.176080567021825,0.2937903163081021
4.65625,-0.5868635092062937,-2.7081323583561523,12.358743135978358,-11.614754426768322,0.05261803915047603
4.66015625,-0.8999730723220164,-0.8428162503401198,-17.643013398217576,8.18629080920889,-0.518476184228831
4.6640625,-1.6986809682828579,5.013601559348995,-37.22645743719704,-4.229757020939823,-0.048896292593782614
4.66796875,2.7053652083359836,-1.2071579348378592,-11.103122228301789,-5.687667862517897,-0.29319438721582036
4.671875,1.4431445657846576,4.899397048983815,6.210146800737247,-2.840059318392981,0.14074943086090086
4.67578125,-0.2037113416741445,0.5153551189212271,31.172039672151882,-7.794245728927175,-0.5132356180085496
4.6796875,-3.7597286276557873,4.066978262243672,23.10431044717323,1.3078615335463115,0.01260546052257553
4.68359375,0.4290086497237229,-0.5775167383043489,18.065777267147975,-7.506658530069642,-0.2588128267133872
4.6875,-0.8770976066062767,-9.690903831702277,73.92498276726721,-5.636456548100481,0.2770535558057386
4.69140625,0.7152848961683861,-3.897183662834165,-10.096714796565621,5.240732094513297,-0.4751296458434549
4.6953125,-2.149274923733263,-2.672837343124163,42.596240092424054,9.443156286632103,0.4809801143116467
4.69921875,0.9252942326124171,3.8554178077116195,-19.12512311744727,-7.945530515130763,0.04937154752073788
4.703125,-1.7008351052882298,3.36428908838366,40.291477088937164,9.241550968412685,-0.58524083306358
4.70703125,-5.3474110186702015,-5.394206335979135,19.61476883986781,4.913215308241296,-0.6214533589112058
4.7109375,-2.166553387603058,2.6747695101119042,2.9960761874315547,13.871692117903871,-0.5206664813337498
4.71484375,1.353726702765151,0.8746511117978801,3.8843264485309237,1.4963047878743654,0.6387404652337831
4.71875,-7.062649293880257,-0.33666370897031206,-30.733718002319364,7.065436569566492,-0.24754040153136186
4.72265625,0.3817528568377056,4.268121400692897,-1.8620790535218763,-6.991235948377703,-0.47323177147131495
4.7265625,2.341289980454328,-1.893334388730835,-5.328265862552563,-7.03943642200876,-0.3040093480699645
4.73046875,5.378241994163093,-2.035842497134304,-11.34148832602078,4.420405998114921,1.1347696097302125
4.734375,-0.014032521803916148,1.8633119655412416,7.136361984523635,-8.602894827429488,-0.7719644140096491
4.73828125,0.4080004577753291,3.167567813585797,13.250032985956484,-5.729344966845477,-0.2968986360084995
4.7421875,6.874719051261332,-2.4321041636341363,-4.504738615729135,-4.431946145568277,-0.2585578200814551
4.74609375,3.3744742954990685,-0.08417122885518365,-11.741245284776802,-4.516607988588287,-0.13724331744416599
4.75,-1.6752619230800765,-2.8939307410221033,-49.78593540434263,-8.340514515741711,-0.3225925172213137
4.75390625,-3.143197939488227,-4.0745908213696715,-11.399853717893171,4.789177713776515,0.05960894602544051
4.7578125,2.553705449504331,-0.8002663589825492,-65.86542803771961,7.845602469527165,0.3857442883570699
4.76171875,-5.22433304944422,6.910140868666238,6.979457798886336,1.7088552105482813,0.8482845636631721
4.765625,-5.59142512296094,1.103207976558474,24.56511538008801,0.330160630104789,-0.18317679126487416
4.76953125,-0.7178378574317927,-3.9785794128206415,22.782113355165926,0.42710454604615355,0.43762239606571385
4.7734375,-6.754735274430959,2.8957458540617425,-0.8996483190746787,1.5302825484703209,0.49893593197738956
4.77734375,3.331205369870869,-3.88503186656681,21.716438726616737,3.3756396185889717,-0.8325060117365848
4.78125,-2.8025400770169515,-3.7181370224824573,10.010831937633945,-0.745231241198343,0.24158185360845044
4.78515625,-1.8066081021290878,2.77226985171253,47.3377233637857,3.7650538068364536,-0.31978669386138747
4.7890625,0.13509648336625418,-1.7938924893563533,15.235237022202382,2.9310309120425337,0.6268453354072745
4.79296875,-5.304484166008948,-3.5756866308489843,42.8692845897361,-3.583960685997951,-0.21633869847711487
4.796875,7.055089524301407,5.129015528192072,-9.718308914813413,-3.58375940756863,-0.08471087640338211
4.80078125,0.10836479186525673,-3.7175013785393083,-46.17491009287809,-8.381622497525424,0.18442763393811223
4.8046875,-2.283386508436897,-3.109697230700115,1.5991676927529017,-3.161137200075088,0.5239665829703761
4.80859375,2.360548710586329,3.327288100231291,-22.889335795972304,1.4858220516026428,-0.08172094431112822
4.8125,-2.8020211235943653,-0.5630410446158023,23.264814356279768,1.00226945638417,-0.018324640088661668
4.81640625,-5.044818601720302,3.327229809165656,-20.44542559512739,5.740597337004729,-0.5084156228040618
4.8203125,1.8590580245234904,1.2290605210227532,-9.645023799528522,6.377904624699458,0.8527697595161391
4.82421875,3.1082383456270555,-2.3020241914689845,3.1371468076228695,0.09565150839817393,-0.14083864982455727
4.828125,0.11196284253660926,-0.8332287948937322,-33.040544600117215,-7.377218037896954,0.21753460134196223
4.83203125,0.34971823857971107,4.4757823583215455,-69.80811484917282,0.7231410915997007,-1.20675476485441
4.8359375,2.1281904238718883,-0.7796743965639792,-1.0400718349202478,-0.43513819672903997,-0.25603396685936813
4.83984375,-3.638195003450994,-1.7056479945018148,-43.391785221125375,5.346268474543101,0.2900034807782135
4.84375,-3.8619800158257807,-2.9966933666338544,-49.23442266927628,9.641984828515168,0.21558262107657428
4.84765625,5.560587763267124,-1.724261461500994,-11.534152379019478,-3.611499080455693,-0.5769719118601335
4.8515625,-3.58856145443641,4.854030874577889,-6.825759278007162,-0.6533596608112586,0.04476799975974305
4.85546875,0.9934394484262346,2.4828626011511963,22.969656968891453,-9.81944915863674,0.04426542582561351
4.859375,0.5309932304876663,0.3174197139900399,60.92599545767442,-3.3257307631899216,-0.43211267514798163
4.86328125,-4.411825191209314,-5.106545047193148,7.834523382106973,-0.9370330703495378,-0.13017424641683276
4.8671875,2.359179219558288,1.1774147229289442,63.46071088937699,4.116820255053268,-0.6038992651807935
4.87109375,3.437850175075957,0.5868005940654004,-55.37354755340826,-11.893745966848488,-0.05319432322810046
4.875,1.7067910447705248,1.9008248020644007,8.6434221745934,-10.834966054614533,-0.4402117957412767
4.87890625,2.999550751760422,-0.9082699963037261,-52.591228133126904,3.336519260887564,-0.17900490990897475
4.8828125,-1.2676758457591164,-1.6649648859538837,45.85770037725832,1.4795921647210426,0.24106329932860693
4.88671875,4.2411562529237985,2.9587668896385773,49.220727508298765,5.691657751320863,0.0252857559430428
4.890625,-5.753159526902058,2.67911144427964,19.76896360085296,10.889527404676162,-0.33902438339755875
4.89453125,-3.1533164748944196,2.69524694661745,2.5326849334216472,4.527653255702183,-0.21596141062143326
4.8984375,-0.8819380957924705,-2.8443687748449924,6.166973345038557,-1.8112876766844308,0.9102703193733284
4.90234375,-3.434676416348386,1.2169839979042434,59.975815761856126,-9.278686051714958,0.5789597792720751
4.90625,5.820481950034683,2.1855845726130516,53.07366582198515,-1.7199633870761515,0.13526568163485264
4.91015625,4.925261366715312,-7.700822687671479,-9.305063495232172,-6.643138506708666,0.5601070266068464
4.9140625,0.8583832061890012,-2.0468767991201884,-17.11517875261519,-0.13145880366340057,0.17887050752417658
4.91796875,3.1605570866098938,2.4074809305994957,20.87123383819481,-5.173919540707206,0.3089250548998879
4.921875,3.1296763704068447,2.833125774534062,-24.017812024769665,-0.2659295833359452,0.11541982421604345
4.92578125,-3.6815805568214075,0.8663504737078966,40.91055935877995,-4.725965191657937,0.31807208872880777
4.9296875,7.324289631652553,-2.501992759883627,-37.157233076472565,-7.256523146471324,-0.09626292365180479
4.93359375,0.20226070541552646,1.1157139123090154,-41.130026207825,-5.274199463775477,-0.16215285035693272
4.9375,-0.9990087876199374,-0.4860107823750328,35.57274827688006,7.561949778822054,0.10878422276813826
4.94140625,-7.2708986140211,1.8526987060572249,-28.1289616760502,-2.8215827501706485,-0.525654269042289
4.9453125,6.782367929486532,-0.12032497078044405,18.205161656891267,9.710936100062685,-0.5244830918065367
4.94921875,-3.610108741911412,-1.3383998176415877,29.923182145314644,-1.145891097657028,0.2896505315574103
4.953125,1.2269291817247276,-3.2394840123769493,26.809425989986384,10.402651760495512,-0.14644774189376797
4.95703125,0.40395319436343713,0.06880308058345405,76.77406096090402,2.387633709902934,0.19063165206195176
4.9609375,1.1559874488001218,-3.0640479060452046,18.058687261044554,5.866456941020705,-0.45327943403887955
4.96484375,-0.9703068478260527,2.9897562484312306,63.56991030659478,6.4259998962089355,0.04281217613628818
4.96875,-3.1939752342342675,-5.33757327591144,11.56666121251644,-6.193077487789033,0.7672472258976863
4.97265625,3.042176618404372,0.9049611292658032,-54.65519911899565,-8.87583345859759,0.5690591957886725
4.9765625,-2.495868126916678,-2.9017517044665375,-0.7320245221257338,0.3078100118926477,0.3357039980193948
4.98046875,-0.9131615834347592,-5.190403076187614,9.4861166650171,-2.010120056099666,-0.23020605612270645
4.984375,-1.2489924983508252,1.561618782936199,47.81427300380881,-2.8501859371898806,-0.02693515922046477
4.98828125,-1.2672169700434908,-0.764617732226313,-5.525345343100007,6.159559728465377,-0.2734772285510988
4.9921875,-2.660796957869053,-5.815281477787211,44.7376128953466,-1.5649609011580181,-0.7068103210088609
4.99609375,8.738685914513242,-7.046221266733695,13.383943782640486,-7.1842007338451115,-0.28305657692083885
5.0,-1.4947973016575318,-3.8910047760356754,-17.210051693364598,-5.562236027273885,0.028727971294593115
5.00390625,0.1500913625346893,2.2477862141626535,-21.654703372595243,-9.874238253820453,-0.33210638885997296
5.0078125,-3.042748709624711,4.388025532712033,-73.74249759698247,-0.5374848827963725,-0.15510504392302513
5.01171875,6.305774247502483,2.437790968880081,-41.73937490968146,-6.4000507382448495,-0.6829047661142318
5.015625,-1.3517755690438482,2.8124647158614744,-42.804321626286026,1.7298995059196214,-0.7461907796795835
5.01953125,-1.6389882722319384,-1.197875580257408,-42.59654713769811,6.050026695713797,0.35734792735300347
5.0234375,-4.593555233841866,-3.615866494850363,-54.04942783938242,0.5290535426935246,0.2866103933673246
5.02734375,0.7181956512553358,0.7804334251744427,-29.582593695976094,-0.24219940923601757,0.05894045404526506
5.03125,1.8568483380879937,-7.673420825351151,-30.485468224277167,-0.05579661218470943,-0.9521377219167282
5.03515625,1.7024551477274665,0.8855694296942804,-40.97316805966118,-4.012992414295571,-0.1661521656298685
5.0390625,3.422080618210768,-0.3562075113933086,-47.00316874045768,1.970539807406086,-0.7110903490100727
5.04296875,-6.097862739141797,0.3607722703135539,0.40889649506450176,1.1410052597317488,0.20863267369522673
5.046875,-7.1147164970147525,0.6412070873823021,8.763156417294098,-0.8428812062301589,-0.4216228702277511
5.05078125,-1.2144185006348953,0.23331137402163543,-22.593248793892055,-5.109994191676069,-0.019343476812023523
5.0546875,-2.2604004363080707,1.5326291578386912,18.018431445761866,-6.346429050853584,0.5845491775735934
5.05859375,6.805707104012323,-1.3731253917401514,8.957725273018081,-7.197403359205173,-0.7541716804628382
5.0625,0.4928029746309989,0.7886448181151327,81.5901160909447,-4.110781904952462,-0.16997445151226379
5.06640625,2.710697006433664,-1.511696837629322,26.213737638174294,0.08558019606726996,-1.0057842181928487
5.0703125,3.0729543455765054,0.718453590007221,4.1326054561037076,10.987056646705373,0.24888376722488637
5.07421875,-3.0244640552758013,-4.608885637632836,-43.622589300964954,0.5159075091207694,-0.05846009097996043
5.078125,4.477886478557164,2.6661655032823672,46.78972860590325,5.026428085724595,-1.194951698395292
5.08203125,0.52262129049901,-1.5171986336036896,39.00916603698185,14.820640898666273,-0.857494190457719
5.0859375,2.9535477311031637,-1.5243486942730162,3.495853321790708,4.060062804014196,0.017224672935882684
5.08984375,-2.039113361634975,3.5164886625954845,23.204988987589253,-3.0431204170304795,-0.49736416449400284
5.09375,2.7131466040863716,3.8210275769686275,-6.429607439142584,5.411242727208942,0.007501080437473337
5.09765625,7.413500152276333,0.21679937457195914,-13.890825101546824,3.387599057436176,0.3456103969961038
5.1015625,-4.20371949280004,3.949021832815446,21.576198215971896,6.827496269739866,-0.34129619398731714
5.10546875,-5.64189819365166,4.108278037518466,-36.985759884584695,-4.913693318824545,-0.1679169878233184
5.109375,0.6205195772985506,-0.6392200344616394,-2.0166701320608666,-12.51775060121245,-0.9570049005801516
5.11328125,-3.686807120724031,3.7428881343823948,-42.13742128145735,-7.864887806866674,-0.8245666223909244
5.1171875,-0.6766183461132161,1.7946493022398564,-58.36805486198959,-0.26745616370851977,-0.2585145450582244
5.12109375,-1.901514496035445,-1.1492975736220878,-52.59070905939076,3.5045025860491053,0.5292562702577627
5.125,-1.6234175469196819,8.490468100736724,-39.20993909000956,5.703882358861138,-0.3289199464877516
5.12890625,-1.7806188848353781,0.6460738569504387,-42.24033901907788,1.8635563877924186,0.04454490368407016
5.1328125,-4.903953627248095,-4.205479012914846,-27.93218799500334,-8.204578288197538,-0.07518672823685732
5.13671875,1.0743803136242636,1.575219483311679,18.029844212582482,1.2542784013057808,0.44248209178205644
5.140625,5.841564710671896,3.6857022568481197,-1.3525814205501643,4.219958430731726,0.5245849770378314
5.14453125,-4.1122755923785315,0.7565346212952659,-5.647744830966198,4.611173630879569,-0.3061286865780122
5.1484375,-3.3604643601658313,-1.3370881490172148,40.45801662712199,-11.315768112814572,0.2931024488377717
5.15234375,4.1674196009279845,3.171572181375412,36.42977050221758,5.815659139779128,0.11248658482253504
5.15625,3.858135862704693,-0.43296000446733096,22.87537722098382,-3.976232826106145,1.9383609255827412
5.16015625,-2.005047574006853,1.4511224804831055,12.32236911695174,-4.54136546477348,-0.3938979417082448
5.1640625,-0.2147030052938008,-0.8965183350722448,48.321707221333135,8.075745744167161,-0.12538627811763958
5.16796875,5.353402491513404,-3.2161136513671558,49.17109254223451,-1.3758378998237406,-0.28323672939484484
5.171875,1.4821485356338255,-7.719033564749759,30.38654317006707,4.150729535087718,0.8812901854925995
5.17578125,3.4313594358658897,0.3195508647227537,-17.854995647937912,-9.796218200888205,0.13717013856777724
5.1796875,-3.725208660980554,5.00584418288734,14.351250763153077,-6.844330506531719,0.42068409390810724
5.18359375,-3.3660619620356034,3.682079027918885,-3.1111541773671973,-9.982353942668482,0.18515710483934217
5.1875,1.527467186882127,0.6569038269469025,-8.436751157882739,-1.663966903594817,0.1009449908300283
5.19140625,-9.991910470812247,-2.0668157206715443,14.328161452112594,-11.493684670039562,-0.21852425908107087
5.1953125,4.439567481958883,-0.2170744097433442,-51.60060149729129,-3.320063706381151,0.23640925757674142
5.19921875,2.2316015677134793,-6.834038132424499,55.76279244257256,-3.6527738268265666,0.1121566818969697
5.203125,1.1256765046918777,-2.7114676423802635,-10.486549739853112,7.539644032177678,0.6568290460834292
5.20703125,-5.6654872224089186,3.6131367533971703,-32.1727930564186,-2.508876105447937,-0.41909810291101945
5.2109375,3.637544880125834,4.007827972929206,-27.114103735714824,4.810922315754166,0.35650490426881243
5.21484375,3.4768874042801676,2.4951483310309324,-41.77487448174864,12.637311931698353,0.002997882867485245
5.21875,-2.9358261997709403,-3.7470781805064624,8.569917352602104,-3.7211267710944975,0.24887796954030716
5.22265625,-3.268059211874652,-2.7747498817885123,-9.807366929574181,-2.187869942334408,0.2947520216878899
5.2265625,-1.8118188452924326,-2.7113386101548067,11.64329891016505,-2.791330306269672,-0.039126670373812615
5.23046875,4.613525414862102,-1.836858090730129,6.841116777766171,4.468154365465933,-0.5098526541664372
5.234375,0.12256573771712455,1.5592488756818574,-5.567109425989029,-3.0054340405931566,0.6563357644429958
5.23828125,7.558268720563513,1.8447846158838324,-36.544861773842705,-2.586996597429883,-0.4937269897265407
5.2421875,2.1836475564545563,0.9435227513853752,-29.201257638490304,1.8593565641964513,-0.7470637004159811
5.24609375,7.545162879175524,0.34678646669886726,0.2873024563323696,-2.824409772723687,-0.05810866477137327
5.25,-2.361068316826864,1.66583709055635,23.817960638447953,-21.79239226034167,-0.6808602467568811
5.25390625,-1.0416062033029492,4.700789546846431,23.126361929381577,7.976561149288786,0.19882586774079566
5.2578125,1.0610741410514657,-3.0220224557893975,9.708915355819553,10.99751961743541,0.5442958790841725
5.26171875,3.3961431552533776,-1.317048429912275,-0.043551700933200266,6.613994687980004,0.36982772203686204
5.265625,2.0801233299988366,-0.4347534886069765,74.93398265450824,7.655829637955907,-0.09645127070312574
5.26953125,-5.465538808604224,0.11654518315023739,15.12324851166809,4.7229890172181825,-0.2180084986592011
5.2734375,3.8463284485726312,-4.593419372988523,22.7016673774959,3.914406810898372,-0.8778544480146405
5.27734375,9.526842512090019,2.1227879756655095,-54.41343824765745,0.9810242109544953,0.22964304140859332
5.28125,5.127854637703147,1.6863687774247496,-8.145577892639226,2.4720748642510406,0.17802995850437484
5.28515625,-2.08521863665216,-0.05878759288726393,-7.011179886652833,-14.43076016853745,0.4361255233067816
5.2890625,1.280155119749956,-2.2062368347549324,0.041383932715812755,-9.12153831393875,0.45857117732609914
5.29296875,2.617403154608212,3.9494139013653786,-15.60683926966098,-2.4238748558862504,0.26406079273332167
5.296875,0.735185472920668,-4.809324986724941,-60.60794810674602,1.5968577878854129,0.07707511292265158
5.30078125,-0.4241066371703775,2.192942054198561,13.87430801997698,-2.9957385938892407,-0.5042667361252117
5.3046875,-2.7631551603337012,0.07589288525774171,-25.73783821265638,-4.88236944646999,-0.030922498032345414
5.30859375,7.5878755471733434,0.25020802724112995,-37.572671404721675,0.011486175030208212,0.20087826612062437
5.3125,-3.1315174348022876,-0.1957139477400639,-11.48971151948522,2.399568632556153,-1.2024085929184403
5.31640625,4.3705698029559334,-1.5505252448072415,-1.4260856329529936,-6.058488755868179,0.9201794143007036
5.3203125,-1.9825469804368157,-5.620990912083798,-2.5089507099226687,3.8349881645860626,0.30560064228807093
5.32421875,-0.07473724257488612,-1.769332305609331,-36.480669991216885,10.95884453994951,-0.3121206262434685
5.328125,-5.633547387747788,-2.955805622714246,4.04351723509258,3.616318600439282,0.3775276447347822
5.33203125,-2.825003184454127,0.5753108082514207,4.2359354730345125,-0.3535214197740393,0.09683386381008721
5.3359375,0.4539345356066085,3.0686645540720696,27.69932005643382,8.410796854070572,0.04130832936696782
5.33984375,3.1994821008671255,5.558623541930633,41.18863251562545,1.1562209865898574,0.013770812175062765
5.34375,-2.9160456332872733,-1.0214564596269473,26.138015271052787,-0.661026543387275,-0.12215607925842151
5.34765625,0.811379222376649,-1.98648057909696,52.14320779038425,13.390816665791133,-0.3190650816026785
5.3515625,2.0534705063461494,-1.2835188923123195,61.80638387788491,-7.227576789967157,0.8317155859678496
5.35546875,-2.919042902037203,-0.9915997579513749,69.68830409186509,-9.06775828107262,-0.9880497836542712
5.359375,3.0885929308971756,2.083062094215101,-19.32972987187659,-1.440407112790822,0.5819806816622792
5.36328125,0.9672143798261118,4.009742278376444,67.75294302962634,-2.84600572608299,0.3310859250355842
5.3671875,8.413119068881104,1.9066502890541754,16.79970162960514,-3.685939138490151,0.15578736828766487
5.37109375,-1.4682010730408146,-2.514661337084516,-30.502309557161333,-9.72312496613953,-0.25893412266185056
5.375,-1.0538500412374159,4.158165364880798,30.53133690483572,-1.4293327551900712,0.16853422635736584
5.37890625,-3.735197071298416,0.45827923925014125,-20.351390106523308,0.4885764111969737,-0.44562393170706016
5.3828125,2.292133562770257,-2.1634710278433515,-36.78532836324032,10.099757513832586,-0.3161863067047022
5.38671875,-8.057803711199496,2.044758904836433,-60.29731177335044,-1.4375144899258876,0.4538342543520636
5.390625,7.215873781890878,-1.4455813889480154,-52.99134969151106,3.2457781669877184,-0.6458718509708037
5.39453125,0.33779540667823,-6.584192791154598,-19.99251145696181,5.221539428437062,-0.3406061399154063
5.3984375,2.687677227811874,1.8516744566473737,-42.443882216126624,15.244940658575945,0.5046296823550926
5.40234375,6.050337632579682,2.108077609749437,-14.263821131972362,6.164854759060406,-0.2871113178667969
5.40625,1.1799145834218507,-0.9174257214498149,-52.355716574423624,-3.0472479173481894,0.9391334937438529
5.41015625,-0.297272311435022,-1.0378067554654107,-5.642371848702904,4.827557420100405,-0.10289353289397435
5.4140625,9.970863347764034,-3.27631009482684,13.621857306545252,-6.265616793520801,-0.4310869748820732
5.41796875,-7.035092474019044,3.8773880629903017,-13.494042916665606,-2.576856823494646,-0.7943320806684213
5.421875,-1.4033631354603682,2.3065958160769084,-23.098092925184815,5.160401410704983,-0.6017206769983702
5.42578125,1.5416607132935902,-5.12887619684728,-23.620648692457433,-17.94019663188143,0.3376043452410438
5.4296875,1.9737371894258808,0.5050107453059919,-20.290472860536735,-1.5005741942415651,-0.5974050207215362
5.43359375,-0.9879607870868702,2.800657517784225,40.14206857478285,-8.011530426628243,0.5641347159638082
5.4375,2.614359765837568,-3.7767805241712695,-44.38832106881582,-5.522853601721087,-0.7273321228743583
5.44140625,-0.27172495494238175,-0.4819041823184233,-24.85650362719756,1.5840649359355854,-0.17925501921170336
5.4453125,-4.843726346725925,4.161516228151569,87.56822339363393,6.063514584419762,0.17310571643866157
5.44921875,0.23750915837330122,-2.3510414224397223,-40.982498741032174,2.219670276306366,-1.0699157759819824
5.453125,-1.6361957162671459,6.155283994674191,58.36958216095925,3.4338647749348623,0.044377984522243195
5.45703125,4.390753885996892,2.6172176595656,-26.894201915371735,1.7849649011536157,-0.3402013550443149
5.4609375,-1.6925115447995265,-3.026252962070622,34.82227749669033,-2.832245221681869,-0.7149573199144119
5.46484375,-8.384462128482681,3.130697773070792,28.591587206009837,12.598020072823347,0.29852120026381684
5.46875,-0.7723942421572367,-0.08031611509972617,9.84077290321548,5.7579316677062815,0.6823523171752224
5.47265625,3.2553432248149137,0.3631681852053373,-7.477633089435068,-1.0998093107715325,0.5941966967865883
5.4765625,-1.1276647133781241,1.474341143300093,15.344051614881847,7.443201224546513,0.7771732305252558
5.48046875,-1.4000465983137709,4.979685626722369,-3.5660794419929926,3.840615945148887,-0.0287189670387312
5.484375,0.1051788692897087,3.787733993704582,-2.2135066606825493,-5.144808074779131,0.3554521001644394
5.48828125,-2.064005382587889,1.760424825203826,-65.73736359191275,-7.91631453102297,0.26466820889053944
5.4921875,1.3506580933901482,-2.6077874696574677,-3.629832583633384,-5.0807409669583254,-0.16844490621584124
5.49609375,-1.6936729979708511,4.621148820612451,-40.368507751737226,-5.945975533900737,0.00018988248413762061
5.5,-0.6627449382819166,1.5018583672726113,21.593362735358234,-2.8500345078021514,-0.13987783512308397
5.50390625,7.730592164135054,-0.15671604933366895,-32.021108355282536,1.1156181515532335,0.8488302482633838
5.5078125,-3.86042158497375,0.4620339664818639,-53.57758731042087,-7.385272833647889,-0.3574623718911086
5.51171875,-3.6643058458614726,-0.8657781727992215,-30.91616521257567,12.098687475242407,0.3189336834467487
5.515625,-4.223193938125693,0.41030420343875934,-39.2006488606375,3.7374600555749438,-1.0653258780493053
5.51953125,3.1258510254166114,-0.06756157853614904,3.2725530092575177,0.7551226557135178,-0.055562362233850006
5.5234375,-6.8070004154953345,-4.198123294693966,8.905056377121758,7.021733709670199,-0.0578038384965435
5.52734375,-0.09706972466257624,0.8820468285324707,-17.219306120529794,7.232579993145579,-0.10933520839094216
5.53125,-1.4383760722864902,-2.1364581991287466,30.43957170621421,4.157767759739757,-0.6873353673763308
5.53515625,-7.332433413520128,-3.8352506766080285,37.005259651190684,-9.804200859592246,-0.01602362425942832
5.5390625,-1.7903159225391756,1.3224578605085489,-3.597365121582193,-2.4220901866843767,-0.46105849730427007
5.54296875,0.9132806804744957,-0.8064891969610855,32.558052268342394,-7.142644033738691,-0.6484970510278726
5.546875,5.851075129972801,-1.1082704679458488,66.778807476723,-2.248500435729283,0.03815623999326791
5.55078125,-5.25484024513016,-3.445198866867226,-17.9512685459303,0.9081854482366394,0.8690691427897106
5.5546875,-3.9503681246284112,-0.8346529221659034,74.38780993696146,-15.052449588562267,0.4751125446621512
5.55859375,1.7143965875780622,0.7623637547507977,-28.522982130583063,-1.7525642558195578,-0.30759441152396866
5.5625,-7.5644101672545725,-6.609381322286241,18.35674829637399,-2.606663740742844,-0.47900107807125275
5.56640625,1.0019851152558845,2.835366078643723,48.59474033608865,0.3482155786385277,-1.2501947289177702
5.5703125,-0.2122507774180908,5.335747688455566,31.115360015788756,5.351713967147058,0.519825128799243
5.57421875,3.8828584606956826,2.391073657590127,-16.596107943773347,6.987177305590036,-0.32738404721885195
5.578125,4.314828899694541,-5.009626063152083,11.614733157052962,9.991601856968682,0.24177151030503366
5.58203125,-2.383586332763017,0.8588830560081036,-18.390329837320493,11.097614388259242,-0.4086127572226523
5.5859375,-0.8394752345112136,-0.6461321460774667,-72.20684728095686,11.488686852419038,0.11043951785778533
5.58984375,-5.556939008887632,1.5289332185752609,-61.363714388367626,7.325424299135692,0.7216449738798651
5.59375,-3.1715292329774196,3.3062247642679408,26.111852668077397,-8.660759155143763,-0.6766179442520919
5.59765625,-3.155780436585677,-2.6219107583646366,-43.50970546726808,12.86196948785777,0.44557219275197246
5.6015625,3.3250200016910743,0.8136459148364755,0.6704400806899784,-6.81566697427669,0.05914561019424694
5.60546875,0.5330552513068413,0.28540144395035794,17.889044651298963,-8.69652050836389,-0.04857145079460287
5.609375,-4.861234996045831,2.766713679612,-48.649010471724665,-6.908756761190679,0.25390951238509163
5.61328125,6.030623112975421,-8.019301915091829,12.25154716124175,5.133915126444764,0.049183220500559885
5.6171875,1.6954095373994444,-2.8609119974954385,88.48209151816629,-2.3786129150513475,1.1755218921753134
5.62109375,-4.344593994480965,-2.304879010596182,12.963770826955034,4.852358192749061,0.6572260374791765
5.625,0.1367784553121375,-5.194854546979072,32.59845786909516,1.1880486835908637,0.22670268381411882
5.62890625,4.902444395084002,-1.4817544815191084,-17.40790138841352,-5.467937827639245,0.1741497873518077
5.6328125,-1.2966958368718589,0.6425484282770733,29.04813999528558,11.432658963123036,0.9545496870805222
5.63671875,-2.457837196719233,4.459230244931008,9.927278200253923,-6.5865439696557155,-1.398319373766954
5.640625,6.137722679784728,4.171870192348179,47.2335051695473,3.445946912759879,0.15921524971728093
5.64453125,-6.4779627791061705,0.8654998929754425,-25.0281327297712,13.874279166659003,-0.6821578540576966
5.6484375,-1.2973319947883253,2.815311553451115,-8.7674851501843,12.027635808243499,-0.2460124681981704
5.65234375,0.10966754768983447,-2.8077558389729287,48.581174315239764,2.244613347527091,0.6208758226064547
5.65625,-4.743774692484516,2.888806725240365,54.05869938319844,-0.9710457387199036,0.3256004510513841
5.66015625,1.0850331610615906,-0.1394527655531887,-46.797924794777146,-12.711687442504314,0.2655830379547039
5.6640625,8.163638104368792,-1.3413664926063367,-2.226592537472044,-13.121121878845841,-0.23701613113167944
5.66796875,6.756035360863858,-1.1575863301914808,-6.051530800124475,-5.431638290318052,0.8997259017105921
5.671875,3.5805947459950183,-3.8217202469926286,22.65735173731406,-0.6729539997119103,0.8336208249964759
5.67578125,4.466146087923097,0.9047609644694936,48.479230542851965,-7.66317631017424,0.0996939150997824
5.6796875,1.3126297578437427,2.1276788397101916,5.952683357787386,-7.055467293244714,0.49899047203923425
5.68359375,6.786629067384183,-1.1886355918639901,0.6947059218437914,-6.338805240018009,0.1170841192041339
5.6875,9.721408566749451,-7.562443643191739,-0.07679181949054126,4.504620709092529,-0.4311517001538471
5.69140625,3.8079398357837317,1.72917526611776,-26.03533231519649,-5.799631823749589,0.033420530960039135
5.6953125,-0.9268908919065091,-0.8693089391148748,-29.464256604405307,0.4043738094756817,-0.25926161371040285
5.69921875,5.236622845358772,-1.6403925337370797,-32.19794405130277,10.092178967106545,0.49398928459616825
5.703125,6.229691523508749,-0.35131760323572925,-30.44662504904492,1.658192327033369,0.5344394586164305
5.70703125,-2.9605497140266537,1.789353303859834,-6.0305989419427375,-0.763664179765108,0.12390895907526668
5.7109375,6.249935264028118,-2.8741064149548503,65.00096108828487,2.929143401838387,-0.3543842008799116
5.71484375,-1.5815988330309667,2.815691833439318,-16.861526570882138,12.742251862127171,-0.8907391180626131
5.71875,-7.551259154869783,0.8783822834511156,81.95630138966044,9.797971901991426,-0.14447998877077883
5.72265625,3.8940001234174773,-5.137379852427365,23.061914216324105,-6.61017955970717,0.010436269009396383
5.7265625,5.4682218326501735,4.8516630441879265,86.88256648489023,-9.02715554400242,0.5058232083058528
5.73046875,1.876790956901882,1.4068037442299706,-51.64136194909108,-4.705219967120017,0.12645772009309814
5.734375,-1.8244283814781737,-3.7055398892016433,19.544081538277798,-1.1220435862418308,-0.6069768654637675
5.73828125,-1.2541278846324067,4.5119893858370945,36.29371527697435,-12.317048539491857,-0.28129263290227496
5.7421875,-9.526054188456754,-0.393734639997404,-44.15679327650031,-5.184753153569762,0.21465667674312094
5.74609375,3.0504430818845583,-4.046510432679768,-8.439013793343587,-7.212098612641423,-0.4551241660407218
5.75,0.31162027463056446,-5.204914498080518,-33.90504737786186,-5.211245057608665,-0.2129048223769954
5.75390625,0.5835827527692393,-0.9039190931914824,17.174573668612073,3.2289340499697143,-0.22919305499321935
5.7578125,4.176312287463171,-3.333240769878246,-39.196094164408294,5.0730832319381935,0.47388922278305934
5.76171875,2.403579345097092,4.529259316239673,39.28275281465564,4.881748118990664,-0.2167753055747384
5.765625,1.3019497592248854,-2.3212034492337787,63.74241226308722,-0.1567043961685144,-0.2779757696466029
5.76953125,-3.369534334003053,-3.819242807911732,-33.73470909718327,2.9330360428201967,0.33204625956034983
5.7734375,-3.8719698594953846,-0.012486807037846513,-17.81678785353794,3.5366012880521733,0.2086133639215907
5.77734375,0.8435539187685309,-0.9153906303589856,-40.58305809939463,0.44837122941005036,-0.30391009973411776
5.78125,-6.799097748676609,-3.027572357269371,-16.580976357352654,-2.2627171742379177,-0.021637288520503534
5.78515625,-3.0735071687008735,-1.8923762080072728,-62.92513683719545,-4.879702516268191,-0.8730802612194564
5.7890625,-2.62340426762748,0.1078586446070566,11.925833756110478,-7.810864189003235,0.21738309628276178
5.79296875,4.07435830561094,0.3009148808441151,0.4410936225333799,0.5762122014256397,-0.4242523731384453
5.796875,1.737543899462604,-2.2501054927457886,-22.762253599701232,-11.557281849086444,0.5921784153679317
5.80078125,-2.3964888150975305,-0.7213158264936909,22.376599581948028,4.811498192317574,0.21370215093810854
5.8046875,2.43435855519562,1.8943670249316313,-39.501768170535,-4.306095424308236,-0.6894818264230397
5.80859375,-1.0180175931858888,0.22712846615071752,-29.639090881493857,0.29566798070080913,-0.2333316926477177
5.8125,2.1086145035618906,2.7773955633853538,49.66620206254424,-3.772990383831381,0.16465730271589243
5.81640625,0.9285016103346239,2.655179829638408,7.905612503932022,-0.9228256501952565,0.42840114333720136
5.8203125,-3.8716239335144116,1.6596022796932814,44.31451804260908,14.823821560330455,-0.3587665557106786
5.82421875,0.9434340882647724,-1.4757422217334815,5.458204258802098,6.585176447656384,0.25950948606029617
5.828125,5.3863119978733,-0.9095665310970102,37.25188286785607,3.3167420403869468,-0.17535696404304538
5.83203125,-3.3238421907616984,-1.7938010447850585,-1.6889101415841452,-6.594460275164284,-0.3001043799280252
5.8359375,-3.229700455020435,0.6969758661122823,9.084947820932634,-1.6317008867167746,0.7179302202827453
5.83984375,1.5060201374588473,2.9942362590213536,86.66187143693148,3.6938181294313734,0.7126576763496887
5.84375,6.0428672233203935,-3.2345197626860616,27.168764361918278,-2.613939398870018,0.45395140797806216
5.84765625,5.493895060972086,3.6465492751222968,12.443341823680477,-20.124220257144813,0.5003907568963829
5.8515625,0.7990669693511865,-1.2367570226002416,11.366664015798365,-4.406705088766179,-0.4220036186067674
5.85546875,0.6901768070966817,-1.9810069501174292,-18.15941190655307,10.33528340459192,0.09380579002175929
5.859375,-1.8855033269846244,-2.961410408017744,-22.569785457806766,-16.525291934100753,-0.2546765900185612
5.86328125,4.303252600657827,-6.01243318936651,-11.04696731932117,-9.044536536288476,0.41804663031138467
5.8671875,4.4607053908231356,1.1752084361488833,-3.117267392210037,-14.278210087306284,0.4384043615234818
5.87109375,5.805065980486364,0.8332723207366588,9.03989481026646,0.47581781621749686,-0.48446193564192347
5.875,-1.0914183988478001,-1.1962750741660981,-36.39526685563985,11.991649369083893,0.7592848731418721
5.87890625,-2.9532805120603487,2.3650370670684087,-42.54369903724602,12.960131004410506,0.6047335864470036
5.8828125,-3.376759575715191,-0.766142785061023,-24.58733361017713,10.308847665519215,0.5195093567452064
5.88671875,-4.467207260891334,0.9474189966294133,-69.18357343526355,1.1176401047956483,-0.6510267560449435
5.890625,-0.8017575860873281,0.5057395909062271,0.23701558093305053,-8.68491081815733,0.5246813845021326
5.89453125,3.485618763989225,-3.815350782150306,-8.208175671827334,-7.4558031702148835,-0.1803210349679451
5.8984375,-0.4247156250418156,4.270822693746002,13.41153970711976,13.479377313822297,0.12845297065142258
5.90234375,4.436459238487796,-2.1730031288747984,28.669058846734785,0.8666245250211737,0.353278850075576
5.90625,-2.196590584258753,0.43052982713281607,-10.345951359308476,5.474997545952288,0.27406924311785713
5.91015625,1.0002678326127505,2.4013445258891304,41.11614785599449,-2.028654918220099,-0.647597029561662
5.9140625,0.7854493793738716,2.8684640165898085,4.421989362164229,3.2672481620716107,-0.01755754186945203
5.91796875,2.296896217656853,1.2722319328327503,11.131567120807762,2.3001823982892233,0.5359011810763652
5.921875,2.8857845780633533,-2.9319698258562408,-10.540235249332355,-10.80748647025176,0.19261652271487273
5.92578125,-1.7079966759571303,3.4465371526523993,40.73463270611966,-7.0864494675706595,0.24919965498678964
5.9296875,0.5129612615680105,-1.4431524906245512,33.694563572732896,11.030536507651535,0.20708085376112872
5.93359375,-6.914802216273312,-2.3895241829113347,20.474748337909674,7.528218594178206,0.5656818948079347
5.9375,1.8681150653390066,5.708405492726663,1.5381547527197021,-5.985928882913861,-0.052850227320874604
5.94140625,-0.8685659938874248,-4.286099284718003,-32.53743910233503,11.028796510040026,0.8284122007215521
5.9453125,0.8060291738314399,-3.9404704885447948,31.943359982639247,5.663123435912526,0.3205463229583239
5.94921875,0.9399519143308618,0.3802672124393734,-2.2417506559059532,3.4926790466164057,0.38552284908092604
5.953125,3.259064084481395,-0.31735540222633574,-3.4259008010442997,4.5239461789496325,0.47165254451535477
5.95703125,0.8282037075247675,1.73649664130782,13.639160183611871,-0.6450559367897273,-0.16601377581417864
5.9609375,4.651351810437052,-2.332998878456664,4.5373542133347655,4.006556356502968,-0.26958063902592283
5.96484375,4.135120051772913,0.5312605976343915,-34.199278938918084,5.315948087452135,-0.9918809283902503
5.96875,-3.6264245013787684,4.840484405698339,-30.003175878690072,-3.1346804468938085,-0.34665399312885586
5.97265625,1.0718077327450417,5.364415219205313,-7.2021917604599786,-1.0223147230295706,0.015120905857933
5.9765625,5.171105566750707,2.6495955486271296,-8.897721839258143,-13.205432539216593,-0.655481514404446
5.98046875,3.7133921496701188,-1.8732475860395899,-45.02962764506883,-11.986525448623434,-0.4510482702653135
5.984375,1.3503886642094105,-5.458489251791029,-48.525307053223585,7.26189655784629,0.1775374566546891
5.98828125,-3.5302929835918233,0.4255744385304163,-19.727289373053715,-6.972549024534359,-0.31236691884465545
5.9921875,2.446036610049027,-0.26685777688348133,-0.6800357836588109,-9.052983080436183,-0.445572291243476
5.99609375,-7.21012441933936,3.3574042201187027,-0.8245150813142841,-9.00222569909971,-0.1400907067354038
6.0,-0.4448997704167413,4.365862568339488,9.965098813524131,-3.6824825411639015,-0.6686896342683487
6.00390625,4.344795535212711,0.8878137678684731,16.89110727550984,9.010847162023015,-0.4196821332037419
6.0078125,5.782351575991757,2.151620567085409,-12.264707565204333,-1.243779706914418,0.28557741223300476
6.01171875,6.027961585144993,1.120373165655179,-2.988437741834275,4.610166436803613,-0.37666300584386553
6.015625,0.43436778374090745,-1.1563849243598543,39.25481741728002,-2.309558195379493,0.5587240865537875
6.01953125,-3.2333868981823155,0.13926329830096196,-17.18222748019722,8.020942068055406,-0.02684653623491369
6.0234375,4.320333782079532,-5.472820946233844,59.87549968172059,3.187208903156774,-0.8847053018049879
6.02734375,4.933272803779113,-1.7362516782752084,35.815997140543914,0.20746754587157,-0.03477055984550252
6.03125,-1.3703207846434455,-0.5467614537332508,20.14235086760274,-7.669281899771929,-0.2196519338072432
6.03515625,-1.085552135192853,1.7453468053441399,13.526978694458327,-9.777871227442548,-0.6292585365102723
6.0390625,0.017376883404537295,1.195001550522445,42.86600081900632,3.8592711004503606,-1.0030630570221506
6.04296875,-3.3032415269930206,-0.45073627788454984,-11.252749405762557,-11.649262467393521,0.0751456420551872
6.046875,4.703716633495869,-1.6908194335483646,23.384974087896254,-5.754843485730246,0.3327342660876979
6.05078125,1.127413354857366,2.704983132788353,-19.15163148067016,10.290324183742838,-0.46704399183903555
6.0546875,7.808609390780871,0.9028155638321955,24.92826748836248,-6.343970488425525,-0.4733584002333471
6.05859375,-3.4689279018506496,-9.452632297143241,44.725629566245296,0.8435688582247263,-0.5098141757200049
6.0625,4.875445758242753,1.006531563359199,21.924714548646246,-0.477565043968705,0.12476442389258968
6.06640625,-0.600906499516892,1.4673573213943252,-73.67173206461305,-2.2199088321296245,0.012734478074315278
6.0703125,-1.0226670402741405,0.01913616977777078,-0.24494886280659856,-1.1178339317390678,-0.1009822242909138
6.07421875,-1.9280628274195046,2.6947634042517707,-60.3213492777687,14.524848899225809,-0.25345201277384105
6.078125,-2.218448152285931,-6.846121794362427,-37.72938936100293,11.677598353069342,-0.9434031796449287
6.08203125,-4.176119590684135,0.15003453067985018,-35.402443666764235,4.09444797559723,0.6012160606609883
6.0859375,7.7079517743359425,-0.982412514989618,-54.33148127102054,-2.3336044901155972,-0.3034609144464768
6.08984375,-2.3143954628257273,-3.518386195556393,2.318908942317723,1.637411635203386,-0.760298476701462
6.09375,3.7563983162701295,0.7971954757794484,-42.86548826897592,5.372030980114808,-1.1851240525585434
6.09765625,-4.214910727177206,0.8975948988687485,20.84364576856295,-12.68770122791986,0.2867640445222033
6.1015625,-1.0852164448559263,1.2201636358322263,34.399721286849825,6.055414582580543,0.20968318596180166
6.10546875,2.763217233298522,1.0115866555640327,-8.576992046632654,-9.89500186742837,-0.9395291915945196
6.109375,0.7597066202302616,0.471537586854194,-11.689108972300513,-14.000825939938524,-0.6979825831467593
6.11328125,-5.3851483002085905,0.9571458178856637,-37.91680433302841,2.9373605116399664,0.2975553514214314
6.1171875,-3.7022971190538176,1.6323630148173933,45.41269697426917,-4.387390078092211,0.3595481734923354
6.12109375,0.5486326368181892,2.4306920606494002,1.4563600389016003,-4.1072552065667285,0.06818728028222984
6.125,-2.869751788593997,0.5388864186469344,37.10911113330617,1.7709405993491907,-0.8403111826923424
6.12890625,-2.5338245941216146,4.781123274176524,11.868566605647226,9.701174935704335,-0.597366285677182
6.1328125,-4.06774368350815,3.1747012964408503,61.57679980088638,3.4816542113212674,-0.07090024403640832
6.13671875,4.980388763238731,2.1290346584428197,52.11053281588467,9.588666591083168,0.44398055814403237
6.140625,2.307179243639783,-0.40966102728534654,-6.635074915130916,5.164010999310522,-0.19868782979942406
6.14453125,10.023685799167184,-3.090911267622783,-10.356087717435578,1.3714007728938218,0.33492206789139695
6.1484375,3.6866578660458242,6.250923805006016,34.04336927360961,-0.35638659343126244,0.21041662067705827
6.15234375,3.8168321656037763,2.6566215541229354,0.9599172402536382,-6.667238784782851,-0.11327204787835837
6.15625,5.458998066317504,-0.12276252539990351,-11.611733245398412,-1.9175826674553067,-1.3525657470359331
6.16015625,3.7605588065149766,0.24133519202322046,-22.68175733605899,4.857496593314922,-0.09101957440408304
6.1640625,6.634267209201952,1.5918412816786394,-62.06901623885908,2.3267913502608564,0.012570351756819044
6.16796875,6.775849186288694,-1.6933504254143616,-50.89406515998227,2.732223869601227,0.4837984545014747
6.171875,2.0264477502474123,3.8950929887385732,-41.07179362056458,-4.59472601309968,0.056561632006400284
6.17578125,2.957815828429744,4.6490804103070635,-37.15738149370933,-5.670434459135312,-0.395513652826386
6.1796875,0.25295321972086426,-2.0357061710170723,-82.4299279249987,-0.8409717040612792,-0.24169556058683841
6.18359375,-0.040978120865964314,2.511282321143216,-36.6939962487353,-4.942573340509285,-0.3651694587764937
6.1875,-5.434602089439817,0.8509063256516114,-38.19953259559477,-4.138209251076052,0.23137535779265633
6.19140625,5.53889998084462,-1.5125809499728748,-21.020382910770945,13.564084147983559,0.5953903934719892
6.1953125,-1.1726219434025893,0.5892918552690806,-34.47640138303319,18.07433946464149,0.19778736778019812
6.19921875,1.3023292582851658,5.568635732607223,24.142109809892982,17.66338655117899,0.1053030259385329
6.203125,-1.963207133224538,0.9347266556654672,46.832253405498946,0.25303743761260966,0.14766630549167342
6.20703125,-0.8164621240848795,-3.4698468430233724,3.5087974222107405,3.6570445368924482,-0.8274753660853194
6.2109375,-6.930825193564587,-6.480800037312663,34.03496143384663,-4.107913349648845,-0.3282036969474152
6.21484375,-3.20217632435034,-1.046603114563085,26.32140826660482,3.7638373953033657,0.3450754531000736
6.21875,1.0869426812280176,-2.9121057186112465,91.0932297048243,7.230265406269551,-0.4570688343438115
6.22265625,-1.032203260377512,0.6810105241904498,54.88144157781345,6.808435027748753,-1.2672467195935873
6.2265625,-2.715686808371625,3.698728464311098,47.21793481621859,-3.0493235377979793,0.15292574540934167
6.23046875,5.133192046340877,-3.4609326242823015,24.317607506865308,13.426281037782863,0.12578131305280843
6.234375,2.977727263572411,-3.20463707938646,8.31589248712911,-5.307300742916122,-0.10882991759785733
6.23828125,2.226388854574899,-2.910763486367319,12.640253436836932,-5.300304993951784,0.06950569820377173
6.2421875,-3.375213843563326,-0.5030604025669194,12.653674015242693,-4.798230437214891,0.09310875896357013
6.24609375,-3.108254021222511,0.28185849008069785,-59.17058177911258,-8.101461356698199,-0.4749875075687112
6.25,-1.9483901202937608,-1.0566515092783357,-14.050839707236536,7.0132465598083655,-0.5387955703177179
6.25390625,-8.08896640685149,3.7488848770413474,-35.11336897532721,9.097078650341814,-0.16792094425184462
6.2578125,2.3354525425686887,-1.812724150834102,-9.001723251879753,-7.117577025756855,-0.06063904837648833
6.26171875,2.556783990492831,-0.59318776362009,-120.682791591512,8.052928298855967,-0.10242285726315514
6.265625,-0.2782589187678918,-1.7423133938883104,-9.741717523328514,2.853559702579952,-0.20356830986156452
6.26953125,-1.9276721768889897,-2.878974189956175,-49.686662996708336,-3.9797167434248046,0.40545740799931973
6.2734375,-1.4967011759506146,-0.58840235205546,23.55228200412226,5.1975054429463565,-0.45270576385415606
6.27734375,-4.903728173108513,1.9231192683685783,-38.313119794918386,-5.56465923118396,0.3175332629286722
6.28125,-1.4710135923191485,4.334879041823343,-0.8777060913965471,1.5107564800511402,-0.2532811204912581
6.28515625,0.7693312245313287,3.0274205918909685,-17.923597906019825,-3.279794674705591,0.5495458000295785
6.2890625,-1.7096065404524072,-3.4348137844255353,15.045774721982859,-4.666091531399275,-0.24769196448152317
6.29296875,1.175005477546621,0.5599288951745964,45.505115328137514,-9.163313025899594,-0.09552238009759037
6.296875,-0.07352384514016384,-3.793192313792627,13.057370405361768,-10.598604640241636,0.035776166239596674
6.30078125,-0.601255498788052,2.6142089180166366,-4.61711676895273,-8.382235663287414,-0.03189143314383343
6.3046875,1.1782163060407203,0.8946613453818735,34.031248950609815,3.781929999649043,0.6213063654958083
6.30859375,3.2922931941171796,2.7986814387667893,50.62534097794983,-8.806981302269731,0.3983882874743139
6.3125,4.9244594897466625,-3.535821926734393,-41.49300734813378,5.34127110994524,0.4714704708110202
6.31640625,3.2380093494481756,6.19327347010213,0.987725312260519,9.049086640609282,0.34247868902742007
6.3203125,-1.7629499532630741,-2.8924698811536205,47.7603982493854,-3.0422147909227633,0.6850386617099081
6.32421875,1.2739223070435424,-1.4079401867664068,8.720748261939832,8.096188326791726,0.036080644037270904
6.328125,-3.8132063751015175,1.2996602273062796,15.486433290236706,3.464747794633063,-1.2349699444773254
6.33203125,2.033930723213,5.080758259575461,27.154407133933844,-0.2844156698447562,0.0033664832667596196
6.3359375,2.73184771523142,-0.7571809318449989,11.246354392368561,13.04086216630475,-0.01925328931515472
6.33984375,-1.3962630536097322,1.6304490903455697,8.726884528024913,8.050220777828779,0.6846839274962441
6.34375,2.9474510034443178,0.9100649899235055,-13.670256579149369,1.2409592662692466,0.110980068826454
6.34765625,4.344386431059624,-1.9790436310644064,-39.22669921546914,-7.9818487732497925,0.15338870367429322
6.3515625,-3.1528265523222614,4.428333951063777,12.850547245360897,-0.6327497194254263,-1.1489935950826256
6.35546875,-1.9855788355807664,1.8282875938835375,-45.51375303327615,-2.8695885603467675,-0.10907882057232779
6.359375,2.4075163306378897,1.5134017342405013,-34.895525708779005,0.4256340282871216,0.28141724833493054
6.36328125,-0.601290456605879,-2.7784756043495635,-106.04003621282399,-6.100522902681066,0.9575002393734582
6.3671875,0.37008225212829066,-2.6218100417775663,-25.664336828025704,-2.4925606942321945,-0.07937790680302981
6.37109375,-3.3984286922733875,-2.240725514494351,22.531253381275675,-2.164224887013936,0.30502455490396974
6.375,-5.947439952946657,3.159826160226486,-47.44087570771998,-9.57437256781811,-0.3130730108811736
6.37890625,1.1974731849019602,2.7362389480420743,-8.551548805476646,-1.279365321280816,0.33259533372428096
6.3828125,6.093336027726841,-8.709309474646892,7.680202437009262,3.1807649150215997,0.61639350299501
6.38671875,-5.186905127537398,2.137932886433072,-43.24958424688668,8.349898040080795,0.12877598390003092
6.390625,2.721945667191289,-0.39051807369259267,4.206002745567078,8.73619433242746,0.96764515460771
6.39453125,-0.6188612505370548,1.9666969934698568,1.092012335918696,-2.0641520948881005,0.221786209412887
6.3984375,2.801928839948204,-4.095770168174254,15.752359299506741,-3.076470303045269,0.8836112852068921
6.40234375,5.2076792427234295,0.2691405067203773,8.585432276394688,8.872398901925417,0.44925824630331385
6.40625,2.4854952610090315,-4.542346187832824,-3.110139598754973,7.524889750917306,-0.6952034827461511
6.41015625,9.36699334377301,-2.201408095873737,-10.871094675262935,-3.9027703916241285,-0.028043119309851348
6.4140625,1.9418055976093347,-0.5983703344669338,15.181059008131005,3.4483114611218637,-1.0532562627407134
6.41796875,3.160948687432789,-1.4767848630374347,0.0392928626421174,-9.172494620836481,0.9024422998637044
6.421875,-3.6977607230785017,-2.741108858437278,9.656927867442356,-12.036010828731042,-0.2961272827050247
6.42578125,3.8943708374928097,6.060672194693764,-19.586589247283236,-2.6091701743018243,0.03651540720865742
6.4296875,-0.49984598493633114,2.511887093518992,-7.160124847518018,-5.774796335744954,-0.5476521162580794
6.43359375,2.636196862565675,1.758228803886872,-37.54166033718855,-5.7483178900355,0.14950018588131378
6.4375,0.18765427800070916,0.6624598947482461,13.70033328725535,-3.622473968302916,0.15253429517579561
6.44140625,6.501349850722069,2.7911864316528248,-71.45435723162137,-1.2573364531317524,-0.7793516937952568
6.4453125,2.747250819551939,1.7443601732011413,3.5244655306134156,6.309447135650963,-0.19489704878520214
6.44921875,-1.0891520725280868,-1.5065640091105192,-29.040175587795165,11.652383317854584,0.7204893032756304
6.453125,2.5344064930162054,0.6811089083461677,-63.25988545614496,3.4474850657014677,0.5565102408772628
6.45703125,-1.0448010956444174,4.133989842456446,-4.595150107511991,1.9955554976141765,0.1987795153625811
6.4609375,3.6161719981275224,0.23937719533769075,11.185819870696136,5.051430377975023,-0.6284811239309858
6.46484375,0.41088177239201135,4.842364388681787,-9.892419164664224,9.51612412576754,0.11566164213394572
6.46875,3.642438676286804,-5.980723269097452,33.22798060383538,1.2947336644279568,0.3006701272843587
6.47265625,-3.4270203782275925,-2.859204548280001,-24.855307974417013,6.290147758209684,-0.4693870410369743
6.4765625,-0.9739786978917145,-2.1750556826460965,-26.21061826772225,0.7609501649596764,-0.5256267354034864
6.48046875,6.363100616487001,-0.6217294425922733,8.56151704219663,0.3305717536033401,0.3613298989533981
6.484375,5.786113658937096,1.0769517794246601,46.45263623183869,-1.6654289683550108,-0.23504871558934612
6.48828125,-0.4867878069142442,-2.1723741371270733,-12.633976017502047,-5.269617823983369,0.951799602983686
6.4921875,-5.091052772001895,-4.362265942843772,51.70000578821676,3.729374857297785,0.4513094344533173
6.49609375,-4.056088899183023,-1.172815574840088,74.34747672550333,4.52430737052421,-1.0711738693974489
6.5,-1.3834881316230183,-1.05827528497829,67.84306212362767,6.901565243387465,0.26556072817174087
6.50390625,1.973128489011544,7.825256914462211,-18.83139219069233,3.6003106819727786,-0.07761776240674387
6.5078125,2.8700751961939526,2.332804146594888,39.76496092325537,15.980288623218765,-0.012885842918238875
6.51171875,2.4873821529655458,2.758775395952374,46.433325690728644,3.471728826497879,-0.29212539862497694
6.515625,2.8998119633500985,-1.0751343373745794,28.629815226109805,7.102952101812104,0.41298059679094545
6.51953125,3.436709682823256,3.085566346024609,-7.029590902552227,-3.358558300750107,0.840074073617344
6.5234375,-4.5618759722377575,4.111307883259968,53.09304981374931,5.6092383447379195,0.46966131425480917
6.52734375,2.32393002119273,-1.4962846931638951,33.451286077765,10.752635192090727,0.5943845818797792
6.53125,5.064703948541056,-3.159538949018439,-17.751654001862093,-12.364979539286056,0.17635793125672247
6.53515625,6.021869889512715,1.677197570142807,-22.385137611988938,3.1598495764140058,-0.029983532653709496
6.5390625,-5.364189864079125,3.225498215588124,-96.76195012540694,2.189066423408966,-0.33793212232798475
6.54296875,-2.093665514099629,-0.6616898130398466,-60.75810814184592,-9.705516377404813,-0.23273734317807016
6.546875,-4.02452280955856,-2.1622231493058974,5.516038134707902,-2.3037372395695863,0.7278157972678756
6.55078125,7.531330682367446,-2.4808450834602644,-22.01740329186512,-4.5041748890112245,-0.8542639452591371
6.5546875,2.473824292293453,-0.5352813637255173,-32.60616882676075,-3.1818083853891053,-0.14753583340163237
6.55859375,-1.8578001379659113,-1.5139798505053563,-17.41615271544699,-13.717589015786299,-0.2639344261059016
6.5625,-2.6921848191483253,-1.496857687626377,13.353349646830349,1.983008559977329,-0.4880496411887992
6.56640625,1.0788415359584325,-1.0075394764803776,-8.340505378036905,5.208123199077015,-0.1355160799157356
6.5703125,-0.9919782241559224,-1.7776406929735462,-2.0953288951930054,-10.589149294159848,-0.045845249206795766
6.57421875,-6.09983518040191,0.7005945717778385,-19.300796655129663,6.6601000671266775,0.022285857405141742
6.578125,1.0924207881974586,-0.9481057961858115,27.42186166389029,10.124740312881583,0.10857303697174894
6.58203125,-4.247590424845127,-3.1193575887349567,38.442283380139216,3.5496045402873966,0.25176021473143917
6.5859375,-0.04992920294669848,3.9939130300930183,23.94188372616992,-0.455523116444025,-0.16610131336279166
6.58984375,-0.6230318850754897,-2.7511027400505754,-2.5093590294299375,5.468390448443244,0.5373150387533782
6.59375,-1.2498397177839677,-0.8202406832074123,25.19812592103197,5.419048585828259,-0.35130063195905525
6.59765625,-1.5553821588894687,-0.06543345839780025,69.3254204571772,0.3584893132035525,0.2761381182532836
6.6015625,2.7465521987392507,-0.5040155086505755,-9.418961938572739,-0.4694481447312402,0.2657341723480618
6.60546875,3.5874927097095286,-0.8777293028880795,25.523870038527495,5.55247985904746,0.6847687218431372
6.609375,-0.9054573611998833,0.1091133764389636,10.049799766680685,-4.277142432596594,0.047319729075204986
6.61328125,-0.7429949154019208,0.39805454148932895,54.811276983024015,-3.0502424557184646,-0.3258586023420642
6.6171875,3.145942203277246,-3.026831980141643,26.7144962556716,1.2819343662003075,0.5616637657155091
6.62109375,0.9855871799876786,1.525096974352887,-29.672214843997555,-2.9202923391066973,-0.37908220885288113
6.625,-2.363286943732725,1.8291250030861932,8.827546392486013,3.1925376123111757,0.10660464691233285
6.62890625,-1.538423899198209,0.605980343418418,-11.562241481566602,-8.285404847050595,0.8717007051510592
6.6328125,5.486094856728861,1.4121671981700052,-55.51134822506457,10.094002721572956,0.5676294168700399
6.63671875,-5.089839070698758,-0.2212391226100427,38.0629263800146,3.0195724877383188,0.6931379700960367
6.640625,-7.334527294701139,1.0870013759199295,-33.73102471266854,1.7597298693676442,-1.0011959471199035
6.64453125,-0.729017681336262,-3.5691623183376597,74.31439086034621,7.533923811291867,0.5836394894329348
6.6484375,0.12801954136506358,0.5163761702188618,-86.49214207206192,10.324745400527307,-0.2220317057375178
6.65234375,0.425747810639875,3.780548499757125,-15.310289383105413,3.349632895266242,0.06851524323648482
6.65625,-6.205261920994333,1.437918443175406,-10.70050551480896,3.9270501089208594,-0.5190382702461406
6.66015625,3.8748137317943008,-1.945944503382087,-55.893211831288376,3.289708486132482,0.3286179318909116
6.6640625,7.963181515933402,-1.7301551887439541,-28.04505871141204,-1.989622185933726,-1.0434968303736143
6.66796875,5.694820454145779,-2.328212790361315,-23.098343874912896,-1.0266685672798408,0.1951599806359477
6.671875,-0.10507220720503763,2.3689837633519626,53.65083525677659,-2.683870277908718,0.5325600358352144
6.67578125,-3.7511363698550175,-0.8993594353672411,36.28069656261255,-1.4467810451908143,0.5288342732712082
6.6796875,7.942171582409016,0.9242794630306934,31.16735810271511,-5.362648341964882,-0.09072410370249717
6.68359375,-4.5064239960391665,1.5474741913206704,9.893229354350014,-0.8767725541622562,-0.03673662339222553
6.6875,-4.5879795968578305,-3.294935177471374,24.953513011708953,1.4171139500696257,0.4310016804222737
6.69140625,-6.367337298534665,-0.07693656535792635,27.292406742204303,1.3403395881160878,-0.18423265489724708
6.6953125,-1.5372025650828227,-1.2113215060102043,76.20960096382665,2.9496298947067414,0.07725419275200918
6.69921875,-8.49934864631017,-1.0200261619149624,20.488481750094493,10.583439046806745,-0.42310411421796834
6.703125,4.9513044517769185,-1.2543102184747918,-9.711779688772644,10.021902166773334,0.5582746106446335
6.70703125,0.39414524243612825,-0.8637057231145182,8.809155642123837,1.0271405905671975,0.32137441277035794
6.7109375,-9.748413754717431,2.7837601253282336,-46.37545476201327,1.0795374536038067,-0.07277543437112691
6.71484375,0.6181870365636679,2.758089201048068,-21.143819953020646,-0.804797362175635,-0.5010238370225988
6.71875,1.5836323312024387,0.7874925291844939,22.97032898615021,2.604878519655513,-0.30221267016945574
6.72265625,5.836331046353996,3.9893921196645357,28.61028847795144,-7.342213018748862,0.5918568030564465
6.7265625,-6.030222785755472,4.427655601642428,-56.111392911174434,2.886216254738792,0.5265572035032471
6.73046875,3.177830704670435,5.794260766794389,-50.60254595808277,-2.240448957354766,-0.08742489127307441
6.734375,6.082399759886493,0.4126396562002929,-60.95480054517829,4.784281518885962,-0.629753126666906
6.73828125,-2.804251437835176,-1.4096870300865467,-36.17616307995029,-3.0512655486754205,-0.5492141530972301
6.7421875,-0.877055446380351,1.4223185325438414,15.456538708699298,-6.633535464870836,0.7898131767386647
6.74609375,-0.5391843699847874,-2.454899603129112,-31.506799679650328,-1.061928753745872,-0.5787767781226038
6.75,0.5967615354805962,0.15668897997925316,-1.5187769653754337,-0.2695976267870478,-0.0750633929303854
6.75390625,1.022728518160352,5.804308064823642,-2.786558863589942,-7.919316677601593,-0.9809058133764308
6.7578125,6.27127398873973,-4.886106349744833,12.559185519492793,2.4041136712341733,0.12272920874573286
6.76171875,-1.867180248397529,4.977217749987435,71.38051820127406,3.926485063924044,-0.11194705621640706
6.765625,0.40210871915983337,-2.5392359954984123,10.302947216152633,-0.13314733149442137,0.43223216914440193
6.76953125,-7.935519830000443,-0.9516345560853667,-17.842503887967357,2.1376523923819657,-0.6876493846294517
6.7734375,-1.6423268595550082,0.6470062885568584,5.7187991641979234,-0.9997581011166656,0.45168283591945235
6.77734375,-4.9385489957717965,-4.047131473171737,-4.303987542153838,10.70735405181025,-0.9755245477116106
6.78125,2.1273215027214056,-4.128583035496085,20.581698263249855,0.47903325296437693,-1.2954456479833245
6.78515625,1.2248982522643486,-1.8288233280921409,-3.9407909314892358,0.3099545492626088,-0.24746772057394478
6.7890625,4.17390391715562,0.8485242145820806,35.35563372326595,-5.922773356763194,-1.083177914617834
6.79296875,0.2875079887228118,0.5568644583479333,8.061072896408717,0.8428796007907589,-0.8177779513786028
6.796875,0.7894276658754413,0.7062900383913253,65.91058219619123,-6.755069071335259,-0.6460861194978594
6.80078125,-0.7333688680647408,-2.5559792572767748,4.456446066780792,-5.207035336818048,-0.10128551522055194
6.8046875,0.853353108956643,-0.5891986753604012,2.7124493092092514,3.0755458996518183,-0.47736840672659686
6.80859375,3.365401972349934,3.4284933810364464,-22.98881693058488,-5.5520359189853306,0.44414687892057303
6.8125,-1.4827242713551545,0.3405809474231589,-7.7019561052518615,3.564468657558586,-0.2839674027320566
6.81640625,-4.953624966817606,0.5122640346269106,8.728433492486165,-3.0151276943635312,0.6630615633909721
6.8203125,-1.2168505753837942,-1.1683331273977378,-3.9288299136982143,-0.9261421113445789,0.135521416507825
6.82421875,4.942242804911148,0.6078451059995948,-29.630418727991277,6.053876257620889,-0.7478984663510188
6.828125,0.2784457142202234,-1.3257734874888825,-34.21525879966516,2.2235301896390878,0.7162399259133568
6.83203125,-5.612842767633672,-1.9888926391993507,-14.946465801234506,15.512697202621567,-0.8576030999130142
6.8359375,-0.19171713508429725,2.475934572766594,18.314632033793853,-2.7449937357781744,0.2766152599206201
6.83984375,-2.1515483807452678,2.3465557437037203,-62.423212268855586,6.419445186749266,0.3121465236602004
6.84375,-5.45487335380799,-0.6056782035545554,-32.92972971369517,-1.8665039737894924,-1.125264968869881
6.84765625,1.8255386760843704,3.96890187079964,2.0121406598419007,1.1941998299111192,-1.3767426408057943
6.8515625,-4.388895916407952,1.2086673203126561,-1.5538852206367935,-10.615841030032879,0.09892764353015125
6.85546875,-9.580852755666411,0.33270463941621964,16.004068052672515,-6.911941958156435,0.5764207129277651
6.859375,0.9340560581879163,-6.635912478839497,11.403727865573199,-5.220444219019556,0.37780805826064445
6.86328125,0.026433132759869707,-1.5365993265420315,21.87203930528195,-7.726929906667612,0.2305115861587551
6.8671875,6.465604077606572,-1.5883882660043755,60.065532334947406,2.783771851105603,0.16880990089236275
6.87109375,2.3397893414125277,-1.3564301198542164,50.81434818651883,2.8382577517916268,0.2555022127606925
6.875,-6.9883340033656385,-0.1634235909402469,4.724621987003058,-0.23152789307702157,-0.0714615917579103
6.87890625,0.6801826487743533,-1.7564071386539124,-8.739171290400655,0.5021463358908782,-0.6532979272579182
6.8828125,0.8351915562536331,-0.9177346705295226,63.57619343921253,-5.769772718448171,-0.08305689921908499
6.88671875,-1.3758053618753003,1.2979997577209916,39.28436789271003,7.408380393200174,-0.4901016458875582
6.890625,-0.4681853311283655,5.19533949382733,3.4567981342979053,6.291055694199827,-0.05456568634494118
6.89453125,6.674477556788278,-2.087837132213064,15.70474445254298,6.794985102712725,-0.7078522550358313
6.8984375,-5.385581499183959,-3.222680965088689,-12.11847390244053,4.994270573970082,-0.3885941831895525
6.90234375,2.126849781749447,0.9838615869769392,-19.88165237808994,-5.251690997793092,-0.3132637344827557
6.90625,-1.7397722062660321,3.4837960140427793,-27.46402924598915,-2.6976232329745935,0.29521760038767947
6.91015625,4.714274981545989,3.1280067755534438,-20.906217125624124,8.417341265085733,0.7354670561213877
6.9140625,1.4498457833077834,1.463806372853831,-2.450828750790727,-0.896028758659257,-0.6038583747961503
6.91796875,1.5558944799223275,-2.345691565722,-59.10385126370923,-6.547258348250072,-0.04788111348882967
6.921875,-0.6620684408002974,1.9055672505973975,-72.24377375431659,5.377983475730607,0.4459038315898506
6.92578125,-3.3246370131562446,-1.922066642614962,-10.226128564132672,-9.500555403783048,-0.42747232837197596
6.9296875,-3.780099122737765,4.889753306499637,-52.813859253667076,-7.041840537149646,0.3057614890925863
6.93359375,-4.620808941713766,-2.305599433664408,-20.88346760473022,4.548099943968714,-1.5303685450971314
6.9375,-3.410592778029523,-0.6129379341835619,-46.14500470107723,12.423165576754226,-0.5529461719506662
6.94140625,6.727861036461273,-0.043422247576647026,-34.54215388559035,-11.249816681970252,0.16181078946036465
6.9453125,-0.2210575503559075,0.9296405209019137,6.6911950745864885,2.653755632390019,-0.8445414176062191
6.94921875,1.0276042688799973,-0.8922469427551392,-8.328130530747453,4.002490507248318,0.07468644796260403
6.953125,0.5196388658878239,2.341284920481885,-35.6711337020131,8.783644709314357,-0.46770133641700024
6.95703125,-1.7452020598636526,3.7498863572290553,43.88874748285202,10.153957299036307,0.10605008636999387
6.9609375,0.0724507613845632,-1.5214859478175706,15.239644038675735,2.1514833581837944,-0.4614395996253295
6.96484375,-4.474449252162647,1.0196186995606982,-45.22341676499961,3.5409104372109876,0.44086607170373543
6.96875,3.411924928750783,0.8107773634412708,16.806254976223507,6.811520248702776,0.1895667655986494
6.97265625,-1.640768559598704,-1.304752929894558,18.949284485995072,-7.030513262125346,0.08066122184507182
6.9765625,1.8614136374421202,4.468165246935298,52.906332477839285,-6.614907089882185,-0.24676047778730695
6.98046875,1.5653782817558084,-4.207054345501985,76.44248895809929,3.2694976103779663,0.30429392106476333
6.984375,-2.215794300873516,-3.5524959394106377,40.93854568400056,5.965995621574251,-0.29120136949500214
6.98828125,0.2170434715869862,-1.149580704931343,25.343496175141496,4.893070266743601,-0.16945890232916697
6.9921875,1.9764776322231543,5.932812038660886,10.307764019587975,3.033440742451582,0.06839009912625078
6.99609375,-7.772044543449143,5.071292321337902,12.389503626454871,-5.591523214644255,-0.05471539310943095
7.0,-3.1600141193477467,-0.6697485512225753,46.0235210895873,0.31069086840598525,-0.6637461135355578
7.00390625,-9.655577557150584,1.8725610366117396,14.58876854488561,4.360454951952403,-0.010637996682568615
7.0078125,2.130788073134762,1.0733599984053501,-30.607525283360197,14.725230423970142,0.48228570495749556
7.01171875,-6.998959344394734,-0.20476595539711603,-60.00031104783393,-0.5098988842815566,-0.5700542615957065
7.015625,-1.8955146887602004,3.4359915671427803,7.232570606658356,3.738311433881024,-0.09280683221616116
7.01953125,2.8276221524642473,0.8283283701741689,-70.08103899150736,7.4755826077239735,0.6803085769495438
7.0234375,0.8603116176750455,3.1470644900090603,-32.669007763480295,3.1516579820316757,0.11876727528229934
7.02734375,1.0509336222329795,-5.064122975015751,-69.12275945089036,7.440925062771408,0.5290734832709065
7.03125,0.5188204784638604,-1.6419599183169344,57.03153016764787,11.328033574340466,0.19605868721031974
7.03515625,0.6568072563614453,0.3456037056210434,-39.56053537803715,-3.1175691652583133,-0.08145024740341576
7.0390625,-6.269449852510979,-0.8608137562480029,20.817010255417898,-1.2488440585170308,0.6396048766067223
7.04296875,2.1673275898581807,-1.7063449622900788,0.8113873682165345,-4.286890448376289,0.6209515218312585
7.046875,-4.23005709263903,-0.3211981178618705,23.384328328560823,0.8250837202128434,-0.6799704294980218
7.05078125,-1.4694972722455024,3.569032440898105,0.29809255926726586,-7.7228464962360155,0.43057200268394036
7.0546875,-2.822000275977091,0.0531872170449528,51.13274439314986,2.529350307802636,-0.14704840606729302
7.05859375,-1.6704929266411346,-3.4355934450764014,38.2345134243823,1.5635343776167538,-0.539003312654927
7.0625,2.0787136204063095,1.7779740426179749,19.351692674928536,1.699418244021737,0.3298665186169473
7.06640625,4.9834584896859875,-0.6260982191460741,41.76228493149754,1.88487551170732,0.22787991096484927
7.0703125,-3.853656667039682,-4.647015100338363,1.5170983518086487,-4.62077955410679,0.3285743406458327
7.07421875,2.4790031547111466,4.581621454373119,31.203819364932965,13.801360579504408,0.01553467080859362
7.078125,2.488952771132145,4.980465448203354,21.139766500231076,-8.656791407355625,0.772543893792731
7.08203125,5.023820637195954,-0.4076646446569594,-14.572703796148414,6.51718479844008,-0.9635081799763393
7.0859375,-1.4916631589497835,0.6350931915402408,20.130560511535045,5.45800755708486,-1.0139711423978006
7.08984375,2.2283272164035153,2.2980805367017005,14.530925580054996,-9.776581428588996,-0.33392984091964806
7.09375,-0.22548358125701784,-2.743422499312582,54.482410465970254,-5.865893100176838,-0.5715969985215292
7.09765625,-1.9423181378949201,1.3996360147931923,-36.81063615080464,-3.3157328330221043,-0.41071699861559346
7.1015625,-7.051793733456506,1.227824117463791,19.74702480646742,-0.5510161068758195,-0.24642378335513038
7.10546875,0.5793686874856582,-0.38431026744861707,-31.34353100130123,5.866175771550658,0.0348744333556924
7.109375,5.10767776143224,-0.3848656003693781,2.251922500504076,-3.9541077212889117,-0.3119489160924819
7.11328125,-7.035872979916358,-1.5911055385361141,-44.39221337527101,3.6003664081062485,0.2670511617020151
7.1171875,-6.474295675994527,-0.7574353770198861,-18.786126103257004,-8.88571066820351,-0.3440071374435955
7.12109375,1.542528347800313,1.8882280250926218,-57.75946777791647,-2.483042111040676,-0.08610656561905845
7.125,0.6526338057560143,-1.2525583662768216,-23.71029559437799,-2.247871851944143,0.022015552794312644
7.12890625,-2.8033196888211314,-0.5869226209653526,-38.16182812725027,3.3480280156025257,0.30478236164124917
7.1328125,3.6224491207536174,0.7423649843285426,-16.999585442436477,11.881158896775828,-0.24717856311908346
7.13671875,-0.6534835450362592,-4.374456082910523,-22.22480051767361,5.355967260180121,-0.25481752801133034
7.140625,-5.849553297587408,-0.13665901349277096,-62.370332297753144,12.062409443990303,-0.07038806127006506
7.14453125,-2.9208998022093726,-3.9161349951955104,-47.72555770044558,10.791996309518169,0.4464732085907802
7.1484375,2.708703524621772,-0.6930705263674777,38.15091665047858,0.7479478582749044,0.07678391852947725
7.15234375,4.234840375585199,-2.8323253588670925,-30.459783218096675,-0.08021459050914714,-0.5523406488962366
7.15625,1.40886284364992,-9.052277900321176,50.2138400536293,-6.498555138752645,-0.5558949514571397
7.16015625,-4.034073060480062,-0.2235138429504695,16.90037554816543,2.302333035756684,0.1364611422647231
7.1640625,-4.67687820215747,1.6882719445319805,70.7946596852428,-3.685317818748075,0.12983430524508963
7.16796875,8.918261230926202,-3.4833218416647975,7.947994926346361,0.6372865076871697,0.7218073866699445
7.171875,-1.4851651955422622,0.5452681398884065,-26.48258946266458,-11.058913533701082,0.15611897241024297
7.17578125,-0.6718216571814454,1.797770629462427,69.17450691744881,2.623555537036983,0.6211850071466626
7.1796875,-6.779830942010849,3.012674463462055,86.38834297495438,-4.378515470864589,-0.5434053427154645
7.18359375,0.6504096342108389,-1.2935075190989367,30.22771216943538,-3.7802484025065164,1.112687835784096
7.1875,-6.026377741763908,4.555630894280835,18.125279207696018,2.6640312881768264,-0.7131072171041757
7.19140625,-9.323711923784117,2.466549463281164,-26.878350591004395,5.219123059241538,-0.14332391158645155
7.1953125,5.858045457232765,-2.901431406781938,24.316189839237353,-4.830409562862217,-0.1766707387007486
7.19921875,-5.684323106302433,-0.07930366972255955,17.38162257838595,-2.5386601999662908,0.21530280556310788
7.203125,1.1460496484448046,1.9890857069663128,-73.51369165247148,2.862132674931977,0.4592825745462944
7.20703125,8.970341495000895,0.952410702257056,-37.31048577509787,8.418122365563217,0.20801648740274786
7.2109375,3.550443925816416,1.570562806811577,-27.680567382572896,8.21895664893303,1.073210869343002
7.21484375,2.2233260423678765,-3.1412252536852288,6.098128874438622,6.9859247154435185,0.8881959788764445
7.21875,-0.7748686510706914,5.981553858433562,-27.250700216735172,6.56307348523738,0.5360146869259287
7.22265625,-4.59670956341914,1.8506566895660135,3.8840305531803594,-2.1624348723482427,-0.6794646548161661
7.2265625,0.32567521833241164,1.1226995293401276,14.051500233572881,-7.616688408601295,0.7685919851025295
7.23046875,3.469855812204035,4.103909373865486,-24.405857949651384,1.7319806307747685,0.43877443643074643
7.234375,3.645145326738136,-2.5017718189625624,-22.95523479484162,-1.2034046196584796,0.22165650177447946
7.23828125,-4.719123083693586,6.621387160294061,-61.674280446210666,7.718335182690604,0.030598218602178533
7.2421875,-5.30640143218725,-4.209453131308557,-15.688024862161642,-0.2474356752195197,0.10465113055706808
7.24609375,3.161318765010605,-1.8822596220420753,9.829871913692081,3.797441081039914,-0.37847858284051733
7.25,-0.36585715880622577,-0.6065238688413922,18.04114970812924,-6.742109160758249,-0.777529364710015
7.25390625,-0.3671880241812818,1.924558275239711,74.730605699894,-0.027378361316245492,-0.09269953546146958
7.2578125,1.5523809414552894,3.241697773867851,17.848113268310158,1.2850882427782029,-0.20421830425487478
7.26171875,5.893773814826379,3.1826511078721076,-19.978560992013655,1.6043828849618174,0.14888539374820003
7.265625,1.3323953046966335,4.3495040470812105,-22.081030704653575,-0.27765205095537304,0.2827157699855122
7.26953125,-0.87459516162947,0.719117682541466,8.940716066754547,2.212798498765848,0.005213548649312066
7.2734375,-3.9469554515834044,2.1541385600930036,11.267394864223764,-12.436696722065745,-0.027679779419486034
7.27734375,-1.6021066626850804,-5.079453969011658,6.119205820261437,-6.787422825125948,0.039992825076838684
7.28125,4.245319010047092,3.667207344155405,0.22039281038140324,3.7006548988446393,-0.09531229463964595
7.28515625,-2.3598492655320333,-5.854321373887729,-10.616315897915,-1.773620924788581,0.3954671180624555
7.2890625,-5.097081609123147,-1.8550219524647615,-41.65797013164997,-2.8818424917648175,-0.014256755390328345
7.29296875,-0.011282463983264707,2.0247777388528636,5.672632664606214,-16.831315667770486,0.6949159550736821
7.296875,6.444749690252713,0.5522819126305767,-19.96674861705709,-0.8352252442671118,0.6205180812169953
7.30078125,-1.401423383063154,1.2093831404276212,-28.574952967476715,-2.4457547555795074,-0.05834004523195074
7.3046875,0.747919377501059,-3.4558268977425772,-23.55002761363799,-4.270896640362915,-0.5247429505988586
7.30859375,2.6764029145497554,2.177312093010198,-16.997717106147668,-9.233302352143657,-0.6156558846803213
7.3125,-1.2048799542560646,1.286360784161921,-63.66935149152491,-3.932994380929486,-0.5249345333673643
7.31640625,3.8414419638037436,3.377579401353862,-46.783015379821464,12.876596496705163,-0.4812100958752869
7.3203125,0.882214039477037,3.037764920138515,-16.95513699756432,4.169833680683977,-0.7810910059858848
7.32421875,1.3656226861125023,3.4623735509910794,-29.506633478509993,9.509639475980793,-0.01755093869446286
7.328125,2.918582492641286,-3.8012633670693807,1.5743945680093994,4.402173581194874,-0.2117289870954398
7.33203125,-8.948537038680598,-1.7675325320505615,3.661840188489625,3.7154334636885915,-0.3176298365005916
7.3359375,2.7689493172460455,10.616277177319443,34.392289510332645,6.679830583217944,-0.3023590465656703
7.33984375,2.912838106467158,1.2930129605531053,-24.637767982995626,5.407765917488842,-0.443528940112885
7.34375,-5.561591633601381,3.558663548588733,0.9765292010235065,8.363145023819955,-0.27044013384697296
7.34765625,1.4924581315203755,-1.0906596492545015,-12.930335491774578,-5.071558958647249,-0.2903878917718155
7.3515625,-2.479239397789341,-4.05458984594422,-6.823976329465019,6.485389794842117,0.5491944140769611
7.35546875,6.872930542717057,-3.5173219660511297,-5.330109578644173,0.3649170091243379,-0.12870702072142756
7.359375,-1.7611900030102965,7.837384113411759,59.73373215383914,6.453678641826105,0.5595550104832657
7.36328125,1.4037626184437977,-2.7991896691320286,36.50252035744278,10.362271466299216,0.43116991519788966
7.3671875,3.3707554021062314,-2.3143521856289624,62.98031904654811,-1.8213767537720218,0.07254483609517558
7.37109375,5.694590872506784,-0.49053061057941894,25.23684519453621,-3.237082445372259,-0.12095451033468625
7.375,2.9984762606144537,6.0635216704979875,-17.048081566591332,0.6705494444046927,0.9762783467518015
7.37890625,2.389371059857842,1.7526033383677695,35.1219752742398,-13.586897808465093,-0.2820633610524028
7.3828125,2.999197411181629,-4.157843044410429,-5.404928029241612,1.2579836496395418,0.16971637677749382
7.38671875,-4.066527871021791,0.8806112002655211,-19.54273805363593,4.407321920902147,0.2944963001155727
7.390625,-4.12591639911648,3.4471833836252213,4.508065147176904,0.004389787970286996,-0.4686381082667399
7.39453125,-1.2041306258965572,-0.7233502228619474,-31.415520387705442,23.427089076082048,-0.750548771315354
7.3984375,1.4011873332529716,6.58899141365127,-35.90651920968153,5.718719544978049,0.29370939336294466
7.40234375,2.358896523731394,-7.665123286290895,-17.305674915426774,-2.8006308917357794,-0.7915854853206162
7.40625,0.16976906379271434,0.5273392785790021,-33.560171133579225,-1.5731505326647197,-0.3510364164191233
7.41015625,-1.2694598539655333,0.1396898587199285,-32.60975918751272,0.26635595358329156,0.7943598734131232
7.4140625,3.7525469254669708,-5.701442572803829,-39.86373581698152,-6.379839753251213,0.08204007619571262
7.41796875,-3.143152534452275,3.8720518105198223,11.016692026235468,4.4276983890419395,0.3263889690400996
7.421875,-5.921258868692322,-2.1820679104347622,-34.541592284201315,-5.893943264067088,-0.46742121805366144
7.42578125,3.2781524764107135,-0.5842019058789674,10.78176848577158,-3.8913615051334456,0.36172999214007656
7.4296875,-2.3577630365536364,-0.07572415067353226,-77.28337298059257,-5.943978279511277,0.2289698844471917
7.43359375,-2.488991795864097,-2.8587961498465386,54.78456907580707,7.137264475247335,0.01455990311061237
7.4375,0.05424314761361103,1.2062254953633582,-0.12207912837743784,7.332649746525178,-0.3819536864412171
7.44140625,-2.7991287616097638,-1.9868224086504342,32.25671221580272,-5.870703073015953,0.12430138071569223
7.4453125,-1.511669157350161,1.5655717905149429,63.0842574332531,12.97033358972857,0.569365670190533
7.44921875,-2.157972163566607,2.320629981643954,3.618958381957931,11.949663605548306,0.0435022386056855
7.453125,-1.480064947957583,3.491023508883238,77.87605120606037,11.503453891850876,0.6908589210761054
7.45703125,-4.140983819282472,-0.428014586210707,43.148551981852464,3.8800645170687345,-0.23672450536894563
7.4609375,-0.3118212072436017,-1.4131342954600918,72.62316403556491,8.160829943565728,0.01857291849133055
7.46484375,-2.9907275933888626,0.09872204622175995,70.67144215655195,-2.402369811108023,0.5674340749950506
7.46875,-3.784028643416974,-3.3980188407036023,2.5048296987283134,-1.883684011965895,0.876649072455131
7.47265625,-1.9249764611976339,-4.281218197511574,-8.951926882034325,11.476008250748846,-0.16051013805234676
7.4765625,-6.189689171214654,0.1577307618578429,-3.8493597703159836,-3.2231809841433243,-0.0336517744603963
7.48046875,1.1176705222403491,-2.5731872460570395,-45.39505613476772,-3.5358974722880996,-0.5659998007514543
7.484375,0.245397951631576,0.34537140212042194,-40.69043576679867,4.094172902865228,0.5164335871364474
7.48828125,3.0251263970519813,0.7750314065611599,-16.610224450191158,-5.163487792196204,0.7368423411818444
7.4921875,0.08838830750923261,-0.44349068348960263,-33.62392856105494,0.6785960055756064,-1.1054624522914047
7.49609375,3.1082920729316057,-2.0180145382674004,-16.77018148156917,-10.645650642430633,-0.20570161811530918
7.5,-5.217697669962759,-0.7448712833457445,-76.3997297828163,0.7841851730870032,-0.25900807730010805
7.50390625,-3.0184137750566777,-0.1984450209289773,17.369737511135995,-5.992723206115913,-0.3109113760242258
7.5078125,2.222561364652764,-1.7443522186536715,-31.864332268055858,-2.612679015986282,-0.3768525780027072
7.51171875,-4.9113450661785425,2.1159986214881314,-39.600494119826024,8.068194244269971,-0.2514778119806617
7.515625,-1.251091992349829,-1.4694947360067405,-29.909426599575568,3.546493268867186,-0.3779203686153073
7.51953125,0.3057393425568496,-2.946059504138865,26.86324493802786,-0.8299267008062099,-0.04287931980189467
7.5234375,-0.17480487898312455,1.35737258768137,2.354353274632619,-1.2863409274413797,-0.2058861030816639
7.52734375,-6.073273066854487,1.364578089424127,58.3809449324181,-0.10157192531896575,0.3621300681414246
7.53125,-1.5023442259825746,-0.7401768288711329,-5.203043880728966,-2.6564267236157812,0.3733563798589737
7.53515625,-4.7435320379033135,2.17458770796341,-38.866130625717574,-3.458941856884068,-0.5691416226415386
7.5390625,0.744368110410156,1.0547336660955207,71.12172499436024,-4.689257964549191,-0.3068269958317493
7.54296875,5.247032307646612,-1.8033148709802438,-20.89665889415939,-8.448268990669673,-0.36873718488578555
7.546875,3.464120514552117,0.5503780313737792,67.2671210006896,-10.490710782875063,0.12303603576002868
7.55078125,0.6338063103837833,-4.059247371964657,-9.600138762462052,-10.415947673746285,0.12364414704763699
7.5546875,4.62329714835422,3.739005501531257,6.450342162164677,-3.3843096227229026,0.15351858309204433
7.55859375,7.02948392949293,-3.295575053152927,14.033189498662892,-2.661723859795216,-0.3312918947472053
7.5625,1.4568073143875102,-0.8275956049182951,-7.081641464308888,8.461688193693316,0.6711291832881507
7.56640625,5.947485530558758,-1.9230835861155344,54.29161287865824,-12.979369390391138,-0.4720791479167057
7.5703125,1.232736334943427,5.239001700824293,11.197801199874718,-10.160309571847996,0.13458036497362252
7.57421875,-0.4092986867532004,-2.7369653877266127,-13.960632313701378,-2.198219056845141,0.4665885000156991
7.578125,-2.692639709625605,-1.3449764410523528,-19.5541663510882,11.571469389141233,0.5205867708857486
7.58203125,2.0700823760623828,3.8630996014664936,21.65816703492804,7.496621249645669,-0.23394205411440913
7.5859375,-5.417758211497739,5.871849914238777,-43.19773138346118,-5.342844609171913,-0.5891169944620653
7.58984375,0.8282475958268395,2.410199604613317,-2.414438968187177,-5.715752294309042,-0.3613759352746272
7.59375,-1.9928203131283335,-3.2784467437472653,-7.222835010225108,-5.32042808505133,0.19366193237835017
7.59765625,0.9842698118473349,2.5587038761035568,14.286012766014277,8.101013886432508,-0.050750939399944704
7.6015625,5.266228927457441,-0.4916965018299041,-46.995102267743235,0.523815852032667,0.2262251328769378
7.60546875,-5.7548978518335,-2.9275467009400282,-12.995322968813214,-1.7906501199719458,0.4384948173261447
7.609375,-2.313551389686997,-3.3763843076172124,12.06703565591448,-2.6332518705065016,0.4309583107946236
7.61328125,9.456903871303064,-1.0425796959139948,24.57564930832526,-2.4693760517066936,-0.07448976455549629
7.6171875,-0.08492177803538163,-0.41030338147726386,-61.18320231207918,1.511664192644802,0.7086002279174228
7.62109375,0.1863765597373591,-0.36002715621804465,-26.3196340757459,-1.656136481551704,-0.08446301082474657
7.625,-5.332774210825401,-0.6058376858113748,-51.38578420172594,-13.267636927252237,-0.2660280413172708
7.62890625,1.5899592244456406,-1.793876157473484,34.989838768611975,-5.588520495257327,-0.009182299100564164
7.6328125,-2.4198400969597014,-2.8972151477799133,-34.870670154080294,1.1848119930527028,-0.20115070728490084
7.63671875,-6.351388194157614,2.179556919320709,14.99679982240757,8.64248170106351,0.5468314261590486
7.640625,-4.006436489568746,1.936712353294478,58.91061957825846,8.351226604418267,0.47292525734941165
7.64453125,-2.5053921935811467,3.0224238368696263,38.634513666474085,10.108466194612332,-0.03177083239179215
7.6484375,-10.266606807273421,-2.641784756423732,-13.056978269305475,-2.335060235970554,1.0503979763106774
7.65234375,1.969479554422286,0.2478438011662254,35.88117833574195,-0.5434035896372009,0.5445584758829997
7.65625,1.208214924449781,-1.4947416109099068,22.457476825056478,5.744074917315934,0.6769302660910486
7.66015625,-5.68905248644403,2.741597675021402,13.989521456391588,-2.477316084865916,0.35388581783309975
7.6640625,-3.4978594295194805,3.938053106806107,28.25228882629641,-2.9063723196257873,0.08527689610592039
7.66796875,0.25748950163249623,-1.5080719269877259,-37.78411352294749,-0.6262283078125881,0.17056936472540984
7.671875,-7.294854196197564,3.0418068055662353,38.73883690763183,-5.113101341724461,0.12046033364198544
7.67578125,3.7353945535723705,-5.1416183628713075,10.582987802253495,0.8130474135987056,-0.2716156271345385
7.6796875,2.093613651930108,-4.438491437654303,-21.421556931312196,4.822242883990049,-0.827944841003126
7.68359375,3.9667494165616506,1.0613732902878048,-22.82824965458955,-1.8383971480909902,0.7066901782964202
7.6875,4.846701404768868,-2.500843912770686,-54.38136330782481,-3.062209707466382,-0.23313437057760342
7.69140625,-10.732998447080275,2.7549117478023852,-22.526134204097687,-4.051856684411208,-0.873499146703832
7.6953125,1.7286066222425063,-0.03199408395954136,25.463455610311,3.285493163306793,0.25453004094079285
7.69921875,-1.582237648859214,-1.4309768324415288,5.874958559035605,-0.8404840679402397,-0.50627634674822
7.703125,5.611315790156262,0.6058299408849588,-12.773280012055785,0.2828585323164816,0.8836649599377605
7.70703125,1.1266392195696724,2.3022900497608343,-43.47151560154815,-3.3274589329335007,-0.13320948577281372
7.7109375,0.6531270190847309,3.5653438870876366,1.822216682696138,-3.404753377580496,-0.5393690694019632
7.71484375,3.0887456764930987,-4.362991266528618,-65.50606055236725,4.088893655949888,0.12110470770652994
7.71875,-0.8766556607799909,-2.756266243864244,18.769761225376534,2.1191449099011597,0.11794257703178983
7.72265625,-4.1794755988641175,0.5170545172068145,32.34764264110804,-8.280026785711588,0.5228287583500971
7.7265625,2.429881176825559,1.139071434069899,46.67740622189308,-8.328211586920853,-1.295781464607658
7.73046875,6.6212378099994815,0.6905154861853444,16.67240909432035,0.6126614929149863,-0.7784906801728146
7.734375,-3.6597577779636437,-0.8043565416255698,4.082678300382266,7.846045207309979,0.14404547869710635
7.73828125,4.78107039169099,1.535858765169153,57.624392137819,-2.9313389141996176,-0.11529224678818277
7.7421875,6.810701964158283,0.5914567576818595,48.626931138273264,5.052952990085831,-0.7213121640056158
7.74609375,-2.3381641148942256,2.9321445539927256,-0.17821683446450365,-0.018745930323681215,0.8156271883343362
7.75,-1.3566197468189487,2.058276147058221,35.49923885019783,-5.429798211046038,0.06807532587902387
7.75390625,4.486276576370324,-6.975512475680766,53.95424640114652,-4.405650692122357,0.9662150867886891
7.7578125,-6.161234167811929,-2.542053064585181,16.22143530558103,6.562274219896698,0.7774932074006699
7.76171875,-7.0963900283288215,2.4934380365147435,19.571412215616355,1.929527701754926,0.36770322816830825
7.765625,-6.867994593475661,4.164067701956554,-34.9044332517146,7.113564955897,0.4278811902638073
7.76953125,1.1098880748592237,-4.771220081974196,11.540206900981186,4.065033182980704,-0.03215770998553803
7.7734375,9.511817086379473,1.0216865956842023,16.744680142852946,7.524636455262075,-0.29459466585852495
7.77734375,-0.18522878766168863,-0.789784478494294,-29.18561964483648,-3.892569403151672,0.18422419596755718
7.78125,-2.294610032359001,1.739277482308979,-22.944184594125318,2.677793569495621,0.12461144861079983
7.78515625,-1.341486356536185,2.4004620660580147,-45.76153586104055,0.6850341654454053,-0.34929371554867733
7.7890625,-6.514800637428601,-2.573280836380084,-22.749201120733044,-2.1137442581758945,0.4372808998368439
7.79296875,-2.174182691550693,0.7223211996832397,-74.90420159549133,-13.823975946806023,1.0442099037753725
7.796875,-1.113169576410529,-0.3745205876982521,-26.439836661561397,7.485847787195324,-0.8335125993879116
7.80078125,4.856231010607339,0.25698954536876306,-12.754886465662945,-3.5581166027971727,-0.19967972434928097
7.8046875,-0.02571830741461514,3.4077540344242445,30.57870195852547,-9.321438242576644,-1.0866905137437202
7.80859375,-0.1173186782765965,0.6193652320191463,36.93004682381489,4.272505314311321,-0.4778659977374795
7.8125,3.30902074539972,-0.22614792534467548,2.2321577538200765,12.320313738404215,0.12650276281173756
7.81640625,-2.5566914872528974,7.406702113514197,44.707569614670746,-9.022084614078716,0.6585433717224215
7.8203125,0.04999378316873111,2.0079073941882357,64.2983684157513,-3.8379389059514564,0.39777026975629187
7.82421875,-4.5553488540237685,-4.812304965328768,74.47678373363209,2.68071240831531,0.4305050006607731
7.828125,3.5617579706259925,-4.464929985331887,38.038725329861464,-2.699298672561812,-0.431380026698169
7.83203125,-2.1365755791243806,2.9335936285376056,0.09498255495174845,13.984140721575367,-0.006994729384716759
7.8359375,-6.2223737540667585,2.3718714450250578,28.197416050351155,4.6318613016541095,-0.6757498672153318
7.83984375,0.3475951171352116,-2.759171804113775,2.4126113847216573,-9.032168118618987,-0.586069181162027
7.84375,1.0897669536843249,-3.7185496670346447,19.06849569663973,-0.05095183772258509,0.3507295631505944
7.84765625,2.9990359437428316,4.209035949291588,57.55106098273978,6.025196916407178,0.09631306875002194
7.8515625,2.8960466508247418,0.8363028026693871,-18.46831210090793,-6.017509752461004,-0.4249141154903266
7.85546875,3.963300478263151,1.5626442757340901,-2.90968368401182,-9.55026770277791,-0.8635267002216866
7.859375,2.111614151908165,-1.5758762980182213,3.398098593999543,0.7410370339430505,-0.18634921917451294
7.86328125,5.572932982622735,-1.1046231662448,-4.164406218009244,-0.08121249869328517,0.10978929733138784
7.8671875,-6.461182459966114,2.655403361965545,-4.949548778718443,2.5371453116838447,0.871651008323893
7.87109375,-6.816797168725717,1.1503767059810865,-3.4692769685817737,1.130200393378212,-0.1762485090888181
7.875,-0.6554722440626113,1.0527840147668424,-58.996138894280605,4.848020215755637,0.8034517560238218
7.87890625,-0.7119574512890301,1.870297310031079,-79.21032013265801,10.607016243707815,0.8779448820096256
7.8828125,4.782986667299806,1.70756828026399,-33.968399255363444,5.6890785408511375,0.007171666178443181
7.88671875,-3.1719364633094145,-0.7168012723024031,-16.595295729761204,3.716776720809534,0.24914513028879287
7.890625,-4.115789846306528,0.8993664609357693,-43.84095593519601,6.301052615077719,-0.6990534350263216
7.89453125,4.626830017344524,2.00870559582101,-21.04221119228322,8.903313752060642,-0.34296400139294697
7.8984375,-4.645150499532859,-1.2442966313441461,-43.864100450866516,2.977954340455941,0.4404671560983425
7.90234375,4.603674598117235,2.9710462206879438,-5.50270526072023,-3.3211768095452463,-0.1882640875290718
7.90625,0.2607735454394574,1.3303032147940073,25.101748097161185,-2.404486536374284,0.7568495201731968
7.91015625,-3.4603827545103107,-1.2594146823375885,65.63805164830683,-1.9301484379755716,-0.385066709525192
7.9140625,1.4590123542853164,-1.1736656298231505,1.7199373126600523,3.1774889725823576,-0.5022358602937939
7.91796875,-1.4802226164122385,-0.5122801592133996,9.377139551897594,-0.25858620662667997,0.2292456155881021
7.921875,8.579206203480126,-3.6327130937029493,2.0394733801806773,11.499112328288792,0.10332900204656172
7.92578125,4.392857702519818,0.05469310027361453,17.89127226369815,4.003486817448506,-0.8899605814496799
7.9296875,-1.0270206172532441,7.739136643913081,-32.17682570308296,-2.1753104341030367,0.169017714490809
7.93359375,3.1224716728895587,2.6897812099358975,14.056685407233024,-6.2680041321910425,0.8640505364516212
7.9375,0.8021700064367451,-3.3958103336706467,26.623889083633852,-0.44191243834770777,0.055963371521276395
7.94140625,3.2877048118705696,-1.6190030962197648,10.701050091655022,1.0321946424360384,-0.1299487376768789
7.9453125,0.29413807152884497,2.4809639952973894,15.937136508013065,15.554254219115343,0.647247047101607
7.94921875,-5.0869450799064095,-3.4008152898532993,-39.50729540091163,6.695517594491646,-0.5638300809985525
7.953125,3.0763966032135674,-1.8556811133478228,5.179934310889822,4.664217600386377,-0.32631287150402305
7.95703125,-4.448930962892383,-1.264179576620708,-16.37735669320271,5.8690563652226,0.17153195191141643
7.9609375,1.9840229027502878,3.324624613762321,-37.2680207389572,-4.053256128227529,-0.06345672884874054
7.96484375,-4.3144896698372,-2.6073311331315265,-51.05742502179465,-2.8624399230443736,0.5165351715337123
7.96875,8.200173954485331,0.9417092435391308,-37.3537978818203,5.194552105698618,-0.3911048987663606
7.97265625,1.635988633283475,6.21739460812802,0.7680489538938922,-0.11703419731018005,0.5515876207796171
7.9765625,-0.24985433138871138,-1.0524256425380063,-51.6386318164642,-4.733739442733939,0.019905112114319355
7.98046875,-6.097627096074902,-1.287663384359925,-15.068450080130098,6.612549502039207,-0.7535048680935564
7.984375,2.8961059561757754,1.7126208012633037,-33.414412830247606,-11.132555299570786,0.699182293447705
7.98828125,8.301783546156072,-3.7546660000951007,-74.87628230779609,-3.866037025243494,0.6136322449330707
7.9921875,7.8035963698235955,-1.4695216484793159,-11.075364188916499,0.48233501729553074,-0.3810459690590994
7.99609375,4.569004125116269,-1.0776426954680725,-4.09024459047122,-4.864650213564644,-0.44347029820728956
8.0,-2.5597715208829896,-1.0923415900053217,43.927615884732745,0.5542314666367687,-0.04313172293726748
8.00390625,-1.612799345413687,1.7168702348239493,-8.031239296508259,3.401866727856523,-0.13034036178642985
8.0078125,-0.24930866583072026,3.701343409630293,-3.253310305481234,-3.836374799702409,0.48289020522576037
8.01171875,-4.688349509235063,-5.604869760848305,17.149401712492732,-6.842068861710596,-0.08685108399547979
8.015625,-9.865877819242327,3.0747315599685843,10.151288453440925,8.846709922996633,0.5610038967889293
8.01953125,1.543398719842162,-4.618200637904249,-23.937231462460037,1.5114039138057276,-0.5182183983780977
8.0234375,-2.0097452042658515,3.944189041142388,14.729307588502678,-3.7137645095284078,0.5381228222011509
8.02734375,-4.1823656518923435,0.3452292135178299,68.90089902929462,6.292271111865985,0.43994417959016013
8.03125,1.7235662223356703,-1.3416191558010704,-1.2924658823483846,6.095662456817019,-1.2553214422942653
8.03515625,-2.2422366863658723,0.3590915121840596,37.00422840972236,7.076282863149506,-0.19896361094946288
8.0390625,2.384084461664503,1.8887525723809082,12.689628828771493,-2.7278982458490564,-0.07406340286169799
8.04296875,-6.059398802384076,-0.2692748430374415,21.33950746924169,1.0530233979314065,-0.026661771774992602
8.046875,0.9718185938285016,-3.2940766628579397,9.085751805877141,-16.292169299303353,-0.685471831764152
8.05078125,-0.3995582420759816,-2.0503028486396633,62.979714496417344,-7.657642565326267,0.17819288754466214
8.0546875,6.506457420237939,-3.970112054272108,-16.423861421495076,-3.726366186146213,-0.06681735234931792
8.05859375,2.7211921339061926,1.0378552898643636,10.408173201910255,-2.7267656974883687,-0.3925964057882457
8.0625,3.6486112107598068,-3.534638983247211,-65.70623684931562,-3.1025928608196316,0.13857774898778122
8.06640625,1.855172781874726,-0.46486981276812245,31.952217655659602,-2.581153326060204,-0.054474550754487074
8.0703125,4.522606456660238,-0.502854847585619,8.688652460744503,-5.506474685265497,-0.06489707156044265
8.07421875,-0.6124986071194732,4.825203613486796,-44.37801350116426,15.598739259571326,-0.17101707187495527
8.078125,1.4373674895314474,0.7623151874098606,-44.94676842984252,4.514934912024708,-0.6048605349590411
8.08203125,5.0026674997397285,-3.165377938177248,-76.04586279127602,10.175385871764387,-0.40898519942074496
8.0859375,-1.6453690477986094,-3.7965475940401885,31.003621348223213,-0.6582467102784682,-0.4405804379904045
8.08984375,-5.900147875766929,-0.6955191030889025,26.29545719862595,10.255093510684691,0.30533858582129314
8.09375,1.4227891225613187,0.3852995082549371,-2.2504917358755194,3.92453142939854,0.9682775482336916
8.09765625,2.502227560831493,0.5556965661433837,-20.846117746745634,-2.5860708865111137,-0.2898150302239909
8.1015625,-8.092765618214868,1.5126468343273318,-11.599665713062462,-0.24475825028830434,-1.1519135373424247
8.10546875,8.092659069304242,2.530889236073445,55.30874730037701,-1.6668215275836649,-0.12223734153185152
8.109375,2.2196433973030265,-7.724649100801667,59.322414054827874,-10.059796085183342,-0.6644504065623826
8.11328125,0.05376434833513338,0.9170534061065443,58.287192417044615,0.08456442761556549,-0.041007000309495646
8.1171875,-2.9994216887439045,2.331199259639926,25.58697127139434,-3.242668466591076,0.2518519169503818
8.12109375,-2.370147247274127,4.91168686791821,22.23953802807093,-7.709731638662253,-0.08345540722376434
8.125,-8.474647917965212,-3.3539701599561136,4.794075645323492,10.195730546965734,-0.15528069764009678
8.12890625,-2.219327341007958,0.4023368351655754,28.23362095839777,-9.25027253746832,-0.36227044875615577
8.1328125,2.9145327523805338,0.03739502351190243,61.16150890075738,-0.7344041868121485,0.02953540566500888
8.13671875,-10.013364239168673,-1.8063412543976445,32.965676901564244,-3.3247812894883126,0.20738790865856171
8.140625,-3.1690284808849833,-2.575110595373041,-24.141703899200838,1.9298941309427242,0.057444468913667966
8.14453125,0.16651989530124384,4.275027984324392,-54.33605145209501,8.375615005787575,-0.34781938541763424
8.1484375,-1.004480363568029,1.9515844063490033,-26.4607622633999,8.7058838431736,-0.4859082346426624
8.15234375,0.3342312879700082,-3.5254731582494196,0.8073390891406369,4.297332399342515,-0.08507939007441932
8.15625,0.8542168740587307,0.6181464144448632,60.287794083216866,1.8879273025692291,-0.25436521361546544
8.16015625,-0.27055658390835907,-2.0560402654859997,2.3182598231896883,-10.657745151535869,-0.4282347606892889
8.1640625,-2.0527188913457906,-6.5321616906680315,-32.22895384775149,-0.8635735484969258,0.1393202179880752
8.16796875,1.8080994948318945,-0.6497469188543097,-4.057938355041841,0.936792021064337,-0.1577353183066747
8.171875,-0.727144926408079,-1.9091144475616446,-18.870479437942926,-7.577870267777446,0.28429977212190594
8.17578125,-2.350838523850382,-4.086222294409583,-64.20091421051589,3.7065402680905812,-0.13987667180545832
8.1796875,-0.1069912941897856,-1.6697242920865007,0.904737967709373,-0.8642497572312839,0.7951907852634019
8.18359375,-1.4597152634090447,-1.3537689156544852,-10.198860712570262,-7.307409020692948,-0.3285277295024581
8.1875,1.9554021410235498,-3.232503577166291,-31.789580793070577,-3.1866744199368013,-0.11256828798659112
8.19140625,-0.34512957993677124,-0.3130873154230116,17.846880426287708,3.9501791283176537,0.16158711044522178
8.1953125,6.08625997516596,-0.8334044258973917,39.5398310385887,6.869369446203123,-0.35698024710245485
8.19921875,-3.799770478595188,3.2278815826069662,41.207931262275714,2.4097040603697373,-0.5674584176290689
8.203125,-7.257318888412121,-0.5664504477769539,-2.819617444204411,2.641876255782255,0.06850317612645535
8.20703125,-4.227600905396494,1.5034351310728518,36.93009651545291,-2.2042464877673877,0.17361323341306684
8.2109375,-4.423727777598492,-3.9146430832038366,18.150532399514535,10.51494333983265,0.25784162995510806
8.21484375,-6.4496768642660465,1.8041688279643622,-11.057146755396452,6.336132775498477,0.7832903077818909
8.21875,-3.007542271527708,1.1558374152136048,37.46851578908977,5.079140162630301,0.2427400614908702
8.22265625,-14.289520513253777,1.6998095980903258,29.29453398091946,0.5656995695784075,0.5181611256620292
8.2265625,-1.0125129769159638,3.264615068964109,33.027600841933676,5.583815639811278,-0.10981052575402311
8.23046875,-5.094029592558645,-2.5722519535976183,-3.975965917123471,-14.180726983899767,-0.27652115633458024
8.234375,2.6370135275006796,-4.277737809115535,-5.569290093869678,-9.209884977947478,-0.12988770917642853
8.23828125,-1.3034666599532134,-0.4981660234898354,-6.438670447662398,7.062307456665948,0.08375302704473112
8.2421875,-0.6447877016251696,6.214791780431195,20.20184325658935,-3.06615589124224,0.14789336066904557
8.24609375,0.1559549906185982,-3.241405068555618,14.247234621881365,-0.9116372938616915,-0.8954296683806441
8.25,3.126486011122634,-3.4762908310774465,29.193091147928563,8.050068751499683,-0.12126264182190089
8.25390625,12.823369214137218,-2.510733595901244,-35.25714466555639,-2.437507203612304,0.47539258200388623
8.2578125,-6.921837829113009,-4.5914342688717324,1.3831802977331904,5.402050968153429,-0.3678162033502692
8.26171875,-2.488652425615853,2.152241232724751,-61.249245357613226,-1.883857074215591,0.8291784355290927
8.265625,3.0263817206605585,-4.363410342966289,25.407503531375646,7.165662594348413,-0.43817881224468536
8.26953125,-1.055473450275399,0.8605852070012816,-28.234009184364695,5.028482651469502,-0.8343845082713494
8.2734375,-5.806948698412963,2.5720646646480714,-42.140457487590666,5.666724775362567,0.10934973918336717
8.27734375,10.123278787400203,-2.064161836439938,-47.815512611423884,1.5697187060554327,-1.1434212344877381
8.28125,-2.597550272787448,-4.285936986079315,-30.757040122615013,5.710861257132747,0.22088399115662669
8.28515625,5.264553813796402,-2.569609027804232,30.23320605050627,-2.8447888420985246,0.8268130770260552
8.2890625,7.340841707965693,0.6957021736521283,16.138796287788047,-13.772377609768359,-0.5397777930018166
8.29296875,0.10030261122453521,3.493599896301988,-94.93961751436302,-2.3028123742109594,-0.30866065960998074
8.296875,1.5880028991387625,-6.057087315979095,38.650268621443274,4.322020519430437,0.014326506794972107
8.30078125,-1.9313383777815054,5.228148677595964,8.802427543410873,-0.20873800829873979,0.06545631924051998
8.3046875,6.889832037173681,-1.4390530580855447,25.24842746908886,-9.081845107482016,0.6913693383653562
8.30859375,-2.406375098601388,-2.9304513354085895,79.03245085593764,-6.244818275408731,0.10215225242705238
8.3125,-8.278466908667257,-2.3619469603359593,89.65607878302373,4.152968957514606,0.8911622132862007
8.31640625,-1.984753394520729,-0.8805871048295495,52.03172581378831,-0.9978178606654247,-0.5248303621264909
8.3203125,3.3900831426691838,3.883914667806784,4.045036054688332,1.010178582324559,-0.7051684480058145
8.32421875,-0.07728784048026797,2.1349896367603485,-41.94538007636115,7.820037755348519,-0.1301981609002465
8.328125,-0.3285979918283025,-2.4801443728986885,-12.983514197159906,5.093774917045774,0.9096831544225705
8.33203125,-2.9288003465714034,-0.6005916476668536,-28.317102150755456,-0.5621809846170285,0.44668156325066444
8.3359375,-0.8353627648548764,1.1866246720656353,-25.290252976551614,13.432536554459158,0.2070671618816947
8.33984375,-4.605825237621365,2.7574244234141974,-37.4884231531688,1.3715628819002215,-0.9090074310337167
8.34375,3.7875303716816067,-1.2567456325962743,-48.943539911724244,2.3869886066365087,-0.21321328764366054
8.34765625,-10.249714712169387,-7.504966382846937,-11.930109582264688,2.885381202297456,-0.29822608896488745
8.3515625,-4.202709057370494,2.5367757174202556,-42.19518814320158,-3.007069519102731,-0.33819664395181
8.35546875,3.570855005843715,1.2917422551592117,15.12960372870803,-1.8702811937565338,0.19361268925128322
8.359375,2.082372833714494,2.921570003553891,-5.462521532973614,-4.219263399872445,-0.1677975248999432
8.36328125,2.6077454913496654,-0.8384398219034552,-11.258269142429398,-4.513763106349042,0.20020331192116836
8.3671875,2.411338936982714,-0.5029945356592662,-73.27872344610714,-4.775924495472921,-0.5554495935275073
8.37109375,-9.738705044338202,4.139592013742625,-21.072173772499255,-7.349013022174116,-0.09219193192616515
8.375,-1.572321463949411,0.2258434669582472,60.86604735391941,4.0726533024590195,-0.15310849101600824
8.37890625,0.7194309699017873,2.39684883034992,40.146391317738185,-3.3240104226587803,0.17477518257653166
8.3828125,0.06422958283810078,-0.18448314803205207,14.617602751944547,7.6648753751476875,-0.041730364230592544
8.38671875,-3.8946874040149053,-0.8563322783867766,-32.54908432444019,15.021090376639773,0.4373964923411949
8.390625,1.007794342136821,1.4098070652448946,-43.4373846130966,19.446353860690166,0.042147067510367016
8.39453125,-3.140644925810412,1.8113095769207888,8.19509163758835,0.24625998713283126,0.48863898556787205
8.3984375,6.690598366572604,-1.5594235687748579,36.37724039189639,4.896926204251446,-0.7229985980668732
8.40234375,2.2716011469340947,-4.792932947747389,27.879809222360226,-2.0311476977280574,0.07422202074212902
8.40625,2.974878042354131,1.8231418758363946,6.664310809305405,-11.070076183266998,0.5075035491285133
8.41015625,3.737054895074449,0.9022139893202255,9.709482668313857,-10.832109904970913,1.1881293683416092
8.4140625,-0.3463734721323692,-5.248406839295614,21.715874923557724,-7.366178061569346,0.9676402985274063
8.41796875,2.0890516794508582,3.0145409018250566,7.621948058423685,5.5708509391793255,-0.44121391186895603
8.421875,-3.8735681454790427,-0.8637974733452893,39.01649487265587,-7.693844012306293,-1.1648545502125482
8.42578125,-0.6567407669749883,-0.9277029404651954,10.670326036661212,-8.014605149652063,-0.5779989501824903
8.4296875,2.045585788919245,4.764799171882885,-3.404429175287855,-8.181908907651902,0.5510651543536401
8.43359375,6.3014891150133545,-0.5613839419865959,-9.080047482275987,-4.708920395865433,-0.47455313940209076
8.4375,-2.852483210843045,-0.41653314153228393,-8.23122284025138,7.385707018103586,0.8547546993882635
8.44140625,2.8162336062781073,-2.733256015352228,6.639159229239098,-2.167329875378862,-0.1961399796697094
8.4453125,-0.2557284168625491,-3.7766796910254903,-50.57853913054177,-0.2685953816807203,-1.096097248779306
8.44921875,-0.10547034052097062,1.6201453823560747,8.440292372728535,-9.449495983626077,-0.6545589968611856
8.453125,-4.97396040083682,-3.2526081857860634,23.856527898289755,7.227165693138716,0.4014632622485683
8.45703125,1.3660335158996462,-1.22451499428018,-13.785993288500812,-0.2696018878937001,0.43361075968782775
8.4609375,-3.298288562148232,-2.952326526164048,-39.71130915134451,12.603906221678049,-0.5561415835691631
8.46484375,-4.102136744898214,2.1467675261896764,-24.20115348751573,-4.8840066294261995,0.24315092757157078
8.46875,-1.1896305659410153,1.983191154483214,12.997967110021822,-1.4134140006234035,-0.1384843815161956
8.47265625,9.529149091940768,-0.7228620519346037,7.429417160881109,-0.5911316858022768,0.5928099823529579
8.4765625,1.3006233673414442,0.09349546897435324,-11.252721537415859,1.6983648023885372,0.3163619066441616
8.48046875,2.34526438794882,-1.5322643923896848,-33.47499091376742,4.5346143122029225,0.39733268951213724
8.484375,-0.31072626058521813,1.7124896226973703,-37.306761676518256,6.601963283892356,0.016958034267512103
8.48828125,-2.620838568825528,-3.9481116086119314,52.18284094202255,6.166206106431499,0.10744649354421788
8.4921875,-4.510855842939535,-2.916571283029442,13.48096909547867,-2.4046101821637125,1.4655154179132042
8.49609375,-2.850647908009272,-0.041176864407986305,76.28172449599701,0.24311585808817582,-0.35329474645913045
8.5,-2.8523482622282104,-1.1592600091149214,27.784542855829894,-0.8609230740198657,0.5395218487387828
8.50390625,-1.0119675086311113,-1.2627374031482173,16.731407717936015,5.290609491496167,-0.34798335852318785
8.5078125,2.1482222896089693,3.3754450279583317,20.852744451444714,-5.274962087058084,0.05558700535170219
8.51171875,0.3040820928383091,1.8152849709248515,7.5618933363953715,-6.659386363006709,-0.8411950257637256
8.515625,7.9850237842664304,1.8862870612288642,52.51144028646092,13.033755647512635,-0.5882285297307119
8.51953125,2.443814320772658,2.5051031869755387,-9.872000474117895,-3.0691924043647716,-0.3170574383687098
8.5234375,-5.986678945441896,-5.025491597525747,-19.36272093716722,1.3026442329576693,0.012958786687450015
8.52734375,0.0694147639968404,3.242587421529076,66.42939136300467,-0.5172657734751813,0.12089126344834406
8.53125,-1.3561821563254897,-0.09151236763948727,-7.008052056692356,7.800022874148585,0.31707195927061543
8.53515625,-3.598219431085855,0.42982620446830855,58.75700030017104,-5.984703625411054,0.27800315796724184
8.5390625,4.929921881030024,-0.28575970007913065,-80.41466736029918,-10.490049522165178,0.6015072434300603
8.54296875,-3.495958982214377,3.031617186281486,-48.47408688797256,-2.069087486522312,0.2079684514759106
8.546875,-8.03905203253438,-6.969297415962455,-15.890632598334053,-1.3330674655906534,-0.09060514235193752
8.55078125,0.8815122369988354,7.8426932833944765,4.127913569003358,-6.480799958296681,-0.25482846344803256
8.5546875,-3.0189219730206216,-5.688326841511653,-47.83149037060823,1.445546767974382,-0.6832982961890252
8.55859375,-2.8537415688949235,-1.3443879850259886,-77.37682452049883,5.6850144144503485,-0.4835242638884772
8.5625,-4.202167020741186,3.7660029013891636,32.84763641961385,6.369282014566822,0.671729653300188
8.56640625,-4.992484422887282,1.4993991572366179,-7.886423558300538,2.0685556698843444,-0.2810542270087522
8.5703125,1.6648093187218118,4.73338691040332,-14.400701103244858,8.6391179354121,0.42737591917869544
8.57421875,0.4883539891043822,1.462844048229116,17.95518588016315,6.5239546140163975,0.3825656952779169
8.578125,-4.525705171316461,4.479271388591295,22.579181797846367,-5.562298919911104,0.20617638493069576
8.58203125,2.6302037115446706,-0.9011917355477844,58.96397830637501,11.741985097030131,-0.5264083047771658
8.5859375,8.973619746826389,0.27002163677590474,6.607385801703149,6.07446604735014,1.4512833671533556
8.58984375,3.4892064732555355,1.7654260694853883,27.130510499408256,10.022999316507264,-0.6083700400883879
8.59375,0.8683288894973906,4.53156193639773,70.12991296910293,-2.8035300690170892,-1.3035540020811354
8.59765625,-2.5572197695489853,-0.1903007328516344,58.28816841300582,-11.71985803454471,-1.1303864982206333
8.6015625,-1.3583308110555348,5.900457695363928,36.96442349551516,-8.178535544491488,-0.006658130960253722
8.60546875,-2.9650111484687263,-4.8967062165394095,-49.137586697891685,0.8349437425158706,0.25136089112011467
8.609375,-3.9745851405318184,-0.5961327780651503,7.585211910418526,-8.854077107694302,0.12976900767302688
8.61328125,1.8787149858104044,-4.260367895783185,2.2094972175947536,-9.863213809672596,-0.07202034890389845
8.6171875,2.8283642299478986,-5.492417983160815,56.73477593840241,7.5196992472631035,-0.13028042342039658
8.62109375,-0.04834779552788112,3.1533540658062105,15.127787089964457,2.6386646728458416,-0.7774591821593673
8.625,-4.537858135378399,-1.0867492968200614,-25.818174968159482,1.5833920558771875,0.4199987654324523
8.62890625,-8.135680754785776,-1.1418707969962907,-38.811012822773506,3.922743580564711,-0.48732230681548366
8.6328125,-1.9292650765030632,3.243932469643137,-30.11411217189378,-3.1240330848281226,-0.35037131997172827
8.63671875,5.844043096362957,1.0177490667087006,-16.940951731336217,8.631361867176537,0.527385075635002
8.640625,-2.107712979909324,-4.34541981455801,-32.274318190858764,0.5107116962537868,0.4764523928810125
8.64453125,0.6178709449410297,-0.7384458402419579,-52.5673364630682,12.935124126687771,-0.12598822176658925
8.6484375,-1.9340612202372534,-1.8938461819179815,-82.82351076770837,0.26465302635929255,-0.06857913967758808
8.65234375,-0.614345784135985,-1.1538240783148725,-10.725226442827692,-2.6477452286710905,0.35715176182798763
8.65625,-3.3994368106692825,-3.2195026464983467,-28.288163869321494,7.344130813481937,-1.01895799718786
8.66015625,-3.174659496027432,-1.5763517183389708,32.87947066903837,5.166719851319669,-0.2686785539182466
8.6640625,2.615471944778164,1.5398339083906931,9.872680799061854,-3.0024537486202685,0.2254391820999933
8.66796875,-6.584661652718199,-3.0583964306142803,15.984495053063936,0.766053096052568,-0.24795145751368367
8.671875,4.171168924078436,1.8443870086931025,-17.044664696386867,-2.1921909979905485,-0.012558978771316434
8.67578125,0.16599774715868007,-0.8573489920108519,59.91196544774843,-8.453311501475786,-0.06435044825086153
8.6796875,4.213719514789748,0.099870867880023,-34.5836092639864,-6.1555458773790175,-0.5205942073838586
8.68359375,6.228925598441143,3.1860624254050034,-0.09906838773473581,-3.5147360082748937,0.1859841943597914
8.6875,-2.747405811773985,1.6007797838892388,20.118140443625826,6.4732456381546095,0.40561815350983355
8.69140625,-3.1764903476560336,5.136687701204356,13.247579384081186,4.224954594011446,0.4333677998800214
8.6953125,-6.447179881614842,-3.3179015861964407,-3.344025768889182,0.29491480791497304,-0.28545108177764267
8.69921875,-0.25454208055986227,-1.0955865616359386,54.441180873546934,4.637744639580338,0.5149882814832627
8.703125,-6.766298093402603,3.0029079177722315,15.1224590418478,6.3024884754565305,-0.02825029829156726
8.70703125,1.1100738748444867,2.0446010476958825,27.04899509942964,8.867831092036312,0.5235009430204537
8.7109375,-4.179834081400579,3.0603568606285405,-65.32192765670887,14.697860608765026,-0.834935253115486
8.71484375,-2.565659182577761,11.1995495691618,3.0296195174111524,-8.881087199357117,0.6274422001959044
8.71875,0.6305286055825604,-2.4049790359293604,21.95631406300851,-0.6544192851799674,-1.1326037237201476
8.72265625,-4.072863599182399,-2.0205081288440834,-23.011283294338185,-5.4736054906187634,-0.2989888185654525
8.7265625,7.422667419899739,2.0305738382296674,-22.32256460176568,0.38403918334039844,-0.37338532991682266
8.73046875,0.7978444908715121,3.291200575732672,-65.40388151743758,-2.0814683905860827,0.13835430067374005
8.734375,-0.048457060681522786,0.4701796558833995,-91.731840236068,-5.379728250243931,0.436126618392397
8.73828125,-1.2940896468137704,-0.4704708219670797,-44.780448637572775,3.347480118082492,-0.8429921211032902
8.7421875,2.2861099895717536,-0.18836585912970671,-26.05334154564485,8.332238243178306,-0.2280676404637447
8.74609375,-1.8645235044815522,-0.015131060511215533,-35.197223787318634,-0.1119822250240774,0.2305446345501232
8.75,0.39921015785286085,-2.160659107857321,-1.7936920252981885,-4.247263136298629,0.17752394194348953
8.75390625,3.5534001761528886,0.4467340893702578,-6.383296441934279,6.017911920476363,-0.6282920368710588
8.7578125,4.376527288147918,-3.50168186752314,-28.076407886603842,-3.8484612202967257,-0.08325172026273558
8.76171875,1.6883922279288126,-2.5083238575003532,53.523089245841945,10.2049920231853,-0.15414596866155916
8.765625,-0.2217946023706828,2.4027709265151813,48.681222891131405,0.9021173173895436,0.041557224655212194
8.76953125,6.442685950166683,0.9283593096490006,47.27146014157047,-2.472385258471177,-0.37668886645701066
8.7734375,0.846251239582983,2.422391599543965,36.151687651948976,-6.457813555861754,0.8052892648762919
8.77734375,1.0053937175192535,-3.785705768206296,-12.481509412913045,-2.1277272759736574,0.10872226259419958
8.78125,12.72255071080802,-1.14359899659942,-39.65373834264152,-8.43969286834114,-0.6638263071801991
8.78515625,-3.642883540941826,1.7211240625751723,-28.52455191262086,7.819344047989676,-0.35198005409528843
8.7890625,4.213779101656213,-1.2345133457897663,27.611544516334174,-4.9483231332077775,0.18673808473446096
8.79296875,0.8108325334804785,1.463127187910191,-3.7811036647331484,-4.692600857942112,0.01264371622660242
8.796875,7.163445268227123,0.590085450848344,45.60293914361467,3.308937949883937,-0.15455476759802828
8.80078125,1.5925165624958502,-2.0043854412541595,33.64523645565184,-1.318334594564147,-0.2748322704546286
8.8046875,3.056800317842285,-2.4341406860738304,33.13764577313508,-3.732778817970526,-0.6629190577380526
8.80859375,2.1125284128796644,-4.13949989296135,-13.04637712586327,-7.904991963503171,-0.1506891181105518
8.8125,2.3560987076914577,-3.380394026323925,-21.212147453089703,-2.490176420596764,0.06980631823602565
8.81640625,1.0399730407542072,-9.967904821075074,-38.133523528702355,-1.0352764420004779,0.34103495799133954
8.8203125,-8.003828945472248,0.2982202548026086,55.56193449917856,-5.038221467515361,-0.43539841675768953
8.82421875,-2.658160108989192,-1.3462157680574696,-41.758611121683046,-5.42605657368628,0.6840002098830258
8.828125,-2.9561227777049157,-3.4317824491383853,-51.976272289779814,-0.5880645342286819,0.23699098129283006
8.83203125,2.1240951937807653,-5.264152927782703,-36.29068772332885,3.913250557934959,0.5959484688305626
8.8359375,-0.3156510484770359,-3.4298874810530107,-30.528158043977136,-7.282959565636645,-0.037585798455491655
8.83984375,-1.912729294622409,-3.676740453980483,-0.22822626241645239,3.7988958378823856,-0.10678941563022165
8.84375,-1.2450551254260496,-0.3120053207839649,-59.43828650335729,-0.2515371688223706,0.35189520794237017
8.84765625,0.6552270152898108,-0.19865495321468396,-67.32152459208052,-6.091209342169922,0.375053704651869
8.8515625,6.821103645760102,0.8056140277713029,-45.132984434142784,-0.9685726272044612,-0.6559906570578495
8.85546875,-2.1910251369605294,-1.4066429928299289,-34.40693313138695,2.7307984722877396,0.623075158369494
8.859375,5.78037767519803,6.764802983795843,-7.742504578937798,1.5820520839245091,-0.036305387967073166
8.86328125,5.301444714125242,1.3916181954184126,-11.625120885656903,-6.5884912571938266,0.6684364496264917
8.8671875,2.6393108990827923,4.163459336038302,48.63957409711391,5.749352764160493,-0.3645179752273101
8.87109375,-2.1577317969845238,4.190442110469007,25.45525263089475,2.1667823073986714,-0.5119843388552828
8.875,-2.429450921579366,0.25474946083686323,89.64237447304296,1.8240078669874762,-0.2930361376380506
8.87890625,-0.2606792577679726,3.3964195158322346,96.69763396559311,-7.6268767632584,-0.32505094966058296
8.8828125,-3.4269333302374676,3.235053143875128,47.84707564772462,-5.41053634315614,-0.0019836308468846628
8.88671875,-1.5420680341211934,2.5773509004435846,7.981609515380008,9.900605843617871,-0.8205165553609765
8.890625,1.1428015375129374,1.260964098457364,-6.107664887430836,13.421862502850669,-0.3258486131870561
8.89453125,1.0150541735065013,3.651512640599498,37.931517816113946,2.2398552333620945,0.1848105280480215
8.8984375,0.06863892698266577,0.655396237255123,45.503277427073904,0.03673884799974836,-0.25555910628008266
8.90234375,2.1123806642547325,-1.1580475728933903,-45.703843395648455,4.352483112899536,0.12881853085216124
8.90625,-6.958535132637307,1.6081211075638548,-9.20599747296427,5.701472279998481,0.6163025629188813
8.91015625,2.3243447452521573,-2.116224745127277,22.036810472847055,2.88190074715793,0.2999231304364747
8.9140625,0.649194475698438,0.9833273403748346,-8.82428784581067,-6.562673310259998,-0.4688290082054322
8.91796875,5.793888254038376,1.3043063089105662,8.22931474223693,-3.293528530408252,-0.2765180943705797
8.921875,4.110456756529616,-1.1751691714829882,-29.47249843414943,1.1899531585872714,0.03915744153309482
8.92578125,2.6713871411562438,-1.3307460556960227,-25.03122239361164,-7.966447374369801,-0.8884645481612381
8.9296875,2.534152086543011,-3.7176002335708396,-90.65087999919531,-8.932144889165338,0.09754218927342174
8.93359375,-1.956297500095267,-1.1074336617113396,-8.063790638828785,-5.62654312886743,-1.5497800526735674
8.9375,1.4013307747972732,1.541493512207241,-59.74237249983415,-6.783580026092977,-0.5149205549386205
8.94140625,3.4768669091857576,-2.880382360442353,-27.44957830391855,1.3406833250143924,0.3671373468318843
8.9453125,3.4605309019736317,-2.604963553840866,15.926446640481634,-8.971466855450968,-0.23901106072918635
8.94921875,0.6546517351256326,3.5778720872188936,-12.835606287441111,15.972064126021383,0.7356094327766748
8.953125,0.7760832871787166,1.7250054294521977,31.904684584235973,15.154478842661785,0.02927276764333582
8.95703125,2.014447358081722,2.0009209442986977,15.253939426727154,11.67990278652477,0.027890468508747625
8.9609375,-5.577789656095242,0.4880433320201263,36.57470554828921,10.720871501251615,0.43531595458153477
8.96484375,-1.912542180718649,2.643223329739692,35.121331020606966,-4.871327487653158,0.8181947341599275
8.96875,-0.22562129767409772,1.390358730228644,25.107133319840578,-3.7880130447041624,0.9426076692069039
8.97265625,-2.0841370940156385,-0.7437629404837202,-21.89102848438554,4.755459971656133,0.6311784157644587
8.9765625,0.28139441156843,-2.031449851632271,18.828063401545535,-16.855318632730505,-0.31641817420413576
8.98046875,3.8834971333202373,1.8436779428165515,4.665117994952116,-7.023672772157703,-0.16442779049410738
8.984375,1.2957055844344012,1.0851923439720086,39.71337135852096,1.3108241373367377,-0.061263372723786985
8.98828125,-0.6136551512390089,-4.30076641578297,-15.070225027508048,4.75821476414391,0.5013493727430075
8.9921875,0.3808029809153931,-0.19202580930145174,7.571636415987912,-6.703990541436404,-0.3252705950357712
8.99609375,-4.122259675834182,-5.520214189815636,18.963321386980837,-3.3171168164379887,-0.011584450722507876
9.0,3.76219377892051,0.35470533730134834,-46.27507480023851,-11.224983192232918,-0.1719050835676547
9.00390625,-4.477776056635377,1.0994740916439576,1.631659928864745,-8.955524300801105,-0.3955931348845317
9.0078125,-6.587082412193323,-4.877075152258724,-20.846499235053415,5.726295213046518,-0.39271460332512376
9.01171875,-0.5752749027310624,2.4214828693318173,-57.650757924040434,2.2065758618555114,-0.38701193140314527
9.015625,0.09190223923635195,-0.7648861538195189,-60.12988828496657,1.4442336086261527,-0.6203870051509593
9.01953125,4.2068759896324535,-4.528572297198757,-26.336432682243416,0.5853544325662678,0.71473614121059
9.0234375,5.224045933038717,1.573135018056934,-17.930171445428044,1.9253253647392103,-0.22675240822427273
9.02734375,2.962518591881004,0.62629791181395,-60.48933587362511,3.6446355809895308,0.31679925159978045
9.03125,3.7201418947766416,2.1452500254696742,-28.700756821693798,-2.0534448581298688,-0.10321942210886142
9.03515625,1.8163582315793614,-0.16611386915259096,-82.9566444184486,-3.55834600875695,0.36678258296560706
9.0390625,-3.1630230661395164,0.270577273101746,-7.088647291883854,1.9446863007567745,-0.006319537465356852
9.04296875,-7.626799943973662,1.3079934908096018,7.570245123116793,5.552221281320355,-0.046164258675171044
9.046875,6.3507469169209445,0.786298204302004,-17.549121383193228,-1.2793556983927057,0.2311585222413344
9.05078125,-1.1223006160219942,0.38669889311424366,-47.9387239269609,1.2928397997166692,0.27124714035541375
9.0546875,-1.0432851671051406,-5.4307296498398365,7.536588252804001,1.4571280980436407,-0.25258518470921426
9.05859375,-5.335958592556399,-1.0989675498474099,107.1642230072351,-8.69732257104852,0.04473236196001316
9.0625,1.0483822902797761,-3.0105894841741776,17.580768831990362,-1.5052114168841464,-0.5423810437451564
9.06640625,-7.343550507816742,-2.372538805146784,23.47951025700667,5.90901543762732,0.3941139215388191
9.0703125,-2.508280826940232,-0.9426921174030273,2.856698683078651,-0.3756122316995887,-0.33980432576649633
9.07421875,4.4688637613559,1.543378853673009,67.11835818540143,9.348456264489334,0.34307025570155814
9.078125,3.6552077040035584,0.8468817579090129,11.171697898786725,-2.845420061575136,0.08476459472864699
9.08203125,-1.5892780676628988,3.555860506036968,23.330999853095417,-5.444902515414081,0.0030866057680120807
9.0859375,-6.496645680799933,-0.17833881582722158,54.42274576806891,1.0433391635186036,0.03613138156358528
9.08984375,-2.391651607774219,-4.304245617431459,22.850821820454307,0.5592202256346845,0.04154642082737059
9.09375,3.120087772075893,2.5714141814780382,31.038026515042603,-0.31192834241220035,0.011389822855654425
9.09765625,-4.740454699725049,2.9395957744393404,-5.117613274179271,-7.781004880598198,-0.17952507162633902
9.1015625,2.0930216247239217,-3.7212116392279206,15.074260233301183,2.285196040458313,-0.29206194800177565
9.10546875,-1.5597421437851988,0.6884298294632183,-9.643484928682174,-3.1365698940589386,0.2790841845191051
9.109375,4.094173741661561,2.358427950200266,-10.34226241682406,-11.694090870091149,-0.1333174788735028
9.11328125,1.0318230710160354,2.754715258258903,-42.88056684777102,3.9478026123540046,-0.7327476317212236
9.1171875,1.9681566331274463,1.6639346823217922,-14.89181733312297,13.902737570953008,-0.4080322014903097
9.12109375,6.007061042461551,8.119748917463301,-22.813139177718014,2.353081054932211,0.683526388027547
9.125,-1.925716609196147,-1.0394726030218178,-20.60078621186195,-4.38652896518818,0.9293798757346081
9.12890625,6.496284069691791,4.318538428853157,-58.00249356647687,1.9941405983360514,-0.09428927664289782
9.1328125,1.1572032337792704,1.9296903018792888,-37.618681010725155,13.260599307206508,-0.5348892954225184
9.13671875,1.0209776917136593,-1.7541445278984988,-91.3181676511081,-1.2933219706970136,-1.2247746333258875
9.140625,-5.580743971981551,-1.2772479918031676,1.3006949246993784,5.376633560934043,-0.11159228264585479
9.14453125,2.2420417722918136,0.38063006199296945,-40.30450788107352,1.7129803980647063,0.40486670141231995
9.1484375,-1.2463371744981981,2.1669787406410737,5.870259666918736,3.098118839464078,0.12667537842067242
9.15234375,3.6625611321590235,4.1535416070063365,27.98006544286087,-2.3191766049610365,-0.1791508114149981
9.15625,-2.8155208025501897,1.1174240441929943,9.270043970521211,3.511793884899621,-0.22681938215534192
9.16015625,3.7102581390129,0.8015091963086065,41.58940353271971,-2.903322573168543,0.9363549191050071
9.1640625,-5.384892259293605,-2.1301615149931754,17.109840551620064,5.137885908649421,0.29558348764780507
9.16796875,-2.2636143931931545,3.745955086220877,7.09666318610839,-3.22310638788732,-0.25719923700718444
9.171875,-3.389994287071915,0.5059239441141296,-6.833555758954056,-11.059794719068936,0.9285290714157173
9.17578125,3.400320542738238,-6.67274040897665,46.86262790831652,-2.441751154713214,0.87134705961487
9.1796875,-8.67812710221875,-0.5001908561858189,18.570394660493807,4.913652567624393,-0.5879509422446364
9.18359375,-3.2340474288690593,-1.6430530178936054,4.903386552420817,8.842981157562999,0.2560271752796977
9.1875,-6.206977065572159,0.0454276544342814,18.048178728361016,-4.172117331068503,-0.06303242811843897
9.19140625,0.3722923148147139,-4.463650862190751,31.1966282588813,-0.7342053896708065,0.5695733629108665
9.1953125,4.5756900334444195,-2.032515576406749,-42.19802426212701,8.162683401960948,0.1095254719151433
9.19921875,-2.0386354402560416,0.27390826214967035,-23.63712510001441,-1.145611584446566,-0.3313328855359862
9.203125,0.3488706253323915,-0.38627452656087635,-69.49908115278464,7.316596442260979,-0.4689978524033813
9.20703125,-4.700651080296191,-4.501008185218893,7.647952814989431,2.9617845884174185,0.08409338888713604
9.2109375,0.28212613666852016,-0.059928316233124,-30.66981227673068,11.069434124414459,-0.12335239879637522
9.21484375,-6.5793583482059965,1.1862748661943152,-57.348999800500366,3.218461175250818,-0.18733159015332898
9.21875,-6.163282584390318,0.3666278638836215,-71.11784018412979,2.8531635872373355,0.5358960851310935
9.22265625,3.125528520705357,-5.2148087099158165,23.451659650380478,-7.0387098207688545,1.0716510270046895
9.2265625,0.7319930875115,-1.5883578803678469,-39.511264181180294,1.3501280300991847,1.0187156111303788
9.23046875,0.8973292920292393,0.2783663115135553,-16.655734827533998,-0.05509597320979287,-0.12243111251645851
9.234375,-7.858806389691077,4.674887571843207,-23.162308286586224,-5.781585276499483,-0.06482363276434543
9.23828125,-2.41089298052073,0.6045718630892943,-8.611540531006762,9.180676486479753,-0.5995456077088055
9.2421875,-5.4349418032144445,-1.2725704307421195,13.15924412857798,13.30067864355973,0.34619239890460296
9.24609375,1.7255736591656317,4.421088799839987,32.30729495924223,-2.8586679694433066,-0.22653349489808405
9.25,2.4231602914415364,-2.4647836593630936,17.325412203149675,-0.3954034624623847,0.3704900948449751
9.25390625,-7.237112908562205,4.980756210120189,19.640456520384813,0.5261310176398601,0.4151462767577918
9.2578125,-0.9641088706538979,3.646086888218541,29.736218994180845,5.377701571196405,-0.19601687784774427
9.26171875,-0.15543332642701843,-3.6114549614052445,5.6163336552318945,8.143916127298404,-0.6068869510700461
9.265625,3.041309083114384,-3.867921615348479,-21.316893930087385,0.6913896630694825,-0.21084419967734666
9.26953125,5.600999682466143,0.05919164605810513,45.614042737671596,10.469566236982049,-0.4573841028381088
9.2734375,1.789841821674754,-4.636097040235068,22.779637066982083,-4.564327533542897,-0.9316899161028165
9.27734375,2.7535643158778202,1.2089315928978044,39.091678435206525,0.4311495357675379,0.008419489701975142
9.28125,3.2926372223042604,-3.4797262354949443,56.48993730643051,2.247704244860892,0.2049430355100298
9.28515625,-1.4208966016698397,3.143847716543206,3.678740626650584,-0.9239381516760767,0.48196424094229245
9.2890625,-4.102214262483413,-0.013543058625837478,8.716009829391552,-8.017459213028637,-0.3069898633090009
9.29296875,-2.9945485261673292,2.6267309573058655,-27.88555928782595,-3.831366971974694,0.4901324709529967
9.296875,3.7972510103441546,3.002992520973633,-8.785711905084298,-0.13143204220795646,0.4861174083215247
9.30078125,1.5828098714352432,9.56703479531161,22.18562986390137,-0.7388520827693634,0.28352389238787573
9.3046875,-5.3237672273767265,-0.8617898558298528,-82.3668900610826,2.1275969909447348,0.5821475566902662
9.30859375,-0.5616594749003471,-0.690479273081783,-0.6641471011286306,-3.0172456258919533,-0.11488432688620087
9.3125,2.1504519586732043,-3.870356144914414,-21.398422272605515,1.107273479347997,-0.33513560160561545
9.31640625,2.766366311940498,-5.051757686446487,-8.551733831629655,3.5056736046781003,-0.15846460926084385
9.3203125,-1.1592737706382328,2.193287266697176,-29.897059534637414,5.6591523712253,0.04228330193072644
9.32421875,-3.6038293310867138,-2.075536114038629,-8.428533226928842,10.437335822447823,0.5285453796815771
9.328125,-4.141357775508443,2.68321694998476,15.277527002852693,5.807840965577928,-0.16652974789293504
9.33203125,1.6049022185783555,-1.2143938882058625,29.25892566846296,7.286448359275774,0.7215891403393818
9.3359375,-3.59175117639074,-4.569144839035555,68.30245887625706,-4.7651881922725225,-0.32099986276938325
9.33984375,-2.94639732868323,-0.6174202949671607,31.878145033084387,2.6632188256825917,0.5288950194473918
9.34375,-0.3488752243098853,-4.965220006139155,-28.05390232492981,0.6977095702395172,-0.15840813647470212
9.34765625,0.41647462970961824,-5.044414289356901,94.79138869924462,-0.038282306146852685,0.5506128805999698
9.3515625,-4.0513944627312215,-0.37970793002206915,69.69029306970876,2.7597796511202897,-0.03877669341276737
9.35546875,-3.8521007920552983,1.0721767707852936,36.7688186672562,-3.3411080355920437,-0.25638053475085554
9.359375,3.9241555351606863,1.6121710010468282,-2.675816923056015,-1.9459147766103189,-0.5106203592591126
9.36328125,-3.488398331184334,-0.6906215860996834,32.01184734819128,0.2648317857184712,0.27583366707090295
9.3671875,-2.005623729376228,-0.6929169377654332,18.7868040103331,4.0469920607779155,0.20440289315868043
9.37109375,-8.114924507340561,-5.14270090158096,-31.99476571433094,-3.5246314553949274,0.5145922230717096
9.375,-4.394691935293687,-5.383814364571032,-34.882702829166114,8.923971079441896,0.17422932757208795
9.37890625,-5.351642861373136,1.7473444860372211,37.8644378740236,-0.6960198577227525,0.8365427164882743
9.3828125,4.158049151258807,-0.14508016860553904,36.34420186408196,7.956347091291546,-0.8638253309544676
9.38671875,-6.091758525954103,0.7522450273580309,-10.782127201879701,8.148543659499015,0.574502928769738
9.390625,3.0466099376935003,-5.86473092482917,-17.58916206356854,17.26869217230376,0.036106579915620995
9.39453125,-6.923671271250229,5.816873893536781,-71.56763965617657,5.928693547547931,0.5223799621346288
9.3984375,-0.18033206467637575,-5.221182371110924,-40.73834592648447,6.32798974409765,-0.35557196240012456
9.40234375,-2.2562003590427255,0.4897072213230612,-67.2757555053401,4.17899992515463,-0.27022587820535654
9.40625,2.7142323870353624,-5.889679050513131,-46.96490588491999,0.23954121534705905,-0.6191609313206405
9.41015625,4.705149588819799,-0.15132034667849806,-4.010063027137676,-1.0790523363771434,0.44608841034646823
9.4140625,-0.6743189440925497,1.1554915955278375,-70.05166491668959,-1.3836611802462009,0.03795568554383744
9.41796875,-3.2080623729907694,0.1299543347536046,-16.1347870300422,0.4067424520992624,0.23228131870596153
9.421875,2.2193096196941675,-3.274852877589737,6.792533086035103,-12.512817521240397,-0.5664489627497681
9.42578125,-1.3814501404555433,-3.437529510788668,10.968957861262416,3.516441470456654,0.05443678467612932
9.4296875,-3.2200976924929994,-2.24695636838527,34.323789831968064,-3.5806017466762627,-0.1532441540596224
9.43359375,-0.9266532266084208,-0.9929307284340115,24.626758460818074,1.8097283778124218,-0.11272444518389309
9.4375,-2.842657483668283,-3.2329065949019222,82.4384096641864,7.991602692843758,0.3491361944455458
9.44140625,1.599494317924239,-6.089452126604875,52.931197291621345,5.584969899650315,-0.13454814244318047
9.4453125,0.19566312295872212,3.6606767996746417,9.10802415629901,0.07654611979627202,0.430073672521502
9.44921875,2.088390900614854,-0.5179524349181968,27.580472724006746,6.091419020404214,-1.0206950127526115
9.453125,-5.227707645140951,-0.6088100799612964,63.34897103570775,9.941639847681188,-0.10309771681440973
9.45703125,-2.8891891083623498,0.587717130864569,-10.896844941430476,4.618602077299375,0.4112984306891629
9.4609375,3.4449388365239164,-5.380513236950488,-24.204863382080646,2.7004062228225543,0.09142989697723476
9.46484375,-0.1696603764757078,5.95863491579043,-20.388125504682964,1.3005059128060747,0.6506725661040587
9.46875,-5.410252037131628,-4.532665269527838,-9.800276208491443,10.927504742134452,-0.041219563339038916
9.47265625,2.1625394554190254,4.036070848318609,-13.78722934591814,0.1302378240240536,0.2741851847703451
9.4765625,-6.011144943652858,-2.125534315662256,-44.801851438136495,-4.541498126823094,-0.3779845668662579
9.48046875,-3.5866871618843867,-2.2219959825623814,4.367213658569954,-7.576694336775684,-0.947572675024793
9.484375,-2.0997029619998115,-4.187643665978813,-33.76617314870394,-5.0502291894326445,0.5392259848612921
9.48828125,0.29112929704265855,-1.0513741490190889,-39.813984957147696,-2.5844684570012197,-0.6749241465417877
9.4921875,-1.805255151807499,-1.1088311607142574,4.722226084992553,0.03656664872867532,-0.31304206163874115
9.49609375,3.9392065068632793,1.0551745807511521,-13.704854848323034,-3.384488309442086,-0.024163267335479115
9.5,-5.86866980718622,-2.901418087161528,-96.8289849277622,5.626855396689582,0.7722132012519725
9.50390625,-7.430967090460561,-1.562919227330806,-4.673486550745707,5.521381637091004,-0.4373250501063165
9.5078125,-7.8075940481378945,3.7259331936838285,-48.366076223480675,7.468407376070871,-0.3489575992167587
9.51171875,0.9213482607043489,-0.6852054036738423,-18.31387035002751,-4.404669947595762,-0.5350803749389395
9.515625,1.3184129302300365,3.5204248360337136,-13.796457662693891,2.219637270788462,-0.07668203669397912
9.51953125,-2.39014791357387,-2.912644151345546,-9.389483296522837,11.418992296160798,-0.11195591910671428
9.5234375,-0.6586618745125747,3.2042528099747374,18.04334787100113,-7.445120746261067,0.058842137154401904
9.52734375,5.441943853343956,0.1368233049104815,65.95429905448722,2.1539320062979392,-0.04083809639210692
9.53125,-0.11613704189645857,-0.27010230463704066,-3.788930891014166,2.282959325963424,-0.2201207399883943
9.53515625,0.986108273384219,-1.5179349673661058,-8.541875165959802,5.288642721299858,-0.3466794638123283
9.5390625,-7.880303871274913,0.46291214037318995,-7.694585761071632,5.5182857648838075,-0.35177089998141287
9.54296875,5.201421962405352,3.6593428958754357,-40.64696743751407,-6.182090017088696,0.4790437656782106
9.546875,-2.000935263635567,-1.223172960506966,-5.122180134270639,-3.7208360362689135,0.9626354548849557
9.55078125,1.3601416216876843,0.004723666311251531,3.766039238482822,-2.0740532531377847,0.3384133702596046
9.5546875,-0.033567613785522435,-0.30355969962336,6.594951809780234,-7.192368944164013,0.22405369026035754
9.55859375,-6.759253423192018,2.0836283559867446,22.63940151825627,-0.6560466922722609,-0.21761785175523513
9.5625,-1.4154867118822043,-1.5028036434395804,64.4359498087547,-0.6462024249791519,0.4936931757518066
9.56640625,-2.403465314905683,-6.010631412686667,5.716116537424172,-5.0982725614981215,1.1451488330668398
9.5703125,2.6226486357040235,-0.9959795678037398,34.35037159304291,4.076058381709732,-0.4647639983487079
9.57421875,1.9028524219088516,0.4135456079823827,-10.10597835535259,-7.527570411294468,0.6678656270902419
9.578125,1.4364718422587412,-1.1564347215946444,5.663182958706182,-4.072321903363449,-0.12845082193515567
9.58203125,-0.09273504752887009,-3.602990811857018,44.76496541883354,0.4645976459829675,0.37535258169945596
9.5859375,-1.8485354974851662,-5.681280711753603,23.71110592324376,6.577191422593714,-0.06914647235865361
9.58984375,-1.1384313413188116,-0.24749909974880746,7.786880269195127,0.48700632954616396,0.9742035537708817
9.59375,-4.255703932968426,0.11611866754276673,-36.2729411549803,-2.8840574709731013,-0.44561466025695545
9.59765625,-5.046477033031938,4.494069135528332,-13.987884470840589,3.314895441662308,-0.9177003540556259
9.6015625,0.9418803291252468,-1.3194196830049694,-43.076733621552556,-3.8426382511680566,-0.675624799831524
9.60546875,-1.986626030693084,-2.0829997400018083,-53.12711405862186,-2.639407760941033,-0.3177491201791845
9.609375,-1.819348086821676,-3.9094765291189377,-47.934517023032654,-12.011549136675919,-0.8892261993160678
9.61328125,-0.9595562221827364,1.048978686923802,-55.546211029872694,-14.322840957538851,-1.0340919457382776
9.6171875,4.562429694031122,2.57712072597773,-15.510580682911375,-0.43175699218933783,-0.5315192517544034
9.62109375,5.807828558160036,-2.626549932417295,30.28905224122869,-3.0681363386896905,0.96603654990292
9.625,11.44226284722263,-1.1656229622112018,-9.236135748117071,-4.785019937455376,0.29211580984566127
9.62890625,2.6338373597429663,0.6558064148182294,0.892176853637153,-3.1161008310316287,0.6748133032334501
9.6328125,0.43429782192645794,-0.26166125401564505,59.425682452717226,8.467294670945801,0.0022373129073560297
9.63671875,-2.356083029177982,0.8722267057193841,6.246008179272195,-3.5192712583125836,-0.07698798105928835
9.640625,-2.060552938411762,1.1477470527921134,28.409340919947738,11.063960361966611,0.8264819813795157
9.64453125,-5.920383972688236,-2.8982439421306223,16.654118005341935,7.529254763838033,-0.20973052885195986
9.6484375,8.464983231335925,2.364435037891538,38.629730502768155,-0.41997825587722426,0.11328673377787994
9.65234375,5.223980933480948,4.165980112414688,29.311840812807205,4.281604219114374,0.02442973193334789
9.65625,5.836290165828396,3.382982736229877,19.235129168707747,-3.315993974995491,-0.3711707679950384
9.66015625,-9.15186412688979,0.9102888263480253,1.5939202451884231,4.034357844262791,0.1774769214783479
9.6640625,-2.135472677778505,-0.37294865809160394,-14.23983516552193,-6.478972629704387,-0.8286958116772849
9.66796875,2.791352835078243,4.1598227625243585,-21.496198436743217,5.630558819054498,0.27211151847581405
9.671875,2.186783428972211,-1.29771391923471,4.768154085416837,-3.0392655929002164,0.1149538532299824
9.67578125,4.087837600890097,1.1650624888205352,-23.86273246383862,-7.049838917799482,0.4435705598948272
9.6796875,3.5480883747368646,1.932009682985138,-30.264041914071235,1.0556107262413366,-0.16682672372738216
9.68359375,-4.354065888678476,5.335451000561147,-53.83982387806955,-3.3349897510897777,-0.30218783286973216
9.6875,-3.4242988064073847,2.879901075172326,-7.9282998805005676,9.451658247805327,-0.48139178751548145
9.69140625,3.2589133900777143,-1.9417891912080774,-67.22131748960857,-11.827875476797779,0.12001009236955178
9.6953125,3.5442460777303633,1.1049951588309803,-0.17910533164147324,3.8069778814339283,-0.14382248173267273
9.69921875,0.7352051732343867,-3.2538477053644623,-49.79540575926228,-5.584785113593418,-0.5122537284643406
9.703125,2.097623472289354,-1.6143230824774464,-1.0270985119812508,5.782861634388906,-0.6213733792436356
9.70703125,-2.9030539899845262,-0.06506176645999154,25.36771565278952,1.1884541200045966,0.557042413772701
9.7109375,2.2398766117814413,2.3018217293980077,-30.703512385020932,6.47975560552527,0.1298492686060289
9.71484375,-0.8364433756160883,-1.5176380636274134,14.974023779856182,-9.064641258663302,0.5452806557722941
9.71875,-2.3771644838768013,-3.0052543042598705,1.8904265821304893,-4.362232638062654,-0.80359427157571
9.72265625,0.03820357048519719,1.8565131265342152,37.65146335429496,-3.3300767829651465,0.524071467787674
9.7265625,7.586340285834278,2.847765079810018,42.46963400014546,-3.9066375708530714,-0.1817615765724048
9.73046875,1.8196230568892044,1.7922647056151404,6.633689721633253,-13.363767727892307,-0.6635966608427405
9.734375,-2.8941638252681052,2.270763036590213,30.500154901543816,0.471326964566412,-0.3842371031915603
9.73828125,4.037948713283042,0.8303199225108628,82.31004479909117,3.749487387103818,0.6873977791227053
9.7421875,1.8379479002056396,2.2311073896848566,64.4729107159981,-5.759642362990747,-0.022758300578248843
9.74609375,-1.8696930390939617,1.9417120706889754,-3.7948001211437337,9.144399484183023,-0.032443796953559964
9.75,-1.5000999776034492,1.2704285026864073,41.627424792890594,7.682885889450748,0.8406472563752372
9.75390625,-3.630732072828684,3.223837107224125,23.485189053855667,2.666805126186231,0.09566813229500927
9.7578125,6.994227218152358,3.474537812784134,-11.353303216373146,2.0362924833925478,-0.3482598723275838
9.76171875,4.13335270197844,0.27321374166918866,-40.48452191059773,1.5674933419378947,0.2749304179852013
9.765625,5.0859652762807475,-2.15062396106205,-1.313020187697103,1.2955333889262968,-0.5198568355355333
9.76953125,0.2547565790993969,-7.843415918302711,-12.396859443125543,7.353340546012222,-0.40065281353165405
9.7734375,3.4931725355661047,-0.4387460710404551,-6.140303847898149,8.787968390932283,-0.39466692726204394
9.77734375,3.1705482529921434,1.8405251110713008,-2.466605251139889,6.67799552521285,0.5541349969256931
9.78125,4.2553926206102615,-0.2194560823477262,-59.74209318458533,-0.026757009582376163,-0.5565356828758743
9.78515625,-0.9018919880075239,4.884451476700129,-47.23032945830512,5.905090596771384,0.009487748707054603
9.7890625,1.813486260579976,6.524383090055325,-32.1546833663429,-10.79259021296201,-0.287655685708275
9.79296875,-0.6292801995646709,0.9628743238156555,19.40764452934746,-1.7504189362534315,-0.005179977764967498
9.796875,7.000499787131612,-7.052215709403786,-62.81453186529734,-1.1428724023737522,0.48936371981901494
9.80078125,0.5097610479084832,-1.4447995915355232,25.188796008452613,-9.716522877012958,0.09408193188475715
9.8046875,7.007731918502807,-1.6110989145189611,-20.489823684677564,-13.729213988610777,0.10346146138896245
9.80859375,-3.1157608208478043,-2.0084305377550713,-41.391037717960835,-17.182277764991465,-0.2679751458882401
9.8125,-3.708471585109616,-1.887400500673205,-1.6177861773533921,-6.917015727399591,0.4800104270900436
9.81640625,2.3032783403012327,-4.3996449246165925,-20.3391082947085,7.166207547815034,-0.22611679213995164
9.8203125,6.127395999415332,-1.7892035652688523,80.40583353065442,1.8403747750420951,-1.0074468511225234
9.82421875,-4.293575044098711,6.446611817150019,35.31301792411824,3.6775666658960238,-0.4737741221228993
9.828125,-0.07840372188703124,-2.1450161681296205,19.9984505981581,-0.9551296999349885,0.34850359557933763
9.83203125,1.2054270617802207,-0.8379835110951105,-2.9323530023179707,-5.416747242095448,0.6236239894638296
9.8359375,2.0383839364834517,-2.908425862994497,22.955229656661558,-0.2277968503948684,-0.11056599878267988
9.83984375,-3.804201261097597,-0.6009855530742645,-24.05647183371798,10.513662436216771,-0.08594414902304486
9.84375,-4.8752675672367864,-0.3651372516398055,2.337985285618487,16.461372823618124,0.3380548963887617
9.84765625,3.9869907754336045,4.565472036290592,-10.24602440990563,-12.281559664279008,-0.5063608557322788
9.8515625,-4.52304244678853,4.758761272608927,-11.029501073220287,-0.8358148350229904,0.9417838402757667
9.85546875,-1.6138675442642179,2.243369945680605,12.205329194863385,2.012164749517769,0.1830973673172645
9.859375,-3.3521819974411797,-1.5705334223245764,-19.370435425107047,3.400845007106982,-0.07204812315859589
9.86328125,10.86136518726423,-3.7769784231823724,-23.13932071414919,-10.738705522866734,0.33284267250932864
9.8671875,-0.1474430772199181,-1.3046755621483355,-11.361917263554316,5.787878076896506,0.754191716857411
9.87109375,-2.655090740190513,0.3891293913975984,-55.93401982076813,3.0357005089805114,0.5137891702567887
9.875,0.05707189667429858,0.15104953551683967,-40.94413006096287,5.183284372674228,-0.04907370114022331
9.87890625,-4.7242897045046215,2.2263986493610015,-58.42610393072642,-5.778449263525635,0.0206868098265521
9.8828125,0.36417027349967956,0.42708107252243155,-67.56210696324283,6.157231128500614,-0.38953677799437775
9.88671875,0.9866474482361824,5.751549500009109,-19.669889288643475,9.581703417628448,0.024421142238040365
9.890625,0.57361786764755,0.5279394518446485,-31.923506391582734,8.611491295225033,0.8933181885119019
9.89453125,-0.7288735542457121,-5.138497364772597,10.349286986651823,18.419295079954587,-0.04124514468887876
9.8984375,-10.353922675073347,-4.279476033462132,14.356222856714682,-1.1148064020267023,0.0024679297221103886
9.90234375,1.1844615345188325,4.3297171217842285,-36.82621184511132,-2.332419992484027,-0.29520691642492924
9.90625,8.29390033746954,-3.912565985370637,29.89930021057066,12.72244009676675,-0.10035644033356583
9.91015625,0.15434447540829074,9.018028735718415,-8.508900299179293,6.282041371351889,-0.2065937126983451
9.9140625,-0.545205787968287,2.140644520383767,-5.6272227835401445,-11.960018953133716,0.7764984196096631
9.91796875,2.041033431263619,-0.818400846944015,14.003579687662508,-5.60056666554231,-0.10565754161035956
9.921875,-1.585825320599732,-0.377960755895197,-10.091460588083095,-1.6242171321422232,0.6043630900118286
9.92578125,-2.329660005860609,0.8754712787717421,-10.237441382836511,-6.7901219103345465,-0.8754973231575252
9.9296875,-1.8269544096858399,0.2921276503988411,13.13832715623466,2.377440220256808,0.09002943740744844
9.93359375,1.3125172651136814,0.8295582633538332,2.212752203489103,-4.703432567683402,0.13614097229947314
9.9375,-4.199298689297387,0.3622085985356084,14.709405627605008,4.649476529105939,-0.4356832144845149
9.94140625,-4.569528854070338,1.3515989899766745,41.682311231450086,7.637863416343493,0.22142265431081762
9.9453125,-0.18737063872288529,-0.7279468350285174,-13.603257724891838,2.1631593251200663,-0.35410268758769353
9.94921875,-0.20858524033900283,-2.715123452129012,11.144820947854608,23.877785247964525,-0.3412644793820739
9.953125,-2.0763447149296335,-1.0379116402428195,-21.622313164859246,-2.1968304571335135,1.1088870715416692
9.95703125,-0.6948004488305641,-8.809512916640035,-13.732869478485274,2.219946796632696,0.3002115114824468
9.9609375,-1.6673110087304301,-2.7086725015828126,-42.34572785896488,11.204607389029206,0.14879371143398382
9.96484375,-8.06258502525866,4.4198027283679995,-32.00889216343438,-4.17091788728692,-0.08631280338187891
9.96875,1.559440618545302,-3.3710720912519196,21.987946693397728,-6.570916471290415,0.0014348694791188827
9.97265625,-5.134566378989456,-2.26873370576979,-46.70711972466561,0.5601207118110556,0.11897678827419823
9.9765625,3.924200260205591,1.8875256202600212,8.261433263880708,-9.081640463580705,-1.2837922696732469
9.98046875,-1.7664140091034137,-1.185014255531207,-38.42934143409953,-3.6392289687815107,-0.74161720968957
9.984375,-0.3060463709388372,-3.1157823251793957,-45.43676936196685,-8.640974904400448,-0.9404353616564368
9.98828125,-2.7849997206722694,-6.065170531578186,-26.516941847497577,-1.5707505695428754,1.4718386037845803
9.9921875,-7.421335069643026,-0.2044885015406527,19.766040086816623,-14.626443047282715,-0.16200575508690074
9.99609375,-2.9228159540057512,1.6555689134142832,61.190701860430686,-0.3918426714723029,-0.2567278057150055
10.0,-2.4876113972253098,0.640023169169688,-43.89006813566717,-1.8551937469242703,-0.5026099879228473
10.00390625,-1.8909955134943905,-1.3084243641863234,-21.588087735145002,4.013780268583847,0.299619441910679
10.0078125,-6.6615811783159495,3.2951234994854244,4.511398904295152,1.264621440638876,0.1573875510810943
10.01171875,-1.5807010853331085,2.581931621482435,76.41539023649051,-1.9762564079871483,0.4942327279614218
10.015625,-1.846217580383238,4.674700206610438,-6.3845182526515565,8.891510749429658,-0.32217097134721506
10.01953125,5.211085463360658,2.2341072544322604,33.57296489872083,11.553199941107005,-0.17185226836836787
10.0234375,0.9567106656877911,-1.0231795186534547,45.90113163835443,4.641947609174573,-0.0011837722101059375
10.02734375,-6.282981280388506,1.771127411092951,36.9401428825271,4.527906159846754,-0.1614923015734854
10.03125,6.947500026279963,0.7185541151579716,-14.942051976231884,-12.77383398608978,-0.10509418120216722
10.03515625,-3.112805015184123,0.017106527515809496,55.628523985565735,1.2784283397769598,0.019656435005969294
10.0390625,0.11763415890294951,5.161065868843554,42.89621915746164,-6.653069541497859,-0.3494380381935929
10.04296875,-4.112374624758687,-0.9720535490631201,4.478225773022542,4.81310214590121,0.7824488346221699
10.046875,-3.6731265216584026,0.3927892888505131,30.959177522200978,-3.465547685572651,-0.10418312585213198
10.05078125,-9.211233181783,-1.3101319608756634,-14.237491331594967,0.6541299013129387,0.8057596220939384
10.0546875,-1.8621714935126967,2.682750666228946,-13.211973482109853,2.7617824773375363,0.36409015061174194
10.05859375,-6.510387584834097,-1.1908367901728996,-16.12067572662539,5.118549214588482,-1.1127895761751934
10.0625,1.3620386361756414,0.8241343625367289,-43.05895029125848,-3.3401239888140393,0.02991414399119853
10.06640625,-1.1675092849398523,4.049344438115155,-33.62470546958792,1.2714897732766024,-0.04031674289508087
10.0703125,-5.447517070599656,4.282078023064595,-48.3113803696245,-10.959343524597214,0.6248202321281312
10.07421875,-0.3381123501348314,1.1938912053549815,-29.892033543788198,-3.0258912045834636,0.29617860484310266
10.078125,2.1824636062435463,1.740011153237182,-41.19973727559483,14.245048302548462,0.39869678494802
10.08203125,-6.250235446577069,-2.0193950229318918,-66.54208114621551,1.1894189204812489,0.21385502646573085
10.0859375,-2.5588627700695796,-1.7623252218053285,-38.42535377521709,-8.318753738124386,0.08252836600455805
10.08984375,-2.315174221167423,-4.336646013494521,16.676065914011435,3.62166911031058,-0.21367655025780807
10.09375,-0.11792163020271336,-4.002753518307269,14.325826721928248,-9.405743959257329,0.04105208131725955
10.09765625,-5.1104482428748925,1.0261951718129911,33.9670538832062,-4.529561333630799,0.20521442572960014
10.1015625,0.37521886690899653,4.2014019570159515,24.71754900341824,-14.158248448327873,-0.41498353766374757
10.10546875,-1.3709199152275628,-1.5243446763926274,-37.6927140315232,-1.4848848812420345,0.2666851328859925
10.109375,4.281218589872537,2.404273486620386,55.318059829616104,3.0763965894967384,-0.33031042603458727
10.11328125,5.5280952482290395,4.543342534991448,35.19882707973697,-3.8012950717644807,0.027221108738594228
10.1171875,-5.337066727675292,1.5371905086088788,59.473923759992225,-0.323046171295164,-0.5272744196702367
10.12109375,-6.397997197892286,1.1707962673254833,-6.841108810238207,2.991385164118281,0.8353450451959044
10.125,3.520829508697014,-2.1291853513003915,25.83368204093299,-6.61074707845081,-0.48996286609520734
10.12890625,-3.676997988282662,-3.433649026223457,12.313040050949963,2.6901573158336696,-0.44610803775769176
10.1328125,-0.6278626528294299,-1.3535259892044043,-4.346030700910735,-1.4216418603552912,-0.3253454277767438
10.13671875,-2.6595431063918866,-2.393923143195484,-12.331463498927416,4.018514606789577,0.06372161782014296
10.140625,-0.9382019645726922,0.6939406943646891,1.9476818073316853,11.445116898833458,-0.2840364843957244
10.14453125,1.6764360327455199,1.1164238843244945,-71.50528203222134,15.561803166277183,0.021825112114565726
10.1484375,-2.70003397252538,-1.0975745634171954,21.363031127083836,-0.8441302582721852,-0.5129660863536462
10.15234375,-0.6636241272253249,1.5280382092887392,9.491920603154355,-0.35225383923821485,-0.2889126838250337
10.15625,0.7417120129113052,0.6439823810550132,-19.17749397055253,0.3164073787183417,0.7642469903812273
10.16015625,3.4007008728062744,0.4408907506188825,-70.78329182662007,-8.844394690967766,-0.5538733411604145
10.1640625,-4.905632959089024,1.7344713036454376,-56.103195646951356,-4.515620774008292,-0.4218496772763141
10.16796875,-8.54776345068308,-1.8692728077978815,-54.814992307428554,-6.9454656775712795,0.30035471559537247
10.171875,-7.888820529738431,6.301821719773468,-92.0562534605081,-12.8418536676369,0.797841681132596
10.17578125,1.2150657803681217,2.8673101577488564,-11.153525483480829,-9.508251430366181,1.1317975848747965
10.1796875,1.5276949653098988,1.7135109954305534,-23.073470481321756,-6.096097879416824,-0.1759374278300732
10.18359375,9.387636145051527,1.3880145819876932,-20.749233715716937,-2.3589957461796978,0.5087632360187536
10.1875,2.1181848312626426,5.768299431875583,-64.35067568691476,-1.4832110225404997,0.4432866469919909
10.19140625,6.097269962310162,1.3203069981737365,-18.811676891710686,-2.556990433918651,0.7056642670617379
10.1953125,4.4652295703786535,2.844554576466648,27.186323367054186,5.65589847671124,1.6336984938492594
10.19921875,-1.0358844942501286,3.890892423057256,58.360265467106004,3.5049650302320927,0.03106544464820203
10.203125,2.9489907367486303,-0.9252080076502629,19.432665598314838,8.681843569319835,0.7496688456778949
10.20703125,0.029851325648969803,-4.268515078390815,-4.116759799044715,12.888928482435281,-0.6671790141660144
10.2109375,-0.8415006804208833,-1.1561243527426779,21.102574308522307,4.04839271525979,0.20067154946221724
10.21484375,6.5227994132897535,2.5384520890854607,71.0412389592216,0.1879521287987853,-0.048630710210033574
10.21875,2.6620425534122685,-4.181371729874265,-10.925204847616445,-3.219417737525568,-0.3692866379565571
10.22265625,-3.8414815026075635,-1.1210742748092644,21.299866361068972,4.480605714413716,0.0042679174315190796
10.2265625,0.33316316572199556,4.091037265121951,53.46272838534904,4.546834180500218,0.3925962659763175
10.23046875,1.0201677848494664,0.5415244303566185,18.955804429577846,-1.6671231696090318,0.18328294205679832
10.234375,2.566069966135978,0.917236176596053,-14.636630784872443,-4.446502083982631,-0.12863685624871665
10.23828125,5.097513117158121,-0.5537663950850611,30.481729844134136,-3.9562751006853687,0.7125582142172369
10.2421875,-1.980400240854304,-1.301787277721613,-20.180456843328162,-8.88360578827003,-0.26787348073818984
10.24609375,1.270059651031124,-2.429749996495607,-66.09840154849194,-2.67011153695661,-0.38439457606686966
10.25,-7.410991605355555,3.130192711880257,-24.40213229900958,2.695285211064574,-0.22091191969546486
10.25390625,-1.7815210345832677,5.3694398949965425,-38.65287167689021,-0.19575343463305073,-0.10341051823721861
10.2578125,-1.1785644912764468,1.0536210901463563,-20.547060687198517,-0.9073113684990819,0.2784753287360516
10.26171875,1.3663347450896872,-1.7695286689873622,-30.58043886899505,-5.021542739970901,0.7506706594597803
10.265625,-1.1369880621754302,-2.1669864990152834,7.251457921968594,1.5519220709199568,0.5149538423994561
10.26953125,-8.42993465764161,1.5386032511205219,-59.677864045847976,7.346689225448584,-0.5315346790896943
10.2734375,1.1520296002164219,2.9258016334912558,6.617930421326292,-2.4803611012678894,0.36080994815531425
10.27734375,4.719018544184796,1.1857612464753544,-6.035277836481594,-0.7055353327835803,1.2813530373793256
10.28125,-1.995597206928025,3.233729554281894,-6.143168236234747,-7.36348121789272,0.47821554302480407
10.28515625,-3.8272974960989807,-1.7967327269870503,-8.024546200058895,-2.5363509687270023,0.440226602326521
10.2890625,0.2163162547974966,-3.301127784421081,-46.22838501787936,5.5780903276822755,-0.10838503441658487
10.29296875,2.969256767506573,-0.8013454008359979,-32.386845814646136,-0.8153710059184971,-0.5844952869969064
10.296875,2.2978578187713863,-2.378161666121462,13.361686027027126,1.6538098783650401,0.2899362532924355
10.30078125,-1.8603877123651584,-1.5494675914167608,14.10496575560317,-12.421543242176769,-0.8305143698184216
10.3046875,3.4810901155996823,-3.025093640543719,50.76585514492322,-4.978908052665588,-0.5154503527125696
10.30859375,-2.560682217932005,0.30160198999931087,18.242347282970254,-12.23151256486202,0.21750063810514766
10.3125,7.372898742806519,0.8380223422279769,11.622343669723017,0.5542140304022363,1.2121781344836278
10.31640625,0.8472030212161368,-0.34434806883242114,31.560715751732246,1.453686352058782,-0.6222837431861433
10.3203125,-5.736875137001499,-0.053819013826485226,18.28246676645329,-6.551389532296763,0.11227589065816376
10.32421875,-4.939641715306221,1.5041093675227226,-12.462155106834393,10.57570925690123,-0.37169622134720387
10.328125,-5.982417857761454,-2.77990477013039,-1.4892397682605427,7.879955672530177,0.02826779039029871
10.33203125,9.340781177915673,1.3054459823317859,-13.783394290912995,0.642469624748482,-0.028063920896968617
10.3359375,-0.9632347728973584,-0.612937869119695,31.025042704798206,-11.47581687093326,-0.10917748097485308
10.33984375,-0.2677840153766659,-0.4364803025015225,-0.7373052881132285,4.989292339715284,-0.5667619859054774
10.34375,-2.9357776606591766,-1.3254772831253594,7.228854070134862,3.507618927437568,0.5246311770276713
10.34765625,3.5325478184174477,0.2066610690072322,-46.978033350376045,-4.534892913210182,0.29485233723897153
10.3515625,4.023408058329989,-0.43546138814626634,-27.1165730914404,0.07521686838646913,0.36830246951495443
10.35546875,2.675259751757239,0.7515763957490447,3.868396319271266,-2.390614709347922,-0.23285953911736562
10.359375,-0.3560418236666721,-1.7454415788990025,-25.1925569817301,-1.7336199838477535,0.1837230748958932
10.36328125,-5.54490218852919,-0.261584580861582,-56.75823419452509,0.37994879030638806,-0.20355594749052217
10.3671875,-7.02355634413345,-1.4250017390768446,-32.057078200302264,-14.001627459048866,-0.06815314480975063
10.37109375,1.829395355093606,-0.0817348612955636,-11.106338822626842,0.25886786910082926,-0.3515451127526992
10.375,2.3150475615145285,-0.8483890904709233,-8.507154127774562,-1.8647223120663294,0.26848084273581846
10.37890625,1.4535342218920058,-2.8418090571236805,-15.799757740583978,-7.64687983913242,-0.23699954634542802
10.3828125,5.997742535588912,-0.6729802337967525,-5.963609434012467,-2.4108446591267323,0.8048516329367336
10.38671875,2.543650984055696,1.8011327753514892,30.56308588779053,3.854735052144124,-0.04256429072046278
10.390625,-8.528142101720878,2.8770397986233003,-43.34284709541606,3.2419109965802604,-0.45197001340218396
10.39453125,0.38852681514848736,1.9146199141549407,31.63325534269224,-0.7420744758015463,1.0845905379437264
10.3984375,9.500869021449358,-3.1217578684669003,3.5961131090405942,-1.5610070745317866,-1.1702890105752186
10.40234375,12.621143788597786,5.099789067652996,-18.84757252942425,0.2935802908020544,-0.1797861729132452
10.40625,3.2082024779882983,1.5959173402343279,26.753097218884122,-0.2820615076299232,0.38838851227737464
10.41015625,1.7997076241724554,1.7717149444385087,-31.953966009016384,-6.022596269646406,-0.24882265273720228
10.4140625,-2.250770000196717,5.1218420906180295,33.93265569527117,-5.642387706122371,0.15935932831043476
10.41796875,-0.8496076722016868,-5.171078699925326,40.366982557624304,-15.123963862806772,0.35649866645190875
10.421875,-0.16496883992856276,8.627509134227724,24.704542752390427,-5.440075139667574,0.203430805580546
10.42578125,-0.42150936028036545,-0.8573197037093063,51.909123645417296,-1.2931211018363569,0.0015179275426157634
10.4296875,4.779278228099683,7.721021747514824,-13.714002450714954,4.430142435361107,-0.5354298887779766
10.43359375,2.949811597236354,-0.6487466892031644,6.816163827773952,-1.863213779026934,-0.1415275387367256
10.4375,0.8690715110986992,0.8275085906111566,-47.531142990881996,0.9402474567281673,0.3198975948220815
10.44140625,-1.8293203674714327,1.9425491453059494,-69.30517811134415,-7.414482402064619,0.12786921672428972
10.4453125,-3.5539587651959454,-2.313065592056745,25.85503666259247,2.8126422212412727,0.5681657299664642
10.44921875,-2.7250044412535637,3.385008470507038,-39.95047037492516,-9.215821527859507,-0.6204680347490752
10.453125,-6.797705440200545,0.9229199184375487,-46.44953968580121,3.6526569185069584,0.21671430688207172
10.45703125,-4.313360296553648,-2.2980017285407377,-14.342900929457485,-0.6689078069078951,-0.07217667542744464
10.4609375,-5.453816451929731,-1.547210294710899,-0.3365570680999532,-3.057643190483846,0.19825322837825285
10.46484375,1.7754424099100328,4.034408772054161,-81.17838588828991,-5.6212769504734394,-0.40090346482135714
10.46875,14.230171179869886,-6.896833649565342,3.648702626101782,-6.508070096063357,0.1539302932915277
10.47265625,2.4414058151147384,-3.8158139130898654,1.5378072128141191,-0.9021821413292503,-1.373848394567556
10.4765625,2.3380139658365113,-5.160419201738301,-22.99390461490647,-5.49416084159583,1.1973741568700138
10.48046875,-5.676604537762197,-5.693419775657889,-48.84391983539775,-9.463607122515278,-0.18269667279340188
10.484375,-6.311528656547203,5.028597637827482,5.222216712222531,0.4662022240637853,-0.3301781078404663
10.48828125,0.6435198300260457,4.079590370656268,-30.976689925373144,4.154599445915014,0.200628239586452
10.4921875,2.1629778695045125,1.0670412039651447,51.085267778169765,-1.8447747808464698,0.5578052701733784
10.49609375,5.154468208516443,1.5505729281238736,-2.5370927984270857,-4.140580376908566,-0.02894836178275451
10.5,0.7984959065266761,-1.7489962046462613,15.630926325714505,-6.536039861487251,-0.9500616438170519
10.50390625,-0.2403895580270923,-4.0129910206767025,51.379279403599085,-0.609095814207927,-0.3497317927266855
10.5078125,-7.1631946839928835,4.359358930224421,37.793751969003964,5.535435459202095,-0.03736866923285018
10.51171875,0.7876510715210823,3.6993586577466515,22.824643005480926,2.8075101167116685,-1.068041490852825
10.515625,5.90046223338456,-0.11066896034391993,37.98223997293945,-0.34036224403782445,0.11766930407976865
10.51953125,-1.7963199259013347,1.3267392827288778,31.897145793815454,4.989849737824201,-0.3211584461481659
10.5234375,-0.7025508867123745,-5.54317723354537,-61.335959297199864,4.866025370690541,1.9245400506367627
10.52734375,-1.5420499770177778,-1.9429100456470094,-7.798711102659087,8.80529471886912,0.453698782875166
10.53125,3.964662300561863,-2.802865879442323,-20.83869354135132,3.170411013949657,-0.10594918259099569
10.53515625,-1.9475101524607463,-0.6102890748408126,-11.897459438086702,-5.452223786391297,-0.11308723990122953
10.5390625,0.3495169242132867,-0.945062699983918,-6.29294896289197,-3.9199671781138874,0.8068045692927506
10.54296875,-3.323932007389225,-0.08731513947461964,-32.42092859764034,-2.1649027931969287,0.031048611791178113
10.546875,1.0093781246438516,-1.02596023510121,13.511140500588912,4.47040286356787,0.255347114546269
10.55078125,0.905008425676285,3.643381105705245,-91.48290859094612,0.8947402141039986,0.4955395035647971
10.5546875,-6.996475648102609,-3.4328297910934977,-99.94343049446982,5.815979545492846,0.023094585962687944
10.55859375,-3.6001854197945313,3.128254396532072,49.404400629331754,-4.670472207151571,-0.18434878384472805
10.5625,4.387577105756807,1.1574401247693178,-1.6322368111562486,16.07486472099109,-0.5688180104305688
10.56640625,-2.9617039879269704,2.782523292329888,30.171041302693098,5.147713280490196,0.02571989877378846
10.5703125,-0.1952184338239465,-2.3375417431629333,30.534460377654263,4.889528692889244,-0.20598424298612286
10.57421875,-2.289548153387479,-0.3264648938496259,7.709840966430617,-3.181043358687193,0.3498570897341098
10.578125,-3.142171004102198,-1.3781339671681705,60.03099173010512,4.051323295966352,0.18389154648222117
10.58203125,5.768528000943632,1.053698724847199,16.021889917816164,-3.0544424597926576,0.2640293146390241
10.5859375,2.0923936814895665,-0.2307671331547511,-7.541734358857877,-4.530398404656546,0.6467201751063167
10.58984375,-0.15744887602171517,1.7595095529985882,3.5548429648243136,6.121921548591587,0.36245363572059663
10.59375,-0.4723982153980489,-4.704142046477131,40.50839843005054,-2.4780076765323673,0.30885247717231684
10.59765625,-4.191424014872278,-4.161599059341977,41.898927957426686,-11.277596644221008,0.43130711668718863
10.6015625,-4.998457552478698,-1.3917718475862124,-5.249253518167357,-2.998420225343341,-0.48147993397726646
10.60546875,3.026200252531535,2.794191928858221,25.9332818626065,-1.548918373704745,-0.49495615198953435
10.609375,-0.3667761824815435,1.3409464985673512,12.094481420631613,-7.705460046986559,0.6530176009887202
10.61328125,-3.0856244365489967,-0.7268763755801464,-17.64622197596765,-10.76404138451561,0.33785074090984407
10.6171875,-1.3325647067837676,0.7232459150394138,-25.886505002155307,-7.235970271801531,-0.9685718152488683
10.62109375,6.595803302381437,0.39390079444181547,7.700530805305067,1.7834205209301897,-0.2992260763841114
10.625,-5.77338071691403,-3.7230449314752283,-24.71250721009528,0.7142328709947309,-0.710489182549477
10.62890625,-1.045084612236031,-3.3924808684939745,0.07151822621131743,-9.166170197196445,0.012441690627291918
10.6328125,4.190600039994035,-1.929039967361386,-68.06967648068027,6.870804134103778,-0.0016819294331184322
10.63671875,-3.1958921247500536,-4.282008501381379,-27.014627640307467,12.596515129021654,-1.0845976898550216
10.640625,-1.3763710028168823,0.19141261221287106,-48.17021418560198,11.015147190901857,-0.28489297935857133
10.64453125,0.4396126121631532,-7.06384043523434,-4.732794038386384,4.428352662714987,0.4646133175044319
10.6484375,2.5225778057025487,1.484738370810762,-13.401536519035108,4.5588934935699355,-0.3780395043700795
10.65234375,-0.35697746856357543,-2.0516345100929776,-28.867142597745048,3.024224376768541,0.7406231953221692
10.65625,1.1023404262380547,0.5027219231588813,-81.6179994552422,4.463520673579742,-0.3993300006841775
10.66015625,4.623281675221675,0.3923473010511671,-53.5312202793312,4.3099433382227215,0.5316139213198651
10.6640625,-3.648724380422041,2.375919264086856,31.5314636678505,-4.37816360046379,-0.031112446265252076
10.66796875,-4.310974989658115,7.98038280045572,-26.50550079539312,1.436956344240909,-0.8061380143277984
10.671875,1.3831535138938456,0.22571707599502436,-23.921342902572405,-3.055545018761058,-0.04017896906368936
10.67578125,2.6411979501960667,1.0564587857576986,50.585132331067896,-9.836452404109007,-0.7430386113658073
10.6796875,2.9514086920782483,3.2305513831905035,8.91018401963856,7.616647979904516,-1.2954762559940525
10.68359375,1.1909736253323768,1.4704677502675856,30.024740528489048,-4.960072844713551,0.3155897388642463
10.6875,-0.3084302548072539,5.842959679760448,36.49988979282689,4.44697852653596,-0.26800380175531213
10.69140625,5.772086189004729,3.5437748835101326,38.3927195117134,-1.5893856750697044,-0.025865385781796934
10.6953125,0.2695349206974576,1.4951812756652503,9.170037395229762,-5.7571513529433025,0.19896331813657514
10.69921875,-4.535908231160335,-4.399012602369849,-0.3559575363283116,9.695958579042058,-0.6105529235985118
10.703125,-2.1524494924194473,3.453635399859434,-2.190100505294012,1.3969178846678916,-0.2817957218758357
10.70703125,-3.731513461174511,2.595167443751931,13.600635006265756,-5.437111122942724,-0.3645884242541089
10.7109375,2.0079584895706306,3.6338700641292445,-5.531596491714072,9.853886519143932,0.11058000276208153
10.71484375,3.348771330296368,2.0059926392919842,-9.686569068724925,-2.4434115269285615,0.1770437031210443
10.71875,4.384125933107901,-0.4782371507591383,19.863038926198044,-2.572761110059422,0.04767865572122279
10.72265625,1.98481707342268,-0.5417889139685278,-57.334433398515785,-9.057355817456173,-0.03476604339500854
10.7265625,2.008603546083313,-1.7819828460317302,-1.252511052067753,-3.3168883391749735,-0.3535127224571543
10.73046875,1.9926566557797198,-1.8155293218253354,-15.9233923006711,4.579412977777155,0.5762985490580461
10.734375,2.823532625085114,-0.7202848597172029,-36.001267800435514,-10.879694619454618,0.17314230590206492
10.73828125,-1.9905577663097194,-0.46645894594770854,-36.42157653754093,7.321769169609913,0.053653334457084284
10.7421875,9.58739506113417,1.0217882542437824,-24.954954457192898,4.869263882402203,1.4330954288694724
10.74609375,-2.7574043929385788,-0.07630836824334492,-83.77293630593904,-12.324994641209685,0.3310128353687222
10.75,0.380870032048271,-0.9368580473102786,-39.18880062078068,-2.793700138407718,-0.2950445715484593
10.75390625,-2.4858876090410895,4.067480026956186,55.89928885748459,-2.9417197682681007,0.5030913901086239
10.7578125,4.347457768692514,-3.5312274287340575,33.80669752620841,4.234981720058221,0.13310820769888307
10.76171875,0.23151699499629957,0.12792767573809644,-13.109284499383868,13.806306636124802,-0.2716114144117345
10.765625,-0.6625827542013424,-7.327353755779879,-14.608820122233634,8.428149743239988,0.2556739354688791
10.76953125,-4.562017271383227,0.08716106160434868,24.45684176078285,3.2335032121700573,-0.5013105209194972
10.7734375,1.031885653100176,-0.5786972835119523,-31.60203539040198,6.5044323957833505,-0.006618600486681652
10.77734375,-6.077260990912925,1.6043747546898708,-11.61594430031013,5.763423577209273,-0.8408826867707124
10.78125,8.681042281861956,1.511006243107241,-4.886914696010152,-5.738044492224226,0.10393634973464247
10.78515625,-3.7934111498338288,4.71704019229963,13.942574156122811,6.305280032982867,0.5977038524973735
10.7890625,2.415722321039933,1.0726504822223686,11.238342616547072,-4.587004511472396,-0.35610068608204143
10.79296875,5.196125055971708,2.601201582454687,-4.909068963106094,-11.952034107665341,-0.15218142216846345
10.796875,3.451459261178817,-0.31386072818897554,15.335044940333997,-0.9412731615104262,0.775907082751701
10.80078125,-0.15059766473980782,-2.969218564911978,-0.2614639250740378,2.8226281849295973,0.7902382003318055
10.8046875,0.30559822984291474,1.6100354170028899,-5.504803660316714,-4.374695222148397,-0.2774804309312396
10.80859375,-0.699547270483058,2.2829889085825363,21.967156348036642,-8.511678683077776,-0.07827959473541458
10.8125,1.1429352121679524,-1.6092871774896995,53.80230999751225,12.696126688084822,-0.029893241725408064
10.81640625,-2.158297001343785,-1.0324253017195435,-55.364349775644925,-3.3504408523173854,0.8889386281949898
10.8203125,-5.63236607669747,-2.7147603864752208,-37.009105451688,4.896837073931642,-0.39118547587392766
10.82421875,-7.228175787772022,0.003396093998077254,-65.3110417394766,-7.504839680116373,-0.011265321633031325
10.828125,-1.5145614957267026,0.0704806223751546,-89.60664073598663,-11.197802390287755,0.8061002359134491
10.83203125,4.882363590935617,2.172062146021894,-38.52030290886604,5.677973429720944,0.13226998353577543
10.8359375,-1.609565170536265,2.6966439719349546,16.78182363707173,11.743179178337094,-0.3010726118673462
10.83984375,-1.959127343388369,4.430102161612266,-49.47854846652308,17.53754275406757,-1.1822073786939096
10.84375,5.096275257502339,2.2559395118596886,-8.519853046678477,4.412519470065611,0.03875810517958588
10.84765625,1.4681232521284784,-2.3565146829580828,26.838341741051746,-1.5147835613215443,-0.445761408335819
10.8515625,2.528471266924682,-0.5257652902593571,-22.960832866164537,-6.37166535718597,0.14658309843535178
10.85546875,-0.22055453589968083,-0.06937431522642254,-29.605314913044527,-17.74827935123491,-1.1446879245432338
10.859375,-1.5253163277206667,5.007749119096939,40.841511655430146,1.3827317302076159,0.07159655594786853
10.86328125,-6.591305476218602,3.7417185919591485,3.8706751797826175,-0.8757590853715134,0.7942661139581741
10.8671875,2.815021064269495,-1.250608976092707,-6.1259064782518,-5.3824125713645135,-0.10920734960206256
10.87109375,-3.6118046821408916,0.9794732927868015,105.60485703904168,-3.5622503834297192,0.3799774968447176
10.875,-3.07516293161048,-0.9963835749871279,-6.49622086119205,3.3658629283766217,0.9249275904970626
10.87890625,-2.367452250297199,-1.1181341651886392,42.9338066840975,-9.519297204873551,-0.7825404429657097
10.8828125,1.6031760730325435,-3.3377924102927308,17.279593207240133,-5.317563418836849,-0.45392747790011456
10.88671875,10.323883688764472,-2.7133790322428806,19.695282858514616,11.84492638216703,-0.009632456520611392
10.890625,-0.8849208196405904,0.41750601280167243,17.954035063815255,-1.7367760985909424,0.314012232247558
10.89453125,6.576473121195597,-0.18081030108291926,4.9748340539249725,19.65257705803079,-0.5626523133698629
10.8984375,-2.586507130428482,-3.464378910596361,11.799828892808643,14.502914188172022,-0.014675992502156645
10.90234375,-4.9188538662425305,-2.3635125005074533,-23.06441454141498,1.2579932846409383,-1.1279391020179317
10.90625,-4.448333306658578,-4.346181956843109,10.84342053002576,-4.7989911542568375,0.12228154513531377
10.91015625,3.9256921520515164,2.2883179241239104,-50.23998152347847,-8.789827108012455,0.5850929513686862
10.9140625,-1.1591148507505247,-7.800326989760204,-9.022390973816822,-13.008522510169769,0.44947525482780104
10.91796875,-7.420292828959465,-0.051379820898756284,-38.45636209993752,-2.0095031276491184,0.19725703264966096
10.921875,0.42964681045041575,-1.2077325552999583,17.839891560157035,-0.29237169815701236,-0.1069831619354028
10.92578125,-3.047794414864877,-0.3023715446909958,-88.33378020086336,-6.196118450699233,0.504288611649984
10.9296875,-0.6943574405208894,3.4554236274506245,-77.96004328607293,3.719567324525052,0.1961113437270778
10.93359375,-2.1355974660586075,-1.2114793723139639,-20.984700902446377,1.210408275814908,-0.2746010209569337
10.9375,-4.0321377662022915,0.41424326459417915,-34.838643373738066,-0.6037627929523921,-0.7631446808359321
10.94140625,1.447912332255397,-4.2645387864937945,-17.688722246075447,5.318917072779415,0.17030261707450034
10.9453125,-4.515851001056565,5.442507600515171,27.108710692858843,-1.7753423103655783,0.013682964689365959
10.94921875,3.1689142599509394,-3.646767647505265,24.573734127142675,8.613839241999706,0.057280735122029955
10.953125,2.5794732460780425,-1.398820662725937,18.078010955913502,-3.690168195075497,0.09158668377836593
10.95703125,1.1174564953119837,0.0665193630758028,-14.641003937526609,4.623265255387334,0.4227250479352357
10.9609375,4.826546568051015,1.6532462397056777,35.14202866337213,4.869948399388898,0.9775276676615138
10.96484375,5.130573669402502,-0.1280274590244968,-18.377937749759756,-7.53994186315088,1.2134006289227333
10.96875,1.089836016232267,0.9515338767819461,12.145064884321311,-0.8968609842214388,0.2589941995905233
10.97265625,4.026783556591777,1.1205804575987304,22.84558913059515,-2.831393326149566,-0.3194612429401302
10.9765625,2.516549555364779,-4.878791257539821,-0.09760699624298041,0.6315655560635292,-0.8124083859709471
10.98046875,-5.546992067850492,4.086824752234962,48.69370026674719,-8.905202019284914,-0.9740812168317168
10.984375,-4.860170030994217,2.389658046090284,-36.56051380246592,-15.272648919746803,-0.7788858740441923
10.98828125,7.061688078478808,-0.29160664915411466,27.02814620640566,-10.187298238831563,1.0827723290019626
10.9921875,3.1123242146639982,2.0473819766457906,30.22807805621507,0.6529717708076208,-0.8709716530917904
10.99609375,1.4780080744075648,0.7747075970098432,22.342784162436654,-7.0129924230672165,-0.07022618653211884
11.0,-3.672963541418758,3.7461096699278897,-15.179826123387537,-0.9184299682039039,0.25610601719692866
11.00390625,9.555554789240256,0.20469773693147642,-53.65659921833547,1.6383454674208766,-0.4740333268536412
11.0078125,-7.160851140135932,4.864948057183913,34.26283902528998,-2.158349074915069,1.162963064535352
11.01171875,2.874558489738878,-0.030733641769260727,-46.44143460507087,10.558061689969085,-0.26159587472810325
11.015625,-1.8633253784621802,0.5743356655401504,-15.294899233180633,10.729266790972577,-0.08941638812494293
11.01953125,-0.6289217038236802,-5.976987625828671,-10.590654169307825,0.21665028695159405,-0.07796378139503662
11.0234375,-2.105396132455949,-2.039802686966262,-14.181587008181024,21.12464940860651,-0.6838829379410787
11.02734375,-4.9330433754145,0.571943378917887,-10.636787310182807,-4.229937281494318,-0.10011082190664644
11.03125,-5.606338582959971,1.7159108176022984,-2.685077451856298,4.747023279920666,0.11249202030285722
11.03515625,-2.8428050726809007,-0.9815588373720237,-4.255290375069368,-4.013708254758011,0.3604467784724283
11.0390625,-0.12433842673907423,2.980231554321403,-57.89034871026532,0.13387222945063915,0.17220625437647566
11.04296875,2.862853816260979,-5.462211144314111,-27.952943289421363,-17.135922180626803,0.35109514603396624
11.046875,0.32995943122075877,0.5855590173779845,-3.892062151346366,-5.216869437531525,0.08711505109344345
11.05078125,6.1103056624698295,-2.2390445455400747,11.760083403051464,14.188876795688554,-0.05848422015475678
11.0546875,0.2084195436809791,3.567934186557797,15.252154325674894,-0.9190375350285938,-0.9026807568649595
11.05859375,-0.9796500802669668,1.1496142635897104,-5.417526477376249,1.7552338737036308,0.0102104102813274
11.0625,0.1795047203222046,2.326172018909545,12.131535253566138,-8.385655472386649,-0.13050137691793853
11.06640625,-1.3874169401702852,-3.916649182061802,52.7273659178826,6.978946112049208,-0.3174769117625083
11.0703125,-2.752189882760164,-0.46362943773679527,39.34722106928104,-6.132320808316099,-0.1372926971622461
11.07421875,-3.456256639375933,1.716850993592515,36.51595014958338,1.269512011495305,0.6031022926848395
11.078125,-4.095492598755468,0.10661064642224534,47.29916964529116,6.53551263744567,-0.3760524124671884
11.08203125,0.10466445147270259,-0.23412210279082935,59.531684434886714,9.412449772463107,0.6061754871272855
11.0859375,3.7435656596577456,3.6723298568661766,4.489063117946813,2.6214934824872937,0.5227857049977174
11.08984375,3.2647729364381464,1.4681033232535672,23.965360957379648,1.7543686371982525,-0.5287979783529629
11.09375,-4.312516034007745,1.0976480250043517,-33.42997611262165,-4.498527790006994,0.5251588943406387
11.09765625,-0.4321353924864287,3.8459987452243,-11.406347393802907,5.823512112261312,-0.03452127446198457
11.1015625,1.3098566903347724,-1.7235427201587978,43.88070231363714,0.963020465633694,0.27615523128635583
11.10546875,-1.5758302068759813,-2.502864450449806,-59.14699348457662,-0.39474010636578694,0.40340238065935524
11.109375,3.8153098360202398,-0.08144449773454733,-15.518365263681986,14.257550201346614,-0.3323775733512149
11.11328125,3.167910925755436,-2.31272414639124,-95.42993499499559,-2.304767205941971,0.4956326288824417
11.1171875,-0.4511144867260845,3.3502479953416966,-55.754967802033256,-5.279910946997349,0.4685756442060202
11.12109375,-1.333289086688169,-1.9839375657467466,-37.44371674342925,6.711095554276449,-0.4451785815534146
11.125,-2.26556507064478,3.9306224845889695,-42.768117791150246,-6.807040108475556,0.27200878203656054
11.12890625,-2.258603149898105,0.32640111986047293,-58.570103625671216,6.338802161581188,0.7404714103259593
11.1328125,4.550845782921362,-3.7801572973202004,-16.283383419109423,9.086103295779784,-0.3292313814913568
11.13671875,-4.17498741893157,0.26359897863575577,3.631335145318735,-5.07042310908184,1.6013795318586272
11.140625,-0.5803780954171472,-3.3719886096682874,-13.260163737014135,11.31033696669883,-0.1938875582862816
11.14453125,2.075310306455814,0.64948144305634,-47.87248749523797,5.497499634575268,-0.491304186182405
11.1484375,-2.7953817444246134,-0.13785866380911063,26.17548364699452,12.950492149981363,-0.10635666678797139
11.15234375,3.08350968090989,-9.769462958273305,12.306776857029341,-4.239983057932816,1.5759652670751254
11.15625,6.795605821878537,2.3591681915284717,19.4016819185349,-1.6406894739220614,0.2508981869451966
11.16015625,0.00949127252275199,0.13372196627213007,80.53164483792516,-4.0808616501561445,-0.5806930619245427
11.1640625,1.3356700618456363,-0.6700010505410307,24.315602009704882,5.747872641330387,-0.967299238469924
11.16796875,-0.24322597185984543,7.466573174390003,49.42936729812071,-11.111534571815087,0.04856026991620522
11.171875,0.008235393870659958,1.2958620619530705,3.2492526440922873,-12.998834531106908,-1.4829018255133195
11.17578125,0.5669757317310753,5.333016343385748,33.437151436197944,-8.121530179420263,0.24530066229429665
11.1796875,0.03492122773019157,5.89900996756236,17.26116242987842,0.31008598655116826,-0.7159819597395767
11.18359375,-3.3087961421360457,-4.733166248523885,25.381201893560586,5.685754168957159,0.5976472149917059
11.1875,-2.782295535436772,0.9941107347553886,-81.74353973274965,-4.057027067144559,0.2282453253042026
11.19140625,-2.585524643684003,1.6285780099778115,3.78320580089031,-6.811619409992583,0.24499572321628235
11.1953125,2.1313165617742174,0.500828657493207,38.15066903414454,8.70480380853823,0.05835792341581949
11.19921875,5.2336225186356895,0.4690744203302062,19.759416002103418,2.458554683138669,-0.12977753084290108
11.203125,6.10616796040543,1.6113996885023418,-5.816642512179358,2.8711498283353345,-0.1889881974630769
11.20703125,-2.623516655170075,7.918999579734081,-2.0273143793419415,-0.4073520932017596,0.8901491153177206
11.2109375,-0.877060977975767,-3.7253237092279745,6.6968367128167685,-2.372035196981609,0.25247437959893115
11.21484375,-3.725767300449526,-0.882521639913497,-46.96282948752285,2.7751055954461608,-0.1706441083327591
11.21875,-6.932554665757018,2.321783348052305,-10.277246177302395,-0.6079099025202059,-0.041923480929033086
11.22265625,-1.6316409998835992,-3.360259683720443,-44.89575157695434,-2.8669602090697346,-0.24297227632619567
11.2265625,-3.6542889224651454,-3.9241187477215975,31.051229522585057,-6.158912072657284,-0.9092796222366951
11.23046875,-3.985076106295643,2.9382572487613894,-36.5967188218664,2.4009525106569063,0.1832721699874638
11.234375,-2.3312002542020975,2.7329683089571164,11.520772722205564,2.5055566843807693,0.2722394300460049
11.23828125,0.3591610060872192,-0.08807722416008071,-7.865304924124502,0.9433587813550788,-0.12770281055628313
11.2421875,-1.4630932711654376,1.4600260768557194,-24.270739571096748,1.1235061087902398,-0.6549319658342885
11.24609375,0.6809488427796635,0.025930469180739296,-14.38679710787019,-1.7728001104129267,0.3230948629641853
11.25,-0.6724366200389249,-2.7679358042190745,66.63110578187951,2.228399748425114,0.11100761448629423
11.25390625,-3.5610371847632267,-0.24569501488935108,-18.31751980189244,-0.8637594406782678,-0.11806274479089517
11.2578125,-5.662929076077563,4.408366871319002,69.52345843793655,4.08284600394102,0.4364921366388299
11.26171875,-0.8375631919203975,4.842506110433162,32.71112277216059,7.347399516773324,-0.6320440392219995
11.265625,1.7064287570297758,1.8217313425021953,49.73472744354835,1.3367311804923148,0.06087520042933798
11.26953125,3.153660103941805,2.189717636152652,5.815496823275204,13.511851850708021,0.6042534738410771
11.2734375,-8.45079888350819,-4.139157682689642,58.139052107358424,-0.6997387581096137,0.5440915059533924
11.27734375,-0.6885474452538713,-4.627087978553005,-10.309513397352807,-1.3652956111214074,-0.05075243814547046
11.28125,-2.6104571660457765,-0.8353306518290109,-31.186208444515955,-4.35369756336185,-0.6258751430023767
11.28515625,-1.7360433357145797,1.0935699039690054,32.814667765036,9.903513522505435,-0.5564722779114905
11.2890625,-4.803453729753977,-4.52550128204458,-9.770895735587878,-6.1588409192414435,-0.38436829508296
11.29296875,2.6556998176392272,-6.644226706614484,-2.265883739238472,-8.637819117536395,-0.551302812174885
11.296875,0.7352455554290719,-1.5546350476589683,-0.007319044321899781,-3.230739044940836,0.27404381675825096
11.30078125,-0.8668034972824432,0.46796182317216195,-35.64466337898244,-6.2812051207572495,0.4306925725779833
11.3046875,3.3437636384330585,-5.408094631405635,-19.03012289611488,-9.261468359884823,0.8933746508710797
11.30859375,-2.836969131336114,0.657248737144215,-42.71959652661526,7.700720337032887,-1.2756381775434475
11.3125,-2.2923819437585387,-0.3518624998900496,-24.422086439647256,-7.546753592046581,-0.6955841872933943
11.31640625,2.4895184174799305,1.3869120879108314,-117.43078631083355,-4.24023856123476,-0.13718220720622645
11.3203125,0.7071213774423694,-3.8238110773634535,-50.878868224427094,5.801209238054454,-0.024908830834272137
11.32421875,-2.1641378361177805,-2.371337164381758,-69.29179436241277,3.2720176273064956,0.22402022654009757
11.328125,0.2631526572449352,0.19955173047151137,5.752999409976832,4.994954104394153,0.002599336026816433
11.33203125,-1.5139655510180625,2.762608647557519,-16.85876598587638,6.081238954868541,-0.6196953417527103
11.3359375,-0.1725735217215252,0.2118815420842381,-8.52664563323509,3.686491329591059,0.3498848306782001
11.33984375,-0.8488152370978145,-5.569133685932771,34.79320396357418,5.772647415667866,0.1591613698105047
11.34375,-7.283317477468392,-2.1170309986246076,-4.548949516735714,3.534272976094301,0.0066347395488323725
11.34765625,0.46176242373165577,-0.7474240849344213,-8.871614621467565,4.26912551937053,0.3030813995981288
11.3515625,3.259104902791385,1.624506315727801,28.66084195119347,1.963023110144841,-0.3560168389229738
11.35546875,1.0541134271495418,2.1880926332276696,3.8813086125524876,3.9714518753024093,0.14952627346205616
11.359375,2.2801227230790633,4.679736260909719,-22.623718044744116,-8.527420053306981,0.043572574941047104
11.36328125,1.1079557578934058,1.74496853549102,-0.8339237329936608,-16.258519801872552,-0.8414032203971861
11.3671875,-0.532835647150286,3.871230275278445,4.00262689844438,-4.247802542859828,0.6725479311812935
11.37109375,5.715591029974797,-3.6967971278601013,-24.953520157000405,-3.9057908466693645,-0.18310836404560027
11.375,-4.153850851898311,2.586259492412008,59.78264377005057,6.195035879631175,0.5309371129479061
11.37890625,-2.856640402754518,5.1276499768806385,6.268842205832771,1.9410280146920158,-0.04910883648960185
11.3828125,4.8265372981184225,-0.598817390934619,-55.15924138570105,10.014534062634388,-0.62201737384289
11.38671875,-1.0811445773810122,4.066418142165337,10.182445370561501,0.4726580026679068,-0.10955992932733756
11.390625,5.111681764052046,2.3576288119385302,0.43064285974854144,1.761715699898779,0.2645360116428818
11.39453125,2.966573875719498,4.557799629934021,32.94517365800086,3.7907577917824327,0.3482232464703095
11.3984375,-1.9619512398064165,4.185759168997626,-35.21820468810865,15.365946238196884,-0.37586613507835587
11.40234375,3.859117177540784,-4.9918117424529935,-37.93117833777935,-5.536567675175578,0.03627882408519245
11.40625,-0.6694558358480136,-3.607283547021077,-49.42402192393588,-1.547626903602363,0.6121837717036565
11.41015625,-1.3874341226677405,2.0772559399395476,-19.469409357929372,-2.231468422337976,-0.40347346025811026
11.4140625,6.851201322248687,-2.361648013329677,-55.84641504409896,4.592722948167777,-0.8113792483378586
11.41796875,-1.6388810104312173,2.8279287588816886,-38.52960408570058,8.32380195684426,0.5752111887674468
11.421875,0.1270555305328593,-1.7410615807299727,-22.605109064040903,1.0148619615437617,-0.4932525839333788
11.42578125,1.9870559469027025,1.662748988426752,-2.616034420982668,-3.283384790676376,-0.040495894692615546
11.4296875,-1.2544343964762552,0.9898889090021743,-43.148272180562,-11.341554522596997,-0.028574683549244084
11.43359375,-2.0011551772385827,-5.188569982213057,24.042694972951583,3.6108130065375885,0.8750915271652104
11.4375,0.8981238165617919,2.3707439806130606,8.529782876053376,-0.3629705708864536,-0.012013132590804913
11.44140625,2.111779315441873,0.09506059651093327,7.772626785177696,0.2731375074138034,0.0729046567195244
11.4453125,1.7842800649735746,-6.149152155183282,20.085846345300347,10.415063253242238,-0.14835298644243214
11.44921875,2.909496135725566,-2.270451311943856,27.2566772603943,-2.8529594599742456,0.9093093676289566
11.453125,-1.7399126080216514,-1.9458361473219292,63.82733763031211,14.506776443185943,-0.3886476706650292
11.45703125,2.998457894981201,-2.7069501307640262,37.92306702492928,-0.7276675014036749,-1.118341302816258
11.4609375,5.232148133647778,-0.7946735930872788,15.01119237094802,1.6003736046962564,-0.14027782634158947
11.46484375,2.569078950011237,1.9736694822085992,-9.618037418881126,9.321289902138634,0.19958103116152065
11.46875,-6.123627437887306,0.5896016287742756,22.644279891648388,-5.339384483231199,0.15753551359585877
11.47265625,4.910390833225657,3.3583034594292993,23.197503738562865,2.346613405241105,-0.2765262700523511
11.4765625,2.532427543251635,3.1001946553375213,10.420445474341596,2.200815977700434,-0.27477653588377826
11.48046875,4.939636041350993,2.8878257570121284,11.269797194385522,-4.686177447081251,-0.18429611774751065
11.484375,1.1463093218361822,-5.894210502174083,-11.667768117507702,3.5549384865988785,-0.6607030322436871
11.48828125,1.454196998393251,-0.19986366542877848,6.024656192007555,-12.34594424156427,0.5450705636145836
11.4921875,-2.880851619370683,-5.535767147973455,-22.436535852845015,-11.392293254813614,-0.28428756298406693
11.49609375,1.8215104734259608,-5.7416047840468805,5.497092665279617,-1.5829829845186671,-0.6630337458333116
11.5,-2.7994272132711515,3.916556005442591,-62.08411280946514,3.18182468926467,0.08237978410334654
11.50390625,1.7795272026661455,-1.1824402325169519,11.870131160161215,-1.4594496705939277,0.6271620678790624
11.5078125,3.048003409061439,-3.2117476541083905,8.816117796400249,-3.9637318729072564,0.9621152607645165
11.51171875,3.7082187796524955,1.2927036618955823,-13.40331491901598,3.383665339038294,-0.16228000822323368
11.515625,-6.755226259097945,1.0467027961724675,-38.56780311340345,4.414149611944471,0.9590344803059285
11.51953125,1.001457362937962,-0.5377731942920383,12.281600238485133,2.6808693780668373,0.14685958464910412
11.5234375,3.057764315941198,-0.3128102317769106,-45.612458453502626,6.504484301157623,0.8174770211850388
11.52734375,-8.498476648861555,-2.120562768763191,-53.04668965693358,3.4829279938514164,-0.21427581390712827
11.53125,-1.2061042939593731,4.629271300384099,-47.33116454654917,0.34205606283863244,0.7618597756694868
11.53515625,1.2912563675977398,-6.856566389376769,-13.429888783734015,-0.346896656056795,0.27245106592624896
11.5390625,0.940512810723466,1.712340691443474,38.66181878330964,-2.600714891270088,-0.20221295430763422
11.54296875,4.115072058289597,0.061650401442371314,-2.790345633252702,-11.437275131006803,-0.9115124077463095
11.546875,-8.507093279780996,-2.5025063513681425,28.423859674914517,-1.4646590775841188,0.2658433513893967
11.55078125,-3.5564370318211007,-2.3225166302443006,-1.132346574256271,3.572294596995413,-0.17461214700481212
11.5546875,-3.9228417413237713,1.5532539289811522,-1.128780459889505,5.064478195076626,-0.3959015360123208
11.55859375,-1.2005732380057923,-2.1102290989431154,77.36083675817423,-4.854472737381881,-0.1072822216597897
11.5625,-8.154210863633228,2.505403908448938,51.07039690200796,4.52408555718953,0.11477868626015059
11.56640625,0.03903547935192044,2.0475582947386664,-26.74412703680278,3.2633143644443687,0.21846433523065173
11.5703125,4.86619311225457,-1.9190852843690056,13.384196316643886,11.680307550755353,-0.1309605286319062
11.57421875,-1.5186041809970179,-4.06877266612886,-45.784129422931116,4.131337095153041,0.039026082646318044
11.578125,0.20283256586213788,-0.444570561242038,-41.46402849712477,0.28110451214873944,-0.759669237667753
11.58203125,-2.6000562272119003,1.4283665382257533,9.5071554908019,7.166079317897049,-0.1654665239097188
11.5859375,-4.165435824147825,4.7467084525265495,-5.083879261857657,-0.4789421560439222,-0.2905178161396951
11.58984375,4.147613567705147,-1.0251784669888282,-23.636829216443903,1.2378343125819777,-0.36378218436523585
11.59375,-8.45720174066342,4.466742255975599,-26.637724600908765,-1.7494570402197038,-0.06899943754350116
11.59765625,-0.021215156528188617,1.581823579666431,-90.69284525107281,-8.271053742205785,0.30469826125295735
11.6015625,-5.33216650465487,3.0294974308641587,-34.781656793064286,-4.724208762108489,0.3731817115471296
11.60546875,-1.2488081926762244,4.9936201390398125,-11.110666588288641,-2.54304136937492,-0.12794606007192194
11.609375,-1.551036201959159,4.425034026962974,-34.232612754791845,-15.106569975899719,0.6776062352750913
11.61328125,-1.5530475700425235,-1.8804606620291253,-26.667898804237126,4.843877558384648,0.029910388308335045
11.6171875,2.5758320185721537,-1.3466921678895851,-22.016673842529407,-8.837204500602216,1.0287242582535985
11.62109375,-2.0404833919885665,-5.841362854622086,-35.49813267438345,-6.895759420017378,0.02217745133658421
11.625,0.7698738302279394,-1.580351747215306,-33.94409428133027,7.613485701773754,0.7140511141769492
11.62890625,0.7458980278404285,3.6422165894153142,40.99158809416721,3.2583009678634367,0.014663317373045133
11.6328125,-6.12240653220507,-1.2903415296116543,97.87421647954166,7.966153152909255,-0.41921830593357423
11.63671875,-4.495617113350833,-1.6198643769637946,26.305550038252367,3.978755940700274,0.31062839428315875
11.640625,-0.15158772802065196,-0.40396789389363985,30.35249174623015,2.246618132644941,0.32039909047784626
11.64453125,-2.7427395847149985,3.187717110154442,28.295730464397348,-1.4692320121741287,-0.3801873157284673
11.6484375,1.8367849308356536,-3.91092739580171,-44.11601632832658,-0.07194138838537034,-0.1676592770920582
11.65234375,1.5778762881579875,4.551904436690502,21.57502614683206,0.6493113152497083,-0.36166040985633624
11.65625,-0.2037901785363462,1.3943618279572885,-28.87544968149614,6.693118665499342,-0.4358930577895443
11.66015625,3.322982684248392,-1.498852783734256,-7.900967077426962,-0.9411180700120242,-0.019842124123641048
11.6640625,4.444199484702423,-1.1422995316742655,11.631197342907395,-2.2386366537198272,0.2050647122939258
11.66796875,-1.7332498590108563,-1.180732977837646,-2.7320721886602035,-2.7541720169576993,0.5948908330246647
11.671875,-2.123703265691406,1.2668750725454254,-16.361374386134898,-9.774658833305587,0.5395315813645202
11.67578125,-6.413874709677432,4.56084281917163,-40.88429753475961,1.415658983831432,-0.4302408154824763
11.6796875,-3.0245672356942745,-1.4349937599328446,-14.079034578489313,-11.705379170504344,0.7268702114459755
11.68359375,-1.2522179937619642,-2.047871662425663,-10.632634231691881,5.083594928742762,-0.6771595708520193
11.6875,-1.8945334419283644,2.506808771133859,-72.6311668526369,-4.705418710060012,0.06026075923046543
11.69140625,9.622786976735537,-1.238176766578411,-27.42415316286581,-0.4142967191466844,-0.08661112416657213
11.6953125,3.1225689029647086,2.932959196637413,14.714266187713033,-8.799299399124072,0.2551518270498731
11.69921875,-5.0794767198107715,0.7147326836844567,-47.12756560986762,4.860303564585066,-0.5388763414404915
11.703125,0.5727368658086422,-2.7939637410238722,8.00242025886321,5.715476071576805,-0.5061454714250951
11.70703125,6.743780746638261,1.4120499942200702,-2.8427576423078946,9.300768639949796,0.30617641190828965
11.7109375,3.9981463144712315,-0.3987176797284798,2.248831583380408,-2.9310036833928264,-0.37542684779334873
11.71484375,-3.2827252297594036,2.737464678263158,-37.7118321356132,0.7357608298093639,0.4592381362287847
11.71875,0.46606089771345277,-0.05888573538515296,44.378404208492086,3.763939356318361,0.5923240070987079
11.72265625,0.5145588661749972,-0.5662284796886073,5.1327544203253055,-7.85420102709346,0.3438363293737505
11.7265625,3.0057783869737786,-1.7168212272750347,7.905158366823368,7.255816608660693,0.10703691307593372
11.73046875,-2.641326930438222,1.5460734816227037,74.35409433177048,-6.387171237998289,0.000942745306911543
11.734375,-1.75245637611123,-0.19107265137868268,15.616933939903976,-3.176234701249186,-0.266906562856627
11.73828125,-4.109063490541873,-3.032003502639058,34.78783744073423,-9.00616962625729,-0.1019900111964478
11.7421875,-11.64784283378652,-2.2826813020621293,-37.909393790723726,-3.7198574874279444,0.237053991341471
11.74609375,0.39493235627006357,-0.37617826990135494,-15.164040667943773,-7.0266072137696485,-0.14408250027926728
11.75,-7.261286229449986,-1.2815845534668973,87.08445699865182,-1.4964966198451237,-0.35427453112590673
11.75390625,-0.7229031452361538,-0.4860492356737919,-37.97036515003215,0.4165130674227744,0.0013957668022373283
11.7578125,-1.3538738421901375,-1.2712639993485413,-15.772938357068593,1.7345239061410131,0.04666398449737943
11.76171875,4.3331923407230875,-4.30576051460333,-6.462246247761388,12.909844901224314,-0.33941613108438995
11.765625,3.425075165385688,-1.6807357822559623,31.25058247572227,2.582552047999574,-0.2272354700019169
11.76953125,-0.2405540419524566,0.3348585161767789,27.43894364780514,5.272777135741809,-0.16777873507657604
11.7734375,-5.5131929597167595,-1.9603664064336452,-20.2728891491017,-7.387529366910364,0.9914208102619465
11.77734375,-7.669117411307937,-4.026837059497584,-39.66520575854314,6.179480316385118,-0.28493513215371513
11.78125,0.9673387886238265,0.566298386728321,-18.064678011179826,5.229241746377992,0.42949953287772324
11.78515625,0.5959911526191498,-3.308010444173765,-49.08948045896808,-8.635778294091043,0.5509556072704591
11.7890625,1.117937673843908,-2.002927100938996,-25.76688162275231,2.2526454225139347,-0.004343571710658307
11.79296875,-6.240938541750521,2.3834078547321225,-18.132884658873785,-5.9449024693433365,-0.04088879681915714
11.796875,8.83588192886183,4.845727258629858,-18.609967444455776,-1.820967984487352,0.38267479481256417
11.80078125,5.539630001234114,2.0426313780849497,1.5858579633002474,1.053444078741613,0.8196816701854406
11.8046875,6.017370856625942,1.8123753185724407,8.310805173400613,9.287860152026788,0.7561421108452424
11.80859375,0.22425098845361088,4.206598458006789,-21.64891983414997,2.2547340558841427,0.08631893970145699
11.8125,0.43698489026462856,4.597328098320981,-21.743414723385953,-12.458867619493795,-0.24619783712525148
11.81640625,1.16639672146287,2.673241011256052,28.987291142254904,6.890767327411829,-0.3987628787690896
11.8203125,-2.0542053642960334,2.539552853035496,-5.089086507154377,1.271627886426512,-0.2163616790277866
11.82421875,-1.632125388567135,-0.38690642000838943,-21.756671533629255,4.118294729293466,-0.06707931099005518
11.828125,3.4681473026921186,-3.6246512629875847,37.10465205108942,4.624846387001562,-0.6253735174880938
11.83203125,-0.026815239907537966,1.3434577704250843,35.06944011659725,4.985104817449695,-0.5580616340984127
11.8359375,1.0624979945654107,-3.8057177324803817,16.92042597741755,3.5423213886221485,0.9456766836983578
11.83984375,-2.4834996770940823,-0.42344939469784815,63.99938629929209,-2.7592183798518137,0.2919618068021833
11.84375,-0.7775365806941905,-5.708308353068897,-6.441129388072227,-3.787039413504635,0.17152075752564275
11.84765625,-4.105523208273704,5.551998157548314,63.60775547405726,6.207163901691869,0.08275725145067844
11.8515625,-6.0100355726492,-2.854148200334668,29.133918246825246,8.917703906261963,-0.24654258650078456
11.85546875,-2.2886035456816303,-6.639767317464409,30.196098609353587,3.0658689798875307,0.584000675295821
11.859375,2.435487397822794,-2.5975860887796203,-22.511432811949078,3.4319339484988935,-0.46388942948045103
11.86328125,-3.531354328000803,-1.3184778883471044,-11.680033484606046,-3.6760789541324272,0.4193483335554736
11.8671875,1.8609713147449918,-0.6095947913191537,52.03283814821615,1.285127497592034,-0.22672532924579974
11.87109375,2.4732115167038953,3.733824739036881,-10.596953889105109,3.980156274487266,-0.2611332880818355
11.875,-5.626276665841534,3.9998524157775868,21.44846551491548,-2.4257881466564393,-0.4855857185564265
11.87890625,4.87391894310265,-2.248490443778629,-88.23683369947861,1.387093351033407,0.0875107816374407
11.8828125,4.035475439789667,-3.0775145193332483,15.358289633495453,5.589137155391654,-0.0866122980784769
11.88671875,-3.6815296481702813,1.526005029917828,25.644388090255763,2.893169578352454,-0.40528020728817843
11.890625,0.9236549210364241,-1.4853259292274346,13.183661842821511,0.48507670201260744,0.48748212323749746
11.89453125,11.229140829677837,5.277090096092374,55.86131855852304,-5.51996017589423,-0.16901394669694322
11.8984375,-0.5017353925792876,0.6794697138505492,-60.056940232680695,1.7861657495095487,0.8781633714346682
11.90234375,-1.1187547398113922,-3.166103139381927,-14.585171595265065,0.9961535386650864,0.6745234948246123
11.90625,0.2596183788997221,-1.186323328286921,-13.094447707412373,0.9969959398123073,-0.05040211026296915
11.91015625,-2.6828054818357976,3.579832333386816,-2.64468018092783,0.6351176881839324,-0.04873802177248837
11.9140625,-0.18062619470978838,-4.3865243951302855,37.44347269639434,-7.449088306239943,0.2105724922486842
11.91796875,1.2523160656622998,3.0565107892852943,17.502633520552912,0.06220804931724322,-0.24655082480700793
11.921875,-1.846137677639563,2.4263615518323434,-2.1579465499025616,-4.5749261979145395,0.8910286956916351
11.92578125,-9.522437338107855,1.1262934921714602,53.17973130661739,-1.997038784772661,-0.16960349986366482
11.9296875,3.9205079977632944,-3.7688790803470793,18.45245038260323,-6.430405324614883,-0.8903383085587878
11.93359375,-5.885422119431401,3.8838265216843215,1.745148097234594,5.4857571987139035,-0.13040186447541538
11.9375,-1.1082511875418015,0.3096633263738965,29.03504009126402,-5.042116057858374,-0.22550406879497772
11.94140625,1.2397240789613055,1.5385599573320623,-30.604785385758625,4.311542177197911,0.00772016426194679
11.9453125,-5.202617126191275,-3.9165923543273102,1.5883052122984473,1.4097730266109503,0.2866007651687454
11.94921875,-5.692303191252339,0.0692564161285627,2.789509533275716,-1.0594623689123983,0.5038616724123098
11.953125,-7.582356016413507,-4.437006910684577,18.267978151889526,1.3003006591452282,0.4145809602096439
11.95703125,1.622620820408555,3.141893254585381,-21.691158634740894,0.542943981457146,1.2745666071728634
11.9609375,3.778864217880627,-3.180675998648785,8.685790558183156,2.5448074685123334,-0.37814209995739323
11.96484375,-0.4915611033111891,1.828660411960252,-0.3973553277657196,-1.0178307986623871,0.3072081983938979
11.96875,-4.5404308354554885,-1.8008815858844331,-27.89075901989515,-12.183802662261282,-0.24625382479665503
11.97265625,-1.038496021504027,3.8846237288570884,-51.25315126599918,0.9646355271519822,-0.31006417056600627
11.9765625,-0.6281234775419289,-1.8869471067391714,-41.31227836333485,-3.095262769298843,0.2713711755832006
11.98046875,-2.8880381428843744,2.803412125025065,-101.19272364172063,-2.7457754066720126,0.2045848008582766
11.984375,-1.7983386909988932,3.002372069714229,-78.10797637809013,-5.918487599448913,-0.1157947886655897
11.98828125,4.9362420763781065,6.133738323947954,-1.2952780311506622,-3.701341537944327,-0.3464069579626154
11.9921875,1.2096158420528342,3.2127579463312435,-56.16748774906713,-2.5434281940894516,0.1098259295344491
11.99609375,-9.574653788763925,-0.7499870153548984,-43.61263048956271,-7.620640918984763,-0.9500936191110854
12.0,5.92213433122502,-1.0261364341189911,-59.5054237855117,8.074115641597835,0.5855931017465474
12.00390625,1.9737854354385815,1.525151051307513,76.54692803850286,13.31017056320276,-0.5230590903500506
12.0078125,-2.1751649637739394,-1.348918685645577,-2.955147732214911,12.328756726919677,-0.12267734101821455
12.01171875,6.952781744729621,0.9012549745897016,-16.806978881663667,14.508955877164956,-0.4551562229191205
12.015625,-1.2913302880385726,0.8455975405642251,99.05187095785946,1.3024557703200492,-0.08902915782654426
12.01953125,-3.6891863426174303,1.951935553377964,56.45994514685377,8.23829857652175,0.482217080376039
12.0234375,1.4105166244725893,2.9968195589769717,15.991180386988804,8.759996343119926,-0.059367788782288336
12.02734375,3.1598218198242227,3.5806336364720517,-13.862486833866999,3.964359039887653,-0.7784956720194913
12.03125,-0.831617110539976,-2.921568741448474,27.529030294082766,-4.82992131541707,0.37434545496956834
12.03515625,-3.9759295039406,-3.034907643648318,-5.949176148665625,-2.001515634393783,0.4606052134533644
12.0390625,3.247333851239427,-3.005542141400681,61.14009143053201,4.50688302654888,0.010543029826572256
12.04296875,-2.7042334137386863,-2.2430261468929604,43.72893487881586,-8.98876296022113,-0.33592384114365553
12.046875,-1.4008100216769352,2.1379775573013005,-18.366803816680946,-2.498693295532875,0.3506411239487212
12.05078125,4.21902058713935,1.5582472785234305,-57.325969450931666,-8.56947789160189,-0.5033652367407052
12.0546875,0.9098568832209181,-0.2970253835582041,11.125118905754125,-4.872617984258724,0.4404799969775364
12.05859375,-5.832435635132012,0.2659222991010994,-51.30187513657468,-1.1407241209775083,0.21566015190679957
12.0625,5.3902740556568745,-1.5155522452360057,15.755173126215226,-1.69536517701673,-0.26234213667020045
12.06640625,9.61017627000632,0.35902819827865357,-7.944673151486327,-5.838414349067214,-0.7861423428361524
12.0703125,5.142150744092139,-1.4027137381627657,41.39581015197621,2.6538099144339156,0.16651517130980262
12.07421875,2.966751048131801,1.0333576876328903,1.0107468519336749,-5.968103054571383,-0.49350300560980226
12.078125,-2.648891799357369,-1.6398476505503639,60.06349279010039,8.694120634816974,-0.6525328926420332
12.08203125,0.7818306877248251,-1.7699416324043915,-60.53909081931232,-2.538832723180682,-1.3602353197014037
12.0859375,-2.3181471865261294,-1.0771025497616562,-52.60652211460618,5.336118660469781,0.9790064300721283
12.08984375,1.4559306780120675,5.2194396352925985,-27.544449553573784,3.0383969495942473,0.16996671422243362
12.09375,-1.7938852290218497,2.0609016569694543,48.5766896018104,-3.163765045423025,-0.2934133918560939
12.09765625,-6.853553911936573,2.756936636522505,0.23858548533717183,9.32003484310636,0.6464592950833578
12.1015625,-8.851638230791112,0.3750127648911326,5.104602605438025,-13.6293195673631,0.22655057920126934
12.10546875,2.5639756731583345,-3.627184014493932,10.530263579994077,4.323446123035652,-0.8036838366937316
12.109375,3.045304635011421,5.622920340792545,-13.585614828048072,-10.980147128352858,0.10263413037333256
12.11328125,4.31607141528425,2.8082216906376356,26.172423318965514,-4.736534538005367,-0.26578329923986105
12.1171875,5.447538368200128,1.3440482853471627,47.13704438706941,-4.011404389776647,0.164761759190789
12.12109375,-1.7873401174318062,-3.2555152019878095,51.26206163770992,4.967981375377603,-0.478777389580467
12.125,3.1774128514281617,0.07670275485199295,15.16521681301159,-6.6084062562876005,-0.5136461003171531
12.12890625,-2.8062056060007947,1.7737688695448375,84.82265997360426,3.6674377839469616,-0.4706024750293393
12.1328125,-0.22731393080665294,5.806283108715833,-50.274241014144394,12.008376500939914,-0.002813811214903933
12.13671875,0.8603245331437085,1.690148944188417,45.69109391351185,1.5061035079761451,0.3990237394670081
12.140625,6.238452090394599,0.2972620292398061,-33.41336602126313,12.059070332778512,-0.05367457298410109
12.14453125,-4.202241575888841,1.8157256626000904,44.495013612500216,-1.8622182230853999,0.2816365412051442
12.1484375,8.628459657953229,1.8976441290099517,-0.3464856809929593,5.0666755679413225,-0.02284211395465484
12.15234375,3.754364038722922,-1.8682367711451073,-54.94401593195438,5.021265947919497,-0.6066278201419218
12.15625,-3.5478000072865865,-0.015410641776906285,-28.96938728655413,-13.260503939725446,0.38796881836253316
12.16015625,-3.7476749733257946,-1.7250692657729831,-30.601174658633248,0.368382026741382,-0.014859128883562831
12.1640625,-0.8588110021096891,5.940212887221552,-63.47104907503037,1.3001625148776714,-0.7641644119391086
12.16796875,-8.018644609813657,2.4037411594536886,-20.180427287390117,0.041694001501277,0.38563710432682285
12.171875,-3.9015000027342364,-2.947076484710208,-60.86765450838395,3.83826712931322,0.18307518509243847
12.17578125,-3.39140028308898,2.0432892352511165,-50.748589656063864,-5.275626990479046,-0.11252274881424672
12.1796875,-5.596043292731971,2.4018046094064953,-69.78153046522237,8.440107414433179,0.1383790595636865
12.18359375,1.4241141462750717,-6.333250124697303,-26.557967589876064,-5.925464579383097,-0.06582224917240778
12.1875,1.235806787144144,3.837014019649282,7.140291486364356,9.885360750327038,0.424943302077912
12.19140625,0.4263462932565292,-2.808094975084476,2.864117684108889,8.084483436440175,0.6348552053681528
12.1953125,-7.669674223252195,1.3430783967158875,13.916337385906061,2.101645448879948,0.4682424478582455
12.19921875,4.202223998388449,0.5950025855933605,25.71428655195711,-4.318474061945754,0.06268468278068938
12.203125,-2.5902950772449085,3.0717662360442537,20.12419400201875,11.663390890244107,0.2854453024381761
12.20703125,-2.0844956567809776,3.0826624857702765,20.001897893803577,3.3456881315867344,-0.022398628542386653
12.2109375,7.329053946077293,-0.8217378926516395,48.46078292851294,0.1422221292624628,0.6843370677628611
12.21484375,7.986088099979684,-1.9562777858171065,51.93700837327887,1.986107807878602,0.2673316639814203
12.21875,1.6571467120728973,-5.568995093206524,50.827821025248326,-8.817731681220781,-0.2915328413824551
12.22265625,-1.0095891279343279,2.3276106776153087,59.86155725394602,-2.302733702490945,0.20595048626154083
12.2265625,-0.8424922742576597,0.4276129481923274,62.846968095359045,2.9923172364264614,0.2687429655772834
12.23046875,-1.5475635483671668,0.5870534302691178,66.09272693139786,6.3981172994458575,0.032217204227786886
12.234375,-6.784046515475466,0.12286935021269596,43.70780583904025,-9.837146879225044,0.1484359708179881
12.23828125,-0.9371014794007044,2.6145337220515983,-11.640436767514549,-3.0647140615687314,0.4426758741884104
12.2421875,-0.18714049847711087,4.576700347292668,8.656915628018528,0.07226869525316415,-0.54251414645867
12.24609375,-2.387883822510938,-0.8595658711711492,19.595100473749106,10.486827774717938,-0.13984438834356705
12.25,-1.172133426778702,-2.8282578593545975,-3.6212523870405207,7.61335334325511,0.40324376314990035
12.25390625,-7.2815534922639875,-2.6439988847084956,-57.700201627358965,-0.3767550248303284,-0.11217197519698685
12.2578125,2.446590387262441,-2.636527843618632,-76.15284134929331,1.0004955051650564,0.07180395666939647
12.26171875,-7.280838318965498,-2.5046551215924198,-24.76464031469728,4.516371056297423,1.473535565645026
12.265625,10.177777628786188,-1.3802476519384186,-14.4669537380765,10.389210585489295,-0.17965019616774938
12.26953125,0.9695924083844318,0.33066074757289127,-28.810633074682645,2.6119012875805847,-0.42164487764445363
12.2734375,-0.02901261440578771,-1.830467054975235,-26.70864586129155,7.643956062688126,-0.07460205030115503
12.27734375,1.194187574498045,3.2603233288878095,-34.75573957672839,-9.19557641686752,-0.28523703769362874
12.28125,3.005635906337732,1.6169353180737733,-10.265951450318301,1.0193222773859973,-0.40147869076227116
12.28515625,0.5384394556881814,1.482466600433035,-2.3314766403964304,5.822343138057934,-0.20938468397274973
12.2890625,0.7082540690286581,-1.1051979537945797,10.190339551032906,-8.663089773758024,-0.05579752814247207
12.29296875,3.5212214557711374,1.9441451071801366,24.675073552129817,-6.950656545429668,-0.28836934910885714
12.296875,-6.160095200514201,-2.073575573966196,-8.311089992765364,-0.5355498740883378,0.3583512393061123
12.30078125,-1.4820361255560066,4.373497028059109,4.20425697660658,0.04885623183020238,-0.7955612003812503
12.3046875,2.7204453023819943,-1.7730446847842631,11.605256249946528,1.1168912554844623,-0.26360094077484086
12.30859375,5.894290009450932,2.1573920832974682,46.60811917361326,-4.142624740683729,-0.18988343428528404
12.3125,0.4475000727768393,3.8080912888148024,27.872458459392007,1.7531382658072032,-0.5252683206477367
12.31640625,-0.5264986379842221,0.7869642550975147,3.200538377170382,6.6144980646195535,-0.034062410412726694
12.3203125,-3.233056125295011,-2.7766773462508225,44.047182670314676,-5.9781076949461855,-0.4271112629127904
12.32421875,9.258499114751448,2.4242928598470543,36.18770624632188,8.758115683888596,0.6825001465374388
12.328125,4.659471068048894,4.782343942318601,12.441333242658407,-6.837539706749446,0.42254113889098954
12.33203125,-2.2138454878850897,2.2056760551870234,1.5655891122460415,-1.3495369920121902,-0.5910497423260341
12.3359375,-2.2210820082106517,0.4595049983506393,53.449661745752366,3.3586704538445207,0.666923041568277
12.33984375,-5.388688032608378,-2.0089997572366567,-45.897206289087194,3.939497874309768,0.38623808842629115
12.34375,-0.9707688234602122,2.4340913127388646,-13.157984972833656,-11.263395605794175,0.22376601993542677
12.34765625,-4.862942945743334,-1.7289453870164406,19.10907111265556,1.2319279743422809,0.05762071821242206
12.3515625,-1.7526589451816368,-0.45458247490859505,-17.27839050806204,-8.230596756316155,0.29208418811718595
12.35546875,-4.264032585754951,-0.34281439806522557,-65.19737763417109,-2.3433718363914187,-0.3660355059686126
12.359375,-2.3963711941355936,-2.3926486477758964,-39.93017083253978,1.542420762780834,0.2706178824630083
12.36328125,-4.5181599870824005,0.9019712429108516,-32.31740499323618,-15.72456347923514,-0.5841242082779374
12.3671875,2.6816327760822287,-1.8850262415485104,13.719768893728059,-2.312723096448398,0.4942628812065087
12.37109375,-4.14758498114857,-3.7441078507849688,-71.74577423768635,10.107768115852382,-0.02035176664383959
12.375,2.7501865345203957,2.5219981102610167,-4.209997648051047,1.4204172241647126,-0.9043989093010585
12.37890625,2.199009738611123,0.3283588061635091,-14.996681351426174,-10.004207951513822,-0.10593409121462534
12.3828125,-6.842211550583724,2.3789322671575466,39.48791090575946,6.506088528502332,0.09906924736672174
12.38671875,-0.7495692917919756,0.5609832116488663,60.13593084346026,3.558867999185945,-0.2531953494483738
12.390625,2.551145453026776,-0.3643043178538521,36.73254595797121,6.619052316011893,-0.10981447774667256
12.39453125,8.57838137794445,1.5466952921768624,-34.56308995552444,1.6452127939640682,-0.4394530958159733
12.3984375,-7.022233728023521,-0.006173233694982362,-25.947241535750816,13.139736922130066,-0.5090661468537564
12.40234375,-0.42695943814269766,-3.375604754895747,85.91572489598612,3.05612789914544,1.0120266179588207
12.40625,-0.9363346837464196,-2.93059412309049,-0.8495478608626641,15.886625415651539,-0.004874528283021777
12.41015625,5.4587254790590585,5.9580899944611545,73.69467068657791,-1.681727402500353,0.41423710790180185
12.4140625,-4.233082512864131,4.051825972716109,15.849279970491814,-9.371834435220833,-0.785993651488704
12.41796875,-7.762771057619233,0.8078090380424985,-3.506208063218587,-5.8368854267334225,0.8104474705192852
12.421875,-3.5503394762652176,-1.318326849050408,-45.252764621142305,-5.585048752973142,-0.13602049463602073
12.42578125,-1.2743942750876802,6.244484553661751,-16.60311566058919,-4.36037710066453,-0.37590156075200526
12.4296875,4.83386523216351,-1.9080358116184346,-49.079604586965246,-4.061004095944879,0.38937779093414326
12.43359375,-3.481758999854763,-1.4653111415636317,26.891017785389227,-6.156581207217716,0.26803519703039874
12.4375,-4.446274090989555,0.3727203718879582,-23.585416502826092,-3.6177956410651446,-0.4391714210253376
12.44140625,-2.180916620212544,7.444171727638013,-41.01079737089832,-3.247145601998719,0.03461387023627121
12.4453125,-1.7244475637383343,-0.4384373831993871,-31.287971421569075,3.612039620141068,0.68038817047054
12.44921875,5.2757974992004195,1.1123376910244198,-30.328015007843884,7.611607394035282,-0.41990588268249
12.453125,-3.3380969892493684,0.30338151426768206,-34.96251901450558,6.828726331789812,-0.0047250907201445425
12.45703125,-6.323792073226079,2.4368156018538434,-41.08980390426391,10.167990327181919,-0.51415212274525
12.4609375,-0.30345255798624754,-1.9295849437024821,-18.324671063813323,15.80120298879962,-0.16521122278188277
12.46484375,-6.874517621742049,-0.08037771602044969,0.47527432959445903,0.705027499946995,-0.2358330121214288
12.46875,4.081345405958632,-1.5327906928015491,-75.10795629222665,-10.23778254696821,-0.33007094453255775
12.47265625,-0.4871460907244636,-1.8214772417774645,-91.88614419477227,-6.457951884977384,0.12422732343695793
12.4765625,1.7273508279246501,2.6134247886089215,8.563631359318032,15.482708470744514,-0.72155972271312
12.48046875,-0.8786374383533544,-5.274578009216641,44.33199859838804,-4.530604401813488,0.5401317829443474
12.484375,-1.6266069918628934,0.3550187256960729,33.48665669394107,-2.9082623501179974,-0.6835323975386886
12.48828125,-1.378555252273651,3.494128910424984,50.26317880090151,-14.223325260692778,0.18409250180862755
12.4921875,1.9208501109347569,-1.5099925159581753,1.5498112341960564,1.0765674510739602,0.13156551210053585
12.49609375,-0.7378176505804585,3.0955030434843414,21.998140033447342,-6.139319002401826,0.7543966209764503
12.5,4.588101163268827,3.6992472798953604,26.87493985883323,0.7446344539726065,0.5923775793218954
12.50390625,1.4940005123791256,-2.840970728400594,14.126060360814725,17.822520705563765,-0.4803841760986137
12.5078125,0.21630930127928522,0.06636145642573767,53.25581301989773,-1.4281564731917173,-0.18598916606321186
12.51171875,4.8344489991171615,4.353725243768169,-2.5666812143161977,-1.0718521577010822,0.2796335481035062
12.515625,-5.580119793973969,-4.164833672568762,-3.22084952722364,-6.122559754437589,-0.2733796310418037
12.51953125,-0.4216100701289939,-1.6218586953874257,28.397035196751172,4.677806961988937,0.28883028963046153
12.5234375,2.494790737899106,1.4646402535365648,-16.883706678515882,-2.12558564011619,0.2744327164291416
12.52734375,3.5409170654497206,-0.5884008449545399,3.5393514403183826,8.74118679037168,1.308314528876843
12.53125,1.3280812910318374,0.6430211641687024,-2.102406242279889,-2.4344333001225875,-0.11287526397499055
12.53515625,-3.2580496184891414,0.9558841908081847,-28.280957992254184,-2.875241035108756,0.4165852662403092
12.5390625,-1.5881252647142732,-2.7832508927531325,-48.29509761268589,-4.11769179137279,-0.17619983903191536
12.54296875,-3.8702664810695055,2.6348393427323282,-16.987508307835924,-11.587642508799055,-0.3031629247663942
12.546875,2.4489007109096677,1.9554351936701007,-20.883730374867994,-14.489434943239944,0.09520560698895515
12.55078125,1.8582632080041936,1.6556711143225395,-31.621892180454918,-2.2559652621022255,-0.6693316841747868
12.5546875,-2.039643816973584,-0.10734622119727649,-47.12329087258402,2.5100660311229985,-0.33801239536240335
12.55859375,1.751272414428038,0.7274931568384035,13.571700398729664,9.079414296589606,-0.380355642715233
12.5625,0.5333259445325054,-2.88497097013979,-58.107935952061155,-3.6432007073779253,0.05755601775139449
12.56640625,5.653946530372637,2.5946212537203084,-26.41609789750054,13.297431662845845,-0.8279013139141855
12.5703125,-3.721267338087185,-1.3039804507793584,-12.272396625806518,2.307810583296755,0.9115942882149194
12.57421875,4.998337219544186,-5.858112402232059,29.410548466714687,-6.688689884051867,-0.41975776920391183
12.578125,4.163264937010221,-2.1789872055763966,-17.305224717402325,8.006525704407778,0.779158779360128
12.58203125,-4.740618962969444,-0.9431389556026921,30.235453172005272,-0.5220911553047829,0.46666016405743777
12.5859375,11.401933133762821,-4.804451922256973,10.656470779655866,3.114231575671523,-0.2954579244742588
12.58984375,6.065676954910234,0.46404475746876805,61.260688430011626,-0.1453298286272584,0.3996054555673411
12.59375,0.38644192946038597,2.352909379129301,47.149722128369206,3.0839508599123353,0.5073699430377159
12.59765625,-4.862232539957429,-4.197448313922782,75.05188590371404,-4.773971260641227,-0.2328935432736529
12.6015625,0.9363587524857673,0.36550789990325117,7.132874385426252,-2.964078607690369,0.39359792021302786
12.60546875,1.2248307401531267,3.8312437608665615,-21.46921507521149,-4.54599445762196,0.7488089114885803
12.609375,0.40291069428795234,3.03826537710661,-12.835865074938319,-0.3660582411324844,-0.25618930826839165
12.61328125,0.5905773307287442,-1.9177651959023492,46.179573908862416,-0.16056823575504753,-0.4009732649589745
12.6171875,-2.568179886099809,-3.4656092956350415,38.28929300149394,-14.45306967669938,0.6009482856024145
12.62109375,-5.005860517110295,2.3842937869610066,33.320926050870995,4.767828763626736,0.5327628193159742
12.625,0.6970268210542736,0.6962869135215133,-17.337778219426674,0.1628741428684993,0.11513201857124569
12.62890625,-3.212604542504058,-3.8386931466084806,-23.576711927025226,4.946729629480144,-0.9945254501132803
12.6328125,-6.1282766840069804,-1.7359272946507056,-22.750870059115183,-0.5817441210965466,0.4689957209755015
12.63671875,2.5198562359361434,1.5795738460953859,-0.13164463401987092,9.159833183170115,0.5181419860119074
12.640625,3.97182729607624,-4.034157305539289,-95.77877036564536,10.00258391979311,-0.07618828490985799
12.64453125,-6.905956038967516,-3.026649489871451,-22.396692075163926,9.297862288771267,0.3424490463031825
12.6484375,-3.2209819856193156,0.9268543166423135,-34.11115603588925,10.364625515847605,0.23027420689816547
12.65234375,-0.03308044491634992,2.6531987024409096,-66.7390954926759,10.204485828600223,-0.2807430470569378
12.65625,-1.216100432269659,-0.28727255663037504,-53.547136214065944,6.9967487326035425,-0.38891240322663845
12.66015625,2.319711816228973,2.3086407584073805,-28.69836181968782,2.365354820721662,0.10414281476506954
12.6640625,-3.356967620153908,-2.7530809522198423,-10.058835779695912,-0.4563865946397869,-0.2036411258818484
12.66796875,-1.0214573991324023,0.728489111884561,-3.9578843571534734,-13.424446719041773,-0.671617692251278
12.671875,-4.881223644288784,-0.3286157358638759,26.583157081759953,-3.92935802868676,1.323947625184606
12.67578125,1.1701064146774152,2.6503002388881702,27.883371268716758,-8.340799498746819,-0.7473023370533676
12.6796875,3.8583990198648928,-0.6556847411536917,8.467838538807476,-0.8636007296308441,0.0846745906569251
12.68359375,-3.261391890827428,0.4349291964617548,36.05594561621063,-1.0343256256730569,-0.6775752975433935
12.6875,-2.2784415936212916,1.0249421985853977,35.747489392588726,6.599893027449285,-0.26686965430551174
12.69140625,-0.7682075321592557,-2.9984635828813793,52.85101800147619,-1.3220098965147158,0.08259691486103561
12.6953125,2.111811590827534,-2.6047373468554773,21.190143338943503,2.8296755667117135,0.0207877874301435
12.69921875,-8.985749057840886,0.7922999686520629,9.455500482791757,0.64002792141103,-0.263011572528033
12.703125,-4.492419432407322,2.3993381694968083,25.47665329133992,-4.365765183239626,0.6740859869755464
12.70703125,-0.3371250865326286,-0.019023523405629038,-7.348188399924055,3.829530726407997,0.3793657014891261
12.7109375,-0.6498314828291732,0.9055317083789522,46.44937371358896,2.4801787089266982,0.9139581237080409
12.71484375,1.0908535836588529,-1.638206401086527,8.23758494934312,-7.6753507021394745,0.29876054964940313
12.71875,1.234425508397263,2.989176306509738,-19.924251076951734,7.465975838077734,-0.23955654277234037
12.72265625,-0.38632600104442893,0.6702700744890846,0.46406490628161023,3.498329559415396,-0.6314828590838291
12.7265625,4.210110929813789,-0.14404979852947966,-46.09314792313731,-0.30224824070349854,-0.24609007022804957
12.73046875,-1.855286108213629,3.11717633338848,-52.27625153062733,-1.6637888035739579,-0.668223112978303
12.734375,0.9030526952763576,2.0296893889387175,26.753670578922318,-2.4612238509742945,-0.38020374910908794
12.73828125,-8.995164136008249,2.6677786597799784,-40.11924298352285,0.7443215633640348,-0.577373150368512
12.7421875,-2.947775982877645,0.028376730382793584,-31.93249522989636,-15.738637678904421,0.9628659627539367
12.74609375,8.55005354371401,0.4720729521548688,21.486348372226892,2.234168226033078,-0.8040585148426415
12.75,2.433180504495641,-1.1037274039384248,1.1941963065268517,-6.0823223835082905,-0.14596158003893026
12.75390625,5.08441514649123,2.038023795084233,6.11666345921892,-3.2364234311963314,-0.1257564913133134
12.7578125,-4.712940212194522,4.193233772480706,-60.814428955285,9.73969723443097,0.18094404560062666
12.76171875,-3.4936763535134974,0.4064756493186011,38.05462325374284,1.349854538478675,-0.05946569006021705
12.765625,2.574216007267005,0.18229908049416105,37.66623213578573,9.51469473159661,0.6490108604681418
12.76953125,1.8241905214158851,7.436883624351501,-10.169339034416472,10.609415159533611,-0.38630294724969344
12.7734375,0.14777610200800828,8.69697674406007,-8.368915326802515,4.513401524687486,-0.15793274236117164
12.77734375,0.34505942132667416,6.86512828543496,49.472008634453346,1.6566896112219207,0.4881165025207561
12.78125,-3.644820703833851,2.7933355896087675,-2.5011438138379205,-1.4864572055367233,0.22196617617560466
12.78515625,-4.4008332235975915,-3.20102636505099,6.243450922065673,-1.3375871622379936,0.1120974168774296
12.7890625,1.113438422524584,-1.2343283437006196,33.74352058818998,-2.1968427631366296,0.17657341674088678
12.79296875,1.6780893162550305,-0.4734661241108813,31.7174823590293,4.820944332124054,-0.6747836847344734
12.796875,-2.746856837545965,0.7974963675426732,25.19939649612173,0.9217156145917738,0.8615983859572719
12.80078125,1.2327892017543527,-0.19927676808524747,13.82224651427016,-0.2358365914566991,-0.2025597533715737
12.8046875,0.3123213889348983,-5.387734220700849,-13.081025013695461,-2.087809014125219,-0.6336321005089027
12.80859375,0.9192699725012837,6.095707234997855,31.166068976320247,-9.847225711252696,0.29095134855721627
12.8125,-0.6125599549386341,0.02731844312515088,14.335720181967677,-6.156114801447259,0.23138772143474512
12.81640625,3.3170055191168193,0.9760577324620736,-17.60290174650199,-8.177563758307937,-0.4351055634937117
12.8203125,2.123940361377358,-5.234797733798463,-37.098473179232684,-2.8843850246946605,-0.10465746396263134
12.82421875,6.545015784697606,2.4579100763649033,-0.3845429497991617,1.428604091070678,0.09391040728513428
12.828125,0.31454309364645944,-2.584799133841512,-10.773941222114823,-3.304885623473141,-0.5832595580549947
12.83203125,2.9315138195627655,6.282504771472476,-64.05328959274323,0.870271848546794,-0.6179352838630185
12.8359375,-3.2034656332781926,0.34060835508163034,-62.782251364368804,14.074101639580462,0.2208061553284085
12.83984375,1.6249459966613586,0.45560247222473926,-56.12654110147754,4.9392432227668825,0.3636072479879162
12.84375,6.403417436262536,-2.2072511860949766,-15.20443610851392,-5.316497174033148,-0.206914867200765
12.84765625,2.248109560136446,1.4732802998241878,-19.199431370140985,-1.0075565565611164,0.5864261240439803
12.8515625,0.8330770682128585,1.3512508929432696,17.712951995818198,-7.545296129423047,-0.2676864298374522
12.85546875,5.35971543611213,-3.4458934670918024,3.3975882203437013,-3.403217542665197,-0.041725977122077505
12.859375,1.952060157619868,0.6962387228130543,-14.469015584579688,-9.72101356331997,-0.6252531649349803
12.86328125,-4.484590424190602,3.274465710417564,31.045970342311293,4.036254906693168,-0.3854001003830683
12.8671875,5.566270257485156,-0.5394914558459453,10.336530661869762,-1.2670754818221766,-0.30697582733001233
12.87109375,-1.1041997981405103,1.3168588937596515,62.862127917110286,0.1457089814116661,-0.6834754995314969
12.875,-2.5390668018447915,-4.388374799280156,3.9850534835346814,-9.950615655421586,-0.5547085567312721
12.87890625,9.187462329440857,-3.4554504446718033,-6.688672923220224,-2.3951994093862763,-0.3222729458128526
12.8828125,3.2311783554094666,2.253499719495684,29.468197259610463,0.9378844076723682,-0.6529714841163576
12.88671875,2.9800961836087287,4.178127911859131,27.07602479337758,8.036407488058353,-0.2315805403767155
12.890625,-1.6571522862939727,2.140880079146508,38.492596722295566,1.8574015735670844,0.6141588978880699
12.89453125,5.12665835539496,0.35389364191729783,-40.412117998661444,-2.9497087047676174,-0.4271506705355856
12.8984375,-2.8443740751659314,-1.320895835762646,-33.628154259377865,-8.300461337188331,0.304880679673718
12.90234375,-11.1224553801576,-0.9442316458084152,-24.30955555266558,2.315454372081669,-0.1706179673489764
12.90625,-5.9272176027988746,3.031981263409941,24.119670007897387,0.16237277841582606,0.09475598243609976
12.91015625,3.960487027680174,-1.2857733647108618,2.6413496481822687,-4.548415464105238,0.03426572655896412
12.9140625,-4.87244348234041,-3.640201337738932,-36.03620947870813,-12.509403771441873,-0.38454309845622225
12.91796875,-0.9571466975155655,-6.322373166763384,-39.76946725835036,-11.00884773787667,0.18986225036619012
12.921875,3.726147013197192,1.8121471359533778,-60.840253331246416,-3.6134715602520604,-0.07326527500059961
12.92578125,8.033306102848464,-3.981628215396816,-28.63204632125886,1.7914633854874156,0.21402189257137957
12.9296875,5.18004876453472,-2.3815801679161024,-47.60353245388987,6.395002778211629,-0.09308853097437748
12.93359375,-1.233746504584782,-0.8251953198082882,-50.38881257521558,-4.4117114490446685,0.8904677891640578
12.9375,1.831195900210843,-0.9235370345372614,28.77009076085102,5.2536454170525895,0.34237934035750894
12.94140625,-1.6846889604848803,-3.079251457006994,19.130020410880338,-6.676852404543834,0.32888828842812096
12.9453125,-3.312791387391551,-2.341805094140383,-14.305617061176234,-4.178436871701649,0.48757470336524195
12.94921875,-2.350653609538345,0.8137497037153054,37.05205891551179,0.1377538013741617,0.13159125669338087
12.953125,1.0879806253060458,-1.2012683637166186,-5.268419527990819,-5.53876429691501,1.1048284455575148
12.95703125,-2.5973625798618594,0.20892141585143179,72.40958801993199,11.12886859425,0.8307457133234489
12.9609375,0.17070347989279583,-0.34473733473775947,-48.18615697599524,-1.216713316963978,0.6913133819787306
12.96484375,0.5253789467381751,1.6383613549735785,53.45070051576358,12.012162118874482,0.26969322220450526
12.96875,3.6992264230978527,-0.012892894651894428,-29.661591927930747,-3.487926064179578,-0.2533721300221467
12.97265625,2.023061491632081,-0.10373622610380406,13.713815773993996,9.011651813175536,-0.6208459952529136
12.9765625,2.3895443464446338,0.4392015055069712,28.9303275280434,-7.832158738008708,0.8327418089042646
12.98046875,2.0182281289307595,1.3644841556483138,39.954785466000736,-5.775515414367714,-0.4163965480739913
12.984375,-4.48534419926195,2.5700527919132905,50.63727282594675,-13.158962859477525,-0.4371444592279751
12.98828125,2.088287145293517,-1.390157649702187,24.142742697153835,-9.322197337210453,1.0709108517524195
12.9921875,1.4035943952774839,-0.2950406451135019,15.239250933636901,-2.8706657405896063,-0.5652795864571287
12.99609375,1.2873403386822424,-1.896105459729943,22.984468105323117,-4.0657732890886376,0.9078207111706746
13.0,-3.19193394341176,-6.5004266641731245,-6.209371651088978,0.24323953382908242,0.32930298680992476
13.00390625,-6.726820180023381,-0.9937317607217468,-3.9666967478542885,-15.638872242041668,-0.0975620802620304
13.0078125,-0.3573783285457986,1.2150233416774112,10.426762307933416,2.376584877971479,-0.30242238393364435
13.01171875,-3.6177801980033815,2.692389940750751,-32.90320877698657,8.129845484884594,-0.03837345502757705
13.015625,-0.8902058220295547,-0.051911427273372196,-55.83311209157094,5.828519274403698,-1.0798816690902047
13.01953125,-4.026411860674481,-2.798807831947484,-65.93549609915245,-4.032275373014188,-0.052737608797883875
13.0234375,-6.509199379199844,-4.0793503981737675,-28.623772334210443,-7.3866851599104475,0.5501318246680736
13.02734375,3.588672406210173,0.5714274289560546,10.729919899254323,-0.7953637684451229,-0.6778055208799667
13.03125,-3.3377268965121156,4.082651600743732,-18.898610167335807,7.048229160394863,-0.7010987737888984
13.03515625,-1.4962016217787908,-0.3436309276746717,-47.020796109269675,-11.805440379575264,-0.5077825562417719
13.0390625,-1.7455897807151848,-0.08153332545426628,-41.069542174358304,10.507481998481765,-0.13600671050658178
13.04296875,-1.8789975489558297,0.0032453415373510383,1.5765558434510698,1.7381355747381884,0.9103622217391644
13.046875,-2.741197229711034,-2.7530728086557446,-31.94166693523698,0.3537639110888513,0.18384389453924893
13.05078125,1.124239148470001,2.5056161450962917,34.84701844134565,-4.280247694007118,0.36987557040673447
13.0546875,-2.1859832590450066,1.650304410815459,12.675508422128232,1.8489977219233182,-0.3480958082277926
13.05859375,5.642847072143887,-0.33366541705420494,-15.540784440135443,-3.6193449527216144,-0.6166032162853117
13.0625,1.972205571097335,1.7078360044029144,22.200065034044215,-3.5860334606692104,-0.9835973061403183
13.06640625,1.5324470181705654,-2.262708888466551,-8.391110033307282,15.771204394409798,-0.24170853578140433
13.0703125,-5.65347726847382,0.2903738264559879,71.14185345998978,3.282436298765456,-0.8191440807931809
13.07421875,5.371026399117573,1.618753036695,-23.136490687051474,2.660239949958149,-0.06582167540619126
13.078125,1.315011012967356,-3.1870147423063298,-0.6977476250965253,11.177468574045779,-0.39780670113356453
13.08203125,0.4689975516969386,-0.32203648594384565,38.62795867262138,4.27537297286834,-0.5170604946008346
13.0859375,-1.4054576597389445,-3.5953490190522057,29.39224536189146,-3.142036159462472,0.3263908041630169
13.08984375,-3.4323427116007985,0.8137684782670136,11.72021412696732,5.5178301847055025,-1.2932152429639174
13.09375,-6.418719613697876,-1.142099350601684,1.8306862930995815,-12.016689556082813,0.35588906079204685
13.09765625,-2.3143530815597293,0.22277660591229875,-5.066312221369563,12.243261295667654,-0.4465966974740208
13.1015625,2.243578798623116,-0.6938813553274088,45.69508786391886,5.661776108772099,-0.36733769697998836
13.10546875,2.7987157815554924,3.820296110290781,35.38887968692302,0.7044173264587839,-0.12220177873964841
13.109375,-4.222773718095719,0.24611069850089706,-74.2155622824526,-0.6657347922421342,-0.20934941921746889
13.11328125,-0.0744656379599701,1.9073379801806887,55.46884103481324,1.7032062877061533,-1.0810076063969978
13.1171875,-0.03171993684098309,-3.594769322899814,-0.9134451326909918,-10.59328451427918,0.4782300345965206
13.12109375,0.3625464110848489,-6.913815264354289,13.82115798276542,-3.1364580677691487,-0.390391052672493
13.125,-3.012826814759027,-0.8809799765760522,-20.527133448140273,4.1743696098078145,0.2626205121542359
13.12890625,3.0160471270322162,-0.7166766703537184,54.928878363701784,11.66926095301016,-0.08015291444529063
13.1328125,2.3259366598795435,-2.5874231195407598,-25.903516265724,4.729002272899143,0.9340847430660489
13.13671875,-2.2013518535778793,3.3252370452258795,-45.8382308181435,6.791086968560022,0.04490567288510125
13.140625,2.4287544170292668,-0.09966857009654276,-58.84461477497169,0.05540998603778302,0.21426389828438
13.14453125,3.8633699157642516,0.5892604814171012,3.063674272842306,-0.566568084820418,-0.4472827202858329
13.1484375,-1.4223141871307239,0.39060424120552695,25.333067370767843,-6.214304624679076,-0.10930297718898437
13.15234375,-4.171013227666843,2.0442793461884876,29.481858289894863,1.188441925709924,-0.7186621899345068
13.15625,-8.800813786680433,0.30585615552802525,9.940528754143225,2.9919829110291185,0.47343688143259616
13.16015625,-1.345688502099186,3.5221977632218637,59.264318243806116,-11.04242959804532,0.8341491595496802
13.1640625,-1.2969731760493894,-4.212155075777092,-1.8048429756005184,1.95534039788022,0.2549221496842961
13.16796875,-0.044429380722179786,4.8142685184679,-21.70851038611375,-2.9777520656614658,-0.3252383287552251
13.171875,-5.042348701664768,0.48570892436342555,3.043063122514212,0.2831163777143564,0.09533003985507152
13.17578125,-0.49912789016810544,-4.101781997832316,63.7208612680715,-5.772438128503895,-0.35204249303410995
13.1796875,3.6311297463153496,3.399185898733898,20.78881863778679,-5.77517645425672,1.1182072769213092
13.18359375,-2.4863793977383057,3.2072803413560984,27.046732683995124,-6.662399231945212,0.18055513424881017
13.1875,0.41471737833633876,3.1656487718890993,71.82469486732427,-3.853441800726736,-0.25202131816222256
13.19140625,-2.7318248175550637,2.590605299227331,-66.86180838777862,10.730755164433997,0.23416950694612892
13.1953125,3.670902952364647,3.8755590301039415,-61.00899512189412,2.7382740008953674,-0.40898994221245777
13.19921875,-4.359743860187663,-2.8212420954375803,-34.50084364010883,3.8533736053219485,-0.3442956714778367
13.203125,2.6152213448618875,-5.7986888735330195,-37.53421887733663,-14.36715626651786,0.29729732437812273
13.20703125,1.2576822701998633,0.7983487571796427,-4.441262022604025,0.45465772602429677,0.5320309602388169
13.2109375,2.0596946218433763,-5.897774120818646,-21.377458255205752,-2.079138475552815,-0.14353991684406195
13.21484375,3.4825776415308836,3.005898024784039,-49.64078312685699,-0.5525553607818519,-0.6485976187035066
13.21875,-3.793999704383444,2.292022298040423,38.80099727748286,6.09479672327337,-0.16495826318497922
13.22265625,-2.4499859834993356,-1.57800619237918,0.8831627079194888,-6.480225442277115,-0.780344743545021
13.2265625,0.3970383448924837,-0.9039652578151703,0.7398153095996562,-2.2934338729634796,-0.45618252502262446
13.23046875,0.16788638984552307,1.6737400933777633,-10.18431151198623,-2.938200176083209,-0.05058811279378162
13.234375,1.6545241401920083,1.5266233388228614,43.51492096828471,-8.469254852768849,-0.06395402121202813
13.23828125,6.19316549958675,3.0709044328771764,12.646930593006287,-10.271374103320731,0.9292507271242751
13.2421875,3.2993284379837493,0.4015767062813037,0.6939856869149486,-2.1064083888113556,0.3737951547798447
13.24609375,1.8515365839491327,1.0906961402248871,-30.376840988527665,-4.092715797746801,-0.5458942690076334
13.25,4.3186558372487065,-6.246786172423452,-8.27720333130485,4.473655933227759,0.22390412760410722
13.25390625,3.2390192362384496,-0.8494399020160828,6.065288092375919,5.123776561422223,0.42548815079763586
13.2578125,-7.71226656629615,-2.3704209096265414,36.66109988962746,3.3495707939915826,-0.5252772872411939
13.26171875,7.587837093381982,-6.129871707561457,6.405534219051685,1.5021850989055285,0.8839770447740241
13.265625,1.3142842275863291,-2.844947998654261,34.186940979610476,3.9021214587069513,-1.0010774985395705
13.26953125,-3.392633971868591,-0.3662539789308582,28.09509128700853,-10.749540799185366,0.37174686572942717
13.2734375,-1.3431233227916455,-5.792252406287227,20.658637274412467,13.943130113822981,-0.23277263453456937
13.27734375,-0.6965867095827227,-3.723731057992163,-13.303751758968831,1.656186183102641,0.20832318792165475
13.28125,0.38238431246367527,-1.2996610994647149,-4.1510412241962005,2.891102541346606,-0.7203300421658699
13.28515625,7.30446750547396,3.48279478326618,-14.46057501817338,-1.5322735820476916,-0.5189280707288145
13.2890625,2.6372865192148205,-2.3483042811862025,-3.9686395103307937,-7.436568722612364,-0.2384256168886598
13.29296875,1.3085254581424968,-5.470463896763203,-0.9308276289143169,3.9407013262370048,0.43486189882348425
13.296875,0.16101341564542815,-1.068642233362904,-11.2512690614812,-4.840688959466426,-0.69702896595185
13.30078125,-2.367063895519635,-4.164209451811396,37.207394818844406,-7.3670041572283385,0.02471236352365511
13.3046875,6.33865291467293,-0.5099906145090778,-46.071578032187176,-3.50440083669795,-0.24760425418486248
13.30859375,-4.972061722494746,-0.9858703420637687,-14.215556435014573,-9.110926988593487,-0.44503370632726047
13.3125,4.573618004704036,-5.198089142841328,-21.893824021311005,6.303387402539862,-0.628123192817629
13.31640625,6.2304267858856415,2.4423902696372215,-1.8574739244130782,3.9815279161506485,-0.1050972079334952
13.3203125,2.884298358425849,-2.299880909006225,-36.73686714734265,12.770318694245278,0.3585778712065241
13.32421875,-4.221637159404627,-5.892640040619688,-47.26682775440736,11.082166509134337,1.7420669971669878
13.328125,0.5839427276513067,-5.702580617602397,-42.165700677133664,-1.8366452455434183,0.18557378090048354
13.33203125,-3.1490621371027707,0.09631862524151083,-26.012242007685373,8.745009604621163,-0.014207416506086826
13.3359375,-1.6840776286375405,-1.1253942425732655,11.538386791601106,-9.484147940561414,-0.6554683739399221
13.33984375,3.538736724142779,0.3601174226126025,13.463384987755179,18.240189991301,0.6342883412385594
13.34375,-2.6030289026476336,2.746145046739753,-12.86032067432718,-1.10191709714526,-0.6965841484640887
13.34765625,0.5694649570374382,1.6234338923942995,-3.2800927706151057,0.893205522283091,0.31632436738429476
13.3515625,-3.5316560722685004,2.1781764537668677,5.757460179686152,-0.2798872396798324,0.11724903062267857
13.35546875,-2.6111254789954286,9.357599449618979,-3.2328710045102937,2.434389966097228,0.6280458399898038
13.359375,-2.7564441621095472,0.5871022628273512,59.73248870434095,-2.2951801831274605,0.6322069597443611
13.36328125,-3.1377332348263622,3.1409677670289984,9.63770692936211,-9.998351512597555,0.11031655605202895
13.3671875,-8.668145553255599,-4.419124146071639,12.220017775367959,1.5813569659917008,-0.23262333274388125
13.37109375,9.398612120609037,-0.10929597784479833,62.663784520797186,-6.382553811090024,0.057673352084696705
13.375,-0.4681797414688876,-0.5721068530559349,33.08416874176541,-0.28808258063157466,-0.6649043504923915
13.37890625,5.227974528331344,0.8422479693892184,-31.327560637271773,6.5596950074141755,-0.3386694114341325
13.3828125,1.6688777511372161,1.200135855165783,12.697285153309043,1.7170622768199466,0.00434613324460475
13.38671875,0.4632924145709374,1.3513542258722806,-83.9140119876388,1.9078985050909898,-0.2879003771153174
13.390625,-2.502816811026082,2.4268814178341787,-9.8872150668384,8.93405053873342,0.4477274124957487
13.39453125,-5.720006683481844,1.5135887349314716,-12.827246327443445,8.972272686274493,0.6878244381222726
13.3984375,-5.027348094011581,6.942315436746117,31.958690736009068,2.9687975970541016,0.6558720759109009
13.40234375,7.471690990289051,-3.062200385018765,-43.89805803040156,-0.708557692843216,0.041725618617347374
13.40625,3.117268288537682,-2.5487586744285085,-13.785729560421187,5.853539197249951,0.37534296020777547
13.41015625,1.855631718369243,1.3719191524607657,-20.18387094865352,-1.8911779971921856,-0.04282013994403813
13.4140625,-3.2777790553378248,-1.4260572831008433,-2.4086402207413258,-11.477496586258603,-0.15366552318723242
13.41796875,6.9099960974885954,-1.4391941955461107,-58.89979986642947,-1.4151103422864924,0.2145243768321877
13.421875,0.7008776831215854,-1.659881757201004,5.368094199817019,2.9040385076475443,0.22200257230179318
13.42578125,0.7125055934081881,0.8545714304602079,-35.33208514013401,-9.910743441514562,1.4482056480332601
13.4296875,2.9150713034826614,-3.692756980834827,1.0833262226019507,-6.861475939081943,-0.9873425801282956
13.43359375,0.5463673040112736,0.8738325097390787,2.0880315157925935,-9.176375280674351,0.42758327543770364
13.4375,-3.091843667473249,1.3238056925415012,-38.35680717751332,-2.8215473495179015,-0.8572185452018329
13.44140625,3.2785573076593337,2.3445494390599384,13.907765255276281,4.054429541335782,0.20724720605635577
13.4453125,-2.8278740411840477,-5.1421052119783495,56.8148876469295,11.248042454157712,-0.32760852123117634
13.44921875,0.6936955453477079,-0.5064815765300291,0.5668910327865717,4.094943994919406,-0.2272274278565271
13.453125,-8.723973794836159,-1.308687326303689,-3.9427476254082094,0.8754475802341117,0.3670282938107138
13.45703125,2.3177545735059195,0.6491314930175985,37.771061492598236,9.363430625408945,-0.4041419042654433
13.4609375,-6.059584889442463,2.9502850853129816,-38.61179160301968,3.7208615065417154,0.692434740029293
13.46484375,-1.285896392879731,0.706908341093246,-0.386407822182246,-12.376033849339073,-0.5280140884134976
13.46875,-8.828460694490882,-3.304650956244261,60.00542910866852,2.961710621491835,0.06822643368109339
13.47265625,-0.6020378877936081,4.380811104823263,11.969617792887853,-7.358758623851601,-0.19855036742633803
13.4765625,2.3427027477345646,-2.2763119948680917,38.54322074272566,1.3473055890778074,0.8672495727291447
13.48046875,-2.6489124036399567,-4.848889073724416,-26.225936698371303,1.143183822372606,0.6576164270192664
13.484375,4.478434905589651,0.13241532424144314,-61.66764848852333,2.3205918057757655,0.14028747558282473
13.48828125,-1.915850654039899,-2.6411276657468803,29.497054593925554,9.868301813603269,0.17186923377691293
13.4921875,-4.04582685921619,-3.0688593899254513,-61.05028359364799,-5.594905870050132,-0.20912277856283346
13.49609375,3.4297405302957156,-2.6668191756587025,-95.71109114631133,-0.5355063978153178,0.32343180538187916
13.5,4.16654406218821,-6.070018364515622,-26.121183387477547,2.623467328698902,-0.3544753174356683
13.50390625,-0.6554637785572788,-4.969732869951627,-48.63298079101523,1.9760475040965222,0.5065873656329828
13.5078125,-2.3065525136527656,2.0104341700457558,-46.500816083291234,-4.623706825078658,0.121126470983998
13.51171875,1.8199025835106364,-2.566487106264199,-13.117173557258228,10.524270667529272,-0.943204736622503
13.515625,5.793841041882198,0.7702379945456491,-40.12984731719919,4.432132345796711,-0.24366309650687912
13.51953125,-1.5717148076879377,2.748093472247278,40.12595967209021,4.632285563515637,-0.6725226717056798
13.5234375,-0.6425590862024305,1.5855935600833746,-0.9441835454031855,-0.32118518956779774,-0.10557536861726213
13.52734375,3.572128045087508,0.03322635901802409,33.26265611475094,-1.9029635803316198,-0.250586194022744
13.53125,1.1394195870329404,-1.4612065130072935,-46.872514860864435,-6.698950774302843,0.4333290011249812
13.53515625,3.662960101952513,0.44711279249630775,70.6784155574333,-3.8902372069068383,-1.088939133957567
13.5390625,1.7366953760849126,1.109332975984934,26.150139367814997,-1.249449140542443,1.195957903374152
13.54296875,-1.2511918429842785,-1.7529392079620871,64.74467672722488,-0.7491297913570212,-0.17845734526442927
13.546875,5.4547517414661835,-0.8332011781433173,-34.63490655489847,-2.8433043953286856,-0.2697356228294197
13.55078125,2.7181678177242397,-3.277295684340535,-19.303129132430538,-3.0988880180144185,-0.8328954828248712
13.5546875,-0.24912821464533186,1.7836103747895522,33.676878420335164,-8.526967473893313,0.018994193324969915
13.55859375,2.1160419075596395,2.6282271826086796,12.98988976792877,-12.22222034203263,0.19940012573151986
13.5625,-1.6112607221250088,0.1937643386510394,0.5646728465994446,4.655266444065836,-1.5884694405211366
13.56640625,-1.9519736729741568,0.3007472249490107,38.095801226786776,7.281501588230476,0.3335971664786215
13.5703125,0.29347394852893116,2.384146086019153,-1.1988843858393698,4.848380503641325,0.03479997804522456
13.57421875,-1.790417842640362,0.077485239074228,-7.39609752165537,4.643766169643943,0.7204617743544863
13.578125,-4.810485864807565,-6.792893534109513,-38.22507663070885,2.351417416488169,0.7102176846187009
13.58203125,-2.6743478292218867,-0.14166057203178678,-3.728703217648425,3.2114785930055425,0.6138048933744907
13.5859375,-1.0681281695976286,0.05229266155973787,50.42300679419322,0.1466623591019265,0.00899508927505211
13.58984375,-1.3903427662410608,0.7335663326412036,-98.36427228780717,-6.354877593649365,0.3104414046477014
13.59375,-2.1427135225356584,-2.6485371309511714,-25.49124993733998,-3.2894660557198945,-0.44230320626809044
13.59765625,-4.400425643047265,0.39104553886209426,-56.05655758233286,2.611966829667934,-0.2828414386920709
13.6015625,-2.7547740689944997,-3.2049285764923168,-79.94495568366997,-5.839727142975901,-0.38048991588712494
13.60546875,9.474772578774491,0.3817419064857518,-53.0013960410594,3.6413849325199767,-0.650142450489197
13.609375,-2.7549446448293673,2.0038087045831023,-6.016249902164734,-4.279882823291768,-0.051129673501668464
13.61328125,-0.5108644042375446,2.724114115943337,-3.6496290000479554,9.987052211776339,-0.5016316533257801
13.6171875,-1.3476015985549927,-2.7497603430690596,8.0397727644056,-5.955024233489559,0.1120734343970956
13.62109375,-4.342539208504953,-1.0560442741203615,45.74420974706593,-4.7141782023401495,0.5396054153467668
13.625,-4.104849754028251,-1.9448171072827058,17.158054672092476,-1.3670325411802453,0.6477780744922829
13.62890625,5.228019443042386,2.1555056601871265,22.356205403571355,-3.568812855241951,-0.610486303407571
13.6328125,4.580480973236204,-1.8369604307455145,1.110587761596868,4.30995838340406,-0.2471591852092189
13.63671875,2.645596077540466,2.317081747573093,17.19916633994884,11.232675269941424,-0.27460762700092106
13.640625,3.348468693479473,-1.0129448555120795,55.12919466228301,6.394149119565895,-0.5841468659076462
13.64453125,-0.2804635606664478,-1.4731453580700218,75.75354387255871,14.926057081252505,0.013653862856662763
13.6484375,-0.39949260979657464,-3.4553755501090304,22.074434016041273,13.32702093032018,-0.6022101922699532
13.65234375,-10.85088987645485,2.1895008208007134,31.413470509302435,9.061458382703961,0.03549017869732694
13.65625,-2.7093122606868354,-4.169009401025713,-53.89490901819067,10.096727992040702,0.044918315850335885
13.66015625,-1.743150463394357,-2.2357526219125123,-18.452560581632593,0.28292327079354873,1.103138014178926
13.6640625,1.167731047661708,-0.3698244971199298,9.286043185145273,-4.963784945366966,0.44569196657077986
13.66796875,1.3839980094962347,-0.41093555586200853,-9.105162271404646,0.872901568628984,0.8522059519853734
13.671875,5.626061351705904,-0.347351631089576,19.079075620877802,-13.510977735565346,0.86903692923908
13.67578125,2.3699340231396033,4.772274975318155,-11.247241310700478,-4.542659484095333,-0.12656115808619667
13.6796875,-4.706078915532118,0.5932054978597383,-4.287869700290667,-9.373930797263167,0.26075534607930595
13.68359375,-0.2833145676690617,-0.9322996584227657,-67.04550050417339,-5.75702221497579,-0.14723915404088037
13.6875,1.1505052101638076,-4.486362569915404,5.313225560712503,3.844324014890248,-0.10540817171582563
13.69140625,2.0162513366830424,1.980503188988168,-7.802280995857114,6.851080759040072,0.6126473977263576
13.6953125,0.4384944512725,-2.006644034529378,-8.32540274801211,-0.9282018913262537,-0.8951234716835866
13.69921875,4.961185243596788,-2.6498990090071626,-10.696111226853574,5.519416490195388,-0.1294867719815115
13.703125,0.7254421964669046,-2.0330334357219044,17.535602310259755,-10.487990083935138,-0.17423466709400914
13.70703125,3.4209489568852516,-1.4941659385479384,-25.973263755963607,0.9574935961949054,-0.502276404438624
13.7109375,1.936976331393339,0.3410638475943412,-28.842620798775247,-0.12239145376733429,-0.07834631144439051
13.71484375,-6.511567897631479,-0.8482807559623817,-23.95855469694416,4.5120724119050655,-0.2961252299616122
13.71875,1.9699099674105658,-5.276635515403126,3.54248674745251,0.6653541155881394,0.5550344825796966
13.72265625,10.491542387455784,-3.073785887247811,-50.51145207316745,-2.149377263148164,0.7109063178815893
13.7265625,13.15751110692237,0.9839790284978898,-29.983819582670126,-1.339823345062367,0.03678488517411816
13.73046875,-1.4081507956752437,1.6572966477958335,13.40863589439373,-8.148190380004404,-0.09075380615604543
13.734375,-1.4656101418677594,1.6056044058485663,25.226023017133137,5.649068237763453,0.5134792348764813
13.73828125,0.6090891424583331,-2.1315475788943594,1.291725219850985,-8.07214820215993,0.003657393843826252
13.7421875,-0.1941107141621996,2.1590638033487917,51.012103510683275,-2.4460301816338914,0.3338096115081909
13.74609375,4.987477454038521,-2.2792017029719633,35.15692308296805,-8.538197571984256,-0.5895963613977728
13.75,7.458828598246906,2.0901489563749105,-63.026719425878774,-2.003672932861051,0.38663412228033756
13.75390625,8.81922823008536,-0.17554084718340596,102.92649030817894,-1.630563324993732,-0.6112989965071419
13.7578125,3.961992136149116,3.5189871971000852,9.731671837071008,10.709391266013771,0.19706530932615193
13.76171875,-2.9194630799660373,0.2044089921184415,5.631773924277423,-2.4313396000127243,-0.10791075332465648
13.765625,-1.677961067453009,-0.9199550244385013,20.887587653689334,0.6806456930799714,-0.3811690513950285
13.76953125,-6.58044360360719,4.922402645723198,18.300869553436957,4.167144724094101,0.1751552626622331
13.7734375,-5.219192512140954,1.1989427411278382,-5.104818617780939,-4.6067883104194856,0.4614594497524117
13.77734375,-1.983118485558023,4.359292951302444,-68.33316147296821,16.72835883159215,-0.13180023596402934
13.78125,-3.2023856110203504,3.67119000215485,-41.99718207024455,7.180034710134126,0.14796395131702791
13.78515625,-7.561879547629424,-0.6374877273020791,-22.50873614685148,12.028673987207076,-0.8971754570102412
13.7890625,-3.2338444754134454,0.8491260984304821,10.040662431373143,4.461146428281203,0.5887833160513929
13.79296875,-3.879819384378739,0.2751985124447379,-39.4080239236461,-2.1901334170949887,-0.6722452610576785
13.796875,4.599531104164796,-1.8195282643632775,35.90462060502834,-2.399423592732291,-0.6863162011052907
13.80078125,-5.164493672303513,3.4443068043234453,10.46446742707272,2.9637182970267193,0.4083010468086781
13.8046875,-9.16878332862058,-3.9706598721991995,-2.5168076433688746,-1.9894677744449374,-0.16718372983813853
13.80859375,0.62345434165609,4.71996679978985,23.727216309602742,2.694011332463069,0.02445286810853538
13.8125,10.74957540245773,-1.967759235464413,-17.304179946334436,-8.768716760082613,-0.394939907530683
13.81640625,1.5241762691372314,4.1354993322252165,-12.590856061713234,5.471253876408491,-0.7438788118063901
13.8203125,-3.428150758950831,2.1318470123421944,48.183143558938774,0.2841095429966418,-0.428215824834195
13.82421875,-0.19836448325439107,-4.440491983506293,21.223796167866944,7.77656709009146,-0.26031020496785834
13.828125,-6.392818936793441,0.7935329972867369,-11.666223265564394,-1.55648163922036,0.6194034914782671
13.83203125,-2.2336463803714754,-3.768469362628107,14.64773631906792,13.0844569151015,-0.3346016289847195
13.8359375,0.823961388132975,-1.9158198049624808,32.50085582016605,7.234819580090379,-0.06829456572004908
13.83984375,-1.091674445640382,-8.757084573068951,18.941187037587248,7.61946815787376,0.7616663550779773
13.84375,1.8131323787949811,3.363350558120241,-9.89264570799891,4.997103382078074,0.4700235339554501
13.84765625,-3.29999317185634,5.068724041718426,-52.81353295164978,-7.572088930145005,-0.11069580343127791
13.8515625,-3.887741323775804,4.844593247494505,40.128885373265085,0.3311106956967915,1.592986288590805
13.85546875,-9.520549598630716,3.3945300794311017,33.69717228703302,2.4613649459622087,0.21990948538967448
13.859375,-0.9375846110870214,-1.0698361870600028,19.277853680671445,-1.9529685166704236,0.47151781721803543
13.86328125,-1.350537502655383,-0.985741249088895,-42.97608842711503,-2.0135608105638942,-0.1442214694173131
13.8671875,10.236688906715662,-0.8815655636080365,-40.61522111370638,1.547686423302593,0.15967895085642592
13.87109375,-2.69384145699079,0.9455156363268102,-34.50270627239824,-12.273821252636766,0.35646313733698043
13.875,-1.7136565391078475,3.2588338815828015,19.783622944799713,-4.787049476176106,-0.34631004935178766
13.87890625,-3.7795310806113687,4.823146531898761,-63.74259538687068,-7.03181097103691,0.06979394610060578
13.8828125,-7.376271687456589,3.4932241504316788,-37.23990196412124,3.803557858386756,0.0629007487765285
13.88671875,-6.114947101858854,-0.6865304339888636,-5.778422495837781,-2.998613304134419,-0.7315198606515552
13.890625,-0.4158838209175787,-2.25134143652242,-19.217149931785972,3.4808524301049393,0.29982915444711195
13.89453125,3.622834998074499,-1.761809384923233,-7.899948569520635,14.194870514929725,0.17164289615429495
13.8984375,-1.5999496983006443,-0.538111869662972,-48.53193628747783,7.893390201965183,-0.7484313095427375
13.90234375,1.7570346715642748,-1.931905568039787,32.12280472069958,-5.664936285466093,0.32845547847396034
13.90625,4.408249592239344,2.117279789992221,24.689202394709394,5.059693751034814,0.11915775005358979
13.91015625,-4.019904137274214,3.486678384487018,81.47683083556295,2.3663096229045744,-0.6713196245968381
13.9140625,-7.523869875185371,-1.2314004986870597,-20.704359187827954,8.613336288440959,0.4175812133920394
13.91796875,1.3389502289490507,-3.3990457506252634,3.193924386028133,-11.645729397161578,0.06834453821881205
13.921875,-1.597520176840112,-3.2513124601885792,25.661385076233383,6.093308236777792,0.3365176641518114
13.92578125,-2.352128698707638,2.8471873512684303,82.29317997365612,-4.472976136338011,-0.9767833723454431
13.9296875,-2.038239272598309,-3.697416007075239,-23.92535876714644,-1.4598525547541579,-0.5830071318675495
13.93359375,3.8493128920518864,-1.7264464574292728,-29.591250397727585,-4.247854454889087,0.9581035072038164
13.9375,-4.7944246071726555,0.7723017871793276,22.63005452317412,5.072883769546231,-0.10995868874444334
13.94140625,3.0060412514444343,-0.8261745212911812,-10.285164186683897,-5.650839788757794,0.23434037764314947
13.9453125,3.2041158671045675,3.797081278809987,29.001893411792818,-5.854765464746879,-0.6357684852665176
13.94921875,4.199013172698061,-1.9846886655481495,-65.51050722600544,5.742792697285836,0.6765076935933706
13.953125,-0.07515345870640705,-1.957382338660202,8.121181019611942,8.121175914460634,-0.6395812357227617
13.95703125,2.3845025871270864,-0.6753130743893826,11.662206677889088,6.243647375044214,0.7686841708608393
13.9609375,-4.313751432739393,-4.138208617949268,-26.682021721687704,11.725223119223017,0.7931191869590962
13.96484375,2.6223481114575864,1.9980943627486567,-27.171318974733225,-3.4687527756448597,-0.5882474236516146
13.96875,-6.404587062926394,-3.5542446379962653,-30.398550720647666,-7.200884300752135,0.13033812175888881
13.97265625,2.5039127814321356,-2.6067334641413753,-25.777427647778254,3.5097158295356756,0.3290293500243195
13.9765625,-0.15311869183792323,1.6312102404734352,-55.21148590767346,-0.6596580184192842,0.2935944274358788
13.98046875,-2.610392728415134,-0.3874900617386596,20.323296577072938,-6.54925833500265,-0.7791681892896978
13.984375,0.2654856775452226,-0.6658930417563085,-16.13397244635452,-7.092964716829264,0.6213427841657398
13.98828125,4.990034252138714,-1.3575683552508495,40.70096142969952,-2.2659805224219216,-0.2873980795569012
13.9921875,-6.246520455577513,-5.0745450742556715,1.8970812647541209,-3.920541185698723,0.8683963629192807
13.99609375,3.4758429460580444,-5.873009657362564,13.139392154566814,-8.542488237475483,0.8930994880439337
14.0,-4.483966092327424,1.0418834758664954,29.326825701019786,-1.6106829039373445,-0.4530341865382712
14.00390625,7.2785715987587745,-7.1668496176441945,-5.34650445882766,8.640928398012198,-0.07398018467536407
14.0078125,-4.130141101603058,-4.536491280163348,0.09182417915347862,-4.725487724911289,-0.9436342694440265
14.01171875,-2.790865014183897,4.833197648539177,50.574402504728305,1.5125656137531616,0.21691957902081285
14.015625,0.38545584031234453,-0.18180987250506048,34.51319578311432,13.791721257995755,0.1732650709758743
14.01953125,3.771756994059192,4.860928186381077,42.22093240983863,0.03361361406065422,0.4417969676824688
14.0234375,2.637578161063626,-1.664335489276234,44.37329425604471,5.060454857323305,0.24054280200899777
14.02734375,-1.4920136684461551,-0.9949480728756597,86.05471317080571,1.1557415923920278,0.4391786554964378
14.03125,-4.769287058654733,-6.201738459553926,75.42442915467885,1.0694437905158105,0.05254789349164467
14.03515625,3.647479141151472,1.0059216012876726,84.19601708788622,8.826192418494378,0.34599038322130954
14.0390625,2.7532248397537855,-7.238198762231742,7.817442110428028,-4.385734138384037,-0.15631299890148784
14.04296875,5.276687449642041,-2.6775010438036504,-27.232600847838686,-4.358917845957175,0.5771783978498155
14.046875,-5.4515863704193395,-1.1860832612760563,-29.602450191741546,-8.350812102368113,1.1900625384821686
14.05078125,1.7434216648271108,4.542350987579557,19.280056939749763,-7.702578961212241,0.3198127414313265
14.0546875,-1.0137861269006094,-2.846134339499926,4.353808183175744,-9.671182589867584,0.3013730204053668
14.05859375,1.3129213883358002,4.966579770398043,-1.6693782887575175,-0.7836616332389201,0.32718292757209705
14.0625,0.1598800482023726,7.375520750615351,-26.42379016763427,-4.6498824816594535,-0.3255632193156192
14.06640625,2.1224211159999338,6.364801768941961,-60.87419302504756,15.38656130541858,-0.44555329713015446
14.0703125,2.9482120815854524,1.2000144836341406,-42.60981552515379,12.32133095560494,0.37227995597115227
14.07421875,-4.588594926264708,-0.8946269175007306,-2.65819745756842,7.4210622812790294,1.0356945132474091
14.078125,0.5551384500303111,-2.1834207995271093,3.179996220815408,-5.274132532454466,0.05110218382120559
14.08203125,4.37070777252233,2.3310078805891616,31.042716913821607,5.273173465719094,-1.0842068036519705
14.0859375,4.639031737871396,0.9980043109549667,-31.259755389265358,10.447219148940917,1.0585021552436096
14.08984375,-0.2188970865429406,-0.31938794957211036,-91.40760563303924,-0.45874854133636433,0.6428455330261656
14.09375,-1.9568527970353957,-3.00417660748559,-35.286478411680044,9.464193969790994,-0.3108538503399849
14.09765625,1.0974249755168137,-3.2769886090273563,-29.61250462206477,-14.697860472894869,-0.8611770287927208
14.1015625,4.550562008277006,-0.24763511151056028,-0.07478111025167067,7.777902419551358,0.25286242662020497
14.10546875,-0.5107810834950219,1.0685581903107644,69.6344101409926,-9.153963705761264,-0.1510953315213619
14.109375,-0.9834670789465825,2.6447614458987845,20.5067509641117,-6.980763531748317,0.036398787768541704
14.11328125,-2.9132351600232362,5.353026587150795,84.060287771811,-19.01957380077335,-0.45628876241147587
14.1171875,8.90731905150266,1.252340777447918,81.95988052778284,-9.854908594135011,0.12056856302876802
14.12109375,1.81607996389939,2.3175054410739615,-24.918006393266573,-6.81806858303225,0.02863466049596523
14.125,2.569691179735947,0.6012435947442415,71.69712498580978,3.035586840441162,-0.27856989120933856
14.12890625,4.567078813213924,-0.33526533211236365,45.55673144628719,-1.917993338742914,0.639491708033632
14.1328125,-4.247250632983879,4.014734093038401,66.54344639105112,-1.0868132028215935,-0.2684032077700257
14.13671875,0.027589476056254364,-1.4554133700700838,-6.350504164557339,1.8470862612245185,0.7842982452408678
14.140625,-13.4355604507879,0.2661558437156512,64.98469904618071,2.950887679391986,-0.3672534302862556
14.14453125,2.4637725622493507,2.202754487837345,10.244461867325185,-2.589252640265716,-0.2203159734601386
14.1484375,-1.074021545343229,2.001794513215372,-49.902881075113854,-5.249376473483757,0.6208671570033951
14.15234375,3.9558484555106617,1.8772294434755254,3.194212809538598,-9.093530341109563,-0.3015202570591889
14.15625,-4.332342385446129,1.7310414462213928,-72.47287787263244,10.236602262476847,-0.5402158929275597
14.16015625,1.7570412436953466,-6.05475928324715,-29.01216666144202,0.017758474240893385,-0.11059676543929656
14.1640625,-6.772498431439676,5.546498415391742,12.090400585054141,-0.8849879075431191,-0.5737566530235378
14.16796875,-3.4300917538497786,-1.8942864845468654,-47.70182985814698,-10.464812218477018,0.609542216963455
14.171875,-3.8435974109004407,-0.0026195807873196043,-32.997869627020364,-7.826117701504959,0.06417842610457704
14.17578125,-3.6843136251198447,0.003841524052808629,-71.91392430749023,-10.120757414501218,0.08584620594559997
14.1796875,-0.3902731718308783,-0.9522603759710726,-54.07071813422358,-1.351493019100951,0.14174342013941527
14.18359375,-2.8407664844843126,-0.6371233893143995,-19.077386373425668,-9.829039543833613,-0.6549635570107857
14.1875,-6.387600330091578,1.214125371646716,34.61105900012733,2.7083236506209203,-0.04504736669006673
14.19140625,1.8523940790924374,-1.8825380479519693,13.2771075361262,-5.271875320194302,-0.5689959187718698
14.1953125,5.6487980306772965,3.807387041450339,36.478921134219604,1.8711749859793645,0.3579062968353114
14.19921875,1.6023409555109016,-5.142564298412455,18.044678349382423,0.5897410717048372,0.49053046221229246
14.203125,2.209310704127324,-0.12487190151006769,-18.092110703634354,4.394442196317609,-0.03091540465559103
14.20703125,11.518463671945591,1.7342495242173785,-0.8424621952365072,14.156181956530506,1.1806144340690115
14.2109375,5.89517382201458,0.3318400947111234,80.76543505142295,3.6948701460995204,0.10347340429525391
14.21484375,-1.1356452499159688,-0.6974944634710809,5.88508323584032,0.18060369074910176,0.212291776428627
14.21875,-2.0415136015993016,-7.98869348048793,-7.068312848389127,-12.079647967756658,0.9259391693224936
14.22265625,-0.1153346706404513,3.1714641275224853,27.06155361237258,-9.153311868693148,1.0708471887778641
14.2265625,-2.6809665848487616,0.7801822062082916,49.80914827581485,5.202141170331865,0.4002213210134525
14.23046875,-2.8893131280339763,-2.044831436574248,8.980406614694118,-10.969694977668205,0.0371459105340735
14.234375,2.420107452148027,5.5967242947561235,3.6828342822609272,-14.36674571225824,-0.5544542885508904
14.23828125,3.775275684599426,0.5200232544948689,29.047824606762266,-11.904122681832117,0.8212747979116801
14.2421875,1.15969345180272,-2.356160417734164,-25.17541045289424,-2.707737507162168,-0.028945208308200975
14.24609375,7.128540158218799,1.840571786496803,-12.831636668744506,0.3271217475969852,-0.5864016292613174
14.25,1.5663313239792005,-3.42233725493419,-39.96008140191903,5.542410913277053,-0.00915081180286301
14.25390625,-0.20379190304185002,1.1706059196119858,-96.72950105499531,-6.090936255113339,-0.867466591692416
14.2578125,10.577464513209677,0.35670917948614445,-25.522298857878123,7.404819827601447,0.11555351538350694
14.26171875,-1.203084321692978,-2.0054236365185103,-45.95974894971221,-9.180458972993113,-0.5510315987454597
14.265625,-1.6201709269891955,0.0679883908942813,-29.73654429353476,10.987774527854441,-0.7734567671304516
14.26953125,-0.20506255039095797,-2.9758608200108307,-10.832345881167381,-4.142289423380715,-0.23225528205193152
14.2734375,1.26608111300093,6.320035412685088,15.055293730456846,2.1359974935223343,0.25544205741040493
14.27734375,1.32488839096424,-3.0538050291623833,-43.52900854672777,-7.520262441193005,-0.2480153500473493
14.28125,4.696417118370268,-1.0459654596368857,9.175702918399145,1.84242665741687,-0.010828239282278001
14.28515625,-2.8799255611262273,2.9754905220926977,3.762300839655661,-11.15880940808528,-1.1183358230435139
14.2890625,-4.9768190920673705,-0.7524519979688438,54.59544543364681,-1.8959989525451628,0.02054552503984941
14.29296875,2.0860316385794895,-3.414648753504,-14.131238763919722,-12.147901201999392,0.12799268011240658
14.296875,-3.324233152233183,-0.7350225314437155,31.33312160542889,-9.622888400724733,0.006043917869290447
14.30078125,2.2916679912510336,0.2004732129342181,30.542572125469068,-1.5467712977525467,-0.24432298298444988
14.3046875,2.4651873022537436,-2.2459965699717497,16.772990640184915,-0.8943429203332594,0.7141207556668135
14.30859375,-3.0932193366861305,4.468179932420877,49.28015785921194,6.746465425015093,-0.20916787396864103
14.3125,2.4624263582561268,3.9746129499527627,38.64850217445385,-3.815050544184199,-0.2936071694345259
14.31640625,-0.5125557023996261,2.070156677982399,-19.000209848758473,-3.359210135985405,0.06017767643047658
14.3203125,-5.491653697165815,-3.6484760117762276,99.44633527136045,3.274357568854316,0.09015174999836775
14.32421875,1.7288100848384265,-0.9398633340124194,-23.014820558137842,1.969928098608769,-0.2975476527087009
14.328125,-4.7669989801467105,-4.1071436077189984,14.212422860805741,18.843041817159992,-0.48246653657013194
14.33203125,2.0778925533842028,-0.7007984711729079,-34.62440575711125,11.985505374846893,-0.4610121002337862
14.3359375,-6.796560449217602,-0.07752286936998559,11.08226755337668,-0.13040774712563286,-0.1428797702112344
14.33984375,-0.7672985092436672,5.064576058798022,-12.051968886008515,3.2211711587539664,-0.009818459463882004
14.34375,-3.5247716272905865,-0.8629087546004954,-30.972791572301254,-10.796463027609528,0.5684678316945857
14.34765625,-1.606297660578606,1.5146424518987422,-31.519198780688523,-6.649963237842663,0.4338346882037151
14.3515625,3.9054923150666836,0.1545029714613059,-26.443061737627787,-1.635126648875156,0.33582343753117466
14.35546875,-1.9542011608448309,-1.4691284890563716,-54.239338527170275,7.339375302806312,0.07074597155823624
14.359375,1.5822694289951962,-3.684391995380067,-30.005000870916703,-5.659093874968287,-0.092688827177406
14.36328125,4.694174941873308,-3.8731141296677114,-60.64287976484647,-8.323544263806381,0.28465437589724807
14.3671875,6.806331718772536,2.5028269339355127,-57.98510596183917,-9.844165226819875,0.012247321315091327
14.37109375,0.29114977468715414,1.5874516628040845,-35.05681080609952,-7.662397648294918,0.22328515122703485
14.375,3.9095598851493665,2.2214760255163752,-16.84357344962877,-5.176157031160235,0.29220101637930995
14.37890625,0.27309162591183705,1.5521977960510611,-47.615539869223944,7.364060862582957,0.20341134768175845
14.3828125,3.116020489220148,2.9987491067026815,11.200237673108045,5.10435493193555,0.07945939798750401
14.38671875,-8.196440222772381,-2.125457512479321,11.512598408811177,-2.074731337205809,-0.6867342795091462
14.390625,5.642718836861478,-0.037105009011284974,15.093080068961275,8.265147430665275,0.8731660659246067
14.39453125,-1.876914621937971,-2.7798965790903845,-11.136678693379725,11.455435395170767,0.19702985114564409
14.3984375,-1.4517778805758603,-1.206043686509624,61.47617201987552,13.72385993938723,-0.4657540145615471
14.40234375,-2.4929736240743035,-1.8364115079453245,22.739025583036813,4.995008946203427,-0.6755435059226358
14.40625,-0.922282780219408,-0.7354557527963804,44.353367001739656,7.224348529858218,-0.8950500008632896
14.41015625,0.47216445920995137,-0.049163359877084305,20.953073690906336,2.8255476543964173,0.18647816967443015
14.4140625,8.82493841721887,1.6114708005201397,-8.677095384566325,6.216252222202694,-0.8558856327848238
14.41796875,6.031292763978887,-2.7549145426427053,48.92222321924571,-6.3882625381640175,0.2842388276069338
14.421875,-2.883736126104255,8.967338687905396,38.984576853091,-10.947828421247662,-0.9550195561566193
14.42578125,-7.308383571282036,1.9788494114494388,-30.926899081992303,-12.516494495153664,-0.08438910914875987
14.4296875,-3.931396901606209,3.781030609777769,-5.994533697395199,-1.1542255418251632,0.15962461218204954
14.43359375,6.102248879175628,-3.5454466251429775,-14.94411720953009,7.0892696749947826,0.27012911600162826
14.4375,-0.5106283833139896,0.41311328073418235,-49.73927677045185,-2.8790508123276024,-0.7785392354770889
14.44140625,-1.5186524443283724,0.6384907403062134,-90.08637921770335,-1.0558413901495831,-0.02661020305355554
14.4453125,6.289930623086229,0.18567112123221063,-42.145455224311746,-7.847176299809904,-0.29139678550642456
14.44921875,-6.422589583932094,3.8690880797146,2.6589417465518217,-4.9125763950119765,-0.3833384527948511
14.453125,-0.4689075222491633,4.02408183465805,-20.810739281650957,-1.8891284401464503,-0.4655760335700631
14.45703125,4.97079752214252,-5.378424360192187,44.4812025520205,2.135389942317439,0.6701645982396004
14.4609375,-3.8323824330469445,-2.215405564107506,-77.44587127791175,5.302838361357833,0.09860908805485535
14.46484375,-3.5244870352816013,-2.786892744638653,4.881559790378191,-14.154364598701687,-0.15616008684903418
14.46875,9.548170108601347,-1.7103068487748647,-7.180831332219614,-9.302262887771688,0.7991278122219172
14.47265625,-7.706298020432067,0.5593694387687249,-37.88588055869281,11.34160527650634,0.9089203629950428
14.4765625,-3.161126290774364,2.272656410201889,14.410193624393765,-4.29322015926767,0.7386186557709986
14.48046875,-1.141206835253618,0.7992845191869711,-4.866489758291038,-9.346188320164252,-0.5832941378833794
14.484375,0.487016053060038,-1.749092614508978,-49.930542928144675,-11.462082595271113,-0.690942253638478
14.48828125,-0.840912737255956,0.09063281543393618,64.05680406914607,1.670376708660577,0.6267708785575423
14.4921875,2.963584832403188,0.050424948298204826,35.07423613079969,-11.2381422127077,-0.4026446715965743
14.49609375,-5.224806255595464,-1.9065378032262432,16.623055137482197,3.046390853439983,-0.043886020312424175
14.5,-4.550836378308721,1.165944850164338,18.472208438110236,-5.248277575995735,0.3702147578582483
14.50390625,-0.2856040802565672,1.3734512848029872,6.1127345544094815,6.629491905914275,0.3985125998822804
14.5078125,0.00342150487929967,1.7946193298210054,33.93975202404236,8.791027394214165,0.3422442707607795
14.51171875,-2.0457214051466046,0.761337077454801,61.82746753641791,13.121957386217911,0.8057352280555898
14.515625,1.8030428071024789,1.0666199843642081,12.683068763346418,-8.356652671775434,0.15084422106604933
14.51953125,2.9275916190594478,-7.529211641876415,-9.610259352351978,9.98527129242709,0.2167831588840868
14.5234375,2.4365122402338746,6.830716492005394,-27.583274397543878,2.591162692477267,0.2681157790915854
14.52734375,4.916607993332803,-0.9846184642283882,-7.24275223273435,7.535496145180884,0.3146307293550759
14.53125,-1.065060822648978,-1.5857604252458626,-8.147277790174755,-10.981988312931556,-0.6275621104796743
14.53515625,1.0529514688939616,-2.7289359480833117,-11.944299534777372,-3.7792649787140347,0.26242714670727785
14.5390625,6.2480317674439,2.906618075708825,-41.555534489988844,-7.908618499990484,0.8260590963932257
14.54296875,-6.822525565929458,-2.237884607953718,-6.279182287494677,-10.76329916129858,-0.021945169182251208
14.546875,-6.231397326782802,-2.0528217373009054,-63.836269883508095,-6.779832716789103,-0.38613156071873656
14.55078125,0.5229829925760654,-0.6731109160822597,-31.199165263584163,-8.70094306021561,-0.6393776156350994
14.5546875,2.6285016603650595,2.6158241474338357,-49.92862313582341,1.9285543313887858,0.6165886814771654
14.55859375,-0.2226017874852095,-0.6858384875563841,3.399035851011316,-4.056294495848057,0.10769884790503904
14.5625,2.2863433537331552,-0.48913266683338874,-9.347278664344337,0.9578774332977722,0.3293518144998613
14.56640625,0.40753878679011113,-4.409762171871073,-3.7503286536618843,-2.3883475893990953,-0.552400633991707
14.5703125,-2.1693708958284397,-0.11823828055342409,30.899802813544095,-0.39735904718403114,-0.6436695767558238
14.57421875,10.47657253343848,1.2278571459107022,-12.005816626183499,1.6340119972893654,-0.0474946913973872
14.578125,-2.7780290683781415,-0.8576256529840711,-21.814410161474115,4.831723500864284,0.4020076545422115
14.58203125,4.421042825572161,0.6019564913501698,18.162722790149036,7.976134109090966,-1.1222566657025534
14.5859375,-0.10577662119208055,0.3195658355092884,49.31235113229057,1.5519891989032262,0.5715538500611194
14.58984375,-0.19163514868703163,-1.4002053155417957,39.034596717629704,0.07187296901315765,0.40708985815167303
14.59375,0.4228209383200034,3.9122302137839338,62.48192385200551,-2.194290643781986,-0.8508101583860737
14.59765625,0.8385311527877216,5.461987696935102,11.894621946327398,-11.198005165842744,0.8392629714885516
14.6015625,1.3657864340029071,-1.9781021153454754,7.864107162287368,-4.995805672573052,-0.3351430194275084
14.60546875,-2.611078537194031,-1.8039123980597211,-24.272046160915043,-14.355411405722446,0.050475304687484804
14.609375,4.972520994731296,-6.315661686393005,43.605213859832176,-11.781127075528474,0.12486249022540528
14.61328125,-4.710891344803144,-1.8253174578738558,29.126050065273773,3.223357987656219,0.5036733873481294
14.6171875,9.909235919716885,4.607444923632315,33.80743731275676,-7.705678530772126,-0.38243807704116384
14.62109375,-5.012127369065159,0.168362895329161,46.77853647015939,5.502283654298193,-0.32604107309824776
14.625,3.2701638914605917,0.24923338707701448,-22.537061967300467,10.318910239018155,0.5932832732407401
14.62890625,-3.170477466340728,-4.995774759753919,-19.675036052119744,0.542500186204657,-0.8481367364930819
14.6328125,-5.018083102778193,-2.1029103979971193,6.897943325977703,-1.7363994260593643,-0.6138509082629828
14.63671875,-4.576491098836963,-0.08771686499913964,-11.01645502095722,-3.16808156732545,0.7855452761590318
14.640625,0.8884888099738897,-2.8009186094986216,-11.611747141741567,5.249623447593531,0.15889912102817347
14.64453125,-1.4670450407044793,-3.5749581642694324,-74.93438463305276,5.690205535550279,0.7347782650439113
14.6484375,1.744565457712695,-3.4726817197872264,-83.31194142261475,-4.0962147627798124,0.3591184125862701
14.65234375,-8.281322528287248,3.1958857996482175,-8.510226926195838,6.6383901667198355,1.0303429189855748
14.65625,-1.3195294746802566,0.4849869779778478,-2.517196990581814,0.2772830245627876,0.005057364624849611
14.66015625,-5.821891400921108,-1.6490947812723502,-12.679142506685608,4.118036280276091,-0.5687189566834636
14.6640625,3.631535955678474,2.106907843881227,29.683364484107408,-3.0824112386111127,-0.6677674610657195
14.66796875,0.24433668744744583,-0.611529657677713,-47.29686303963783,6.904442750420097,0.45613243034328715
14.671875,5.1330966245953675,4.72931741518685,-11.944129823860633,-3.4510260553840064,0.6108789537699943
14.67578125,-3.041514956727322,3.551254139799002,28.723498900401257,-18.758982452502636,0.4127336331923516
14.6796875,3.2372755722868396,5.973611888966091,12.027345662845347,-18.454479259084643,0.5387553162802322
14.68359375,8.784990093395216,-0.05506225021925686,76.02890793643462,3.2269323166712804,-1.1757653459157071
14.6875,0.9543163665225337,4.752734711589058,17.049547140156537,0.5037380754057271,-0.4082057246734493
14.69140625,4.216598801971749,-2.58534680146615,-19.88858465432718,-1.263279507198463,-0.43146425234180746
14.6953125,-3.118738541256986,6.122738629145541,-5.1882745907335845,5.584841895898503,0.24998966175243134
14.69921875,-4.245636207990211,-1.432577170986441,11.145798354529587,17.852144665999372,-0.23643507063790123
14.703125,-3.508562383118392,-1.2310539340948727,68.36067786833122,7.847514652751959,0.3419825306866807
14.70703125,0.5615089688430296,-3.028431732822172,-26.417308657946798,-1.4467211605118062,-0.4018810526464745
14.7109375,5.192321948974904,-5.000127141318063,-14.385905945050638,9.43775206466524,0.38600864369894256
14.71484375,2.4530822848102916,-2.389551327088525,-17.976078118370648,-0.6549093699166615,-0.00611247541405873
14.71875,-8.850944142033638,5.468255200246916,-15.084823237175542,-7.1472044169344695,-0.5386126773479089
14.72265625,-6.629686091301767,5.94236063130675,-25.901815695850832,4.802405043601032,-0.8587701962945432
14.7265625,2.949252290898326,7.124588536518933,-25.02045639449937,-0.16103622405626883,-0.621214612843057
14.73046875,-2.118123771828246,-0.48459502174606195,32.09756914133372,-7.071314760102769,-0.613827146707634
14.734375,1.3950067950415082,1.3485854860750872,-67.32731071690438,-4.281150645439799,0.1282345389924855
14.73828125,-5.022557659231662,-3.1735345975075147,-48.41191591681128,-1.2929575091846583,0.2614217197965281
14.7421875,7.110791268482482,3.153506218536659,-36.71193018511304,-5.591041654151738,0.3769560135962005
14.74609375,-1.8212901641758013,2.1362548850612364,-60.313209287154024,13.643866990352098,-0.1444905807151943
14.75,0.5855757927621976,-2.5951992916892435,-45.23775036874339,-0.5647631024861817,0.3907665324901546
14.75390625,2.1890266580391806,0.8122004104769704,-16.843846923198505,0.36073406535941066,0.6814214438817706
14.7578125,-3.9057458247587746,-1.8379690541515117,-10.234635929780705,-5.263688771729528,0.47798431792785834
14.76171875,3.3565253449885746,3.6542805765068618,-2.6816168807907634,5.435866463874453,-0.3716342316816433
14.765625,-0.4977047193543565,-2.5747804017523412,-16.97047612846794,3.319569612743572,0.2859442778624935
14.76953125,-7.732836003585527,1.359744899665939,38.070408271980284,5.44851111480162,0.039211925596093426
14.7734375,-3.558490730811364,-1.3267988403658053,21.63795648597229,10.500491919184954,-0.038436258291470925
14.77734375,-3.2355474461708797,1.2883896645257538,-15.692502266561224,5.420073463425402,-0.251364851898019
14.78125,9.652423448146028,4.46068996777643,59.10881799387096,13.18957762883841,-0.6898786907033153
14.78515625,-0.055364284823674635,3.065589607732085,7.8865699493069314,4.023333673102436,0.17224287930681045
14.7890625,-2.2395525435212944,2.423425239579938,16.561898950214854,-1.4933977498436404,0.24295005503378486
14.79296875,-0.6755145559303876,0.3468242079574225,41.2238951933346,-1.5953937721295648,0.0068956229151206335
14.796875,-0.038976006890645745,-2.481743337468993,17.06179201397986,0.19896983734207563,-0.4795575021042476
14.80078125,-0.4113404741929189,4.684215195923555,7.293987922756477,-1.0563071015151602,0.6598475750332494
14.8046875,1.2736951864475043,0.6207161852970207,35.75501314173006,-3.18350605978402,0.08754847104181163
14.80859375,3.646445210321006,-2.201490436037302,-41.449442953058,1.4927015360341676,-0.20114491556153075
14.8125,-0.1327911381037694,2.9973961526572874,-12.475031373794435,-3.2986607141285087,0.4603266178439993
14.81640625,0.4421688353044993,3.5539497638379443,-4.872208969762384,6.154241580566021,0.020873422507934072
14.8203125,-1.5595886772114698,-0.7910675060762167,28.325374589170337,0.3027821986141017,0.4328078324570804
14.82421875,-3.990295052906793,-0.10669389128763429,-60.76557970167877,-0.6752510218987613,-0.3094750172387498
14.828125,0.21589142586184548,-1.6523167807496235,22.029459824706507,0.9223397519711325,0.060377506638879544
14.83203125,0.15277968249390722,-7.720385350824114,-9.425461485385995,-1.1812855955879185,0.6653839706678479
14.8359375,5.651965520184849,6.0671889118134725,24.37222867869323,5.541515419461856,-0.011902071236371645
14.83984375,-4.7704757646478715,1.1058198973785713,-44.13001461433237,9.500323522471305,-0.6393361701312263
14.84375,2.9933934468744385,-2.1891800900639455,7.854534034383562,-2.8779671561025086,0.022884524456959533
14.84765625,0.7092516916858875,-0.09048242291458299,-91.26357995778645,1.6493197530087416,0.23287585164434496
14.8515625,0.5475529675473929,-1.8538869282766453,2.059787162121708,-0.14216526783304095,-0.18280597525393263
14.85546875,2.075567365953993,-0.44623395624632367,1.7782593156628765,-0.7754357925511135,-0.1913719852115585
14.859375,-2.753151892023757,-1.5884390686786765,57.519179222984036,1.3682763260074475,-1.2278651032793995
14.86328125,5.269178767982726,-0.9808417558074385,-6.205919142515398,-15.906111723940084,-0.47859303083307697
14.8671875,-0.4824724681860321,1.3897957691571505,16.06552793978825,0.25584799149816284,-0.9367824278472042
14.87109375,2.5663232392918554,-1.9940295183149306,80.38950601693486,5.492959708957036,0.9340456608858618
14.875,2.013492002507558,-1.6577936215935867,25.068354963549307,-7.218552947357624,-0.35980308648852455
14.87890625,8.084600097765344,3.804846326516626,66.1730365990523,-0.26952028396591277,-0.1488443437977847
14.8828125,-1.0357850097053831,6.110067769131351,20.07934187708194,9.426627859872042,-0.16171141575416448
14.88671875,2.274083816479848,1.6906635339080927,76.88059578366965,11.100454861753263,-0.16908836724889373
14.890625,1.8707202750191478,-4.554363345630174,33.91255025107735,0.6328092465000661,0.5357686836578811
14.89453125,3.948011831341849,-1.0253404410452465,40.232892754838254,-3.6301472646443145,-0.41340491883366814
14.8984375,1.6644426527403091,3.533083811439134,9.458197145357374,-5.54962901602388,-0.7881495072458107
14.90234375,-6.421508376196086,-1.3879544693677086,-43.64442207345208,8.701191587135337,-1.3360068433047136
14.90625,1.2798854139805138,-0.46714420800875145,-35.57360100241928,8.154549041879367,0.7175184228455108
14.91015625,-5.159389906177139,1.1183347993305726,60.17614986215685,-4.213927206268176,0.2968759818334016
14.9140625,-4.705567300960385,-1.9953759125541803,-4.937889644311449,-5.163439730865337,0.30621463927336223
14.91796875,-1.9966316291272168,2.674949572741849,-24.135359396438297,-4.55832547472619,-0.1228724060303682
14.921875,-0.9023511859729806,-1.5569475177905927,15.717382525535697,-5.983383686764965,-0.33392400154193086
14.92578125,-0.15558701280429865,4.207402256771259,-20.842673355613535,-8.347380211443477,0.14156356215981067
14.9296875,7.425709441364356,-0.9607336663373143,-43.829025274136654,-2.774622636241049,-0.7111162152837197
14.93359375,-0.547627400097896,-1.463959698196778,-33.38866184816352,-4.369971429649847,-0.17748408087019188
14.9375,-1.4591346548131143,0.5143113977709215,-31.99191281950776,7.83605298881702,-0.14154946585274641
14.94140625,-7.582011873807666,0.19031921426885978,-47.214986681965655,5.940450133169843,-0.17111794698466276
14.9453125,2.0405274081173026,0.33015048041634315,-21.02542131786913,0.1188508791095364,-0.5634213574349103
14.94921875,1.7976905178313407,1.8424920255769592,-11.047104872392223,-3.194464720817954,1.1051136486462667
14.953125,1.188355998246782,6.890773570964078,62.889140013427806,4.8702790762315535,0.7970598749674958
14.95703125,-6.758681157717155,-0.3122155473258174,-13.362842177428705,3.883938114294067,-0.13669720556812023
14.9609375,-5.616302911724507,-1.4015633546699902,-22.394985473847044,3.61339169221014,0.07722101183345707
14.96484375,1.9339026268455315,-1.976358125853366,68.65610461932074,-1.6286711525184903,-0.04001762341892464
14.96875,-5.433759799096853,6.099198959008792,35.979880168965764,1.0324016699845526,0.28166401068483016
14.97265625,-6.076472097748228,-1.4063991508609377,-46.78506276011183,-7.153652106388385,-0.2156751296695382
14.9765625,-2.9801980043604,-0.5588878307232169,19.66732135042091,-0.9191789178560454,-0.012809090960897242
14.98046875,0.3797953396884951,1.6154219303443695,29.112575824155726,3.0759914389283276,-0.5788874156769284
14.984375,-6.047502845482827,4.793118690445815,-23.67981957773449,-4.632405857734964,0.25983742424066025
14.98828125,3.7416349193545853,5.051982069354687,29.238116991310907,-11.865455822111977,-0.685337742230937
14.9921875,5.154482588171714,-4.681475103778071,30.38991517777825,-1.9241000019144332,-1.334844871608563
14.99609375,-7.823853720964761,1.7763184527768332,-0.5268938190552701,2.618698571288782,-0.24558958199947967
15.0,-1.95253515090146,-2.1935984195076483,-20.08124666039842,5.132209743024943,0.39117713763442225
15.00390625,-9.17539069629234,-2.316597153744943,-54.27561610597479,1.7824041116267884,0.16794330414519718
15.0078125,4.06258521199932,-0.8555816602590796,-17.318837343946036,-2.7219870084865523,-0.10360161844242147
15.01171875,4.144476708664369,3.5309120868015964,24.8845334073945,2.924758076259926,-0.235385900229167
15.015625,1.8744515791690672,-3.4771421811759975,-5.809938522146226,5.772912098829302,-0.455221175921698
15.01953125,-4.933349545146477,3.6642469575534182,-48.379134006409956,0.9559048866853552,-0.1727133166845388
15.0234375,-3.5775923233438456,-1.019343547311646,-78.24931168095803,-1.9161691587550123,-0.3239535183910114
15.02734375,0.9952798805715014,-1.5578132680521857,-31.313951741072433,1.5414198041411022,-0.28970742152058554
15.03125,2.5110655668945774,2.449268715212576,-16.433333786132415,0.845233682795248,0.06829864658180956
15.03515625,3.186354949620352,0.5665341863017502,5.584238965827172,-0.24195249309715572,-0.26269034372128125
15.0390625,-1.9090356405499798,-2.5493039389406413,-35.29505013876003,-0.39041909035833555,-0.5568505818866872
15.04296875,-3.032191321708385,0.11855216642901216,-3.782073372055187,-0.4092153377853389,-0.13928904981480042
15.046875,-2.1596824183432934,-3.616078205965266,-55.314263590978264,-2.93356890285642,0.06556538552348767
15.05078125,-9.259155751806572,-0.2911571119777171,-2.158093456784588,-4.6966420508835665,-0.05390437120956726
15.0546875,3.6795808865746027,1.9161960680781327,21.047335172723578,4.621516804231813,0.5455864313953768
15.05859375,-1.783207382349012,0.37328969413852975,8.556780096783294,-11.479291810224964,0.45178437683893535
15.0625,-0.6099256635095349,2.2055438661515163,17.233855492419366,6.8375533349693995,-0.7626254818462819
15.06640625,2.2282238766472733,-3.5893857340381974,22.937939913247543,-5.404359679788434,-0.361103783800246
15.0703125,-4.294203614539685,-2.098886855949549,58.19681571716466,-4.450383704252861,-0.8141286894897708
15.07421875,0.35429230339630724,-1.300486998564802,44.156067618359415,10.839685098996195,-0.12678611259549816
15.078125,-12.691747807926438,-1.9693047612311618,27.643759598073494,0.9567166766667405,-0.9076235192224232
15.08203125,-4.6585448392282975,-3.438004532716561,109.81029481484593,11.477046535371798,0.8690718186929055
15.0859375,3.0216722279701993,4.439541914438556,18.945934805663022,-2.3400626445430395,-0.7872050849691576
15.08984375,10.82047935151168,-0.5189690835165076,6.856952903630244,4.8720556345061246,0.44946310341935014
15.09375,5.32349418957917,-5.267475464791484,4.302102610600247,0.9149806392049757,0.21231687824724912
15.09765625,-4.439445818627175,-2.325135942560832,39.264693890720174,2.0989052125950733,0.1303715349814497
15.1015625,-5.246444014855298,-3.3033958006378352,9.51190974020139,-6.649954144656595,-0.9995828953825349
15.10546875,-3.565104121499245,3.269708089316416,39.93560499784681,-0.5849991770090202,-0.32629821952931515
15.109375,-0.8736978192436415,1.4260669415039957,-8.340974497012722,-9.958528215878584,-0.7035250438059031
15.11328125,-2.6706502905083647,3.4356358680933674,-27.1221819034632,-11.624399268377498,-0.3626321312413797
15.1171875,-6.434987555318736,1.776483338347222,-13.334771064104562,1.0261219984068033,0.8881684042419657
15.12109375,2.5138349541692397,-1.165727561698254,16.165845346987858,-1.8769343638406588,0.5413253569122235
15.125,5.972785813915346,3.5235394963513667,-29.478143060551982,-4.997023324237884,-0.0815173640826166
15.12890625,4.808074194316319,-0.3519221594638011,-94.28130928638019,11.642887844737704,0.053540871138818315
15.1328125,-1.2982523298712625,1.1019356371022089,-29.407794230356366,5.5680096698499035,0.3373491598186948
15.13671875,-8.225156680386158,-2.727079966869446,-0.3175272428124529,7.908504541229126,-0.1518395094625601
15.140625,3.350256835228623,-1.6815519381698776,-26.92977321605634,-4.374672837505107,-0.06409565801863656
15.14453125,3.6072053826718076,7.517079102645617,-22.944338706780453,9.70806534694879,0.2486558735616202
15.1484375,9.285956945409676,4.172802602020702,25.567051425820384,-4.7808716376014075,0.41190542813490094
15.15234375,-2.7784769186697007,5.388805571239298,13.186767595753953,2.865699622364769,0.0183620802510655
15.15625,3.670129789762,-0.4295508318222012,13.689576643187197,12.13501760900731,-0.43568735592427904
15.16015625,2.6250383386340492,2.808635226794501,-7.404944627322326,15.205207031396863,-0.00034499514235430837
15.1640625,2.161102994549229,-5.1488574746399705,25.693210229471486,-4.181082792070006,0.5321888944203746
15.16796875,-3.7036336079063243,-3.3351987699873016,58.736308360299525,0.6439209864343307,-0.010929194423675228
15.171875,-9.979669225278196,2.3922339549911906,43.55914579481674,2.974199461379209,0.30329634044880405
15.17578125,11.304180366416542,-4.4915332814556415,32.36481137934922,-5.270247151860722,0.3807728633313806
15.1796875,-0.013282872425363275,0.9948084200607281,-12.06330403101093,-6.865961607267989,-1.018227162003911
15.18359375,-4.040875698854826,3.914359429154676,-44.43056330819985,6.955151110482126,-0.3993351979154888
15.1875,-4.163146415585512,3.7832687050422678,5.539545700321846,2.5007185710296964,0.3747200975630105
15.19140625,2.6063517959254954,2.459073279686714,8.826735852670762,6.282006203303856,0.22633664347963578
15.1953125,-0.6433617921796497,-4.832807759471401,-21.157914616957495,-2.2774533535986166,-0.04317331779087979
15.19921875,-0.026617046731493812,-0.9444394829254148,25.736426159036085,-0.6993011628637422,-0.2567355985767403
15.203125,1.3920429686608762,2.4545900305106803,-11.386051108849728,8.279531046794244,0.19654638001282998
15.20703125,-2.6077043162080837,-2.015235125607077,-27.595416462086803,14.241838593463001,0.28434796512672983
15.2109375,0.7459400133509024,-0.05762572632267074,-22.714678708806673,10.403232844135548,-0.32599364882911
15.21484375,-0.3612045195493621,4.003699468712389,4.827872330124741,1.900058783719835,0.08189018670625431
15.21875,-2.5736650066739886,5.046981767861575,-20.31005214044798,-0.33059014977301526,-0.3827991248108331
15.22265625,-0.5374781270692368,-2.800354252687823,9.781912828838497,2.1795971763597857,-0.3446608905230714
15.2265625,0.7357056228639618,7.328084495060422,-56.9334268146153,5.690973517421902,-0.46157892136935386
15.23046875,2.074153750911869,1.0571081507850768,-29.83793139511984,-9.875120476201324,0.5286502249010283
15.234375,-5.148832078441759,0.6538565273435859,-23.214217087160115,-8.916199855436417,0.3485834861703627
15.23828125,1.2699640276118538,-0.6926668562788963,-36.9209299028736,1.0331466550041593,0.21222762232746656
15.2421875,1.5163324570587302,-5.191392611543709,19.825735572054036,-12.866431046627458,0.5223227240706192
15.24609375,1.4032139182402625,3.541569101243401,46.297312796619416,15.24429711577558,-0.17400924813802882
15.25,-12.100630686147468,4.376573028023499,18.10591408030088,2.715060195533459,-0.6842343893428225
15.25390625,3.009197874193801,-1.000322757151516,26.761504868120838,3.8990855395748807,0.09265184937675286
15.2578125,2.305977033677698,-0.46267783114159655,28.978278914546625,0.27721922244693253,-0.04456116729918465
15.26171875,-3.5233988354760086,1.705174571277472,30.85656405898011,7.955772089727393,-0.7747457991713768
15.265625,4.678445167842666,-0.8586129267967937,31.00397773787951,1.6331467384739176,-0.23629391357185964
15.26953125,6.154181185886067,1.2489550533919644,14.442478150410578,2.4774906074262217,-0.30359287756205494
15.2734375,-4.258984091000347,-1.3727145693535807,66.59001429664704,10.44262809117677,-0.041015847968595844
15.27734375,-4.319922906750453,-0.11852039593868627,9.363874795006787,14.120103276316105,0.6466036082467662
15.28125,-1.848757434950055,-1.0620431653014177,56.82184513387205,-3.1340288924994852,0.43575276594530105
15.28515625,-6.292983026900522,-4.471698027604073,49.89258866591897,6.291022905440549,0.7723872117534032
15.2890625,-6.071863043305101,-0.7785843475334442,2.752646387444777,-2.384052148067148,0.3892810017661618
15.29296875,-1.1686341372643672,1.0960439607661017,-65.21944673281565,-5.7564896811568,0.06645004801591856
15.296875,0.06047908126903851,4.511274983542392,-29.67800160637971,-1.7940141713228366,-0.49912276074659606
15.30078125,-4.343191258231019,0.2202585091369782,-21.107684682400645,-1.3957886394114292,0.042066227937828944
15.3046875,-0.4798464476837971,0.6869668458452391,-28.453741171790245,-1.7779480615101826,-0.19820391749046895
15.30859375,7.271004002773031,1.1501626858885194,-17.54098650294617,-9.185729226638081,0.6383072249109772
15.3125,4.7325578467784215,1.9617509981958887,-16.925534361607845,-10.803115961154113,0.09239090429807979
15.31640625,1.122940611688523,-0.4134874615985119,7.539407946924847,-6.828311639607321,-0.03295178066317217
15.3203125,-4.878976055053066,-2.249094518306192,-37.20744145414827,-4.021012313739892,0.7175218344718761
15.32421875,-1.0615118436019633,1.382393955524225,31.9129963625738,0.8787271349108035,-0.3333488707102632
15.328125,-3.4299369192402955,5.376823962609823,-17.86531826810933,6.269839421117005,0.19620398348314436
15.33203125,-3.711684644239434,-1.6056258584885459,-6.611648577153727,1.036443481657653,0.5652910160454258
15.3359375,3.59154904618936,1.9105804703244775,8.72836114136375,2.494094346878734,0.8308133779833086
15.33984375,3.4914153006216933,-2.647101300671953,32.62769510382384,3.4905017498658193,0.49816695754926693
15.34375,2.8446915001243447,2.5666949520450126,42.72263550969103,3.7968665280859213,0.2979027050153201
15.34765625,5.767342295414386,-1.3186305189904752,29.20971705789342,-2.939747094927585,0.17450677776538967
15.3515625,-5.6228403561213245,4.694023067167316,31.631501593771837,5.352445404561051,-0.2523034045588936
15.35546875,3.30971746664198,-1.4521399194292433,-6.905740293813778,-8.841968066311047,-0.5291458170189711
15.359375,2.419493124377064,-1.0994066211065574,7.247272657007624,-5.6251016002295735,0.051100812495061494
15.36328125,0.5833077107868895,-0.7696195783780896,26.074368201053645,-3.068731966388791,0.37062545752619164
15.3671875,1.0410395068732952,1.0217087946043613,-16.633692412127374,-5.237489829557104,0.9822925880138366
15.37109375,-6.090526968156379,2.855415030804755,16.9251999855184,-8.312061822561052,-0.06727254740840483
15.375,-1.6880944601327201,1.8116879878649033,-27.141537606703555,8.018792367484279,0.9198020497144371
15.37890625,4.432616672589825,-0.4978221648726048,-26.151950764891655,1.082963981226042,0.4375521568513077
15.3828125,5.281876306997369,-3.214582911662181,29.71667201370433,7.292188135320572,0.016746396438522434
15.38671875,6.905647133667287,7.250718255142623,30.773481854819174,-8.186966121857449,-0.4091471696160466
15.390625,2.3371440294581105,0.45573080757100687,7.3814288542043585,16.402227315351773,0.30361906139505057
15.39453125,0.5158173331035318,-1.5292958663931024,-49.969232870674006,-6.891049775950911,0.15944801427417046
15.3984375,4.016092578086966,2.5524587944314012,-0.6519986352584404,-5.2154570086824785,0.42010009028448086
15.40234375,-3.818539086744272,-5.5076898711876385,-71.9740047424031,-11.291901104704449,-0.03718887563289561
15.40625,2.8637678772723176,0.747722194508531,-53.134323754527585,-1.5821199722315868,-1.013487570045161
15.41015625,3.160703686458164,-5.476414557554666,-37.35616327218254,-5.080873378473089,-0.022879727699764884
15.4140625,-4.226674875190157,-3.4462420789104744,-41.42968034288429,-3.4172268437358273,-0.6359603911682448
15.41796875,1.4944745599233766,-2.8243219757828775,18.802523613367487,-4.4122073135002395,-1.0803244376683452
15.421875,3.899125441027547,-0.7449797800963316,-9.264340229091452,-4.995562247567883,-0.040679301146261906
15.42578125,2.2907425200945,-0.18376647923010486,-9.659560041117562,-3.5994553808354066,-0.1851321316634375
15.4296875,0.08824226698284679,-2.57997967805868,-27.41534827784387,-7.257284497343774,0.6226870907571583
15.43359375,-1.4596045051199273,-3.6913167632455655,-20.92652487480128,11.54717508563164,0.3131126697794544
15.4375,-2.349037159566667,-7.3048754985605,34.02670796274943,3.533328772314118,0.12924646646673954
15.44140625,-8.412835487592066,-1.4247922577063439,18.77405164903874,7.655340321205256,-0.7190298063647688
15.4453125,-6.517476015931778,-5.595140798269741,14.925516352910883,-6.6379605643103865,1.241453800023975
15.44921875,5.777329741381349,-3.4147455046808184,62.32833343026304,7.0325110363733705,-0.326644736325472
15.453125,-9.772801485696759,-0.9324765753813408,56.50672703051248,6.802117813182636,0.7378629756365449
15.45703125,0.8055639495469472,0.21419374808131414,-8.77522026433687,6.934724975077678,0.38321972379235775
15.4609375,-3.009857082455784,-0.40635037240052796,-0.13115406931430584,2.4279381707760637,0.4390909573201418
15.46484375,1.959234229642004,2.0970848508974615,7.076614769230897,3.4763339598422816,-0.6433982249308384
15.46875,0.4385986062447406,0.34781781064995415,8.58058168753276,-3.418460540170652,-0.6038405300789065
15.47265625,-4.102297077564989,-0.2404644750876629,-2.2782499557832416,3.9090037722737945,0.37311497107415054
15.4765625,-4.880648573779511,1.7575949197994587,18.4323803600305,-8.180358673045138,0.2521125307320421
15.48046875,4.440448527457715,-0.7607066076125484,19.11809998076827,0.9308150427483777,-0.27542702514762896
15.484375,-3.318875905057126,-2.6366166990596667,38.43966603415873,-8.116280482410119,0.6384923972696656
15.48828125,4.336842133677847,3.8569147390940506,-45.14917412828414,-10.739792028303569,-0.21063375031516804
15.4921875,2.559107008685004,2.0151405739687704,-45.51300427718837,-0.4690955637507499,0.35854125867799613
15.49609375,-7.315879297051262,-4.7921986878547616,-83.67537425784214,1.4583267721382096,-0.13371519725854572
15.5,2.06337400433782,-4.801394126019843,-7.907950194646531,-2.160582989785713,-0.11893127956169564
15.50390625,2.703561697462835,-1.6769256173212634,-8.172541692355686,-2.0788435680942223,0.2723271087055487
15.5078125,0.2689371290233125,2.7998921246561927,-12.7952510827655,-1.0963007699263807,0.896977906962957
15.51171875,-3.509576812925923,3.808520803583794,-20.914082239040862,17.029433540976108,0.04593596035805329
15.515625,-1.600128455066092,3.4995643937669283,-6.2939889388488055,-0.031185714820646915,-0.013751036188835334
15.51953125,-5.78466682834696,-7.894307116752811,20.944883163831427,11.963947890064038,-1.1292166744406977
15.5234375,-1.2709682258326411,-1.8571716120500839,14.157273980786353,3.1544482952395967,-0.09234397634624582
15.52734375,2.400003875807103,-1.045100711358466,0.37498613077260146,0.2543621135319627,-0.382718942360845
15.53125,6.9206383066563335,4.376580795879972,-6.319835354415453,-3.2076252775847944,0.9521782083785172
15.53515625,-3.956160404796042,-3.4000364954781674,5.030227976046723,-6.689559906615841,0.0785647312519316
15.5390625,1.4283813978694706,-1.3372573272984543,50.62759039410397,-3.448729477856566,-0.9759513222385195
15.54296875,-4.682764345692234,0.6597286288803055,-34.681470126871936,-10.704426654033488,-0.6478364415718246
15.546875,0.14128793700692077,1.548242810849644,50.93095852363837,-12.325213616835084,-0.4125778815571669
15.55078125,0.3105891256832282,-2.5339446527467713,51.103875733269135,-8.83971795027905,-0.1277843944025333
15.5546875,-6.148796877681581,3.2014835210008874,2.1767053908112572,-9.96102795699003,-0.0030177889954650368
15.55859375,5.389639558267281,-0.4676370093033116,-44.63693072394632,-2.5080102727209743,0.7530320356494051
15.5625,-3.556642119493282,2.1043029976725665,-0.6096957078599754,3.634675199281719,0.3817059081367509
15.56640625,9.570192218792254,1.9848893946078887,-32.36350950606962,7.144728168776316,0.1683937215996485
15.5703125,2.3447545875642564,-2.4438087550481424,1.217801523103693,8.436601770828048,1.1026547272825573
15.57421875,-0.3559808467075865,-1.611526464525492,39.84370478586374,-2.3173897170992044,0.257164364922649
15.578125,2.8624618697967867,0.28208363898466793,-11.863132142044613,9.382987642322155,0.1539087965584325
15.58203125,-0.1372903344657415,-2.845368748540669,-18.80046177470806,4.438936904480072,0.37590628256217196
15.5859375,2.8034724907945723,0.28731122815168186,-18.806500820733007,13.08846496621734,0.09734207494383215
15.58984375,4.478054670982365,-1.1092391427884924,-8.811572496800387,-1.857100575529034,0.920886826687198
15.59375,1.0508540365459034,-0.40106233115926204,-16.483790377548445,1.0003875486365452,0.03323503534353407
15.59765625,-5.5798800214676,-8.035661223177584,-32.564880208110246,-4.257562294967465,0.03497765872712944
15.6015625,-2.222984744194526,-0.7803318735030673,-40.21181265272821,-4.483538151564609,-0.3945979749163949
15.60546875,3.0697448221766557,0.21346773493300847,-73.92739827348238,-5.8518224453274135,0.09143483411243135
15.609375,3.714326043108495,1.439177094367888,-6.630529221433873,3.736135809024728,0.21513776824986436
15.61328125,0.7133334116804395,1.727662876294254,-39.79344774057892,0.768428329681186,0.5235381762529928
15.6171875,-3.2841976255237717,0.45899988527759217,26.901398092962715,-3.104554217771573,1.0301941317155086
15.62109375,-0.13389455644352236,-0.8805466829991296,-46.37465285799961,1.2267140077643846,0.4498231954299232
15.625,1.6619427969899425,2.7473583022822594,22.999698256543063,-3.351476750185836,-0.5089189158393269
15.62890625,6.223835525606443,0.5962008051670259,-1.1787963518816724,5.555728609952926,-0.48650598122271543
15.6328125,2.1580713398330595,2.882269045847047,-15.085316671038555,-1.6636014917668587,-0.477816531449221
15.63671875,1.9456468595650258,-1.5486779149506344,19.981277879388895,3.076904055739925,0.6591411587058843
15.640625,6.872057758879645,1.0153862522021724,-6.424290420591674,-6.897450998378524,0.9806221139683354
15.64453125,0.7086340024558455,-4.983731852138449,34.82934702628289,2.7328856805865356,0.16897959379605598
15.6484375,-0.5124319669307815,3.392100459238675,68.8617854160027,-3.767459327915035,0.2858344152136528
15.65234375,8.00312486326361,1.111450146587572,20.197331389178785,9.01276705604786,-0.5539628030806681
15.65625,-1.7914552644086275,0.936937990356196,7.842200666326713,0.9820738871426691,0.20969017497896536
15.66015625,-7.749998918854489,-4.946377402145826,-39.4582017432065,8.9717114413402,0.8258085951672881
15.6640625,-0.4688310688515878,3.6622707305234874,2.512829322660587,1.6857478557287724,-0.11121391737071595
15.66796875,8.776357896685123,4.157935956437573,-7.806092057114317,-5.3733101784548385,0.10999183023074428
15.671875,-1.5850046674865557,-3.9631939490883026,-6.618015720500142,-0.7656599116855132,0.0868330240831044
15.67578125,11.983326305620173,4.018554391385691,-28.785094916007647,-9.348391928039531,-0.5772163374028353
15.6796875,1.906356513610875,3.5600429573923646,-74.90595274203125,-2.202616767993355,-0.20950217045091182
15.68359375,-1.0842231710876398,1.5904549445562195,13.209141813956034,3.0319198855658804,-0.3027790969448926
15.6875,-8.994649225273081,-2.5858566117138326,21.756384605177427,1.8885215044011237,0.13652637868457915
15.69140625,2.031172959592382,6.239140153690306,86.80705678800506,-4.74035706549145,-0.3895687452353941
15.6953125,-6.1891765194110215,9.01882823099877,2.732556830292747,-2.296583591028181,0.4902102152343865
15.69921875,-2.0082954783760925,3.6119646363173743,-30.246209142596975,-1.452082849666723,-0.5070097091423953
15.703125,2.5252386284055515,1.015391422383121,7.259468526614146,6.218372831595139,0.5304300120248171
15.70703125,-5.048383005289652,4.472354154071962,-3.8739739186734834,-0.3627117538798523,-0.08002878016939928
15.7109375,1.172123412549013,-0.5329332468884944,-19.636829005552023,4.49095580519138,-0.3979362429807693
15.71484375,-1.0781057061679606,0.8872659387943831,35.24955608251678,-1.3429229256150619,-0.12605252956484117
15.71875,1.8432383994382904,-4.852402617925705,32.95378900166789,7.746031748831187,-0.014627338475892804
15.72265625,3.1280611318860094,-0.9201614425359533,25.864322966818413,1.8356739260316524,0.33143033480111433
15.7265625,-3.4554055205954275,3.1563460766293705,5.65375652044947,-0.5126944354208947,0.37242841559814194
15.73046875,3.085371819897895,-1.725297588917654,-4.571660285025363,-6.377147619619585,-0.12987948869536872
15.734375,-0.21875087184320818,1.4893470762222059,48.54383882053617,-6.019808450274996,-0.846248221666793
15.73828125,-0.33906024736710516,1.6350177896250415,42.88615659417512,-6.228635245422801,0.14914497207926034
15.7421875,1.1621145922942286,2.3339956372252377,25.820400802710928,-4.334697862459581,0.24313973537602493
15.74609375,-3.6791703496714945,2.0185607613531187,25.855166819132855,0.8748475920045,-1.1518791800511035
15.75,-4.774949713486435,-3.461708020651254,-1.7740748372034751,3.482556453733231,0.33726221406248835
15.75390625,-0.9297740890039141,0.3416517257429755,14.244780437955187,1.541637664286005,0.09864611897176048
15.7578125,0.7841055426597183,-1.8093639633056857,-18.393178949600397,-1.0504071419515237,-0.23873385289259966
15.76171875,2.5429772773240136,4.392106623569903,-22.92478305632474,4.172952988412499,0.32088922533496367
15.765625,-8.3562092828638,2.428244674944611,-35.31306848375676,-4.828654315964201,-0.6289115041657212
15.76953125,-5.3624939068903625,-1.6729779657763264,-7.290712510764074,8.505199746634679,-0.06251558101006892
15.7734375,-4.029832708178178,0.9134557433378085,-32.61819816907541,1.802320935167333,0.20765005379932738
15.77734375,-4.784222508450691,-4.830446552105787,-62.245688973057185,11.61958492986649,-0.2770559925511056
15.78125,0.8978573047883762,1.82345964089567,-5.312162328303504,2.407367656447311,-0.0018976222267210502
15.78515625,1.2219618580486755,0.8003271458702175,-0.42938916337468314,-2.9050616913855594,-0.44400434582541504
15.7890625,1.721038987925448,3.6503796150210994,-44.84391580779119,-6.981151967761031,0.9696942932316502
15.79296875,-6.836341969871509,-0.7031429304741936,8.23251438621779,-1.2216397470055282,0.6444235194397879
15.796875,-10.518181760822399,-4.724529945459654,-59.976993094024294,-14.346372417840538,0.09388465329662385
15.80078125,-1.2173556733270057,-6.222330931011776,-5.457195992450691,-3.2279614737041986,-0.04374362305765258
15.8046875,-9.162213813748359,-5.3183910720313365,56.46739195091497,-6.756475016681799,-0.3271674482712161
15.80859375,0.874692762893642,0.3556796374171753,45.167868091778786,2.5149679389142356,0.39845289414848983
15.8125,2.910456463977259,3.2055615799687613,-15.62401409690133,4.815189894013322,0.3441808052611935
15.81640625,1.266915482676178,7.810299398820268,-27.05383815455407,7.906028662425559,0.04573427954151945
15.8203125,3.6835785376632835,-3.7693331994046027,-10.758435032129235,-0.436446798660985,-0.6797180888001833
15.82421875,4.656721956011621,1.6205690443335785,5.4773781795462355,12.010478876802628,0.3122872300309058
15.828125,-5.9484310666132325,0.6168288470048877,13.087320939958651,4.4299232438621505,-0.5470850176369839
15.83203125,-1.6042364112221348,1.89273744604522,-4.989002164891662,-4.225461668846158,0.72866337088801
15.8359375,-0.8904837065917884,-0.26868821136513,52.38164952639106,16.129415645255005,-1.143719045581302
15.83984375,1.0482609289416065,2.9108602964606454,51.44958620175822,4.620328589237459,-0.7056809065504579
15.84375,-1.9455863078415443,-1.316988115686288,11.357606308876687,9.507453125447471,-0.013537685193483818
15.84765625,0.6092439736248828,0.914365518019384,33.94216681069045,5.669675387683367,-0.07695934574807989
15.8515625,2.0750273059441544,2.8845158910239146,90.8266658850041,-2.3366100812866777,0.3871812180236485
15.85546875,8.012119319579753,-3.2101116802170626,16.925295958344048,-1.4381272573673232,-0.6304574895132858
15.859375,-1.08864515807498,1.133730166721798,72.5133237550161,0.38062361859756066,-0.6901357484478743
15.86328125,-0.7095553735697322,8.402264270438,10.12054089850715,-7.041767361850683,0.5456639444849163
15.8671875,3.1437810042138374,0.8517141185876307,-8.910087017083587,-0.3999070281046966,0.4605706832893347
15.87109375,2.071365316554141,-1.422719144476074,18.061439061198463,-8.246439071132679,-1.016990598060324
15.875,3.863604904287113,0.0098531543225166,-56.085003583120226,0.03235806455393743,0.6962058867874581
15.87890625,3.015694369734299,-4.4994190649374435,5.986893284676281,-2.26036565874713,-0.527117379804534
15.8828125,2.0841731966232055,-3.995985561741474,-62.98219332603489,9.138410461177768,0.022647268288490296
15.88671875,-0.44613926290399925,-3.7807518162340923,-36.32140321641774,3.892376632139191,-0.513152350137135
15.890625,-5.815949658621892,4.996585422845026,-39.669056091424274,-4.288630505568779,-0.07994878472182647
15.89453125,12.513605072239075,0.19807444596629598,11.60737166417838,10.05810013324652,0.04409121230495372
15.8984375,-5.377795401189776,-2.8095597093713325,-10.660968187295337,-2.3605693810914756,0.19596311258561444
15.90234375,1.13646679023065,-0.4652362242166487,12.751339983367185,-9.4363597368152,-0.7730311831661199
15.90625,0.8951090653631693,-2.7740230764882323,40.949785797971515,-7.711983216732313,-0.11033048539760175
15.91015625,-2.0566278344340243,3.213361449858732,25.557770436514,5.279686446750316,0.4656552388029567
15.9140625,-3.404189514184835,-1.8085990804909353,36.90059691965906,5.259834962960349,1.0592585430135693
15.91796875,-1.6860241329160166,-0.8872595263270602,-20.002822099046128,3.483114037025229,-0.6774026350892158
15.921875,2.7491918740376584,-1.6533858674360102,38.33996857413361,-9.351114519040909,0.22098380166581116
15.92578125,-8.846924468965758,-3.1701607898639206,54.43320528163157,-2.0488483300158324,0.1119795303889067
15.9296875,-0.3830904712464301,0.33636960773007535,32.479789620164595,-6.044322476280326,-0.6740418015906471
15.93359375,-0.17308112887915042,-2.0395763896027272,61.17598303054343,14.38963408873641,0.8747123119181893
15.9375,4.5739321693909245,-4.395442731826359,52.064406533649205,5.164812455437528,-0.38660314567018217
15.94140625,0.7895763200757386,-1.2319466559879735,-6.940311395639114,3.80713329538578,0.860213110719708
15.9453125,-9.080568282712747,-1.933206059603899,34.93608892655803,8.944204449813267,0.023121819118865728
15.94921875,-12.717112796961986,-0.5446117229767464,30.79842067584218,0.9815535284741612,-0.09403476817543174
15.953125,-6.5621123056270925,-1.2836164659768563,3.4441179797582007,16.530951674416777,0.675934502847334
15.95703125,-2.221824115172922,-1.9761457664154727,-54.87563690059373,5.539174039389909,0.047787355698331355
15.9609375,5.0386724903591515,-1.9337755024891758,-41.937691035236234,9.522839630463357,0.05195163503124743
15.96484375,-1.8108765703641438,2.125576910467771,-30.847325560210656,2.0006356321918553,0.0738999532690629
15.96875,0.2309762942829162,-5.746216052917467,-21.49869207448193,5.769322501055818,-0.06926395590803272
15.97265625,0.623137922292824,-2.8008774812365336,-27.534512651046565,4.314490887243643,0.2321808882840199
15.9765625,1.3248429680968727,-1.6939385864278513,-11.238205418178506,7.08184956533788,-0.6321741563977766
15.98046875,-0.007063468264057362,3.0997645666048355,-29.503268890043152,-5.538892009842986,0.1074030857393962
15.984375,-0.06045871965598931,-0.5774922527058683,-13.655238168122997,-12.318504701195602,1.3006725065571185
15.98828125,1.5397333944845548,2.951597556794234,18.019348894847013,-8.15724168679636,-0.7419077992584581
15.9921875,-1.4607872298046671,3.2342524177407195,-70.37381523101868,-9.592368833522851,0.3445799739549264
15.99609375,-2.318094292493683,2.6571001005785604,17.511860746774342,-4.080035833319895,1.1772118717863955
16.0,-1.548262426508155,-0.8526939921682779,-81.71680049691791,-10.560385547577697,-0.49989058260972075
16.00390625,3.4476148261729382,0.6393973063190026,-9.201048250288768,-2.3905824997586254,0.23683765971898463
16.0078125,7.82975798180156,-4.0501550251111835,23.264564798144086,0.0989419020475828,0.7125795259834308
16.01171875,2.290563932022551,-0.05606654274550156,48.332921327412144,5.473851087759771,0.14634934716377027
16.015625,-0.7602596644998084,-0.5946323840925933,-6.821998047087547,8.620641692141575,0.8996992605495936
16.01953125,-2.0965654043904487,0.9589432624121573,11.716779202570269,10.915173294896451,-1.1658756916302275
16.0234375,-1.9784568664648599,3.8980081957705695,-4.87915039201873,7.485881066635762,-0.08247250377650105
16.02734375,-2.5020033993521875,-2.0060766566427612,-3.2669915937234286,7.588467639749562,0.7656697257779873
16.03125,-2.472848272837769,4.6802507558208735,28.3718921340932,5.054446842153295,-0.07042984085003841
16.03515625,5.37596461799702,-1.8177689925753628,40.43913744423616,-8.276387714251081,0.4816428893324575
16.0390625,1.7584147057803978,-2.7116746169379344,4.141053999478165,0.22675517442781112,-0.1565217414926327
16.04296875,-0.8971095919958901,-0.7212341712240757,8.908550254331999,0.014933597434882984,1.1709153911726091
16.046875,-2.8289513383767377,2.436819037908476,-27.554873539815556,9.038980060899842,-0.3798355343083879
16.05078125,-2.271564606809388,2.2512052068043786,21.568426582546003,-1.0666273754195243,0.4509002541993357
16.0546875,-3.743497978436138,0.18866870284906342,-39.86604399606983,-7.631254072402639,-0.42971921165539834
16.05859375,-1.4497264870993716,3.4264441544582116,-5.734542435430404,1.489102357286975,0.30715861154311425
16.0625,-5.027643865037709,-2.1366018235454005,-42.031930870018996,-4.651989827720349,-0.33537890204506693
16.06640625,-0.7643002539101026,-1.13619284711519,14.050833356724041,6.753794511374217,0.2136463600447887
16.0703125,2.5448463369301124,3.536555202932238,-47.560469016655105,9.497335570313744,-0.9475197712329705
16.07421875,-5.49596959398357,5.421141093238905,-36.31002137665095,11.025082157272685,0.06438566306625153
16.078125,0.4638336018448848,-0.02315376942890832,-44.34912560711396,3.8146964004822403,0.035121519267181475
16.08203125,4.081014872583944,0.7963532540879993,0.6933999277415417,7.632548449835539,0.5773488096181211
16.0859375,-4.6889757141019635,-5.59861972296173,-52.865841753396666,1.9852661448717024,1.2625591856573457
16.08984375,3.384723367318092,-2.415750228800609,-6.165053911355194,0.04738648305693771,-0.27471716870142726
16.09375,6.280783919336693,-6.451141433835611,54.43578648528827,3.9875651907761798,0.8437823247856002
16.09765625,6.162766392682793,1.1048752651218283,31.241969328351864,2.512945351661095,0.562003260670203
16.1015625,2.0784000474832456,0.22120891106689683,14.524145371774864,11.7791902888757,0.14428203715621377
16.10546875,-3.4129649162066116,-5.317381699064092,47.44448508806552,-3.1492991061699858,0.6485224642844408
16.109375,-2.8178966914516907,1.3642104445339844,-12.452413202428488,-10.974249170640018,-0.39847158859313053
16.11328125,-0.2168679259186711,-1.4142908557961815,-8.005345067493408,-4.996247799867611,-0.4842097366538855
16.1171875,4.669440830125679,-2.0823778076676054,79.71660571927562,11.309733266450559,-0.5409662268135106
16.12109375,5.351178919307088,-3.161096528749445,0.09081802841204478,-2.0194129861939762,0.026819446446623676
16.125,-4.620867301642555,4.601785698641244,22.828368520275394,-0.7673989723722259,-0.8678935029213565
16.12890625,-0.04405592385466321,-1.7102833650851124,-50.19022052360395,4.992809250986691,-0.09386604122471288
16.1328125,7.474643781695615,2.4197674334465837,10.932542661590201,3.3074956871900403,0.014174364995397301
16.13671875,-5.155382449477437,2.452035198294998,-14.785638362018258,1.75980051389491,0.2411118562943022
16.140625,3.2427691058692765,2.257911693233711,-40.70269946371329,5.77996416496798,-0.1740441084222705
16.14453125,-1.4263720632184929,-3.2663370711787483,-13.379124272136202,16.148842087927978,-0.09593630906214039
16.1484375,-2.642351830885985,-4.346983658304903,3.558821741999278,-6.713302084098261,0.2927474910984635
16.15234375,-1.438332942130512,-3.9216017999126267,-31.206268578861796,-2.6018788018981565,0.5448295748561373
16.15625,-5.274895910370368,2.183846472601987,-2.638612481289215,9.780670202098788,-0.18640672373722197
16.16015625,3.429275503770851,-0.9183054937370763,3.7057323620495204,-7.4625465169481355,-0.19622393394475657
16.1640625,4.361944896989077,5.4222549307346934,-23.872210188076956,-3.706853214243195,-0.13370429130178765
16.16796875,-1.693560689386928,-1.6293931894687237,-53.379030606727504,6.511460852427183,0.2952494540527145
16.171875,5.4333037847885395,-0.17452663347008457,-41.219785558144146,-9.098104486351078,-0.12609208108297548
16.17578125,5.515798809832072,-1.2430659863425695,-66.5110437482872,7.472352906229171,0.06370206692710287
16.1796875,0.3142854895212262,0.33613231847976494,90.5497225155006,-10.342288268615487,-0.07464799755095687
16.18359375,6.814558187700621,-4.891616814136816,35.53617235810173,10.900023435436143,0.4248412500871885
16.1875,-4.879668608005899,0.9129004217223888,41.402512764455636,7.437346651803397,0.34393427975901836
16.19140625,-4.7073115602067706,1.5465825508074706,14.733066007382172,8.918411869343316,-0.4356596833728665
16.1953125,1.0352018852422415,3.716056280308835,59.72006944022277,2.9159341222325343,0.8939736009135295
16.19921875,-2.2483826095210326,-2.906094169227127,39.61249647155863,7.283661980111496,-0.37720207613205714
16.203125,-6.349630104463654,1.1729899295301296,35.902790928013225,-0.20956431307905898,0.31017304463190243
16.20703125,-0.22683046804786777,-4.4091985220957435,15.974687324268734,0.6477591146099662,0.2028023731227857
16.2109375,1.394559497674522,-0.10922154232096279,-7.098126296294204,9.979207693326313,-0.031711691447398375
16.21484375,3.6220656619141005,2.0041072596766254,15.659572630007982,12.234411137340937,-0.07599382735522375
16.21875,0.9776099157276172,1.0495960018419028,-5.995966209904591,7.469744284150554,-0.09023408069669137
16.22265625,-3.107798766554681,-1.0896616329258928,-32.62490425048047,-7.3831076772237,-0.11678004456811754
16.2265625,0.03583124104441328,-3.976636018973898,9.799283942415984,-2.3513208842925146,-0.2005580530199339
16.23046875,-1.1206402161681082,3.8835266756891262,-6.55894037867963,-5.425608300835756,0.10592199871774789
16.234375,1.326413855228074,0.18976418559680935,1.178672777701907,-5.77331879635465,0.4377073588632711
16.23828125,0.754471225855381,-0.12448888647898934,54.943714582800624,5.142303218375803,0.07738004745053859
16.2421875,1.9538968616161945,1.2648577054055843,-61.8844081811792,6.600847302305031,-0.2757456151368204
16.24609375,-1.7580762974043374,2.449682010727493,40.70170260476432,-4.782480595698752,-0.02986818021893014
16.25,-1.4881357496263523,-3.7062577457575463,-25.439316468494386,11.925506486930145,0.45218227828104257
16.25390625,9.037490139392137,-3.3251553347283203,-50.591602652522226,-4.26818729789865,0.34733254929129287
16.2578125,-1.9847764977517801,4.67258965948446,-65.18093312104288,-2.8711688638052104,-0.22997360619343257
16.26171875,4.713868803436789,0.20124218648528308,-19.518306972885846,5.653542125446579,1.1517218008301326
16.265625,-3.5576377414493305,-3.0844008679752917,20.05528762813247,6.348993818405074,-0.2914233374683554
16.26953125,-0.45378236849934134,-0.6463481557087253,2.5747949920572886,-9.75076376254038,-0.13744388614399455
16.2734375,-4.296361551796817,0.9017844844983292,-13.437667442984491,-1.2742525300714185,-0.026876744636985566
16.27734375,-10.305006636073328,-0.22062318157560967,2.540019355198268,4.0231505483795935,0.21258526633036204
16.28125,4.377012185732378,3.6722601047450256,-58.2994032865209,1.2464277212257222,-0.1281303992136413
16.28515625,4.256864823933282,3.8850956152281695,13.131652069168005,3.0424720911163305,-0.6098927984923125
16.2890625,2.075447447155037,-2.0850105689572214,-16.81837511500871,6.5061854347134815,0.22038428855348582
16.29296875,5.512037424961736,-3.802737291864166,69.33918160631437,-12.589267175342632,-0.41135145426490605
16.296875,8.289050223011937,-1.385546893170489,56.91546429575905,-14.08546008105111,-0.14482227560397418
16.30078125,-6.202210077134929,-4.112553300010429,46.99818157660395,7.409156539134118,-0.44445030822336434
16.3046875,-2.725387118429362,3.9555740943292848,17.217852956922258,-2.7528658415049843,0.18306126371330456
16.30859375,-7.5154501951605726,-6.599286113030242,30.069599091498247,3.6069825296331715,0.3084013377418516
16.3125,4.191571402133902,-2.4618185793481815,34.721846586922155,1.3764701512584403,-0.009540398057298888
16.31640625,-6.5094481238769415,0.7494783388768576,23.063325779068617,-6.4032118155766575,0.18959128209121104
16.3203125,3.2679826394532228,3.282167796031514,-9.977575595999166,5.589591673742756,-0.7233367295827989
16.32421875,9.772563642688123,-3.1723385666225785,-12.62207358709471,-1.0474123528976675,0.14298603642202842
16.328125,-0.1387852687798835,1.6817897343695376,9.14585022465075,-7.0314068680673465,0.8650288101919903
16.33203125,0.4243639350618452,-3.096391004446363,-26.000276274646318,12.32548002535977,0.16053164232280245
16.3359375,-1.8305092478564384,-6.523550918831013,23.64315871113717,1.7020029846755376,-0.46908861141506597
16.33984375,-4.701940402374134,0.23904403125645715,-10.893009586776078,8.595134566055933,0.017166771698997857
16.34375,-6.5008309646975135,-2.2388201823201257,-30.525854992286213,2.487707667947338,0.5348503841394424
16.34765625,4.462971022387005,-1.2679446496994375,-30.7720558203104,-1.6122551733947554,-0.03261012556572884
16.3515625,-1.3697508201098065,1.7115642975529533,-9.631158092796458,-15.248461562648798,-0.04145505357403993
16.35546875,-2.056339163644399,0.1733792501244135,-65.81057681201152,-8.599765661655614,-0.8521395988530915
16.359375,-2.3109740842354403,0.20970218027688997,-66.8173200546152,-10.77874896456822,0.20666411893863026
16.36328125,1.4267166935097704,-5.378050786921765,-37.58451301430947,6.865478388452459,0.7186059440347671
16.3671875,1.5606108159945493,4.392871687621508,8.55059333130162,-6.84280915899999,0.03322597898978563
16.37109375,-2.507940406470541,-0.4472885784622583,-71.5574657068467,3.9627428685690345,-0.0826090420597803
16.375,3.8230430317410926,0.685491407216406,-14.070668532815766,2.3086223421163012,-0.15626872808329767
16.37890625,-4.221779822912628,1.4663732620182275,-33.43946363801056,3.488109508938937,0.7495320599927567
16.3828125,-3.377731314949374,0.7934701755698681,15.547059428791268,6.5646611329781175,0.8374419523235943
16.38671875,-1.8910087199665704,2.935967638261258,-24.735602707957145,10.975820693009984,0.13764927007997133
16.390625,-3.38815640389345,2.1200485691375617,-4.810045853389408,-3.3224069129377334,-1.288797370173983
16.39453125,5.051119758599261,-1.3941910062766658,4.626044712808174,12.530819901822095,0.19184545193142835
16.3984375,-3.4924319613208445,0.3040295007449889,75.84034590167211,4.849509343820079,-0.5415502685908432
16.40234375,5.008933831903473,4.41837328016228,63.12839050952827,-1.309507972029154,-0.04557660503848879
16.40625,-1.4400354707286445,2.141885030597126,45.514955792562844,-2.4737103925210078,-0.1513000641640812
16.41015625,-6.648539664551679,0.011156714795144084,24.35343387243814,0.7866126383444274,0.5295748472266829
16.4140625,-1.491079382598924,3.470015465934384,-3.1087174490304434,3.9800916071767927,0.6300986290488758
16.41796875,1.3664971832033654,6.47311550090314,71.99679059721831,-9.62418026201302,0.4086794593739507
16.421875,0.838447573850753,-0.9502479340327513,-40.40213771891513,-7.630052865966731,-0.658628816275491
16.42578125,-0.9825587505952318,-0.6956002765282818,-20.480695043130712,5.4150992878197135,-0.19076169340686128
16.4296875,6.684662666344287,1.1332953908145487,-51.40083950065563,-2.182746047102219,-0.10002725832361316
16.43359375,1.4228180455092607,-1.004207482504659,0.34054881096492906,3.985910526310046,0.4302264902050388
16.4375,1.842669695298854,-0.22395963962573218,9.249427037034437,6.688094123605893,0.7768148568161789
16.44140625,-0.4482345569336463,-0.758712692759284,-56.034455728879244,-2.525729510342877,0.006913235948543899
16.4453125,-0.1461404204896775,-2.8510052448999357,-36.214557160491715,2.8844361844257684,0.19173987788319738
16.44921875,-3.1914645998993016,0.32847258220077513,-22.59573013333195,14.008298158626566,-0.18508691438499295
16.453125,3.7695689734877442,-1.536736110830748,-9.33469047232467,-7.119657535934426,-0.23347240068059005
16.45703125,-4.789241318398206,-4.318316834961925,1.3001942399788113,9.516943690656726,0.28260932632644403
16.4609375,-1.6501496140628042,1.6652554577263656,-63.724231524451326,-3.74695603004022,-0.7775351736581817
16.46484375,-6.753674912411311,-1.9036930530471565,6.618057567217541,-2.1928664910007267,0.014778430077816509
16.46875,-0.4204072313872193,-0.22982357436828316,-41.14448876607914,-4.64148748198848,-0.1619527578036582
16.47265625,-4.889661227464802,2.2457672987123214,-16.541191105069373,5.558532237121295,0.3240137811735319
16.4765625,6.450352234825103,0.847920624485531,32.94380946988432,-13.112330623705109,-0.5476736131961453
16.48046875,-5.245377466770121,3.271394591540827,-4.5708811036600006,2.0047147305149076,0.528742326540762
16.484375,0.5356607941056479,2.120074434644849,17.144183605481807,-14.360900237902921,0.07976644927794911
16.48828125,-4.614066104756461,-3.9955396875818403,58.318765647568185,11.00830046507214,-0.46572770367276894
16.4921875,1.5253428832853508,-3.4243756476133553,17.200041324291576,-7.649195103943549,0.14890269507746637
16.49609375,8.191873777650326,5.365972291040259,27.233151114267578,-5.284180734184787,-0.03634703985641062
16.5,-6.926283356850089,-0.021754645640619283,3.277871183102121,5.524211625178135,-0.0963223406167095
16.50390625,2.8895259177809005,-2.701195644754582,49.52365894135862,1.8075707887878474,0.6819930015168295
16.5078125,2.795631312000092,1.4530177283972128,-15.469437739121275,7.913192044918895,0.6068204434689541
16.51171875,-1.2701391134693647,-5.423115772071972,36.18372462367105,11.447857247023048,-0.09646882495745415
16.515625,3.5355303646216463,-1.00462409048138,-0.39801373787034144,-5.3108309896816035,-0.9029656248000135
16.51953125,-0.6436448083287996,-1.5667880499507965,-9.52975399376988,2.260139818376474,1.3825897616288778
16.5234375,0.06478811295809625,-0.10771373154809841,-6.815416446671243,-0.0643426987688982,-0.6489293027030599
16.52734375,5.794835782668915,-0.3564692510698537,7.304062115479301,0.9186665652206998,-0.6589175157089776
16.53125,-1.616737053957745,-1.8648933287667013,-15.89637200146168,0.5175985577168826,0.26661211527054707
16.53515625,-2.8671716095372353,0.4870540744363551,-15.542254210296477,-0.5754686500296848,0.44623195550476374
16.5390625,-0.7368928545630099,0.3543068676912692,-7.644933618090899,-2.012241185969684,-0.21844214689240843
16.54296875,4.3379784506629555,-2.7385533956832857,-5.544037137481276,-13.347761230691468,-0.07400354331336702
16.546875,-1.6814011803577076,0.046512412063748614,-85.44119966500642,-7.2036211524144385,0.6090195635515694
16.55078125,2.460742275789062,-2.90769772158205,-33.32681020144574,-5.102556548811142,0.27758468052589375
16.5546875,5.962462551979858,-9.675985928012853,-50.60555971107493,-10.114144339337475,-0.740857154320331
16.55859375,3.07599763913373,-0.5632563087174023,-1.2193382823738617,8.435865711192575,-0.4556734669826082
16.5625,-5.696972620261344,-4.32074303710352,-20.948237030595298,-8.860375842072738,-0.09060101234178912
16.56640625,0.8232967440838753,-0.41913568564199555,-66.29668627433078,1.6794621700008483,0.35523840757535335
16.5703125,4.443713181296542,-5.607362835359209,9.741394445061012,-1.1574622669076287,-0.3565071938386439
16.57421875,-4.737596821313575,5.180095062693721,14.409018837912994,6.9001686646633935,0.7089877925805076
16.578125,-5.424545135022229,-0.36248566517675834,9.96076117679267,7.853390409668519,-0.03577457838734832
16.58203125,8.47498956351192,1.0872264459491041,54.847233024724034,-0.32086722747427476,-0.84160463090137
16.5859375,-0.4640023042737581,-4.822349703044138,18.26147234166016,-13.03350201723429,0.3146196835944465
16.58984375,5.211040670671405,-4.6189383034766465,-6.1249993261891476,4.153694941913372,-0.7046889526038078
16.59375,3.105836453773459,0.8787250903060666,-29.29995318143307,9.35303528482401,-0.29230352287245126
16.59765625,-0.47257490988366324,6.248367599753892,45.32844011605134,-1.0389019048696286,0.7594143258686648
16.6015625,-7.567212967553989,1.6607553599184968,39.59224756824937,0.9997519765947516,-0.3485508277085522
16.60546875,4.484307494400666,-3.424114218965162,27.21994123456312,-2.9135570137822286,-0.4819587624213234
16.609375,2.334778412469482,-2.168333760350508,-1.4078476045517334,-1.7208780029657493,-0.003865829818922364
16.61328125,-0.21288986143258012,-0.7971765896032064,30.540409949790437,-3.8845719255310924,0.010615799395881953
16.6171875,4.080376335428326,0.3059127949115503,-6.952192732358062,9.035125664854947,0.24107325571601734
16.62109375,-3.1655060688861996,0.5749633899931151,35.36996190972833,-5.779281397080844,-0.37401410565917453
16.625,-1.724563386934306,3.4053541375088114,-31.928050943321338,2.5720458794944143,0.008281162389760057
16.62890625,-1.3811044903636982,-0.035282938025816675,-9.676332222895883,-1.1635349001403958,-0.22855059311715856
16.6328125,-3.6025105736274416,-3.332049239510348,-17.084009291913137,4.845734141277264,0.05914497946578821
16.63671875,-4.410939903741987,-4.912263783798251,-60.72067447199554,5.449439499532204,0.10538528613334099
16.640625,0.7839812804277047,-1.1680788268045426,56.55668676652383,7.04971470095735,-0.1572551388558929
16.64453125,-6.093272220125428,-3.0331749769395207,-49.03336810646319,-6.212893436192776,-0.4577528059112109
16.6484375,3.626108757368164,4.864462624308768,-47.67910492001894,-4.402389557257086,0.25672655221390306
16.65234375,0.973331606182044,0.6615844896051629,-25.696422222015652,-14.390567738363682,0.1463766254443223
16.65625,4.539506653356711,-1.2385362818569357,59.01196601635077,-7.5008739598210745,0.5304585801309554
16.66015625,7.083789045512172,3.0374396444366525,4.36625700182036,-5.1513718982656975,-0.6583114201537438
16.6640625,-0.6708116570675525,-0.6242877649200522,-6.979026568631003,-5.502862433350481,0.2923886415810493
16.66796875,-6.082037790748556,0.5383528654336118,85.1051521782729,-6.44834020341315,0.08035983983775073
16.671875,-3.202772766612859,0.7894757937219393,-28.130566021167873,5.121727506614205,0.43737302004150547
16.67578125,2.503836908456974,-3.5408613449805175,-21.439262107667993,5.2529395269474914,-1.2596124328621596
16.6796875,0.6331037631489272,0.6811230790142011,34.86777375715562,5.675093141958126,0.1843952142483552
16.68359375,-4.940619846818074,1.47605349841447,6.597323243023613,6.271253689864062,-0.6381267338460221
16.6875,2.514042360774164,1.9618716399222071,21.12131174991112,4.060450298022877,0.9228290104230651
16.69140625,-2.0696218706206637,-1.0531132608711866,50.90133479317634,2.6420368265228413,0.08662120366274381
16.6953125,-0.7176501501201048,-3.769053956545319,7.656690527560318,6.444537630277859,0.30961019366141546
16.69921875,1.0178667181894856,-0.5780568317974613,-29.101290371588593,-0.4623544471204437,0.2750573043497176
16.703125,0.25769796843907994,1.3495597094173162,11.321931749405525,3.697689471831314,0.23086754527489883
16.70703125,2.6085302502733256,-4.557841407023492,-16.071185431254335,-9.73554370704342,0.522159853969036
16.7109375,1.4790068737726398,1.9068188556226784,20.325772321070733,-7.274114715404158,-0.2675148251873743
16.71484375,-0.21930910415212956,4.529051943757305,5.9956297320938114,2.3756521054327298,0.47013886762424967
16.71875,-0.49885875263913815,-0.015749602254590916,16.475273582876696,-2.884902868059987,-0.4169333654522217
16.72265625,5.612916628006545,4.425466763918916,-68.92831818116511,4.596320381592,-0.06648049884057432
16.7265625,1.8960853303439436,1.5741523748798394,-54.328543700103424,0.7228754422442414,0.46324548834836043
16.73046875,0.4915982438779474,-1.5579531429341649,-21.305745289011746,-6.684800467650847,-0.11622437048394262
16.734375,7.898593426730309,-2.090120622988685,-54.62759189171757,-6.304588620254171,-0.48869415682217654
16.73828125,3.1474246367249523,2.9146329456686098,-59.6790077816584,-3.1120677699048245,0.3409256968435842
16.7421875,8.636213224006715,0.3121073571282754,-56.178482801284204,-12.766887188947269,-0.32774428351413953
16.74609375,-6.34542676489286,-0.42157730461187415,-58.4497837348829,-11.202994518155398,0.8902215548547798
16.75,-4.787096046042083,2.6816206894073646,-39.93575464854054,0.1383291501941269,0.9230574143710879
16.75390625,-1.8079048902115957,4.214420171651066,31.46988170357856,-0.8893446970757575,0.5824563718570892
16.7578125,3.7032529090678215,2.9295992761618908,-5.81936766264109,-3.762760882948146,0.602462697260689
16.76171875,1.4326095165390944,-2.3946581696839124,-31.123226695999854,-2.353700576723907,0.13550079833627526
16.765625,3.1684282165473885,2.1526441609713287,16.44404601215041,-6.091947726163044,-0.2465441152721606
16.76953125,-1.2903504588824544,2.4988304526692664,-15.875579245277109,-12.105341214438857,0.009274923953369953
16.7734375,4.2925205593926865,-0.16699005877796275,2.869433966500118,-2.5835148130372163,-0.14249085639493844
16.77734375,0.45288983793293985,-3.2974003360261683,72.31054612971286,-0.9096806798441446,-0.445433734402556
16.78125,0.7321867319608272,5.5521915533369555,-0.6312768879397552,1.384243855419786,-0.825762312266575
16.78515625,1.3543730655338317,-0.49877929289642875,-7.983188652277757,-0.09100444547066222,0.6368298308570509
16.7890625,0.8485091463778553,0.21262869127804412,36.498527697179135,6.315788942423714,0.2388204704207852
16.79296875,-2.4700961859785133,1.3123273158069362,34.901383691591015,-6.2368315454548195,-0.20817103493983943
16.796875,4.016749307476422,-1.2542671701360493,21.889371062432186,-14.35858034926785,0.628872853553194
16.80078125,1.0359991290852406,-2.93213088224221,32.30278887813789,-11.288572870187782,0.14006589866708294
16.8046875,-2.7623386626775237,0.371194246404804,25.794442803563413,-1.1120436612450277,-0.19215678324900012
16.80859375,3.952988198158416,-1.4518961380074638,-18.920820161444198,4.657572841780237,0.2640135735239324
16.8125,-3.0785499092967354,-4.717150372350923,29.628468202316128,4.542695370741532,0.36460366109618175
16.81640625,4.001560765593873,-1.104476525960739,-32.62246995441353,9.007116659024227,-0.47957529465981674
16.8203125,0.7386217940430295,-0.5772755352464746,-24.115729294776,0.06008483575447743,-0.26258166034101593
16.82421875,-3.5175856758540505,1.5052751191300842,-25.63486217704293,23.009880495285955,0.4334992694903642
16.828125,4.389625670638393,0.2573642067273566,-15.6609972582707,-5.367655079550357,0.17972386891536796
16.83203125,-2.5515980411981394,2.8126480873121857,-17.21219979164355,-3.377638027757493,-0.3692951855252017
16.8359375,7.235910792476926,-1.1861329392187614,11.121660042476758,6.301499726396702,-0.47442625674487066
16.83984375,-4.315397221797726,-2.8543136053205327,-7.332514685409777,-4.178143940429452,0.02139734563543381
16.84375,-2.153368227850105,-3.840611625774187,6.8840566546170265,4.551306958062457,-0.15913528989377165
16.84765625,-2.6531632731946964,-0.6171789133023928,-24.955056282491945,-9.937139615615617,-0.7814505968788881
16.8515625,-0.18833152637356926,2.665252519848302,4.934942774580502,0.028678955817762475,0.8924346058973505
16.85546875,-7.312848120116032,1.5021912790868348,-3.389391291735604,-2.778076387555414,0.3912537819839323
16.859375,-7.705816499387545,-0.48120975706838376,12.859001917424107,0.42631201769098315,0.025776713306719615
16.86328125,-0.1665496595234662,-0.4042819261838837,-20.67468335623162,2.6914276652102993,-0.4609228786453971
16.8671875,-3.0612237975924175,0.8440312997816284,-1.7435215708834626,-9.676012253319744,0.7004761246574641
16.87109375,1.6845296673801635,-2.139752653192269,9.624028812448273,-3.597090198243073,-0.17724373987132933
16.875,-1.6356630818282651,-4.602518781481454,24.989232423756995,9.527165116863063,-0.28545015608323443
16.87890625,5.183369784237439,1.798881706578951,91.54620480994527,0.35629204269362136,0.570694839124654
16.8828125,-4.005031478344645,1.8730203369453806,38.46760774627671,11.028494392094043,0.7502502187052598
16.88671875,2.029848093313538,1.217357471034613,14.735630661287239,15.545685641835448,-0.5101375081115332
16.890625,7.179692457417282,1.1911326110419782,-2.831754095171153,-3.9481893951500613,-0.5053660029847737
16.89453125,-5.9041088719889325,2.0566782950453186,53.90773036544438,10.163186478264304,0.651393908282509
16.8984375,-0.608516267610078,5.200147317945942,40.20273298775173,13.131642027518206,-0.09266765465267271
16.90234375,2.6645886904615423,2.0396495395642438,59.656440537233955,1.4491897563808762,-0.8386357379890842
16.90625,2.322015562890378,0.5386553607850045,11.516639701824804,4.116408650736235,-0.6674043708825596
16.91015625,1.9902863984486288,-5.042145322746288,23.944921082121155,-2.3958244203277577,-0.4597891792838872
16.9140625,-10.92366424957597,-2.6688471310479587,-71.44233512444706,0.29581203834722736,-0.4180302105752196
16.91796875,1.6621219327585226,-5.679746888534609,-1.6528966562261118,4.074623502929153,-0.00952838362797432
16.921875,1.30798152308465,1.2773714670493186,-61.72593939021329,0.5017958557009354,-0.4760217982172415
16.92578125,-4.221231182814319,3.976409932248659,9.950060900008854,8.900687710158424,0.5564419992766536
16.9296875,-6.291847435185916,2.352299090768339,3.2860484339917626,-5.956430566898415,0.9580717662018182
16.93359375,2.2669002033479924,-4.432516625088121,-29.434714342171354,-2.711326011507004,0.25853009947527145
16.9375,1.8721932549687736,5.450808128146853,14.5024640343333,3.2096830560198577,0.276416622354132
16.94140625,-4.067083306789882,0.6692340843855413,-26.224659082360564,4.344887709755179,0.03844766609882393
16.9453125,-0.5556333655054655,4.408750980276944,-41.97425440029351,-2.5638875732878557,-0.24934694818552253
16.94921875,-0.3240462794088536,-0.7959956593175197,32.27720041904133,7.710632125048832,0.42624391403941064
16.953125,3.6645656349525777,0.724899367053783,-12.585097179771916,-0.7339046021690203,0.04763749658595908
16.95703125,0.8270122116785066,-5.7459090893539955,10.584960531347452,9.446876025522013,0.46785008637118586
16.9609375,-7.318287081011127,-2.3759510050653248,67.89780627405801,13.558293779592088,-0.21829444961031116
16.96484375,1.6661894630985352,3.8344007014510675,23.854993434299054,-8.06221024146237,0.3645981467005175
16.96875,5.637822698315961,0.22927788615287026,53.60080396514741,-5.883863783221968,-0.37822012589103293
16.97265625,-2.9631936036924005,2.479862899829129,13.041754724021088,-0.346483838322293,-0.1000019358806352
16.9765625,4.957404121233882,2.9210511649082425,-19.155396623341854,7.34747916962694,-0.28374861629519776
16.98046875,-2.4750862722458744,0.9700582740321225,67.73914429173252,3.929775618840219,-0.6640648945570312
16.984375,-5.105365772971359,-1.717126822584234,109.4711507920149,-7.517418312825478,-0.33861970486031834
16.98828125,0.9273618480460856,-4.062700351104541,-37.070537975713606,-3.843709504265969,1.5730080225591654
16.9921875,6.108622268224761,1.8307379660626908,-7.91929715244609,-2.396962866672463,-0.9386962637881021
16.99609375,-5.875499216879481,0.1049609016045506,26.53649863589285,-2.0218994525308154,-0.3818396267914107
17.0,-3.160684059618013,5.192142320157485,33.15925033463188,0.48387952960393593,0.24796324422169744
17.00390625,7.791075006897296,-2.5027536272548625,0.21031038116986434,-4.875175173341771,0.19275224925457463
17.0078125,0.8412426943449169,2.418619479600224,-28.270335354497472,0.6098642285026656,-0.06314084879555855
17.01171875,2.155562854664598,0.010399830255369731,-25.38983351846492,2.3408769981870376,-0.42248633050264117
17.015625,5.75316770276743,-1.6941096512835263,53.57523606303201,7.632555053192536,-0.3148089268749362
17.01953125,3.7402665767008543,5.655655737958938,-27.472583330130604,0.9855619702176388,0.033779320764233386
17.0234375,-0.018307120293893586,3.747742035867413,-58.068991391327955,3.4987498192769504,-0.2011079536982267
17.02734375,-6.1144447502720265,-7.109502944898161,37.9700461932327,-4.589616042425483,0.676894312907842
17.03125,-1.3524366332453632,4.136577296152616,-43.270830306598,-3.5926298645408425,0.6561859498009085
17.03515625,5.376877266417784,-3.647793792033192,3.094710187935405,0.8698091125184622,-0.4463328359159067
17.0390625,1.875165395478872,-3.352431133200679,26.540038400430156,4.102958757825656,-1.0072409965918216
17.04296875,4.732471793975754,-1.0872049131862318,-28.40118148924956,5.210668770089241,-0.927517094494979
17.046875,3.2473796251307085,0.9490046424959893,-39.82241505542649,-2.6884658326355186,0.08952039087184926
17.05078125,5.554399474654704,3.216073635729233,-47.432608202608215,-11.01349631504616,-0.4344063506107014
17.0546875,4.121290683388392,1.0494150184562734,-8.508578849027073,-6.706000351769797,0.31142287756584164
17.05859375,3.5028001002727103,-4.2723019153971045,31.663450591297856,0.19049848240846834,-0.4212879324520846
17.0625,1.1649005786907116,-2.518897582028425,6.491963605537851,-0.6264354433494017,-1.3585000765533857
17.06640625,-7.024023284752422,0.2740569732175446,9.129035940416582,13.515696629039503,-0.2061996887070664
17.0703125,-5.6258971914439755,-0.8671074238349279,59.662610799216644,9.157096196529439,0.16846476914780012
17.07421875,1.048786546485571,0.2494836584183649,60.982950532837734,1.2017111335165596,-0.061007326230221474
17.078125,-0.31327143807154345,-2.0994248917235785,39.09336317681413,7.459061255625876,0.6239727400588401
17.08203125,-1.5076547246524747,1.977161272432158,27.806625418775944,6.25696250232018,0.12570946602632957
17.0859375,8.772336896960983,2.9751658470762505,46.55522054798941,3.276858984061006,0.50360101852496
17.08984375,-7.440336562888537,-0.6663666636521743,17.179953568100128,-0.804225802471205,-0.07849313179322981
17.09375,6.464625681822096,-2.730898697685383,13.593966209938067,-4.446021407234217,0.7279430885558342
17.09765625,-5.940325921006466,0.7260474565798657,10.370043901987223,-0.3213819285640831,-1.0471859099142493
17.1015625,1.795806405145925,-1.9178031292789253,38.048637468458665,-4.358302146679477,0.4998379845084223
17.10546875,7.475469526314424,0.9523750603717411,-65.0842748071088,-0.9964142128447784,-0.48016105163446177
17.109375,0.041777834163998266,-1.4980952140611405,-30.891633570986624,-6.417106016435682,-0.15760325332747818
17.11328125,10.255114427466717,2.794774089696169,-73.87872392401235,1.5882203312469039,-0.24434928149117982
17.1171875,0.5470926027597312,-1.4802763615332353,3.094970653773718,-5.00983798697251,0.052211748420869585
17.12109375,1.2030352180278852,3.4455219956090293,-0.21565839114126462,8.030090760534303,0.06535210048839665
17.125,-2.556216709005583,-2.5604527275366884,-22.980988150394225,4.555637720143082,0.15643876485476566
17.12890625,5.015510370156307,-1.0502822537465974,-11.386159964469082,-5.764646491190579,0.42595417736977037
17.1328125,4.378751169083833,-0.9834843132239943,-16.969435014888358,-2.2081810108434947,-0.3530565879641972
17.13671875,1.0051937563425744,3.229824394813115,5.9531853428169725,0.8924006796348691,-0.24383763810472955
17.140625,3.907310123433758,-0.8156511284858454,5.200089412420757,-2.3408447027574937,-0.4957684164104112
17.14453125,-6.030614893639111,0.009660391276363938,49.08727973267917,0.8538339038884941,0.24591909736025455
17.1484375,-4.80546448831495,-0.9312573418559706,28.49311960713302,6.642929237840601,0.019605351859812412
17.15234375,1.4911606171026208,-2.022377732606376,18.689758194749082,4.267780796118544,-0.187788291294374
17.15625,2.042973199498746,-4.182600856495598,7.3511018896110105,4.156965630475051,0.04997890182243979
17.16015625,3.274503951315678,3.852613082715252,11.307581084474885,2.4457848890406106,-0.19715844940303567
17.1640625,4.572479521255632,3.273101306623789,36.148486860392694,2.964368388943511,-0.23445130362525432
17.16796875,3.6907702559346593,1.1762489149263042,-22.3832527327,-11.12386968548224,-0.15995076418399964
17.171875,-4.067333855786924,-5.277464342102638,58.954384203713275,-9.145843655716622,0.4371931352364299
17.17578125,0.23156713111483834,3.5323586428119427,32.5862097736642,9.727126101553488,1.1737219889922672
17.1796875,0.9322536731724931,-6.734863959431866,28.409764109802733,4.308968918321291,0.3855893740715287
17.18359375,5.064307355447439,0.7728491199268537,49.4243987795974,-1.3269518646490144,-0.6253249865090065
17.1875,-2.379625191662216,-4.443036267186902,-29.22036036125045,2.5294571510357224,0.43079902570124745
17.19140625,-0.9304139438929098,0.4860193128865999,-20.377151214936113,3.893519717997477,0.7056693427757698
17.1953125,3.863241943448804,2.3342840924585593,59.73017512807513,5.0326743255648765,-0.3247854964673728
17.19921875,1.7352458872851875,-3.222040950152313,14.192501044181112,9.488200245859082,-0.16081698196631183
17.203125,1.2177043129714258,-0.8519242799410287,-39.14848685162594,6.284870306810924,-0.47332647484802776
17.20703125,-4.296003691683635,-2.0821812249792,-58.93268545014948,-2.1954398637196566,0.5298320691620919
17.2109375,-0.8180856299216247,-0.7505879002025175,3.4055240386467958,2.2680260982077005,-0.0640097824351905
17.21484375,0.08102620947003708,-1.1980730395407304,-6.309410707214166,-3.7520120788527884,0.1081767383782483
17.21875,-2.1579975336351964,1.3503155817712806,-58.92890221389071,-7.607792135046797,0.48642724180113134
17.22265625,-0.9605570658274768,-1.480094271626399,-20.858893689443587,-2.6179821966495056,0.10009303627645456
17.2265625,-9.30224382480811,0.4075093483961004,-15.004182337337847,-16.04320397270145,-0.44883495551225994
17.23046875,-4.751266942316189,8.007093346319817,53.75270263381407,0.9554831515444859,-0.38525680895471265
17.234375,-1.6097904025991787,-3.9909760767288627,-0.7412514004174406,-6.7386312445275,-0.3806132374451885
17.23828125,3.517994449750733,-0.39035414299577426,84.62348577892512,-8.211946111537536,-0.7025485174555643
17.2421875,4.271640174123126,0.7008776006115311,-23.846980905857027,0.38982640019873926,-0.2905349607628965
17.24609375,4.134245801177473,7.647210930171613,10.815200949123835,0.6386117203983006,-1.1667599857620863
17.25,3.0778244903271132,3.920021198572925,-38.6839266525858,0.03160917766756647,0.14770497653841633
17.25390625,-0.2219070838070252,1.7785567905999868,32.28323116622999,-4.283631003671529,-0.02983316186414454
17.2578125,3.4675531473979095,0.20799253030571885,8.156960607441565,5.0287854630905695,0.04416300593072982
17.26171875,0.7559953577377992,-0.018026482231033765,-20.7210983677808,-2.0258801609101225,-0.7615316807064118
17.265625,5.202894342779496,6.456039039808918,17.977218134191382,0.6097609596168869,0.06491233854102055
17.26953125,1.282125652767915,-2.470090823437311,-2.1634846800724574,-0.8031522851889865,0.21197068637912192
17.2734375,5.020943607112735,6.250377004965598,22.810848980949732,1.61625466556035,1.022388990658282
17.27734375,2.352650538840308,-0.14205147002643775,15.373589565264782,-1.308265495118569,0.04773033515441367
17.28125,0.7653970698792747,0.17745193513606206,-1.9467217269538004,-0.8381285961660739,0.23458955077545415
17.28515625,-2.1250177578502503,3.620409101904639,7.034573094007581,2.9502999151348317,0.09521094919955729
17.2890625,-5.5370470447891105,4.843206221706305,-22.856688113691334,-5.889255254754378,0.8024876904677376
17.29296875,2.518776481022329,1.0193185031043925,-8.205784170471052,0.18200186417983755,-0.18073113433641036
17.296875,-1.691756861676462,-5.110805865720807,0.4346908246728347,-17.047356786881195,0.06110028355086166
17.30078125,5.237399617819408,1.4057762369595905,14.55905769973371,-6.388594188708335,0.07733353566995443
17.3046875,-5.022817472369877,3.4564934351697314,-27.3651182349829,-4.70476492306146,-0.6380381635866522
17.30859375,-8.32229288463942,2.8172966363492704,-37.456736537461026,-7.586623597879851,-0.37717090794390384
17.3125,-0.7387189306535836,2.1672767561510695,-32.47444327147362,-4.383702146381502,-0.8956893075470714
17.31640625,-4.4495974532509805,2.059995742430523,-33.62307911729057,-3.9682744067652242,0.09178773242022888
17.3203125,-5.4024516694392215,0.44813739357232807,-5.267316146243951,-3.060920803688563,1.3415409235609432
17.32421875,0.04025234739211222,-1.036810692258554,-48.09542361566426,8.912149901571507,-0.19875240232790986
17.328125,0.16810105794686875,1.9147705685571415,1.3038243813062458,5.150872011458658,-0.3012262045496899
17.33203125,5.399928140183671,-2.6364045455076432,12.058669565544742,8.192256343189138,-1.1050043594036112
17.3359375,-1.9472838569926623,-1.494333674158317,-1.7440978290469866,9.477630647347745,-0.5252964831314473
17.33984375,9.14088008874768,5.945310062699932,29.032128871756427,6.044512992875342,0.0043205842419562525
17.34375,1.1519513862373099,-5.281795244185794,-5.700475934773539,4.539952672889129,-0.10416560009367867
17.34765625,-2.293996085065661,-4.719828566970124,8.34517998377234,7.192923131498679,-0.26381826008389636
17.3515625,-0.13095551049669119,-2.4110122302493817,43.69061346408795,-1.7329850506764153,0.539655125102839
17.35546875,-6.228422712637632,-0.3183195791173514,25.271509382469095,0.9357710008335096,-0.13294178428319545
17.359375,0.0629878071168226,0.3717628895101542,72.0825036069988,6.784771788100604,0.169889169263457
17.36328125,-0.012072217172561697,0.025344415038109268,28.530147354698435,0.792142722325512,0.9715839473702451
17.3671875,1.823352284221913,-3.101846555160205,42.562372993397275,3.7024455892037564,-0.6296099119354939
17.37109375,-1.2326655133356612,-0.33789955266876415,60.723047844283336,1.4729365448561698,-0.412029391249904
17.375,2.040087966084342,-0.05109820071486658,20.60768546226713,11.381659503736996,0.4506968796839736
17.37890625,2.9866022648705886,-1.9883968808129313,14.59381055847845,-4.846513299853693,-0.09453332496142348
17.3828125,-0.4558831112566208,0.6435323455995783,-16.827088681799573,8.042065451343927,-0.2904396570526321
17.38671875,-0.09938057892268785,-0.4470477071307355,-43.32950100353338,-3.1376134082858944,-0.41139957114277304
17.390625,-7.844486397030265,-1.3318545541435678,-40.555581625484976,-1.216068016578319,0.30021643272301757
17.39453125,-1.9283086621258763,-0.9574900227016353,-51.79627764054573,0.294768523991809,-0.22456373161400045
17.3984375,-2.9390350341359284,-1.3917246443500952,-36.18671324304763,0.5608417122215776,0.21464657920715532
17.40234375,0.9662496554406083,-3.644764597664995,-0.12263183382498255,7.8766948818449585,-0.33854694456296713
17.40625,3.985262403011599,-0.2576053218090935,-41.258663751312895,2.192836560205425,0.37828991896233843
17.41015625,3.8189026592459876,-0.5879049435743786,-13.810612261683488,3.158171540570164,0.05528031413290083
17.4140625,0.4809696538450838,1.4779118469330816,-8.102239775232643,9.03653336254764,0.21463950124047224
17.41796875,-4.761761923020968,-1.9318449109934186,-23.544231663449267,2.104593003362023,-0.8677379980180105
17.421875,-2.1537210162235434,-10.221151343084854,25.869805716564848,-1.3000710570147636,-0.20424878948167313
17.42578125,4.851927848553782,0.18509444007122253,8.603538724014944,0.126801623256934,-0.15967444014533
17.4296875,0.5517255064989741,-3.812073602720065,28.976689464561442,4.687209294443871,-0.7334781179898888
17.43359375,-0.986421111673275,7.221371824876331,-5.51623745202596,-6.506833236156004,-1.2483970757800882
17.4375,3.2673153513119724,-2.4934757353896106,3.6203961495640016,-1.703950932025753,-0.1781914445128912
17.44140625,-2.383277230179196,4.6313727572172185,-4.890297303815597,0.8755351044363204,0.26266422091623326
17.4453125,2.7409723804509607,4.040628064488154,46.39864510804984,-1.0000968411953175,-0.29375426448057074
17.44921875,-0.44170287391728036,0.012771953403855136,9.963390126916789,-2.1176901900755634,-0.2293166788844143
17.453125,8.525180574244434,3.48547333118284,-3.085559429424933,3.2983970045552358,0.6161715014034627
17.45703125,-2.721874068126179,2.7843533471750965,53.43070524548902,4.815642605473966,-0.1563104179055319
17.4609375,2.711640384132468,-4.806373179444943,9.74925357717555,16.21525343689287,-0.04864245316511436
17.46484375,-2.547022240844125,-3.5128614886900307,10.30976139765832,9.873308408718188,0.30852081692427463
17.46875,0.5420725881317411,2.3301817046703586,-9.588349256615807,-4.48985177143426,0.43874942871784683
17.47265625,2.9130948525457576,-0.23102613411744782,28.592537873147638,0.13659746105625725,-0.07950342066781521
17.4765625,0.44718491557574447,5.689715253860131,-6.544445257312733,-3.2282066914271867,-0.2426978236845371
17.48046875,2.7032590814375963,-3.8113761437574754,-14.075188662272499,-0.7401540415565111,0.8397828683564342
17.484375,-8.142432585505594,-1.4540145192335467,12.440836473594299,-12.88501468220937,-0.4554559965112361
17.48828125,-2.695917294738525,-0.06404853362834094,10.607846270435186,-8.564558324545185,0.7170639851651979
17.4921875,-0.9521485131704208,-2.507491532125102,-1.0350572887304175,-2.4270778389322674,-0.41139004124561745
17.49609375,-6.775417644177129,0.6829409002154798,-82.22975770153721,2.841866643945785,-0.44923987534122845
17.5,-7.788317220389531,3.5517890725573453,-3.5262372906734214,-5.506448211383889,-0.5961163076929322
17.50390625,0.10383767786768275,2.8630099967075813,-5.209446273329039,-6.780409621161999,-0.22973652530264807
17.5078125,-1.0617083814309165,-0.195190722155804,13.992266258103701,-0.12863041464472058,0.3423376125656835
17.51171875,-0.26687460628807624,3.6066297855904805,-0.8807076077115568,5.332181253745823,0.6565562255724663
17.515625,4.129974227588407,-0.5528304524942077,1.2150035741138971,18.95880011389079,-0.37295866324912397
17.51953125,-1.5144462827939817,3.3198645463083194,-72.8796213188244,1.2831141290072994,0.7198738755750194
17.5234375,-5.43433589842199,-0.4887389362489623,22.236193280370596,7.503188659783286,-0.2322332262639038
17.52734375,5.184475574520281,-7.414755369173807,13.448105762181264,7.796888413502215,-0.496872611048847
17.53125,3.4219850414182913,1.4161386378894594,53.7886261985213,-4.022569039783478,-0.25322778068818214
17.53515625,4.683898150413985,0.1872929861781466,34.09088701933267,0.42225801093006976,0.25161928419767066
17.5390625,0.0766911703846125,0.9349415739751941,38.65052378683895,7.207504835706883,-0.8843829433454731
17.54296875,-6.549701095858793,3.329298167828995,-29.428537654472873,-4.467770540064139,0.13473998795139364
17.546875,1.5491709239291358,2.496923866631975,36.81086558801722,-8.294690750480756,-0.020216014530617707
17.55078125,-4.033587513324411,-1.321123474375956,29.73998115246428,3.760674373913682,-0.41679215408789655
17.5546875,4.855312561296642,0.21945800402338073,86.04569651481768,1.3808787029392642,0.3231086307225734
17.55859375,3.055219077758206,0.41450714572392866,53.4173286520919,0.9530767577726529,-0.035212365133880735
17.5625,-3.7960645448844703,-0.6040566605122224,11.4921316930388,-7.377938077341521,-0.24369198718325977
17.56640625,-1.5731028998177798,2.6296559945051063,44.614317872680886,4.455123350666248,-0.20561319683078147
17.5703125,8.585920283537792,3.8395046973910674,-25.75394448353347,6.150130255229948,1.0171193265521234
17.57421875,-0.9388449753115048,2.833760189758123,18.266066684665773,8.45971399517753,-0.8280004715773385
17.578125,0.5855181990589873,3.983889214200442,30.506833321270328,4.737361172937201,0.2870135292050735
17.58203125,-1.7014687378319895,1.6875135825651975,-19.05957494901821,-1.4962048769000522,0.2829640820594832
17.5859375,0.48179386568481775,1.159920765523112,6.076962982747794,1.411493447631905,0.025889421066164976
17.58984375,-1.9553441568667385,2.1767599090539926,-22.618304639530717,0.42068407170587374,-0.36055506231950685
17.59375,9.264830982021186,2.9300206545106127,5.48493198682586,5.837978535504238,-0.2662116595039834
17.59765625,1.6934747160752188,-4.923565508531943,-26.6412645337101,-2.186912768359017,-0.04380091136098388
17.6015625,-1.5320736021067376,-2.2613868933274377,-18.735055246951216,-2.429421785018522,0.28356580357410877
17.60546875,-1.6023900106364435,1.1027872270226864,-58.622109516443444,-7.79450813798538,-0.989782800259331
17.609375,-2.5339540642602123,3.6471194138964513,-27.226409131582685,4.882135945348088,0.16454209325435407
17.61328125,5.567019600709267,-1.1372640860060819,30.081769795523016,-1.441114074345725,0.4015285361425303
17.6171875,-1.4650379803023577,1.5007134906045785,23.447122291812455,-4.944929216890146,0.16623411616950728
17.62109375,0.6557684916269041,3.4706554088708597,-17.30933527036779,-2.3188766949071162,0.4422375608735639
17.625,3.3573512768994473,0.20002259495624441,38.829018005723256,-3.2276202574943382,-0.3352822902318951
17.62890625,-4.0769842302520845,-0.9598850511476242,-0.498202468437416,-1.351632499730741,-0.41315913880126226
17.6328125,8.757243366656956,-3.9784960467163044,-25.5005569877216,1.9620979326240997,-0.9619576367836399
17.63671875,7.3389899965045595,3.833432609727777,13.746470517228294,13.656129698523705,-1.061195482146475
17.640625,3.9914053691555638,1.410879544184868,-40.21779476579506,-4.691314704281268,-0.7377194203526395
17.64453125,-2.974769328083954,-6.667469834460192,61.65512991608455,0.45185719275262537,-0.4478197661800462
17.6484375,-2.385832284369199,0.5030513351013813,11.1191382377715,0.3723398939008762,0.5327399120328206
17.65234375,2.3795381049082573,-5.0183373988391065,-11.371481042259258,6.440847348400132,-0.0012080487606162696
17.65625,-2.517641971590057,2.3910312711406823,-6.275821481216248,1.3800152782888948,0.6421290227319184
17.66015625,2.2837454337680754,6.4000313186127755,-14.221315668871856,-6.8086508416865374,0.2436119746356967
17.6640625,-2.2959583519055973,-4.706235384952215,-25.470683857551023,0.4361102954097529,-0.10167098054862457
17.66796875,-0.7001453148288606,-3.3823509218207164,-42.25891296218233,0.6165318199182148,-0.4749294290742381
17.671875,2.0747219989491454,-4.045049737835501,0.4891165552702752,-6.699565172416017,0.18974336717121718
17.67578125,-6.085884122503786,-2.1496656027235472,-39.71228257137576,0.2225436182785594,0.0024505652821455674
17.6796875,-5.193084534965812,2.1792163248583227,-65.1567279035552,-9.630009967224915,1.0491355904143143
17.68359375,-1.568367616403977,5.011870512437898,-47.837255206313216,-6.147401687275915,-0.502376490371651
17.6875,8.169060817673921,-0.07513782511559458,-22.239561230968786,9.883221610800732,-0.05683942330883503
17.69140625,2.639026868177164,-0.13805793044396752,-36.707987093480995,15.7209673903506,0.8102475492014829
17.6953125,1.5547720497729427,-3.853305267973351,-60.32525556374276,7.548675970504204,0.8788894590428804
17.69921875,-5.331264172887592,-6.505842407344091,-39.902501476654095,-3.604286573528584,0.2023819490788384
17.703125,6.955960041664498,2.7574703084771293,-5.555433393900676,2.0833213532144352,0.31680627260742444
17.70703125,-7.542937708530711,-1.2532840706646358,10.547119558266388,7.643916503364181,-1.3214647629529275
17.7109375,-1.212386208312907,-1.3981681427163992,27.409288490178746,9.559072025818491,-0.9438676578557479
17.71484375,-3.2373932410002246,3.6863709137861616,9.192333362655686,-1.0805804207756615,-0.12822763333923617
17.71875,-0.1579191780953703,1.1684454196279863,-9.904116283579738,-4.561257143738536,-0.052974547506686384
17.72265625,-0.36527757536440053,-0.5952258287935589,-19.659476341487473,-3.5747378322526506,1.083532116183829
17.7265625,-0.33039783796837563,0.9157351468322953,23.42380924950103,-7.535993991049894,0.26538208674617625
17.73046875,-0.8752119937903043,2.035586216447409,45.046698868396575,-4.405913846376967,0.36113332336090026
17.734375,-4.9096674795988555,2.543911219385996,23.653087295278247,-8.491428728450769,-0.47420167128700097
17.73828125,-2.234667536073795,-4.718500468648854,25.413914920380485,-7.3661479988236,-0.0067070305901167524
17.7421875,-4.329343646566677,1.5251484940247582,63.44100777965146,6.060010747224077,-0.08630769100926233
17.74609375,1.2142931754147326,7.016727274411375,-26.422985455418527,-5.09073222644164,0.5042076679038046
17.75,-0.3623855688063752,2.9440517267293953,14.14630722429727,-1.9151246438070144,0.007758135719627297
17.75390625,-0.40153100889457954,-2.3357602333168392,-15.271238874329715,4.670371956848166,-0.0078406400234033
17.7578125,-6.621394376563548,1.632181903270868,-1.3621306991352178,15.549898385821571,-0.18247807762646737
17.76171875,-2.5726298868510247,3.206254422159337,46.07118420223387,-4.092736172467362,0.7857841461493478
17.765625,2.028975398335276,1.7243968740373246,9.605511677792713,5.029860074610179,0.4576945915297807
17.76953125,-5.452304756176191,0.6550568986292213,-27.70269263748981,6.458026396670156,0.618983152179214
17.7734375,5.149389143947066,-1.2977265881376383,-3.041050743068414,1.2252426622226058,-0.07383901751569413
17.77734375,0.1924443441414295,-5.97758008520394,26.32482060106283,5.678281285918192,0.05544891986202746
17.78125,5.125385456584319,1.0897233633119152,-42.251765708415704,0.37346391268658263,-0.7976467721988916
17.78515625,-5.214162999903005,-0.8097886854609968,-1.9864781872107642,-2.752749278353159,-0.8499091594043735
17.7890625,-3.328671918233733,-1.8470718470374692,-31.73939144328002,-9.512480097579402,0.21870147331724268
17.79296875,-0.1940070534891736,-0.11084015055869556,13.41638871427024,-1.1932990719527168,0.28553440886284626
17.796875,-1.0742847532645095,0.8461017970916027,22.81701744584963,-1.1607580817045742,0.6881770147200915
17.80078125,-0.46249241218029996,2.801462551969828,53.26833855307966,2.448508951902418,-0.5185365950815781
17.8046875,0.9072160400825455,-2.9695584568766407,-68.42035939086624,-11.684883501252271,-0.3693928865427431
17.80859375,-1.756435536323992,1.403857759773487,1.1737679547401954,5.837551826601294,-0.595674880401204
17.8125,-0.8386803612751939,5.221692245148829,56.22852255560531,5.760917697035972,0.5347795807165922
17.81640625,-4.392443692574703,1.7264965177494564,38.83878171949861,-6.505743599526488,0.6358268416199074
17.8203125,1.6771694747733843,1.8596290742372814,39.722383810236565,6.46776582452687,-0.6076594277626017
17.82421875,-0.8877404454091544,-3.959123683844498,49.03028890877571,3.833419311730696,0.21077169137280607
17.828125,-9.340939096216037,-4.595183510129925,35.08631575337553,15.199749283143968,-0.4992959045797255
17.83203125,-2.070227961248273,-0.12240776369441153,2.483839747586199,2.241332756749128,-0.1463429042720281
17.8359375,4.897710847149817,0.3456816839336159,-31.579205892360687,7.991434767439479,0.6706582148928415
17.83984375,-0.28425005438350215,3.0374807054489636,53.192847487205434,-10.184367590466127,-0.7527853047475105
17.84375,-2.001902772530078,-3.5605194453530573,45.85418641135506,12.813708223776942,-0.3480626872512049
17.84765625,0.699748221859406,3.882157516235394,45.034018825325106,-5.090669524207591,1.3026676406525197
17.8515625,2.1280592380275594,-2.223914142699466,19.79891573827208,-13.532593298666526,0.26177606385921043
17.85546875,-2.1082694667313704,6.072989245800587,41.389321730765815,2.506444976200834,0.5961853988229522
17.859375,-0.18717725624592088,-4.574045827646987,-33.38412146133076,7.853459519461502,-0.013056870531949193
17.86328125,4.617044785196261,-0.9469752766316757,5.046065376343346,-2.873547068587018,-0.7436139867625117
17.8671875,5.4853443191700375,2.4399458130444693,-35.84714561810108,-8.7272753960667,-0.3884524674638599
17.87109375,-3.482394740654222,1.8739210071595722,15.761827288105867,-17.206957876607717,0.09360077809906804
17.875,-7.0688461874609185,1.5004655947359384,-39.38299040273602,-1.6522749975581745,0.48298542079058787
17.87890625,-3.6337916096929237,1.304511445116073,-81.49802889345456,-3.9375498964371505,0.035775251072223554
17.8828125,0.09105383881347623,1.6224911163322757,-17.250106424472904,-3.363352757004453,0.5399740480827859
17.88671875,2.6478294584315236,0.4717033270659152,-27.11749883864948,0.5181578909104969,1.2143105378317987
17.890625,4.540109273860438,-2.603581329003755,-32.15470598576571,-9.801423265972916,-0.715903006508331
17.89453125,1.278236009693051,1.3580629733441538,-23.55655837680623,1.5960323713789801,0.17127580292497588
17.8984375,0.002236052471756107,-0.035647163872325575,-46.477743865308,5.621835463905084,-0.2695191743526935
17.90234375,-2.060720128149259,1.7174093141126285,-31.427847857396813,-2.294065992985566,0.27479727484848676
17.90625,3.4474862707814333,3.252834481721782,-37.980222555845145,-0.13813248608945436,-0.570595721567581
17.91015625,-2.0696591575617855,0.553226944459922,-15.05771942762206,4.414363008015524,0.07500171502836021
17.9140625,-4.437586847920214,-3.1486141643259864,0.2558199045900693,-7.108864502865963,0.5797696555548801
17.91796875,4.090118285940808,0.1545424418203113,59.193820494608616,-13.90428829332565,-0.2759598251110929
17.921875,-7.224407157202992,-6.024680340928372,16.44350321630626,-9.436619916044547,0.07490856620998697
17.92578125,-2.4749525913735715,-1.1516778962371594,77.52035982589943,-3.9173003707882916,0.2465178798559801
17.9296875,-2.8584837977476227,4.195149370620072,38.70987079131211,4.077146353033373,-0.050060370698221446
17.93359375,2.5759424266648563,0.8474899869824803,38.49025731540616,6.214838019976506,0.2442006261078028
17.9375,8.042753522507315,2.5508780919542873,31.17816792112113,9.426919376072032,0.16785585214664595
17.94140625,4.856191017764825,2.21762152493463,16.535750693082484,-4.083794701045683,-0.8023613895924473
17.9453125,4.81214324393807,-2.53848399218289,57.49869261212162,-2.158094657056351,0.7927623421384514
17.94921875,2.2455944894328947,-0.22694952554028647,-21.637102016700062,-2.0139349888533875,-0.3571110428635189
17.953125,-5.359758149911461,4.385544122074705,11.209958478954878,-4.334104933135006,0.07254883537919313
17.95703125,-9.185584183755367,-4.475071043410416,-2.9301965070133136,-0.047271616775588665,-0.2597474900657482
17.9609375,-4.670112484843933,-0.08483944196034783,20.33465842160676,-8.154133884438158,0.0937264008604281
17.96484375,-6.105107626549304,-0.7759036370115014,-25.28037569409186,3.7164140052058854,-0.779873288406561
17.96875,0.1630726245524709,1.3330852318411517,-6.630529223337671,3.0137323816453234,-0.19357430929670258
17.97265625,1.49435543671701,-5.628623896134441,-12.615482758568909,-5.578499286507795,0.1459695961850068
17.9765625,-3.9290699496238273,-1.5552709841065127,20.983412515962733,1.1035114494147997,1.6166747564537092
17.98046875,-1.9887893353108699,-0.8867074090359859,-26.043026225964432,0.24226378379292912,0.47154253589665907
17.984375,2.8665004354870014,-4.9815675879761505,-2.9453130573775432,-10.98270566661272,0.19560446594579867
17.98828125,-0.05499423293379544,-6.707917652564886,-17.60939076548743,2.7766448982647542,0.1279611575054982
17.9921875,3.7421141612523283,-0.7875244136502153,-15.255634285107101,4.395036665175853,-0.19335069671646662
17.99609375,3.488571976063796,-0.46036191978315233,37.52489946338706,3.586465000978694,1.2446006459691887
18.0,-1.5446835221242605,0.808854751437445,-22.5060349374903,5.843826877088639,-0.2257198324510273
18.00390625,1.082078976695254,2.9265799757683144,22.234586923455712,-2.592796360005182,0.35937977980257
18.0078125,6.804230913600835,-4.081955977028326,5.6217832078961045,-0.24320180153491888,-0.06704405947113448
18.01171875,3.5999409315025006,0.5303202630439998,42.59074885264518,0.18254536680476585,-0.6297296651188137
18.015625,4.7111658215328065,2.5848752326547753,17.277763885866662,5.181595407402528,0.2866984557214148
18.01953125,-11.103611429216576,11.938638015979986,24.661260676117095,-2.8688744770143586,0.41100812642932866
18.0234375,5.5080897397933715,-2.5907370363924564,24.40007933702733,7.21062754637446,-0.24036641435419337
18.02734375,2.5676724632020393,-1.6360110164706225,30.15889671446198,4.088424430490613,-0.5387495190328927
18.03125,0.4197532627316795,0.6060888937931475,35.840101993025684,-6.958370793347507,0.45681374289884336
18.03515625,2.5843108950564724,-1.103283415925115,66.2009258070289,-9.325627530369854,-0.2449941566776402
18.0390625,-1.8478608118771658,0.7125442691642314,19.517020422076584,-6.692030664136961,-0.7121428147374607
18.04296875,3.2306196788065007,-0.1450808682084822,-26.576118429869922,-2.169661171049552,-0.21362268322953878
18.046875,6.7793786127685385,-0.5401411534282923,-41.354495547941355,-8.917231569932909,0.006465789520116316
18.05078125,-5.974084350634236,2.4392652353216473,0.37977704412521796,-3.9829032380765845,1.1371922854214476
18.0546875,2.417062602656375,1.116182357715624,-17.016922275484117,-2.486102042731973,-0.05738606440408386
18.05859375,12.337483114864659,2.6427787944924157,-41.76847315296025,-0.11768982856411703,-0.3243885604225262
18.0625,0.8492500248735958,-3.8618573618049643,14.58062412817726,3.5746647722242093,-0.13532661998233358
18.06640625,2.593444986031178,-0.9672392139492908,-46.278454765511896,-2.1180796849193495,0.048898094100292715
18.0703125,-1.9006744089124712,-1.0386162188678558,-70.98292497050163,2.6455053036926737,0.5273410487466048
18.07421875,1.0372697285639945,-1.7924306276341837,-41.33085882751432,-4.363831623639651,-0.02548108146663657
18.078125,3.164616151397932,-2.559808525616072,-34.57145948943923,4.557547070218443,-0.31027638509241523
18.08203125,3.229781872102843,3.298030188358002,-36.78339404159819,1.6633974630503774,0.2028123480803998
18.0859375,1.4636634695784123,-0.8941089662187882,-49.52204355289697,-5.753830774068033,-0.5036122358082977
18.08984375,6.018388092346673,-4.435106355395784,15.894106486415422,2.6122888669652182,0.44729745913608254
18.09375,0.861896682566152,-3.1274464669956865,-21.286575275992522,-0.20408342318533124,0.11280562929633298
18.09765625,-4.040280523914823,5.043042751301559,-17.746073484336222,1.4128644228334966,0.17465467532478243
18.1015625,-0.24482330604765884,0.1339665270590242,-24.58207324609923,1.301402988432645,-0.0853614328294813
18.10546875,8.573861609732829,-0.6826720622498094,1.360813604289227,-8.283654554451884,0.3954078427368363
18.109375,-5.638018329827924,1.5567850924238555,-5.590276071605391,1.041527275285321,0.33574086079117793
18.11328125,-0.3915422074510555,3.575300702199701,3.7126306941128853,4.450338637075504,0.7336594415494568
18.1171875,-5.938639545334768,-0.6826952602121897,7.587300873907232,-14.995506595118982,0.7125105852954875
18.12109375,1.8233710143540223,-0.3687397417909557,9.113801352651457,6.872518355162343,0.5092795972936791
18.125,-2.9868096263084403,-4.166171625692628,50.44412965798964,-4.531496413158942,0.23447240319030876
18.12890625,-2.493347414558914,-2.072142098061927,53.27457871105602,9.397233030886063,-0.6488653008373447
18.1328125,0.9016972754320683,-3.066451928067786,4.56288426783191,4.644220209543919,0.024928418270589402
18.13671875,4.403841917309766,3.094085249448009,-28.935609154709216,10.923368173216472,1.1263224533842666
18.140625,-0.1194695194136486,-1.0927065081439422,20.168848595583647,-0.3821912383375645,-0.6608984145073288
18.14453125,0.9462086548052061,6.961888795470799,16.06135949194762,11.678001380768283,-0.17446177196046758
18.1484375,-7.691939419453141,2.439037847916185,44.16631437472827,3.7121231021874177,-0.5773917502167752
18.15234375,-1.0551634987264953,4.167290396910567,-48.85227625671541,2.575996949643958,0.7416790915130113
18.15625,1.1582374342214654,-2.053892212559316,-13.81885502754939,-2.3157969154900404,-0.7242782418268935
18.16015625,-6.347220697780548,1.4739064897619156,-9.981301639331807,-9.74546087816981,-0.08770977405308958
18.1640625,-0.9052417106465862,-1.5058495737796678,2.14271106751022,-7.762483005254414,-0.47726929009978136
18.16796875,-7.154198773516514,-6.9042070583332515,-39.375051485793804,-9.702749133703906,-0.39163683463984184
18.171875,2.157175886451432,6.682931033397327,-39.54523935782875,-2.631531504004609,-0.0574164227906001
18.17578125,0.3468403556635446,-0.9637140245840932,13.86041903736902,-2.5155394965313396,-0.7479625712768755
18.1796875,-0.8687107843422501,-0.8862391044724207,-74.84226155423941,3.4926265324843193,-0.5185620574374704
18.18359375,2.7537669458313374,1.2798614320114545,-3.8391336866168864,3.979380578309658,0.15957584191269716
18.1875,1.6789965173269192,-1.213409076960909,17.84376833003535,5.738553920583242,-0.010291064205113755
18.19140625,-0.024137759075454655,-1.9759928626402221,26.6262152682495,-0.9890220333830471,0.17481407840310245
18.1953125,-1.3013348087424301,-5.481880990850621,10.019727719910378,9.31356749309081,0.7085306936034967
18.19921875,-1.7070405886920497,-0.5565581420793667,18.435542583017906,-2.005102402899763,-0.1428939197541319
18.203125,0.3733004383516817,1.9915992808545093,-9.741886567316836,-1.0141884289196454,-0.638122813786858
18.20703125,-1.812747959101341,1.0622018234295063,1.6630687099596777,10.160311825458606,0.39852185727683653
18.2109375,6.566827681864089,-0.10415148616112593,56.92919887563322,13.418481972085463,0.4288826030833132
18.21484375,-8.88889934330737,-0.8593598935215006,25.627140306648734,1.429933680200048,0.4082495830510116
18.21875,1.3503639791338629,-6.336064966984025,22.63170148571634,3.295739257820031,0.1802472884455005
18.22265625,2.9523963183160964,0.15188474564632845,54.71079881776553,-1.3852523403559573,-0.9268932793918143
18.2265625,-0.2435701114451037,-1.080366499967988,26.570943875785197,2.551993993447051,-0.1949729888770222
18.23046875,7.723653507375023,-1.5689637927641158,44.768468216213265,-4.32678900513208,0.0038294438844184726
18.234375,-4.995174400747184,4.920057349026855,-39.46716909189886,-14.079439328844543,-0.44762508386148553
18.23828125,0.8099033982249993,1.8120185975597105,7.794265042705638,6.13068100470213,0.043818101919522165
18.2421875,-7.747601098821846,2.063215362192876,-3.9354211525374674,-1.2556106744140696,0.794974274306405
18.24609375,1.784541335902314,4.231221989770326,3.5843581741903243,1.0427874787683258,-0.7389270715624251
18.25,4.805584370415966,-2.5338749399332903,-3.6452354007105754,-6.021000413723666,-0.7668573406543845
18.25390625,1.8856462833668466,0.1952273921280988,-51.37446257340216,-13.134486481375163,0.1493108193764
18.2578125,-0.6970718416750303,3.124131173009552,-9.555193300539198,-3.8039090744702007,0.5777414000572326
18.26171875,-4.998333529988161,-0.8073083256507654,-30.051248014698206,1.2800235502100605,-0.27351290168339026
18.265625,4.347105524200592,-2.9514752639456616,-53.10339159897382,-6.938440241403892,0.12035920313099503
18.26953125,-4.342083925068472,-3.0281060548225383,-73.20125961473968,6.2983323845356445,0.12547037410796713
18.2734375,-4.86819390672338,4.012151304347897,20.725676067554083,6.565431091434481,0.5207468419665642
18.27734375,-8.337112294626282,-0.009284250800740036,-47.25528524480698,1.3588488963278236,-0.648953364783234
18.28125,-3.8078339103485543,2.7955345884329788,34.74378470883737,4.289748606550514,-0.055109529390686536
18.28515625,-0.31325052863377806,2.025068578557797,-1.605682934802702,-10.256669214995124,-0.680320024999827
18.2890625,4.124782862786809,-6.154937837116874,-34.396370104419304,4.597517790072528,-0.6969993444807638
18.29296875,3.303536985102686,-0.6167014459278404,9.500199642921741,-3.5095507856136536,-0.7457083994104375
18.296875,-0.32510013299416624,3.6650200265593136,2.3201851310535524,-14.409784287620617,1.0460179284978453
18.30078125,-6.925943712672571,0.2889485666414656,24.123577636747306,0.23023846517579116,-0.5741429220115004
18.3046875,3.4349397911781145,-0.23181770100049848,70.92489003553507,7.754303063172535,-0.4993325774380918
18.30859375,-0.8876323599000188,2.161954707571558,34.63685558690989,-1.3874812543110102,0.36855605710368
18.3125,2.9937972908667976,0.603346068602603,29.488345488729664,7.737180276636235,-0.1616976860038093
18.31640625,-3.545891838121309,1.7507860622419873,31.04127219381477,0.013008892874963207,0.24512057218693045
18.3203125,-0.08492086092144947,-0.08413246714035408,-21.066942873330543,3.2065539915112673,-0.7285361274307289
18.32421875,-1.1894910115643356,-0.09008359232066107,64.59601296723034,2.8924379569237795,0.12515334946459658
18.328125,-6.352279067594976,0.9821123838638319,3.7945925736618467,-8.935513347220025,-0.05766263168696765
18.33203125,-0.4866884450043966,0.8570378390411368,-2.945278140186327,9.732107952610212,-0.19945784247702403
18.3359375,3.6102219145831835,-1.9619517557102428,15.959845335680054,-5.940363034847392,-0.8171057926415182
18.33984375,-1.4668126722192472,-3.9028152203117603,4.982270962807725,-3.9775918296656845,0.7394065617787294
18.34375,13.673048071736462,-0.18730890549955795,19.824486997299996,2.0898949709679484,-1.105177866996498
18.34765625,0.38556284635499616,-1.7308812502176538,-50.044712281108374,1.5354959605690932,-0.39514792953284683
18.3515625,-11.645314615401572,-6.586575546833829,-42.0531082882551,-3.703897051116333,-0.9245247808685776
18.35546875,0.12153136712834522,2.040433137783285,2.092321728850113,1.7388439576002432,-0.7950466971878924
18.359375,-1.3994460624832197,0.2833963365698843,-91.85900764458088,-8.252420180996086,-0.03575847490854147
18.36328125,-1.9578065509702098,-0.8607987531794785,-17.30823480852147,-4.283281169314568,0.1569990220328711
18.3671875,-7.114821081534441,3.262483309722866,19.060338299435216,-3.618586248305331,-0.7149469587490344
18.37109375,4.869860114934204,1.062250702804596,13.54942248692656,-0.5235966022619094,0.7193217674811999
18.375,2.9234781093553406,0.6506216790780108,-66.0391680648717,-1.9500336896247603,-0.29208165829325705
18.37890625,0.08337889854770049,0.005039669915719218,-9.761225791213578,-5.3311360254233575,0.8891750334618798
18.3828125,5.999174946864367,1.5896260547484056,5.606967027064297,-1.4196679223471622,-1.0960007351206085
18.38671875,-4.280618639707876,-3.09646885545467,15.861583644473422,0.30649535203516276,0.5365965983447313
18.390625,-0.6270576082432081,0.26726763772971557,32.11943538284601,3.1219958870617943,0.5514862206648672
18.39453125,-2.92389030161447,1.402776074894432,31.335012771634673,-7.261859686062088,-0.18773216334475085
18.3984375,-2.077878794611732,-2.0606484289468217,18.91978284564783,3.4028046479261462,-0.2342333018757456
18.40234375,-2.2980508179232073,-0.06338461018809985,-22.393717187828194,7.34818994129521,0.1311395952731642
18.40625,-2.729049509307615,-1.0316783854892893,7.543993331910784,-14.890787617015501,0.43566436650790247
18.41015625,-4.234834388240407,8.565633176466584,3.4592493885287823,-3.8087274465414755,0.23822988129300787
18.4140625,1.6419522630926728,-2.3461057647174446,31.08906252698506,2.25075257267163,0.03193387269338118
18.41796875,-7.6947669492341,-0.8180073169798928,13.277057505435383,1.158535456805422,-0.702443049099174
18.421875,1.3135011924588507,0.36981894973926743,35.566633836053164,-7.240567285812274,-0.5203781155463575
18.42578125,3.1669158388129675,2.574694564912198,-27.806390868321888,-15.547108203153604,0.28146766269670165
18.4296875,2.177855678253145,-0.9824626252975253,-71.13732081582054,-3.3765892383492737,0.12645010000062393
18.43359375,5.530352208106657,-0.26148860384263384,-38.509737766168946,-7.519118789232435,0.676955221414907
18.4375,0.8080233836490227,-2.6136819706523733,17.258974490311044,0.9612755929459406,-0.23400548171915783
18.44140625,-0.3079365776593365,-4.1918427221067684,10.843061073720826,0.7693368388278208,-0.325519455551789
18.4453125,2.3918568913893474,-4.164385787304074,-57.327255015181095,1.1632232485530816,0.7198451550420225
18.44921875,-0.18215767396987223,3.8765836163515655,-18.21756313803622,0.2456562895210901,-1.1663527378948981
18.453125,-0.4391097524109909,-3.492668073589844,-18.90587700678343,9.816494259322868,-0.04551710206413212
18.45703125,-4.452830922256869,1.4101830323587636,-36.70146856540501,-3.839840439126548,0.12002626140227594
18.4609375,1.1340741487471109,-0.6098875000727675,-27.816730580098053,1.8884992125130406,-0.05901939694854828
18.46484375,1.2818182838391332,-5.296669558108055,-23.298378545103795,1.4212150616990114,0.44111624276017186
18.46875,-0.23799547186809678,3.037432247558006,-14.4825378855742,3.265429697407484,-0.5124454394655411
18.47265625,0.3608891330881231,1.8963611055742222,32.40052233758243,6.071006368962888,0.47024029397959
18.4765625,0.7000745976563443,-2.4251603312825667,-33.54520041196349,-11.003476015004761,0.13644451157799287
18.48046875,-0.19812311076824005,-6.679226493079948,19.571336672798672,-4.610174041902777,-0.7244603295127839
18.484375,-6.3288984690799275,-1.4588484908425803,29.9146616862715,-2.7898028209855266,-0.6751968652405723
18.48828125,1.7592340398972754,-0.6846151676480685,-6.189314112575239,-6.5495301043021055,0.09844940428548685
18.4921875,1.9854047936253845,0.06768871295665493,41.113099829287904,-11.199815291090736,0.21342949799512323
18.49609375,-11.454204533530865,-3.7514682991432844,-2.890956484273193,-6.640965648605537,0.0746857998187842
18.5,6.739221767920998,-2.740772310339824,37.76905692729348,-1.8797642257149445,0.3759867986513087
18.50390625,3.1981610247502297,-1.1734821751920277,25.51601771423604,-5.169842238604224,-0.3984804179528934
18.5078125,-1.7518895476493541,2.0110933230887476,28.036738001968295,-11.916758611647582,0.13382708132057147
18.51171875,7.276829571145782,0.1509969247406837,44.9582480368591,2.359020582907979,0.2473249553067134
18.515625,-1.2958498954754523,-3.1280406187475194,19.468675928597065,8.73996054914603,-0.026133629723732118
18.51953125,-1.7727714658747076,-1.147870601558851,-9.97117925581593,10.075589744742903,-0.6228526857803124
18.5234375,4.187930821775379,1.217008586130722,-4.3169384322700575,2.9997886071400424,-0.6246102091034835
18.52734375,-1.0819412260668904,-0.7651836486777984,8.865195593128139,4.6479240382846125,-0.4576185863919087
18.53125,-3.2555173561392814,0.8033050329754576,-7.639793258714287,-3.508500557579273,0.09510245589084404
18.53515625,6.934002319901326,1.1680732772588804,-49.49166243255903,7.49516020190479,-0.45474398713048003
18.5390625,-10.205691669698973,-2.4267617587739507,-8.770538000642397,-1.8278955995666917,-0.30471990980002306
18.54296875,-0.8717716170892017,-0.39502949863537534,17.676764339766887,2.1471285679552414,0.07936249088971181
18.546875,0.6606282240060757,0.5093324740165543,-16.07855816858983,6.736493116044269,0.5663376956055712
18.55078125,1.1619603136320489,-3.8906865161791693,-34.09116857955867,-11.21009540183412,0.8446038358222572
18.5546875,0.6948514078552278,0.891528840423929,5.511981434162362,-9.55448421508359,0.09354714832016509
18.55859375,-3.7893375081254232,-1.1011750582470692,-36.16679461443161,6.201458786465152,0.05478934409234494
18.5625,-5.195943503244116,-2.5597924262288094,44.70398139102512,-4.893718067214499,-0.2601263135062382
18.56640625,-0.41443430445766305,-1.1821847688779699,61.62166457216106,0.9002815482310708,0.3856765481314294
18.5703125,-5.121829429766722,1.005770383544408,-16.105558372386316,-1.5581828487456852,-0.027906965763089448
18.57421875,2.0060949519223423,3.0750987729659522,27.29993399935549,4.194003364051643,-0.5069841433854656
18.578125,0.48102497933070054,-4.227095189144996,-17.649686795293633,-1.8009261754343466,0.09543867871114063
18.58203125,-3.5511729270336003,3.6726790790320214,-50.58369975647753,5.8222554973280936,0.0190839153183838
18.5859375,8.893834128250646,1.5820820427021662,39.356760522333126,8.042798039210096,0.18934606229001383
18.58984375,-1.8739725305244734,3.4335391406663627,35.65289834429584,8.12026640242334,-0.46088842951431563
18.59375,2.457062705907837,-1.2025547961098209,42.89515517236765,5.437588151248336,-0.08786908939516558
18.59765625,-1.8521612808414876,-1.1570693308771673,12.22296381316157,3.1263029190416507,-0.31937401263864273
18.6015625,4.658728053011476,4.491500947907056,20.080187759461914,-11.292083491166672,-0.26824214628703574
18.60546875,-3.132867347775232,5.610334336527957,91.08932369435198,-10.812902249438809,0.1464077750234362
18.609375,2.4255523108768675,6.564084837295726,-8.623351348939472,-15.11719656461,0.11066730795488036
18.61328125,-2.8359555542151886,0.8811885267840922,34.36990384070714,-11.345305142752359,-0.04508159346455173
18.6171875,0.8446578994605662,-0.4002883256551666,-27.108441098999407,-1.8365618311765226,0.3568125212773514
18.62109375,5.540285200538186,-0.38637542769516836,7.265664988366757,-7.108406303535692,-0.16482714103888552
18.625,0.021330598921673816,-1.0312385657751655,1.6998670560006897,-1.1115497753431862,0.41554867813979574
18.62890625,2.826628179652713,1.6615651012355936,-35.50181133266615,-4.57277423798161,-0.39252577428509483
18.6328125,-5.769462950125088,-0.7379326179881666,4.822434744591888,7.384301328122209,-0.4874662988998109
18.63671875,-5.626687603023637,-0.8187424987497728,-16.890025927428724,-1.6400813419062907,-0.08431719135798037
18.640625,-10.915909321495567,0.44049738840511177,-13.87648544337864,1.2483952542175039,-0.08223422685555529
18.64453125,-8.069306937807692,-0.3863091101319749,25.478857776854237,-3.7323986263411446,-0.9674027217883968
18.6484375,-2.0271540454037256,-5.269386205069668,-31.92437780627178,10.445129122419214,-0.18309497688330711
18.65234375,-7.062962685323648,-1.0069989103712342,-67.28553863592916,-4.751383125099836,-0.28604211346067815
18.65625,-0.5108836854450015,1.1971356536584241,49.085995451491655,-8.706953603416833,-0.047603892248963525
18.66015625,-2.2195608275643424,2.1632144892285003,-8.815537210788765,-8.187012514642873,0.28381304674863805
18.6640625,-3.2827125025073682,3.387019436311936,-8.446387234634583,-15.690350959864489,0.19871002245832875
18.66796875,4.028479858897886,3.787855184000341,43.58213972168339,-3.6571310856472965,-1.0799797548754464
18.671875,4.609695347274395,-1.6670946829482887,-15.134317453801662,-3.93316186336855,0.004572558734079001
18.67578125,-0.5049047824783378,-0.0684687532382931,11.080349471105107,-8.379560084859598,-0.5398540680829614
18.6796875,-0.6709318499898311,-2.6531971284064118,23.685585273538713,-11.453328446365642,0.12807396910716767
18.68359375,4.345928135770356,1.672439624598482,37.45017927304753,-1.2239081141972317,0.2996936348152715
18.6875,-3.2593607106776306,-4.9282429846023295,54.441281054251974,2.158652984437822,-0.07768738482700148
18.69140625,-3.8610883126051987,-2.1165828846505423,25.02725817346969,-0.3076232308088227,0.4332669045555213
18.6953125,0.6840934767909282,-0.003977870635340136,47.30376981538165,4.484459814415271,-0.8167115116603649
18.69921875,1.5996733571894506,1.3076369334544038,92.15334663106091,9.576910105054319,0.2851105424169069
18.703125,-2.2994275506094497,3.3347276022169186,49.97304612911192,1.6957758553522027,-0.2015085602969846
18.70703125,0.4068760092927048,-0.5968304891195758,25.048478052791996,9.00092705445306,-0.45228168645361844
18.7109375,1.5440904222192329,7.069498225985036,12.201589614188766,-5.6310648621960055,-0.12294112782571152
18.71484375,1.5975860177022352,-3.0614107187696327,-16.727188762774908,0.5880920941991941,-0.8818902465993529
18.71875,-4.598592040752767,1.2516796070126075,-80.60173782789249,0.6348678904391333,-0.44191725682021626
18.72265625,4.339520219774727,2.956217267119773,-52.49655637337788,3.894516705231384,-0.36393270903382285
18.7265625,0.5915127724121273,2.556721357767888,-86.53728208739176,-2.550461734088025,0.07288919582608569
18.73046875,-0.2603594023597842,-0.8395892079520584,-64.39220126959955,-4.950013420750707,0.18117834521274756
18.734375,-3.1730669497973336,1.8753113089583215,-46.99660319130162,-1.9489442985758036,0.2081779816614877
18.73828125,3.552076402304813,2.108028701050099,-38.81292037505921,-5.269488502257202,0.37084738954233537
18.7421875,-0.8443116444249623,-3.320557600655966,-6.269817040801431,2.435506645752937,0.3497083202671911
18.74609375,2.3094783608316383,2.7199045721879465,24.415006928126687,-8.508263929703036,0.43793767964009234
18.75,-2.801638515437558,-6.15992392895866,-13.776973196874575,-0.830055473756609,0.11847283823613164
18.75390625,-2.278943403743122,1.2213836024969706,-7.344488431776352,2.8574721403028924,-0.5207552208861752
18.7578125,-0.9443251140306316,-6.718250162937923,-16.559172120881353,0.5551572314136703,-0.4945689492838007
18.76171875,-1.7577137692649611,1.014218103293488,-0.7267376661858773,3.224331499598209,0.9595876789579934
18.765625,-4.649923165660106,2.3439702559054334,4.345826715454626,6.061830098038899,0.5789861007951429
18.76953125,6.162347197818128,4.268231555776831,16.002618175095606,6.261471414656265,0.46175158794185295
18.7734375,-2.07315502647615,-4.322888076113596,41.246860426427666,11.175932119546513,0.1889532058515702
18.77734375,-1.8835313690154654,-2.0130209568162556,9.476713029251538,0.07768237270483924,-0.05475587765787936
18.78125,1.871395794265126,-0.2738430441905379,80.95562585318832,-10.266034173654443,-0.49602970608795943
18.78515625,-3.4667512170217174,6.015690283918376,31.73402420389099,-1.2875432505470588,-0.6668976526129877
18.7890625,3.589115853968438,-1.9888737699961025,-8.669194521312217,-6.625939560772236,-0.7155960843053276
18.79296875,-0.13799900450327762,-1.7864409922009887,-28.907060290660127,2.6462712208683237,0.3145623813636859
18.796875,3.0065555671210213,-1.1985442354717377,36.42625219329287,-22.331639788382976,-0.3902267440364056
18.80078125,-4.7032047168244855,0.06703616226952233,-29.274740732735733,-5.427084127080417,-0.5514566239639541
18.8046875,1.9231394464301874,-1.3711359791904165,77.44779381149112,2.0980256930331245,-0.9521996883752079
18.80859375,-6.714815415645131,0.804934616497978,-9.278640765013588,3.8537905756974435,0.40240263619010025
18.8125,4.988012627016168,2.1747692942339016,-9.97600339253887,-5.963027742167238,0.19430631031194157
18.81640625,-6.79307427359397,1.1057216604742914,-69.51234753176344,2.1087713254117,0.18110195400878737
18.8203125,-0.40303099698858297,6.802166151423437,-18.512963922945545,6.992757511969732,0.820321014952928
18.82421875,2.800087468717202,-1.0813030076154737,17.260085350019114,0.7531375260766429,0.8429045803344657
18.828125,4.299338595084737,1.6682049324354287,32.35967178018385,6.3922429230069975,-1.262760535699006
18.83203125,2.854560664806869,-4.212965451690474,33.40811789077897,-1.9285460707347566,-0.7484250825551617
18.8359375,4.420584217290556,-4.85112119033005,-53.8972713914138,2.3418490921753268,-0.8877905590328902
18.83984375,4.278315803202306,1.242333992573215,-69.40390318999181,-3.5898318958676487,0.6240549176535551
18.84375,-2.1241028362333956,2.954479242134443,-100.19517887832274,-11.079823998338885,-0.23181235593507069
18.84765625,-0.8995037600856304,2.902959017610327,17.283065146941812,1.8209504421752456,0.9303813543593212
18.8515625,-1.5479219530534474,0.2420886593401303,0.2427832091200468,-0.3566929259300373,0.5011344546856018
18.85546875,-3.2155015446750586,1.1832316572776043,45.23039607193327,10.486237185338094,0.22111995167234638
18.859375,-2.413233732009862,1.5570427388078643,41.99555384429782,-12.0679038332791,-0.01824986487247064
18.86328125,0.3510664802062735,0.25893217390237927,-3.0839441397801988,3.016732095378305,0.4390076514201197
18.8671875,-5.445275497498027,1.3842657917791754,22.58206244285179,-8.973428381398353,0.44895728299253057
18.87109375,0.7151945948501679,-2.274278452981089,71.89784437084998,-4.572436781535959,0.34234738854438396
18.875,-0.519223450528268,0.7895042934124274,24.970743793741192,5.723301342589479,-0.6197264842950918
18.87890625,1.949694172217627,2.6292628875298276,85.29336461770137,-5.690140678251143,-0.9859572358635574
18.8828125,-2.9075380898015664,-5.089051485657547,-13.910970210935439,3.6538698723112804,0.1184835108973141
18.88671875,6.354321535811578,-4.510591508007062,42.9974507970512,1.9222072737453642,1.0835209266993695
18.890625,4.036420423751766,3.239057138609165,1.3017435772521893,6.559073242320259,0.4342001475476055
18.89453125,1.4367126568345858,3.123173453372636,33.67022649974629,3.346524006667459,-0.1935203601333095
18.8984375,0.7657724503504311,-1.0378853959301524,19.523543621218643,-1.5235028753142932,0.01881597427821134
18.90234375,-1.883447750646252,0.11499443508025602,-54.491758990968165,1.1682579760298308,0.15215400868783494
18.90625,-7.947787365816021,-0.10764953529442531,19.58504065942502,-7.934039032691007,-0.16765091997491247
18.91015625,1.9114919938692416,4.841781764730575,34.319022995607185,-4.931177785554043,-0.15743480347171562
18.9140625,4.769564860175846,-1.9165889960826736,-25.72693200772411,-7.941992696997743,-0.7252202078619708
18.91796875,-2.3893366150953255,1.334348352104441,22.797098954144825,8.798448293653223,0.3556843424414808
18.921875,3.3115121503322484,-3.8458177350037035,2.1510883218225665,1.6894494115089014,-0.3993300179726786
18.92578125,-1.3716609994604674,2.152934910639722,-37.087713328866826,2.256124379568652,-0.21291028145453897
18.9296875,0.8192543126802472,2.443130560714314,5.461289038752131,4.145457150191165,0.42240911716755003
18.93359375,1.936392884271562,-6.239621424008834,-58.15231443099993,-7.936975279997901,-0.4468000838279788
18.9375,2.762995390415214,1.5594536379126684,-24.077591161261328,-19.022683682256883,0.027209951524193074
18.94140625,0.6470100566434974,-0.9160662732963722,-16.167076886885177,4.503212455411154,-0.44707508966005316
18.9453125,3.5708896208735417,-2.722274209446502,-60.05436801413417,10.863887647356876,0.2925037854659909
18.94921875,1.088402937446014,4.29627046216082,-28.758498025378525,0.36193706497471867,-0.9094451862366243
18.953125,5.677695239127266,2.738371114618821,-21.077358609939985,3.5334476275316993,0.8869128980496747
18.95703125,-7.833674232828073,-0.5728055454627122,-11.362160937971616,-1.994700844911136,-0.25865555203206575
18.9609375,0.035984142444106484,-0.7907323953362302,44.35309502236641,5.228558059374003,-0.5815898195471473
18.96484375,-5.583118947590135,-4.719907754138501,-9.793513458903647,-2.593502068997387,0.5055710860075369
18.96875,-1.2574976317197974,1.8852322565040274,-0.25883317660265703,-4.889629545168892,0.42421793146902803
18.97265625,-2.6977131293769903,4.407002132201227,13.774273746058427,3.0495743678350924,0.23374264166478909
18.9765625,4.774255405500991,-6.517743161980327,46.35423427911951,0.38100705990946127,0.04499008615628019
18.98046875,-2.0962278840467112,1.4678774128860954,63.66118854604824,-2.769425669536925,0.027907491433253762
18.984375,3.1455111433148204,0.8844902282445142,-2.33582948077364,7.389958984707075,-0.33960297399153605
18.98828125,0.715979899157964,-3.7205177182209352,-1.5301135995695745,-3.581537740825136,-0.2370349227131856
18.9921875,3.099479944914498,2.346706689488866,9.974148884313529,-9.23102153814269,0.43886614310274663
18.99609375,1.4773376589990248,-2.7778926580051393,0.9764777511698828,-0.1166170059585887,-0.11172378237949582
19.0,4.586986232541043,-0.10677123299771304,16.8430462346332,11.290426599923485,0.5120784743799252
19.00390625,-0.568533022738532,2.7827671877727296,-24.201094339262525,-1.5155545383669395,1.5988408386838286
19.0078125,2.0325511761061876,-3.7010859822203757,-22.79764620130828,4.994153628706822,-1.0110547452926584
19.01171875,-1.3118643849407747,0.8953021031838573,-71.62521888379895,-7.613631219326695,-0.4483950536525777
19.015625,-3.1895260777616934,-3.0547625811632546,-35.03197534210467,5.1659966544374,0.20210383395499243
19.01953125,-2.302751573429686,4.226290669247762,-32.58003064643856,6.270007867673934,-0.447540416914799
19.0234375,7.384044812564003,3.405806513065394,-40.29792943412724,1.048975126363553,0.47472642329907133
19.02734375,-7.998603051671926,-1.6269603222021063,-36.1606860767783,-0.5461753045553388,0.4574986194087652
19.03125,-5.013290103957504,-2.945704787867685,-6.783997858598092,-4.77859957663202,-0.5223885227259889
19.03515625,1.1226207840900233,2.867502724049924,-33.5383788146415,7.062141491421027,0.05963458037746072
19.0390625,-3.43803871761471,0.22238608322142334,37.57274652672491,-13.355071129057611,0.24560243122065376
19.04296875,-3.0749647280862487,0.05787349673718421,-33.28185294451369,-0.16326421832467863,-0.5126422364968289
19.046875,6.633375683658818,6.686952402247517,29.01792126377044,-6.302434823330831,-0.30294663171188463
19.05078125,-1.0415890523225806,-1.3838856218016244,-17.604915487604465,-2.265744090040231,-0.593731329578695
19.0546875,1.4718162657558602,-0.09704782772813084,12.660233914739647,-9.179752451417631,0.18798604840903665
19.05859375,0.03624605720681353,-0.1870491998339639,8.389053864055498,-7.7569914208448845,-0.12444587945929793
19.0625,7.533561745270555,-1.0723346435357084,14.681893482898884,-0.5948846538131788,-0.21099446352381987
19.06640625,-3.0447442800672078,-3.241936142343844,62.74548856389456,-3.5854637314711137,0.03693694404801732
19.0703125,9.485161638563651,3.726666613310867,-22.878504179681844,13.579032567670597,-0.1875561774391073
19.07421875,-3.091159932007688,2.7418201795712696,-15.017240185093971,3.12521935651497,-0.12717789747565303
19.078125,7.226040177281893,-0.11975315575784497,8.959270563577192,-0.32170081316576926,-0.6214124093417719
19.08203125,-4.415898644940437,2.6537166352359365,4.270367352293377,-2.8031112299547325,0.565278713364139
19.0859375,2.723045956569142,2.5975941217723357,66.36065340612407,-2.443396022096679,-0.040910711692679444
19.08984375,6.296867251089806,-4.379952298420966,-0.23796280554083005,-3.6014931473326923,0.16040960281224653
19.09375,4.870770495073495,2.6841541483817783,17.12945157701803,6.180464793211876,-0.21570736522248624
19.09765625,-4.563494443771887,3.154003464703913,44.22295029842637,-1.6578070935987608,1.293624888161253
19.1015625,-4.285198905738809,4.880986974709531,34.60022003982476,0.4519032085563648,0.6808199818410419
19.10546875,0.8347173671602061,-4.298375657876533,3.964291367111283,-2.8626042291902003,0.2665925314607496
19.109375,-3.3328621987828044,6.241627883156999,-68.97616152193778,-2.7300580380329413,-0.5827202676253348
19.11328125,-0.7416918533672104,-1.5113139021415454,-50.75419314696106,-3.1835209343606348,-0.9818048815653886
19.1171875,-0.7064479646856741,-0.3656100004823835,-45.07350447988652,-9.930695866287126,0.4680427536444472
19.12109375,3.6212394048339718,-3.367601681618693,-12.330902673274302,4.165670122156745,0.29263190819576224
19.125,0.5923464245267357,-4.99383382900875,0.12890956362534567,10.039000165987847,-0.26245750684457936
19.12890625,1.6904130199261986,-5.459727593961219,-10.689365430432062,4.979535380495577,-0.030257466899911954
19.1328125,3.389263912225974,2.1383029788963475,-9.82108963890284,12.09761342395915,0.2549029624084349
19.13671875,-2.447267620985733,0.9085844358574859,-23.501105919463278,4.685490595942574,-0.749942920820309
19.140625,-2.0841914934997336,2.437596872427446,-14.972993193308666,-13.199246359667622,0.013346975883946231
19.14453125,0.572167516695719,0.8759130800247226,-11.768014130356189,6.5339054294737675,0.2090352568888895
19.1484375,-0.23801044901955737,-0.03810453509115517,-22.988646315788635,-0.20227661853023848,-0.8526365520104792
19.15234375,2.71354808263501,-2.9563210498048917,39.479945047514676,-1.6751459572805252,0.8281416794843135
19.15625,-1.6269671856485035,1.0041217061878716,30.89862721978752,2.827460236194911,-0.22839266699168856
19.16015625,-4.753939741767449,-0.9966351544319161,28.411610825768964,-2.3996398414151194,-0.4739951435157685
19.1640625,1.0959454861403755,-6.300602785993494,80.41872024205267,-8.615619233166393,-0.29689766733325745
19.16796875,5.408586216828091,-2.0934851577590385,-5.604381573404886,3.153195605280376,0.03445715969974631
19.171875,-6.1863696398129155,1.46374762106203,21.97604382756759,-7.918916185881178,-0.24168895882081795
19.17578125,3.0762037896202634,-4.663332977867698,-63.52997540352673,-9.171035320875362,0.4922838932060962
19.1796875,1.8188794508418002,-2.3429906152984787,14.500379134007453,-5.01559318437401,-0.5296482025422865
19.18359375,0.34267045711457333,2.4154651447769124,15.105116661149639,3.4526065135467916,-0.3118943944740186
19.1875,4.68542745495084,1.0920160653513857,0.3947393578926137,-1.4159536547323113,-0.103615601823467
19.19140625,5.8844529310413884,-1.5926426970035705,-9.483957449415431,4.4542075156130085,0.6931165959015883
19.1953125,-5.1067151182592845,-1.9718908059330915,-35.160423973340535,-11.35169163630019,0.7293165504255633
19.19921875,2.822384059485009,-0.36260686975009637,-59.94383517797125,16.642840894416928,-0.10059232547600942
19.203125,-7.03580397719342,-1.2814120595257914,-16.774915330269828,11.262647586112756,-0.28563844704338875
19.20703125,-1.4388392611761016,-1.764323599254287,14.628081076757091,4.303122755306016,0.41950762452264273
19.2109375,-1.5316215185849145,-4.509717091056863,-32.041006082187344,3.3602045061239982,0.36607010766710696
19.21484375,-3.7280373358250367,-1.5805519171558315,-36.675482816945205,6.632949567923587,-0.36323502444403316
19.21875,8.87425606156737,1.812454906319721,-8.383246751429905,1.8748117047342439,-0.8154467775680971
19.22265625,2.8142895168037705,-4.2184665258629055,32.1919485336509,-1.9570551148589872,1.0356739360617346
19.2265625,-0.8130697265208042,0.7185868487250254,-38.11012725165469,-5.49433990771814,0.16116973799634624
19.23046875,-3.2769521308709226,2.112138381867215,9.954116191822278,-5.663964250534522,0.358137545998398
19.234375,1.9201390561914002,0.09234707401294823,-61.376025648806596,-4.2625969851936,0.4205416478542608
19.23828125,-6.112347087447627,-2.1248589839199883,17.02519070652496,0.3201237533405128,0.2311676235906988
19.2421875,3.4872778812724006,0.10140364655624658,14.633135480017938,1.5840869849149835,0.1832451745253924
19.24609375,-0.405391909045325,1.2058192363481195,11.948675041520834,3.463835693536006,-0.08604730581016864
19.25,-2.161332351732832,2.8371049041323375,-17.39901721202096,0.13624226521570473,0.13259359482481045
19.25390625,2.4068259649529087,2.62471669502055,14.135936229428589,-4.968781099096655,-0.6640255329593914
19.2578125,-0.6024058691322094,-6.624028097554808,66.96307405424682,-0.4419317408058627,-0.016482830563107773
19.26171875,-0.5960226524018872,-3.1418756456816688,18.611239789858757,7.966993713261807,-0.5099807198861085
19.265625,0.7646663529620383,-2.8788816518642606,18.76975861854983,-3.153552991157584,-0.3826998131615657
19.26953125,1.106043455634972,4.266087551900281,18.263407263662984,5.031575113725409,-0.20625804227442682
19.2734375,4.8100225822979565,-0.09016613044504225,3.028766559985396,-3.162530687907005,0.6725992813479743
19.27734375,9.970825420380075,-1.2265346809735946,20.72072177619488,-5.620619876287805,0.14422533446783029
19.28125,1.1971243684085844,-1.8765125228878998,34.67613099838265,-10.716140639262292,-0.16948597154369807
19.28515625,3.2287722150563156,1.8749509586705113,-8.635541055299656,6.3506083494733545,0.2898800305703525
19.2890625,0.649274095409155,-0.24364454184695822,-41.020902361674636,-6.373318150690445,0.3100886329036709
19.29296875,2.576847985460923,0.948544731997014,-11.438210117311469,5.994969393122832,-0.14028495397743274
19.296875,-8.16661018362239,0.17967204564616482,-17.86207694814226,-10.47526637303115,-0.3025637009502276
19.30078125,1.3559465822272172,-2.3233045400766095,6.485223955091534,1.068669999517522,-0.268256163278072
19.3046875,-4.072934154986005,1.1714084341017792,-25.01095714389671,-0.33035773277055336,0.30066321978511495
19.30859375,2.700204403349969,0.6837084307983319,-71.43980112508032,-2.4233573600583758,-0.09141680450072857
19.3125,3.9031846908386236,5.186176905719711,-56.63290669419011,-12.464494187977802,0.13031472536511715
19.31640625,6.514686566411624,-4.093718502762349,-6.953303462530421,9.464664057300451,-0.06986118362283764
19.3203125,2.28390388400151,-1.236236692945378,-61.203572176153244,-3.1304733999285457,0.19498908706453602
19.32421875,-5.747300774856584,0.14797988138531076,-64.35768210687353,1.830617388400205,0.6008247662406699
19.328125,3.2193925724598143,0.9548106814173111,3.2512214176833645,1.0609021859602286,0.9229407663275848
19.33203125,6.619734707734761,-5.289469696697324,-2.9909074691684405,-0.8047361450214443,0.08277030167387554
19.3359375,-0.6060172181961764,-2.2637726518530523,13.512149429526886,5.947269486059907,-0.36543566616347656
19.33984375,1.8081962953388813,-4.267065355865636,7.174500336800476,5.31545759243484,-0.18653209635278373
19.34375,-2.6127148547501697,0.44626756273183465,30.50140118306505,8.1549354802629,-0.4410584159877944
19.34765625,-4.782053432504878,2.292770749033575,46.25843844652037,-10.604657999324449,-0.7062783112704579
19.3515625,-3.228405481709537,0.7855888076887552,107.74941380001857,3.310688162258814,-0.2947635119938823
19.35546875,-3.083804531651412,-2.8790867989009863,-14.293085493331713,-4.044029938246055,1.099731255684462
19.359375,1.390430566746765,-6.454220984036427,-4.57289589124067,-12.56938220880307,0.6130768741375833
19.36328125,-8.044601018122965,-2.2070960242366473,20.550887231823246,-8.011328348123362,0.08376954729167121
19.3671875,-1.6254222538152916,-3.2685344135213015,23.59325975391928,-1.414361595554797,0.5765250228190961
19.37109375,2.0815687430817738,0.7342187104417879,-14.2769469760234,2.782623526291147,0.649235564509583
19.375,0.16121480567626417,0.5104747781073822,49.88684095845029,-3.404454735463983,-0.10785727731351445
19.37890625,-6.896940334862404,-2.348464618038259,-44.94814645065293,1.5142375521740725,-0.2290558233130938
19.3828125,6.040862374998181,-0.3488573959761086,-38.673295157088326,0.3204377345976792,-1.1194793882570802
19.38671875,-2.6541772870343747,-2.521163762981293,14.39686934680594,6.147239175688367,0.2945719000713217
19.390625,0.8436408273660702,-6.4461534143177595,-72.35891251911993,4.309323851601058,-1.2197531822925234
19.39453125,3.5572044060877523,4.0168189307569335,-38.952798783414124,1.172043424222851,-0.488551128669225
19.3984375,-6.557709454715459,-0.22739169942186838,14.994901481393494,4.392696661186995,0.4022900788994568
19.40234375,8.088097016047493,0.3413598282951349,-43.15696488061623,3.725999247026216,0.17271820547989147
19.40625,-4.483481245178001,2.1989996802760885,31.2188909637416,2.1951893171094037,0.028172510568647783
19.41015625,-5.358546041506916,0.7295837871481483,-72.59304393091708,-3.92007695167687,0.8963691597587263
19.4140625,1.0801024759254976,0.39159227621587533,-14.136788162665576,2.318533940249486,0.0801713091151205
19.41796875,2.8495133781084943,-0.7875520937268704,-50.633428016990024,-2.023769822788556,-1.2106175571237565
19.421875,4.619724300169211,-2.3810622882376578,0.5846898569483105,-11.946117019888668,-0.4072791932452251
19.42578125,-0.1592477093084648,-8.112709158038875,-31.878142259122583,-0.9962058356255907,0.5725334636263324
19.4296875,2.553613149404491,5.711137735073034,6.85651918495198,-9.805380447928076,0.444632786669955
19.43359375,5.046403979692161,1.1984448586840002,51.98019251294212,-3.0933122558620294,-0.23387701738445982
19.4375,-1.1100554636560889,-1.8086542768190346,14.777226792877004,4.319718477626834,0.310414130986995
19.44140625,2.285288311755955,1.0698384664254705,8.903795743893818,8.963767818494334,0.6176805119592446
19.4453125,3.54652607856513,-3.6857852726261227,-3.377879912807906,2.0510002289914038,0.18253134636671395
19.44921875,-3.6035373132533612,-0.13100967833783733,16.735960536608935,2.698610949981365,-0.14591186964128386
19.453125,-6.923865703025292,0.9211249517793908,82.69852684327637,3.4963055455826755,-0.6761914736080105
19.45703125,1.9954464767500815,-0.07412463927097176,64.52093126481486,5.970904645349475,0.09022051682390518
19.4609375,5.93333601337406,0.6245181092226624,33.86397196950496,4.40280381676056,1.4783869292943976
19.46484375,1.4118278974721314,0.9331873442702319,30.97879754701865,5.897041134796072,0.13740260522058884
19.46875,7.412245181492365,-3.6702279959450683,-1.2947871426457667,-7.510959668631619,-0.3682090637460504
19.47265625,-0.7509017499781736,0.7046522940978324,24.1510719563546,2.6158493626109047,-0.3881463932997587
19.4765625,1.396930743719469,2.2244969707887625,37.18585550445362,-7.811545347660416,-1.2128079775327059
19.48046875,5.882290847799588,-1.0842638374788707,27.98644071360512,-17.357994937334713,-0.2819318208977577
19.484375,-5.084936576369983,3.137678491398223,-24.91158509156765,-15.199063932430843,0.22004061595979993
19.48828125,-0.07103050646033085,-0.25930927369229756,-48.49021548778701,-10.172827823583996,-0.020297991910539992
19.4921875,-0.31360905742506806,2.853086817148092,-18.572389210822404,-3.4004582189440473,-0.14112917744333853
19.49609375,-0.27014848993986346,6.82192965822564,-29.709620252744536,-11.064358578549388,-0.3002791956472158
19.5,-4.710114685394231,-1.0524246691580137,51.002046288419635,-10.547445813591457,0.6285984890030017
19.50390625,1.575363389980045,3.035812968090123,-59.269220293886335,3.5688774459741857,0.0781847280655278
19.5078125,5.252319080392966,2.970836307227658,-33.17244467621707,-4.298767562073089,-0.7107512387301768
19.51171875,2.0779772095578464,-3.310599208755016,13.857572622625586,3.80158169258453,0.2598294645090072
19.515625,7.532860752033791,-5.0688952920567045,-59.02529326621289,-2.762996600484139,-0.2427171044276255
19.51953125,-3.608373568772502,-0.4291085566017666,-42.78284712688327,4.404830126190569,-1.5349158132131289
19.5234375,6.0849056830243535,1.6969719598293496,-35.087865919506626,5.631099687892656,0.6840144247888389
19.52734375,-1.2953358522059768,2.3841117090392214,5.074721403910151,1.481021091911226,-0.675457146489852
19.53125,-4.229899278471667,0.7465951955076943,-43.169243504927195,2.1615935865431886,0.26555320161560747
19.53515625,5.986401040528652,1.809497505292072,-6.5649271897348385,-10.927645530637106,0.31879300343490746
19.5390625,1.4893036938031932,-2.47216894076516,22.74110132316611,6.932768000498223,-0.49800996445284956
19.54296875,-7.00335068669984,-1.6370951178429722,9.833208367261804,-8.994095871602823,-0.07916814808881563
19.546875,-1.050203591741805,0.22268928864016213,59.39612468180793,-1.8749940521616537,-0.6417674957710154
19.55078125,1.4536464839461107,0.738190048424999,38.80459984994541,15.563379725049376,-0.08537014579169748
19.5546875,-0.5927170494545224,1.8340292248636942,42.7039972906441,-1.713997591652345,-0.6572031444722594
19.55859375,2.457990386915523,-3.096708318722997,46.469758693960394,2.4865537182767405,0.05935539949853881
19.5625,-0.4084699433482832,-1.4027977504297826,-5.322259319755702,-0.10022934969207371,-0.2284333752676559
19.56640625,-5.304514380850544,-3.4781606361925776,-10.61429630007499,-4.271131228813582,-0.048933659714834106
19.5703125,-8.696990510191261,2.8737192513561123,-12.425581883910102,1.28423473787218,0.3413992777135968
19.57421875,-0.5780634553673523,-2.5672622286056326,-12.120038500246562,6.970403097603704,-0.6639034149500844
19.578125,3.0235580018209443,1.0855055593570495,-36.21374035885034,4.937001047569653,0.4670220410628436
19.58203125,-6.2297768908694815,-3.379035004088597,-71.93305729289294,6.131197458638771,-0.3809296125050283
19.5859375,-5.9429232005781625,-3.4622738064127114,-62.986501831165036,-0.497574852107348,0.17460709985833497
19.58984375,0.20821754580045967,0.7055608352889139,-21.87937165485069,5.472599261384696,0.6755046308166605
19.59375,-2.4466008859147657,-1.3235747295330187,20.491059698129124,-16.454959562071043,0.14327626462677143
19.59765625,-2.226765483332897,-0.9631867260422773,-2.5805923425779724,7.725059765150675,-0.6490588450551144
19.6015625,1.6895968187054502,-2.441407402111982,-58.52522825557847,-2.3406862665593358,-0.15044296683558017
19.60546875,-1.3877063171683697,2.073885801415684,-25.941701423229656,2.5397537360550997,0.5866879332494117
19.609375,-1.9600649942139983,-2.6915746579738324,-3.264479279591569,3.7552006365419777,0.4085329144488489
19.61328125,3.1668931797358466,-0.48697501082782946,-46.68346585525126,9.764517027905097,-0.1169403767091458
19.6171875,2.160242546248087,-1.435413553585741,-35.4819584107328,-1.1691063871991996,-0.07285455953456148
19.62109375,0.624129159849875,2.1838097960059746,-26.157335052293462,-2.5245829540441687,-0.8847255811606224
19.625,0.6532205547163675,-1.3667871044141542,26.04585075528682,3.6220616591402255,-0.4964759474552394
19.62890625,-2.514405081379554,-2.594110917606127,6.212132093544607,5.794459429356712,-0.18154409401249194
19.6328125,2.7912112279912042,-0.1314312024875517,-22.658906165092734,4.847880550252285,0.04850738945596603
19.63671875,3.268888396980985,1.8151298653217331,43.381766605825945,0.30081931205847967,0.09296284774033702
19.640625,-0.3986635136256071,4.931191676389323,10.240568406559216,4.631872946716801,0.11173231946998657
19.64453125,-3.299677062674069,-3.1632539403656668,-7.861398240227668,4.676125899447193,-0.19309291945484444
19.6484375,7.138997321414078,0.29163752914575136,-11.671471260446353,-0.0026757888915724948,-0.06583432924181182
19.65234375,-0.7617248917262097,3.3995763057757986,11.130205243064033,5.427234012685181,0.6351734002494164
19.65625,6.695387058506305,4.003643830758044,-19.214427443269802,4.728409704192874,-0.05273488464945283
19.66015625,6.351736441410199,5.926348161763881,-8.121955228666236,-10.677120484231805,0.21120679333223027
19.6640625,-4.7243141369755035,3.6945404250992055,6.807290110778242,-3.4972135937847226,-0.3294712921282674
19.66796875,-3.026089115011163,-0.016650881036767734,-4.356761164560834,-3.2496640066028073,-0.1842021408063512
19.671875,-0.765280827120202,1.2570380363149798,-39.255915245738514,0.20136348801400494,0.37457562606285305
19.67578125,2.9352542735238094,-0.3638999551927968,-19.727050175568046,9.283727536375672,0.1895766422852047
19.6796875,-2.525322479573489,-6.266820672396786,-21.185583763699512,-1.975999876755505,0.40084536076857996
19.68359375,-2.2669522130900317,-2.890452350363346,-52.05568916732071,3.2160755656586346,-0.12713980082803508
19.6875,1.958796225007264,-2.5063464020170194,-6.074441217456599,0.8003720676265587,-1.006547631441847
19.69140625,-5.645233562118498,-1.108710337357719,-43.857047514311965,15.645881283583972,-0.6742319948351022
19.6953125,2.458629970715141,-3.0070732523613186,-25.026588507806693,-6.396922997634355,0.2908616460968353
19.69921875,0.7238439298350285,1.4220148462488051,51.192397374364404,-1.5124546663835745,-0.3968253907664268
19.703125,-2.402388400822803,0.547624603411648,-36.43905741899563,3.1858987784090496,-0.15049236423678813
19.70703125,-2.642927589737247,-2.282119043248641,-2.35066778734927,2.471839807558805,-0.1729017972006869
19.7109375,-3.2343480760038665,4.055117797255164,-32.30111114996066,14.069123405377631,-0.31428994725997456
19.71484375,0.058342448655281,1.0650466293462821,35.961962054720004,1.3868499081560555,0.9085414511728702
19.71875,1.251686308684415,-4.597422725141161,13.756594607053021,-12.470848693510497,0.5166325759076333
19.72265625,-1.7222023670135749,4.991883849985965,-15.010586847512021,6.185134178575676,-0.4870200853948494
19.7265625,-5.47935684868058,0.23108698512928777,68.8624253042769,-6.357037532906997,0.13978352686196255
19.73046875,2.200026739574577,-2.577843800584102,4.1419072791580795,-7.33805547257799,-0.7139267909162825
19.734375,2.4512817031353022,-2.004861149992303,3.8756400596926532,-5.427481780525918,0.21330772981636104
19.73828125,4.867232985500903,2.671988015265031,11.23142560131344,-15.854435505738767,0.7657124253337243
19.7421875,-1.5394588691693507,1.1024512323824933,-7.414932510251454,-0.9307833435740249,-0.24793472840111414
19.74609375,4.752490393276187,0.6588150890394299,29.195738481875367,9.99724439097008,0.12840220156175916
19.75,3.7478826752679857,4.928835632095486,10.289821861240853,-0.6818485643939832,0.14515472459181844
19.75390625,-4.648418654944271,3.5807039150632556,25.798616122214,9.75345624455951,-0.3826581082503522
19.7578125,4.859305748893903,1.6282892828451394,23.060543625054017,7.927336029472089,0.6888179810211426
19.76171875,-3.0937868506447357,-1.8171578376763566,-8.47777080242938,-8.562254953682997,0.1455430918203206
19.765625,1.8787617618259795,0.654913016914601,9.745649288761157,6.842573102281731,-0.6135755959447876
19.76953125,-6.439958504660079,-1.5617244218267836,4.659994496117845,11.97786529053427,-0.6892392364573394
19.7734375,-5.628809210553802,-2.5860461857974673,-58.056458075942395,-3.5325903959172886,0.47404787267424103
19.77734375,0.030184725604564706,-4.446643031575876,12.588789378231894,4.6424526330907,0.3337338234846204
19.78125,-5.130729813358376,-0.8895558890403563,-1.5377219623300675,-0.6497873213730933,0.0363704806372464
19.78515625,0.33829756177882514,-0.7566440782917875,-32.347355095566556,-3.4662211174951665,-0.5149375314417537
19.7890625,6.600914054557759,-2.4054765216330973,-19.26771358907863,1.8517549464609093,-0.29168267206022386
19.79296875,-2.709242837318416,-2.7031128134164124,-36.54102720247959,-8.042206307703236,0.10017438058098689
19.796875,-2.0983368484456397,-1.6125292545156875,-72.16419649819645,-6.668463709109546,-0.5720821653966067
19.80078125,0.12675048621709611,2.024675702687861,-31.271356546194752,-9.998705695744112,0.7308705624692348
19.8046875,4.199112649608029,-0.3695712064075606,-10.375753736369452,-9.385749601793417,-0.6683420058023417
19.80859375,4.145640487957184,2.205153620933684,-14.713906341349773,-5.834001000235082,-0.27437547359875597
19.8125,1.1905572582537327,-0.6453359784619278,7.019501781300921,-3.371880764080632,-0.5823463109712992
19.81640625,-1.2023333356440151,-3.1621408763736385,27.466624306452687,-0.12610828732846002,-0.6764399308016716
19.8203125,1.0612297956683683,4.560095046130297,65.72934270222535,8.51808472908826,0.25664922643474397
19.82421875,-4.392008735692779,-0.35442971071547125,14.10902826813014,3.5490870811534143,0.1541176812651683
19.828125,-0.8056867694656169,2.8433066527281916,27.370432875203278,8.625197213058026,-0.22238473490022226
19.83203125,-1.4782509995096365,-4.670182562411878,49.322851599339444,11.983788837654927,0.0549697486226696
19.8359375,-0.3835650439738673,-4.482667293193318,76.85581166219794,16.105574293279307,0.5232142790249448
19.83984375,4.0653132589972065,0.6170976926205097,14.59236359194501,-4.755782717881603,-0.22204236668618602
19.84375,5.014470769823809,2.21294015392367,36.21348959540233,3.2185995152208156,-0.21889944171521405
19.84765625,4.632455605413438,-1.1671416528728864,-19.422444424648347,-6.964375074046231,-0.035520354118178825
19.8515625,-1.681048922025523,-0.465917105597335,12.978264351479977,-10.2163813596765,-0.1474950740043864
19.85546875,-0.8304157519474726,-2.5863507625309263,26.04601378811576,3.130520498562262,-0.6500208813485403
19.859375,1.1672946831548252,2.124837417104654,72.10536408518539,-0.943864785278067,-0.44298206361397635
19.86328125,4.757431684692833,-3.539574480974112,11.837773952871764,-9.247148094021503,-0.061384458546466875
19.8671875,-3.7178121202132877,0.05440742634992395,-7.166904052358555,-6.232760705812883,0.47921217513126485
19.87109375,-4.572278606817868,1.5889129419232018,21.46781116476291,-3.810708898654922,-0.35473406954123177
19.875,3.0000884507765555,1.5989635506315074,7.819366885862216,-3.5360954592849945,-0.34496750526285547
19.87890625,0.5658581714029589,2.3956859488725644,-62.419887519848544,-7.603225786991116,0.034238968432591416
19.8828125,-0.032798248077143086,-0.6725908167652711,4.8650406980499135,-1.345070277770656,-0.10194221141946337
19.88671875,3.0407922765541056,-1.2349625665582349,-10.509331026738531,-14.383630966405914,0.21504022089014058
19.890625,0.5671919416802188,-3.3817515865420034,-34.05978880211463,6.614398864710214,0.8350112992885868
19.89453125,2.267060164491434,5.274496604404437,-39.611515473370495,3.6242618831097326,0.10101536093455252
19.8984375,-3.9888182329089665,-2.8244630857158968,7.249152594124036,10.830163328900609,0.8260042405846775
19.90234375,1.303324805820246,-0.9956695938324828,8.832548874624587,4.153241145884746,-0.11296909603845759
19.90625,-3.961787708762774,1.5261592932090342,75.97473711650821,-3.683052424751154,0.12142990486332367
19.91015625,-3.1783988037096145,-1.7781129153806656,-5.0616446828081205,10.008853739734665,1.007363617742569
19.9140625,-0.695390012925927,-4.772821622555565,15.545914851872661,-0.9567675498479706,-0.6727660967278207
19.91796875,-0.08178834446737512,2.61980938245799,34.693810775149515,-13.664120587549071,-0.8502379775781036
19.921875,-7.849962543917299,-6.399206684425266,12.895313790074065,10.325737432401784,0.12656290745640017
19.92578125,1.6746387931764863,2.045338300528163,47.047328718559896,-9.7996077236821,0.7444536645189689
19.9296875,-0.7091599161917228,6.091363376936302,49.346157349191316,-1.6348900044203472,0.03729644667574117
19.93359375,1.5080462305977793,-4.329978122997529,60.7450746656868,-5.7591333096424435,0.6676931214576023
19.9375,6.886878510987291,-0.22874349534760466,40.753622186032715,1.1148777951586264,-0.6355977700792735
19.94140625,3.4836871495237887,-2.3287726971880263,21.05381661361003,6.366610584791175,-1.0661773407104147
19.9453125,0.1330031110916416,-0.15445814322885634,10.956816503461042,-3.112691053937366,0.5709872259896204
19.94921875,-5.40952144478121,-2.5322850772213226,27.504741602391476,7.071316043613503,-0.011896529286988962
19.953125,-1.024327154392551,6.5730005657480195,35.19548150799975,3.6546007478756017,0.31424751388838273
19.95703125,0.44805681674308045,0.8745653457292543,38.318059609655265,8.575326274229681,0.3934944059230611
19.9609375,-4.0531532016572855,2.6493821746950563,-52.244266251123854,2.886929350626078,-0.38398740321693353
19.96484375,4.880579274744041,-2.085504804842553,-50.594771619864105,-3.3441204728207987,-0.2646683705987281
19.96875,2.5135234542368274,2.3772361965924302,-42.17192340948961,1.424002435019641,0.6407176403727481
19.97265625,-4.554075132645001,-5.772213349429948,16.233110401999834,3.705306215618104,-0.0940617969004348
19.9765625,-5.63242710549515,-3.111542851789813,-53.05926182565153,8.69942215760082,-0.4320449232390095
19.98046875,-0.7082258925656716,-2.7049276434836456,10.70416733978509,-9.21372834677224,-0.10591116132015634
19.984375,3.131258080495644,0.3456010692036812,-98.91083101490649,-19.951476352530506,0.2813426969800189
19.98828125,0.9506177669449576,-2.271906137994091,-6.438982923646037,-3.4025384902382823,0.24681629903296814
19.9921875,-2.5916910002686517,0.8475570513781933,-4.794279660509803,2.92090396039168,-0.4927455505233747
19.99609375,7.899937110720931,-1.3498692677124433,42.67060767288173,5.851554214155398,-0.1921411955233026
20.0,2.8557131916845218,2.00291286436978,22.02810538112629,0.18963334552390554,0.7866221971141393
20.00390625,6.900331823079336,4.987762227991253,27.20995496445877,12.263063638282032,-0.02631295580636821
20.0078125,2.1791902185524905,-1.4139753821852608,4.97004927644403,1.2667959281699868,-0.5284911471580377
20.01171875,-4.331470301791519,2.414508760234615,-43.481081259873406,2.089711028695131,-0.15766353461558716
20.015625,-0.5949892167679698,0.9693633885306293,-34.0750930485224,2.54537054617317,-0.516392357040147
20.01953125,-6.490208473947741,-4.310446086019656,19.845672052808236,-2.4200971101720006,0.5164446245411635
20.0234375,-2.7658099216500642,-0.6804450102888344,24.098687865383763,9.661284550790626,0.038499306570312725
20.02734375,-2.1615804045010822,-0.5856604526282408,48.508192615023304,7.6185798282467125,0.6452459993415213
20.03125,4.622855244402318,5.940418493261393,62.74756184424492,4.864040091431816,-0.2038180999053572
20.03515625,5.864996850138153,1.3171496922025252,38.104056514705604,0.15453538275040923,0.4036072233595842
20.0390625,-2.520466333286762,-2.613957242968382,-31.500982319506114,-1.6352085385275321,0.5962737142997223
20.04296875,-1.984691789468348,-3.2399506529075772,52.30098017954986,-3.535377784426629,-0.43643381889617605
20.046875,-1.3672852155858473,-1.0430328220104648,-36.547786239485596,-3.147343567592906,-0.10605210760373451
20.05078125,3.2998099870536155,-3.6774500184718946,8.075780388343782,-3.7669409518957293,-0.07436560417613901
20.0546875,-8.00468157829783,-0.9909352873539901,-25.142075598444563,-4.361690405722856,0.3809834364259298
20.05859375,-6.279913157449023,-1.6533280551139957,-57.65957574372989,-2.5861207179274186,0.4287704179038748
20.0625,-2.254918398724397,0.6682938927010336,-62.61854417739968,1.4625087657612248,0.5361375704958933
20.06640625,4.129900963693819,-0.26210673667012063,-21.577724831454148,-7.293286232998674,-0.6386098535698991
20.0703125,-3.6808118801394714,-3.830423357904027,-57.1751127487143,3.719975111745331,0.28547320540367543
20.07421875,8.720379287560327,-2.28741377659782,-44.09419842280336,10.834526249453145,-0.5349154618797368
20.078125,3.1649777757069204,0.2501877488181755,10.258711485866051,9.283472311346033,0.7455946584051892
20.08203125,0.04846636124734151,4.989435175190812,34.73987517646108,-4.847043754133917,0.04987150439595692
20.0859375,9.510043042008782,-6.86948001915737,1.6617502635926158,1.029878315493403,-0.235653228018734
20.08984375,3.966401712831359,2.7480383796327645,-24.441173754778795,-1.713604869217351,0.21836858572716702
20.09375,-3.513476265803036,-0.05341560022992653,-34.056169934840234,1.0361624510398406,-0.014634154484339353
20.09765625,-2.908026651289354,-1.7076812299605293,8.467063653816023,1.563016239331313,0.6935546795833271
20.1015625,-0.9322298174551875,-2.675287111992683,-26.30093233422993,-1.3814515760368948,-0.6007251426217878
20.10546875,-0.46505413580981303,-1.8710956965046377,-16.637190411853922,-7.032452035478605,0.49612411532265044
20.109375,4.207483438008381,-0.5137755572305188,30.205725421384273,-15.357762546200115,0.8314272156107342
20.11328125,1.914560521460667,-0.7375352968676248,39.967389454241435,-6.921119519386827,0.15195148389717594
20.1171875,9.190162730896132,4.74431491789999,-47.66922850802435,-1.3743894904143716,0.47320982882501617
20.12109375,-3.1924831521549484,2.7537080857201235,33.986512096076495,-3.4824373048043773,0.1624531982366523
20.125,0.11814784300204688,3.0612397168795873,26.740281944371354,-13.06391022654959,0.15648477409109818
20.12890625,-4.483361627338988,3.5994849982207286,3.393030060294297,-6.072282499271987,-0.4785161770684584
20.1328125,4.631382397403315,1.073565440734317,-9.16775384866784,3.59448697620879,-0.48771124097860835
20.13671875,-1.6786839598729917,0.3415036403826011,15.674455490938872,9.411599087108304,-0.6407161713777976
20.140625,-3.211376690099577,0.010764228583417502,-4.296111367990691,-10.72606945518383,0.051138354493659305
20.14453125,1.2102538315097746,-7.351792588466551,-44.618994085139,5.7172250346423805,-0.8269521838954227
20.1484375,3.5347600089231137,0.9144945477262524,-26.581016369300617,2.1582194553487497,0.4728196616935873
20.15234375,-4.814276125679891,-2.084872432949335,-23.801399502992517,7.400955272174146,-0.739888366324352
20.15625,-1.6771590570184336,0.6368742987636331,1.2775797224706942,-10.872620326708518,-0.0014906327034946915
20.16015625,-0.6825045678637233,-3.6568814287686973,12.381529867172027,4.306977702603187,-0.6251739658337389
20.1640625,-5.103307183854388,3.2653762697526005,-48.364480450090596,-0.7467775465501427,0.14562054361020835
20.16796875,-2.746281130993392,0.24555337719054657,-34.77387523647417,-0.08439290141551581,-0.9439378006689674
20.171875,-4.486429163182485,0.9462027186299733,-37.166722088708156,7.449444569193766,0.17756506021167978
20.17578125,1.237596042921589,0.3110718735089799,-1.7788791971726425,0.34318358608515,0.5982824801302414
20.1796875,1.8432522776489106,2.6067357858887528,-20.609276861778334,-12.715016377099818,-0.3541399039172671
20.18359375,-8.034249405792075,1.784826140260234,-21.809102001218395,-7.14586870392871,-0.35422122662560485
20.1875,-6.322755665817581,-0.24819114331996453,-22.27838476653116,2.898672321649414,0.27896594697398586
20.19140625,1.2142722745335346,-4.175049035211394,8.664718750438444,10.847788382276482,0.3511150016390626
20.1953125,0.8677666453153142,3.370862464945755,-10.93075003390772,10.218273239437773,-0.8480628642154383
20.19921875,2.9467570270112047,5.666426583919591,35.30132113238605,9.039011851595877,-0.38004534025617887
20.203125,-1.006700724365828,2.8961787649200312,45.32376355996071,1.1764515526918276,0.6555929573643877
20.20703125,-2.1148510816446855,0.9578551199997711,67.04589943395513,-8.419841657923813,0.6815080789274336
20.2109375,-5.845873356146987,-2.58904458317985,4.715564039049632,4.767820710336734,0.3874149774724266
20.21484375,5.7225704092931196,-2.2265268167993444,48.174177160905884,7.815834821958779,-0.4220255973670441
20.21875,1.1100930255388768,-1.0058689547010367,17.667256502158406,1.0920219165027096,0.3769388794395771
20.22265625,-1.7032819292323378,-2.6837214769199123,20.055843279654578,6.319798666304642,0.9003632198483652
20.2265625,1.3441262728225045,2.0846571090449157,66.75647311920747,-6.66589604509687,0.09445146396423344
20.23046875,6.372431238597966,-2.3366797520191414,93.52280132046765,-4.197358021267462,0.7838811880777818
20.234375,-4.24608629856201,-0.8069600112502375,10.90672262738692,-0.6039989798150045,-0.2999085398528936
20.23828125,-0.24505432851949183,-5.034955741419294,-40.43726767999842,-13.08456948497819,-0.1418771126701355
20.2421875,0.8699723474921067,-2.825177196056542,27.358057694169876,-2.3173118867136395,0.753347791977039
20.24609375,-0.8823634724797297,5.589255609524961,-51.850101403874,-1.7788315427385009,0.560873296999112
20.25,-2.65051345917049,-1.8536419589902167,-4.76362223102773,3.8714711234830546,-0.2520729308754676
20.25390625,-1.927678637280231,-2.5678854531544504,-35.046609971458196,-2.6179739284174555,0.27037278267833564
20.2578125,2.046415535406239,-1.9274650778958438,32.06164010942594,5.69768243477379,-1.0217397862302335
20.26171875,0.40503127866523025,2.2088815633534766,-16.111212124078538,-9.237826204653814,-0.724174598903635
20.265625,5.911480847775668,-0.17112971702000013,-30.54718981809708,12.64721171125155,0.21393269318571922
20.26953125,4.4142115914420135,-1.3049566682618017,-51.47295229498521,-1.0260084825758167,0.8966444647077528
20.2734375,-2.769578780965635,7.395656270657625,44.97639402595867,1.3777749796590553,0.4742859334628583
20.27734375,-2.885591569373855,-4.315487785104297,63.68718032036567,-4.892176441403339,-1.6148220522320769
20.28125,2.009427999862461,3.0635067015007724,-38.976241626861366,-1.1092131719018354,0.23459618339086247
20.28515625,1.5904358669239582,-3.2569046622366145,-34.487209284916105,0.5871117071654506,0.4538218861612514
20.2890625,-0.16196562883909918,-4.893392714278843,56.92763674099761,1.4223162760424564,0.2450842296082148
20.29296875,-4.74860801921899,1.9102915814663008,13.893202498331535,-6.587111624164973,-1.0500807100480738
20.296875,2.3122451688974768,1.3242204359562435,45.65481921119252,1.8519510835156794,-0.3586358034074517
20.30078125,0.8585446438338236,-0.9461707396590618,15.568307681784768,-4.37919489128328,0.20356926112527368
20.3046875,3.215043786958538,-8.896475415863558,59.8173746582501,6.028710940692301,0.7642086779813968
20.30859375,-2.712597847640705,2.2507269555292213,30.655642820844218,0.7842169655035152,-0.19493028198298049
20.3125,7.57553653805627,-0.8988846635302816,2.8405479198834627,6.714382859345568,0.5509438538633327
20.31640625,-1.7907966059967257,-2.3612920670419193,28.60086286078802,3.923456083405802,-0.6599931887383681
20.3203125,-0.10970061677375527,0.7338217220384889,5.820542236926649,3.008845056730827,0.5574167726327828
20.32421875,2.823246633577563,1.4639275895007893,58.52242984447379,5.283554456527683,0.5134168419821028
20.328125,1.5111177395043502,-1.275994578040893,22.261815040940334,1.005314991996963,0.5183208119369068
20.33203125,1.7055453902714233,-0.6924740006164115,5.648255502173055,9.492867353799575,-0.037471145917339486
20.3359375,7.1981144706744375,-1.2220918732129886,-16.523298107176327,1.3228856699884473,-0.2659377656094966
20.33984375,0.7427345601903429,-0.3114157780541683,1.8208330008102909,5.99976275008341,0.8168290205181102
20.34375,-7.614840675344432,6.8925602176148875,-3.9388459206478235,-8.48251040120348,0.688871109555926
20.34765625,-0.2802502489588967,-0.9699216975921485,-6.268756854819635,-11.24334372054046,0.05228647529235999
20.3515625,3.9304051731068212,-3.48521387074412,-38.63810422979401,1.489732399996063,0.4539925360638651
20.35546875,1.8739579319155177,-2.4736907081645425,-34.62391827036693,0.4734072286740547,-0.2646248786716106
20.359375,3.9389353878531272,1.7253633901013816,-65.34569557505142,-2.9415550669922297,-0.6023101885379092
20.36328125,2.2641921351052496,-3.065574585702229,-36.42226687914774,-6.393353953927528,-0.07552215293683853
20.3671875,0.06447721741936514,1.0132129177784235,-15.081893765965996,-5.582675398213837,-0.03080731773160748
20.37109375,0.7205039953934426,-4.336188338197186,-37.677625963356434,-0.7997187178801498,0.5508021655598246
20.375,3.892381108200873,-3.60595408487965,6.905479760632291,-6.744179393007249,0.47711146963727813
20.37890625,4.254009829357394,-3.118100078643494,24.795785872540208,3.470582137820162,0.9503858604672055
20.3828125,-4.725452245453416,-0.40622766213332606,-21.68045990858733,-0.7588062201488319,-0.2658624499053956
20.38671875,1.5776739725397027,-2.5484518338100264,-12.305924677478995,-9.716801700944037,-0.5836360206635258
20.390625,1.1925688742749938,-0.7394815954243245,11.756666219376058,-0.655761866939244,-0.3342973502870142
20.39453125,0.8522531980054189,2.6940385365978123,14.90240718201425,-0.3510037413024376,-0.027086312141870853
20.3984375,-6.382984262836252,4.646482138888865,30.44286054320455,3.0686338269983886,-0.4148723701960354
20.40234375,6.148151837606796,1.334589635772709,19.254552057065247,-0.04418341445108265,0.255784431788129
20.40625,8.829956280946748,-7.029626891858728,2.5720728920879203,-0.22721717104030217,-0.774547697634945
20.41015625,3.4354599922528393,-2.1696589831049113,45.46818957399834,-3.0033840084331302,0.19840434958035974
20.4140625,0.5726511532963681,0.6963972337252391,-2.0142495814358554,2.0056856558077034,0.058629537317103624
20.41796875,8.977687915660074,2.1966451852268785,28.602955819054166,-2.336693243990556,-0.353458438134941
20.421875,-1.7680318323140662,2.67200944273474,78.70823890311509,-8.07076498063001,0.4467773112481137
20.42578125,0.3878805642511955,-4.89107644947045,-36.96959805648741,-6.401122262890963,-0.21335378319654097
20.4296875,3.156729251894512,-0.3383762471594003,-14.618637267242885,-5.987198744691449,-0.036680393086540475
20.43359375,-1.7176350284982005,0.13853923758613415,23.077405456787346,1.3428134285978595,-0.018007383472571303
20.4375,0.4934427875724338,2.552707070485543,15.758190264296116,-2.336065554926729,0.04831024247448824
20.44140625,-3.2475518115310464,-2.0057146083785913,8.511773825169033,-0.9611027795877409,0.07986213012917653
20.4453125,0.3640891144815205,4.702793726884778,-13.016112500263064,9.19103084084962,1.117652877740863
20.44921875,-0.2703970281657903,1.3884084041878957,16.310097941485953,-1.136489527437003,0.9921040369626914
20.453125,-2.9024721737993886,-2.978720280801217,-12.470459033460932,-4.016476959023382,-0.4918573872594599
20.45703125,0.22157670888332978,-4.233069483702892,6.011823886084073,2.250658749541841,-0.06716013580601002
20.4609375,-2.6486152248044346,-0.10080698771122318,-47.768714805808955,5.342354807051339,0.9041701564079633
20.46484375,-0.974677336545652,0.3733076980171218,26.146261181240323,6.936930466396547,0.06192547344533533
20.46875,-0.6565473810793109,-3.6586103574896227,-24.32460921914422,-5.226292295370863,1.0085991648940742
20.47265625,5.334941404154385,0.02083966929328432,17.908174571671513,0.5868764396985484,0.2759677263877747
20.4765625,-1.7975009538795044,0.07170031925684908,38.77568019498369,0.9217183842214567,-0.3615387562169434
20.48046875,-1.4133998552938851,6.417030646728121,-5.389324149194039,1.795162839760664,0.4216737170968948
20.484375,-8.415348718496807,4.323602316770662,61.144282894786215,-5.558308168145983,0.2800053324187815
20.48828125,-1.2852598978743563,1.3964708136851718,-29.45558485802591,1.4552762273398523,-0.4199913257356987
20.4921875,6.018372079001719,-4.644947520550503,4.528639011331322,-5.066326409604697,-0.1712561486306147
20.49609375,2.7705766925580035,-2.0792623799857655,12.159882922983789,-3.0069199707138585,0.47494949436590805
20.5,5.195906613254622,-0.8429091926675376,24.436392092093993,1.4169880494560667,0.3302582737335327
20.50390625,-0.26738250871388913,-0.700435756069897,-8.445420664850804,-0.6401017332480772,-0.22991777803230407
20.5078125,6.039237057677291,-1.1572500089275093,16.83299431066285,-0.5637046715536393,-0.0964397288595938
20.51171875,1.3847177679077218,2.811600274278964,0.8218212935588554,6.5891478703177055,-0.2041725421885852
20.515625,1.4475154376346588,3.5285019394747885,18.806784269780394,-0.17001598491922199,-0.5721500576672284
20.51953125,2.8245760352875244,2.7906019085477745,-11.13880200941806,4.571890684963533,0.19635382338756327
20.5234375,2.157302920945349,0.464328392273876,2.199203557155479,14.212327227667098,-0.4433527532007478
20.52734375,4.187410315584565,-0.8811407730692911,-39.939261802888495,1.1688655535334516,0.7809798359289849
20.53125,10.681011758827658,1.0762118824508011,-51.38892201143694,-8.853061989854917,0.2328605872137796
20.53515625,-2.7834983116791614,1.3633251298942495,-49.402539482427756,4.034712503873826,0.16808320462610293
20.5390625,0.40761718063364644,4.388225151471414,-7.18862287969775,2.1477138093779153,0.18811399041849433
20.54296875,4.246773532802007,-0.9012730861323466,30.76664133410762,1.402106073512535,-0.3182358854698949
20.546875,-1.9161084862976303,2.246204126058108,27.50935376387134,2.543267444692386,0.16797088358446355
20.55078125,-4.550882007442215,4.138142793144357,-33.57601025943837,-0.25449822462536575,-0.19462478206846975
20.5546875,0.3632910821390149,0.13087318687132865,-8.416623035430039,-9.687531200210532,-0.4932946395363746
20.55859375,4.007127153925364,-0.6435163617616818,-23.372641769383883,-3.608837051079816,0.5204090647708428
20.5625,-5.232957568872134,0.2215963597235329,5.887370316770726,-0.9885541107194392,-0.23226464938053215
20.56640625,5.169454320773466,0.09972604140039767,-4.129414578713642,-6.83388460873135,0.4914307052828325
20.5703125,3.101448954913975,2.703556439161437,-37.92285825890904,-3.607888494387853,-1.1490403861388228
20.57421875,1.115366105403975,0.3285326528308049,8.829851550925117,6.362149798124942,-0.46570896883570534
20.578125,-0.21900995478502205,-4.2564352936768,36.61939013923342,12.428323770713927,0.15630502425795198
20.58203125,0.31203034758901954,3.057868708752449,-17.040494241104376,1.028888591402091,-0.4734999265773752
20.5859375,2.339492382553441,0.6778186589828762,95.01205780597354,-1.0616675455329165,-0.714124778348908
20.58984375,4.881680353354762,2.2114949718389596,41.31268685798917,-1.0563634167162441,-0.35680718005122425
20.59375,5.639822003659035,-0.07388444365867723,40.447127059753015,4.011553807168974,0.4687510855463273
20.59765625,6.006351322437544,0.5208113525396963,59.19069360054755,5.369736236503446,-0.40215102059719343
20.6015625,-3.0885943915257683,-3.6322485397064117,17.130545372048314,2.6810578670156366,-0.08707128890902853
20.60546875,-4.4313722222375365,2.2698011907651954,46.89818081955718,-3.106269312502916,-0.41245393212661047
20.609375,0.04143275061638041,2.7770057966351995,14.044898058338136,-1.621326900597425,0.652946194046231
20.61328125,-10.407687332703677,4.196109207043072,-28.706639802858007,1.533091471693235,0.6552358748976606
20.6171875,-0.8106259075006546,-2.64020842000756,16.280282702707765,-8.663676093134807,0.7320860634022223
20.62109375,-3.969344856277527,2.034136397525336,48.86262325749335,-8.921703502914268,-0.6724986928480143
20.625,-1.7133540860639045,3.2401726755630547,-39.3731152190572,-5.317061918928456,0.658420977641619
20.62890625,-0.56321321760331,2.257147707951464,-62.98478519542891,2.410351242531921,0.02308186350289332
20.6328125,-3.336521680319549,0.572081712466032,-36.578502295820606,-1.1043884673194868,0.2976789379454986
20.63671875,-3.2405598030311906,2.9418042140854173,-6.574216958401642,5.820439065379608,0.42719846796461386
20.640625,1.029912912218399,0.35103231394754,-54.63987119346768,1.4930556660862502,-0.45428885720903617
20.64453125,0.9237314192521028,1.3870061567322,-26.407999968188726,16.43555258256613,0.147164722706972
20.6484375,3.0810340394886833,-1.1170413625995228,-21.24055398449177,9.676599731084641,0.2088324636311763
20.65234375,3.6664917594496305,-0.5891703591943379,-37.56275119766701,-12.281280659299785,-0.003536299704981851
20.65625,4.709184478737372,3.0401842192816746,-45.538040355185956,3.285200752681656,-0.531801583164364
20.66015625,-2.8830119961007674,2.090825398506986,-51.080383260301815,2.0988987099651446,0.11245947978759592
20.6640625,-3.753962896114356,0.07464028126484232,-10.489386795388278,-2.75573115870958,-0.3469840128287332
20.66796875,6.043452071908625,0.336823419730696,14.2712092261551,6.049242848589791,-0.3160984749829565
20.671875,-3.8740963420150454,-0.9588427971329803,42.62851304417278,-13.845733219542602,0.025969465960702424
20.67578125,4.206129963925298,1.146622799484339,-22.520966670311545,-5.24559977459694,0.5751455299414536
20.6796875,2.3893486413072913,-0.09601284817051567,25.695647439474005,3.084342173485039,-0.2338081000296441
20.68359375,-0.6176659347212895,-1.4902210791466497,37.14316516948793,-2.238853270165558,0.3769731981859134
20.6875,-2.554628665114355,-2.840819635330715,1.940030864631666,-4.319306443417255,0.9359832912076974
20.69140625,-2.590239541528001,1.224508607858204,-3.8675797922448325,2.3697404267102584,0.6301202259112475
20.6953125,1.6800282787365215,-4.102773279355482,65.51266116000097,-3.937472305699733,0.0014625290212716422
20.69921875,-1.2054606720033496,-5.406809045895143,80.02941711439244,2.7244084827773403,0.875603546844106
20.703125,6.239818602733308,-0.20068581404357433,32.118219455558624,3.0307434112880607,-0.02101959257964586
20.70703125,3.918175431927815,5.842928947351658,48.54762146548859,9.809458907107068,0.943984896481107
20.7109375,-5.026581987217495,4.621544727202471,21.333590765206726,11.150879635914432,-0.8495890561853104
20.71484375,0.728554686599578,1.1277992332838354,-12.070129563332214,-2.1535427919006427,0.44809246700046346
20.71875,4.7926798576308345,-2.4296807235738185,-37.43479826257267,-9.004335632574987,-0.031678795016113766
20.72265625,-0.3870937106048104,1.2317141194662815,-3.604719404383591,1.8247096645180092,1.3398397247678917
20.7265625,-3.026281888753142,6.413613317053279,-51.69954218001832,-1.2505952595563536,-0.46761188919465513
20.73046875,-0.6486531522794582,-2.968090085182795,-82.56874937557672,-3.692922569554443,-0.12502703939369725
20.734375,1.81385126420504,0.15998115791531084,-86.7093787589209,-1.9835228910148537,0.5579838611791328
20.73828125,-4.498621158899675,-0.21029864932879344,4.307139261499785,-5.3107418699226585,-0.11660052203966824
20.7421875,2.143533989641573,0.9083346901890921,-37.095208787888446,-2.2159487956033797,-0.4453509105879438
20.74609375,3.355902912655734,-3.8666365298107035,19.50374551579104,5.7636765887472245,-0.6971942504596695
20.75,2.934161346114602,1.7531685762760092,-7.284163445563898,-0.07465255391134601,0.5988758663820871
20.75390625,0.927310367464911,1.7592212240714131,5.265182784038176,-4.202970489854843,-0.18374258132295734
20.7578125,5.329339954544193,3.9788804999408525,4.809260881696378,-4.18911706181979,0.5184699784483278
20.76171875,-6.422180913487617,4.5505182861391305,40.04169045362078,-4.895084900173293,0.05644707747181995
20.765625,-11.831628719949084,7.534958774191621,30.604356357563006,4.009691614499301,-0.3858993719126649
20.76953125,-1.5556627304224129,-2.4064668394636355,20.091874139964197,5.174179992393391,0.14104823530054333
20.7734375,-3.305945327432242,0.5307737087429791,19.83211213949619,10.840811800806623,0.398671048400448
20.77734375,6.377594592481932,2.6443527213777576,44.078828048946946,-3.5676098911568666,0.037951896932193
20.78125,2.64792432955815,-2.341171526409005,57.599653192741684,7.712879792983574,0.0864776926570303
20.78515625,-2.139063229415619,-3.4964469728034455,29.389797995936956,1.5875144121791251,-0.017490946372007817
20.7890625,3.5316785568903555,-5.708133195439949,17.54853413354093,9.595392226188919,0.2035753964997972
20.79296875,0.6984554819548131,-4.319212481657122,6.7764981884695565,-7.924071749906077,0.5584588783685234
20.796875,-6.478029618907411,-4.024350123689613,30.864700066236168,4.306110709077961,-0.8187112343285964
20.80078125,-0.3499205424166144,-5.909387509367509,56.39597245014106,-1.2758664713652013,0.021816467686643512
20.8046875,-4.80015752689313,2.9641019446884895,-50.07352981241051,-9.497519756774498,-0.8892767994563334
20.80859375,-3.7794462226599985,-1.4785264531839388,-19.453335409335224,5.3495512758352595,-0.47148705070065144
20.8125,3.8432919318444694,-5.3349562979242755,-1.8771288514124684,-0.8072174888232729,-0.2525193598108117
20.81640625,-1.585879683532519,2.3512936796656696,10.166048577368636,0.18511527576754383,-0.5396372201731195
20.8203125,0.01697467614381374,-0.49478138694241874,-31.338977536767565,-5.583442376011033,0.5475066567252935
20.82421875,-4.104232043099207,-0.7729894512007571,-24.626474463109474,5.459903193809112,0.16286823436095826
20.828125,-1.341165977368608,0.9057791188282961,6.710930840002234,-0.19945660694971679,0.4277331541068023
20.83203125,-1.9286044267627642,-4.068720296235425,-46.71662796269985,-0.8904472274553226,0.6233293377127397
20.8359375,-2.1122494562561367,2.869134514448819,-38.84013636828546,5.022155085165579,0.2718631406801366
20.83984375,1.9342909198485103,3.6338981276003888,-37.6980107816688,-1.7050553503876418,-0.25458085122512664
20.84375,3.4928017386894687,1.3221082132511,-35.55059242426016,5.201190251668404,-0.3964407705496943
20.84765625,0.10507557464013507,1.1072276970719217,-57.86547397831818,7.3084313888800185,-0.6693411693659516
20.8515625,-3.515732978184592,-2.8760997830887547,10.775556567501777,-3.2942809585488364,-0.07932960709937291
20.85546875,-1.0888139497137057,-2.9164685435366087,-47.036791272084955,-17.659517253454453,0.32475988587972027
20.859375,-2.9987054574017353,-3.5696413721910023,1.5902613779405121,-14.019025098237575,-0.4936174686833695
20.86328125,-6.268468008892794,2.577947228647271,2.0057883470382,-6.472561652422076,0.1280762806892678
20.8671875,1.033920491590688,-6.3349816812162745,74.37141162442464,-6.270365909275435,-0.9267924401043578
20.87109375,5.383685038898741,-1.932783654189334,39.27956888765334,8.605091459428088,0.06339538681840814
20.875,-5.041204219476592,-3.169841346136426,37.38646748801362,-0.5798875893396147,-0.20652452867217283
20.87890625,-3.634585299032116,0.06113353751274121,70.51268472637871,7.770431916455426,-0.38960458861909925
20.8828125,2.9792497348958817,-1.00556362200378,38.0699894457154,-6.331879017903718,-0.40775972286162837
20.88671875,-4.4668679349602805,-0.484832622391802,26.357022770686164,0.36094584930568985,0.27754608540058917
20.890625,-6.64420757483145,4.601414316177977,63.95026649475753,8.957067855221636,-0.02287813028816794
20.89453125,4.016295008911574,-0.22207888329478725,67.31732407840785,7.9558852819286034,-0.2163340024375272
20.8984375,7.2558268058809,-0.9932808748278201,29.531691286765806,-1.4227776322350674,0.8620994916697052
20.90234375,-8.070252071309243,2.558717114025519,17.94911536673661,-0.1902498151135006,0.07483570530611722
20.90625,-0.40166827570069735,-1.0489994456176719,15.044809110442534,2.4302262930851564,-0.8323923355373531
20.91015625,-1.5522280549501066,3.5376904076319393,-55.68351786816886,-5.969159661124982,0.39618045120136486
20.9140625,2.3557321488606533,-0.6712913569084958,-2.702101330205748,-1.6663362984766525,-0.26787791302694763
20.91796875,7.3736864942055815,4.058122121796762,-30.921049495770035,5.611097003570672,-0.3648137728000814
20.921875,-3.2414222534131483,3.9485684676909583,-58.35445022995512,0.3904002718577182,-0.2201338550066507
20.92578125,2.627534173777153,2.708398023535891,-39.18373554801814,4.805616956536717,0.07619343710403574
20.9296875,-2.587477073620437,1.558799068171629,14.054454057687188,-8.909678263958643,-0.09157142347290091
20.93359375,1.7722068829778943,-0.33890281125528654,-25.62132090497884,1.006193395889072,-0.40840294360384244
20.9375,3.6877069633511512,0.442966666605176,4.686200994231346,-8.861547411397451,0.9908299118288267
20.94140625,2.5922046918870953,-2.1028254976583938,-32.69303949586411,5.096485996778859,0.11631968430229515
20.9453125,1.1271296905157573,0.30999179878998706,41.77637205313151,-6.5111985882567005,0.7303814579481216
20.94921875,-2.3815678945652063,-2.4620584938240704,1.0309057231942491,-2.540608653162719,-0.049556082595745045
20.953125,6.730602519021978,3.500484395417252,-81.08932847125988,1.2257961402273652,0.0915669633503202
20.95703125,2.845290604045812,-0.5699137792822406,47.06382123586367,2.5580436055225073,-0.5445956920608231
20.9609375,-0.845522595262886,3.604271191608611,29.7014284882397,-4.5007033454072705,0.45816206897990763
20.96484375,3.750708964072667,7.957987096332157,9.961807152242697,-2.736255722308793,0.22957921384956217
20.96875,-14.161455100534377,3.868170229030474,72.39351876571214,10.657554282595985,0.0926549556366762
20.97265625,-0.18075058505857633,-2.4132470796933982,17.211424707154446,-3.886402258509874,-0.5012656704800496
20.9765625,1.1661393715239978,1.8421206102825805,-29.417913280767948,-2.2191565600242216,-0.5958660346061675
20.98046875,1.3833478973424422,-3.802164067622738,-32.61894836393479,-5.486212293470091,0.40275767665743334
20.984375,4.115640811980307,-2.5740651048002623,18.267517544804782,-10.529891349326256,-0.1967803031363017
20.98828125,0.5625675709363559,-7.646301653673038,7.110324624399581,-4.715658086898259,0.3776825640791019
20.9921875,-0.5570084587402794,-2.775414250887394,39.13576888331054,-0.014117904661182124,-0.038834007506060635
20.99609375,2.459077277509952,-1.0991188825488234,20.27591875184944,1.998949036063871,0.18683710601359604
21.0,-1.3867861997955122,1.8091213313488386,-27.752231040037106,-1.485025551392139,0.9600222614719366
21.00390625,-0.9174528707294934,-4.742950543168566,-35.58908668099206,0.698236913356958,-0.6457672078120945
21.0078125,1.2416490869381904,3.5136337885543796,-15.890191847057581,-2.1167836441467798,-1.0282409971272697
21.01171875,2.3671883211511715,-5.025605318621687,-5.451353990397422,4.582297594474419,0.11210271746970013
21.015625,0.6623940455755793,-4.323395397813627,-16.354415591186573,12.614889963045588,0.32126749815535344
21.01953125,-4.372915618078718,1.1504142200356533,8.897570495839997,2.062287818912409,0.4927706213998572
21.0234375,1.863840054599025,-0.5018355849827962,-12.539888048250168,2.8082958369186803,-0.1539612567681541
21.02734375,-0.3845194263138334,1.6595727264107416,-21.00304875299451,3.3196948692359496,0.4073468135455283
21.03125,-4.448141709833358,-3.7975047224621514,-43.453804004557895,2.242567137727638,0.5389938222282572
21.03515625,1.2701662352821579,-2.509500485294068,-4.143872981894301,1.9400631238437727,-0.7115987939144797
21.0390625,2.794626260095104,0.5484127839976364,5.447502466250672,-0.633266136937634,-0.09914265132057824
21.04296875,4.252176006883132,-1.5318730787521542,15.509442065700192,-6.889084199121759,-0.34562729739168163
21.046875,0.6118684913752767,1.7962555716578767,-30.972636335525983,-7.980483333039901,-0.7245210425164657
21.05078125,7.695594503195635,-0.2124821809644549,-5.438589050949676,-3.348574589233299,-0.4337127758758926
21.0546875,0.4667237157539879,-1.0192209412882076,14.160975941728521,0.42629120992438096,0.30689642212349627
21.05859375,-3.7084350282795326,-2.6975328476013813,29.82369019596532,7.510208727394353,-0.4840282073178265
21.0625,0.5395703427020223,-1.9017661234594505,55.857124972355216,-5.180663801559726,0.9666297698457276
21.06640625,0.2266267334225859,-3.1289384095355146,-11.341216588155671,1.7457626991548059,-0.39260071048100803
21.0703125,3.366026340052302,4.061608391743407,31.42865315169884,6.196179530812255,-0.38054870387745593
21.07421875,-2.2023903320073943,4.047611667024894,6.933747831393088,2.4428067888121627,0.5206351707848986
21.078125,0.8315795435601578,5.921728669544869,40.693817084802824,4.131839851312005,0.09177874535718696
21.08203125,-6.863033651000993,-1.347866240601455,-5.8032028898489045,3.143449183206248,-0.8179065125485202
21.0859375,-2.0136076791460753,-0.7695532786838284,9.33371960058526,-8.522800823135471,-0.006329100035943337
21.08984375,-7.42446467229807,-1.048952656565823,47.110519811114905,4.951343621619499,-0.4409329394170026
21.09375,3.392987466575059,0.26334090548984396,-45.16460328608467,2.2342142933467666,-0.07693851544389246
21.09765625,3.5970651384221846,-0.7468540096449392,4.509325221377648,-4.762368524784668,-0.433521835177376
21.1015625,7.024810348031345,4.6822998785756855,0.8457667479434221,-8.102768620317853,0.8369449490823313
21.10546875,-1.1238510797756462,-0.10697438131972586,20.463272364255523,-0.7169581891873809,0.10141396464019072
21.109375,1.519654162967717,0.3554398989736708,-9.980009872976678,-10.3677097541915,-0.0522453991131304
21.11328125,3.603953588305273,-0.6839185370089592,-23.693531553632873,-7.2543877640791194,0.4254272900626519
21.1171875,-0.564663073192882,-0.9710621268145694,-48.51281161667154,7.168239881538,0.5089512086994533
21.12109375,3.704630233048253,1.291735196039199,1.585066944931878,1.111550540929146,0.7547141229533557
21.125,-2.4310725138263916,-3.005456143175052,-26.59504995746301,3.7220035676187258,0.22257288937345848
21.12890625,11.796556153884096,-5.517372426034308,47.92371673749591,2.0920182208287934,-0.584930832996747
21.1328125,-0.07099207877460374,-4.308836440277585,-27.147152134294824,12.473311061898404,-0.0058747483492928845
21.13671875,-2.6999246336874454,-1.4246385366367083,3.398007594508636,10.70008520137204,-0.08118275802640897
21.140625,7.338301001702373,1.4991515129800628,-11.932115761172474,0.9624919689635183,0.6393792412006241
21.14453125,-9.082884107284332,1.7601007720365387,-25.37016142237713,8.603174680764823,0.4146778376294911
21.1484375,0.9120403016059422,-0.56310003895444,10.351965419672117,7.8224780980699835,0.7031741410262511
21.15234375,8.770692403009413,-4.395962019975222,-25.731737705759905,4.888877871481709,0.1252089973572109
21.15625,-2.653643047749211,-2.9561680425384886,95.21170563513459,-6.943126300021302,0.25075563035038434
21.16015625,4.61094738525102,2.0531371911773486,83.60972349535437,-1.5519516988069348,0.6406419807609312
21.1640625,-5.837824122312275,-4.656798567226122,22.011782457795977,-6.111902151855791,0.737487474442374
21.16796875,-6.230621777097382,3.363442489264152,77.25216147552622,-6.642451646734031,0.23741258865267392
21.171875,-3.213756121644573,1.457316490714616,11.433376534778606,-13.427909092103022,-0.17015114296623007
21.17578125,-1.221538866070526,-3.287809950647317,-9.720620794539123,-1.480864244093505,0.06733156117660691
21.1796875,2.1772733052693694,2.0563552528965414,69.65253167118709,5.56490609394224,-0.49968740778978626
21.18359375,0.419952288913356,-2.5557669262785976,-22.651374947073887,-10.823133688155572,-0.6280269465414188
21.1875,-3.976064337451883,2.45515944611501,25.622941545421995,-6.328225188061773,0.003503616810553263
21.19140625,7.3005597996211895,3.44557544102973,-58.242459317291,6.831550427117055,0.390057060424079
21.1953125,2.738919576248643,-3.0428320173548586,-85.45883174048693,5.796869649295159,-1.2074789630995792
21.19921875,-7.061870791471333,-0.12794399033625306,7.558749420302249,4.630901865631787,-0.4151962431274521
21.203125,-4.231311114006049,-0.6954931196677399,11.227944283059301,12.187136618027633,0.5493445537870012
21.20703125,-4.035537596115076,-0.1549784804566766,-37.35109596207704,5.549531502088749,-0.27619928940596644
21.2109375,-4.673928354481773,0.609192749747213,-33.92466093116198,3.1214911163145795,0.6185424183360302
21.21484375,1.5443300989360165,-2.113646962835227,9.705256057875104,4.767633847761752,-1.0172110532524574
21.21875,-0.09968640459777425,4.083527658754306,-27.837951736106362,-10.762082692245995,0.9390272234337717
21.22265625,-0.2667179759139654,3.076954751851977,-36.2786034796715,-4.495024696277265,0.07610409257838487
21.2265625,8.738266268992305,2.1921335698534676,-37.9503816573102,-10.982540391887902,-0.30075334920940366
21.23046875,0.6671544512255876,-5.273677885903403,-10.747475009219116,-7.507332958197962,-0.0866289009870565
21.234375,2.284924528106182,2.768714307238927,-23.35813744378557,-9.047829221791492,1.0743156525317872
21.23828125,-8.840322292780256,2.519725284037197,-35.77075074034524,-18.010383211426163,-0.2933623924618849
21.2421875,0.47381373617609424,0.9235175227039978,26.565717690585473,5.370428329578123,0.6683954587747338
21.24609375,-5.273839902812689,2.3005470886661166,6.517426717865618,-3.310801017756585,-0.6697288372749376
21.25,1.345797206897755,-3.296042672782132,32.48980318326304,-0.10061859724657361,0.7968790590096446
21.25390625,0.7564774964988451,-2.4396288361527914,42.77362021471189,7.173851260418902,0.06061156471146153
21.2578125,-4.421719719378024,-1.3469128403015433,-19.72212219322273,1.9239672512391728,0.11713606552645704
21.26171875,-4.454352337614498,-0.06146460732299891,-34.01057665136919,9.078771505785285,0.3034843935591075
21.265625,12.883632783933551,2.8089481347744414,94.04310665805627,-0.1520416626652059,-0.3090371630538382
21.26953125,3.187201461741229,0.27829161328780067,-4.398713738647029,-4.15209815324409,0.23373977156577044
21.2734375,-3.2057045178513275,0.18527485478170916,-3.584649449686257,-9.705287259196538,-0.2193572440744894
21.27734375,3.5194057863200667,-0.44443894352911817,-4.525720093803528,3.0792149250895884,0.3096114759593194
21.28125,6.096997776631006,1.0121329572875886,23.867474785117764,-4.250705284144214,-0.17909534999686227
21.28515625,2.886515031287392,3.4902602096478255,-30.55251733325157,0.7520284908726977,0.13562014255374752
21.2890625,-4.374076016533573,-1.268332851276438,21.73481372673237,-3.320654628596279,-0.09238205570673673
21.29296875,0.04739163092086659,-4.886447571712568,-29.751848278324516,-7.43272511835195,-0.1202991991574159
21.296875,6.099802821355976,3.3371477159373857,-8.25389390147445,-8.456503119129913,0.18585114014223011
21.30078125,-3.7450294470205483,-2.96527609634772,-12.019631730417288,-12.986690378510001,-0.2826603709469654
21.3046875,4.269819062165725,0.18669425428494915,-37.23855692918455,-6.809890738186497,0.0815597730256223
21.30859375,-3.5453107259874614,1.0273126927022025,-62.34150985253158,-8.142301019621517,0.16792926872762445
21.3125,-4.20085118388159,1.233146452773235,-9.64029543211496,-1.5622372599299357,-0.41080249463927904
21.31640625,7.065156031683593,-0.7621542364331049,-77.62959859684803,10.767106213708063,0.4421989209164206
21.3203125,-3.8048478199259357,-2.5595726049575935,-47.843002728535396,5.854118238636351,-0.20009510285043974
21.32421875,2.3979894415766596,2.004803882989993,-27.698139941524673,9.54760600677269,-0.2947318349842868
21.328125,2.6154928004845654,-0.9601400638174296,38.41362178386446,-5.169500170979179,-0.38519595714910887
21.33203125,0.4816918107447796,-3.660143989237145,19.432009339846108,-4.145649692433959,-0.5564723419551398
21.3359375,-5.224815033941705,1.2855606063557998,29.303827902393884,5.771668182489252,0.8010239320952391
21.33984375,-4.376627637831687,5.483816622202209,20.610994369149342,-0.01202405523898209,1.1179069612585344
21.34375,-0.4062183788117256,4.344436006618135,-0.37764434704930494,-11.135627294104891,0.2587799244956072
21.34765625,3.5969568132070324,1.8904972318631814,36.113418553419315,8.685667993658388,-0.318394202353105
21.3515625,0.19325022163830458,2.9960040774767362,84.26858170599971,-4.840750651029744,0.24076138030088706
21.35546875,0.9405233908099583,-1.763528452419978,46.20305061880832,-8.594608935920313,-0.30648834958629595
21.359375,-3.308791719139321,0.4966431334506457,61.29353167918353,6.6799198486594715,0.6940275834758116
21.36328125,-0.8883464549474599,1.4888028070255659,21.270766829816818,10.328051274353804,-0.1383983125580989
21.3671875,-5.481632621368358,-0.06058221358341126,23.834504292907013,-1.7756960133317237,-0.384387077532497
21.37109375,0.34936841876350994,-0.4856553385898305,11.497308198525538,-2.2061168614659046,-0.648245965560166
21.375,1.9821490395698624,-5.342856687146814,-7.605785719820318,-2.496815355539484,-0.41081847218885703
21.37890625,1.0627507134350147,6.229979328776025,-11.347854583521425,1.7593872068633805,-0.5534037091960784
21.3828125,3.8285323693267297,-1.0113535220353858,-9.570018617596974,-0.503962149161731,0.6567050870812766
21.38671875,0.1502166149475025,-1.1281910783861113,3.130217341138801,11.28414910390007,0.24487454735563863
21.390625,4.4707386146854455,3.363720956751296,-5.9474656269587225,11.698780852119167,-0.8473423081544559
21.39453125,-2.802025920765262,-3.7055897672490823,-31.676274179784343,4.796214367207361,-0.20761933876298014
21.3984375,-5.977427420420548,-0.41637759990140544,17.700810291503483,1.0053633500843877,0.4941583308220275
21.40234375,4.469793049144271,3.0740608820802584,-32.730144557977994,6.10577287465745,0.4783139904606603
21.40625,2.8855511783475207,1.0049797704795003,6.582560853346905,14.442240801758834,-0.5584310465457519
21.41015625,1.1552058927733957,0.7451306712274777,43.03991427404693,-1.3249044609390124,0.6973643630042539
21.4140625,2.484569709846725,-3.0510891778630036,-14.586449108776161,-5.200266791044228,-0.11408489182555036
21.41796875,3.6725815446775147,0.5857735777032693,-42.46077648655688,-0.44885212642785577,0.45253991442984726
21.421875,1.7593967832224933,-0.21238912234114277,13.633889110719306,0.16696863978991594,0.19710727391154842
21.42578125,1.707470197692218,3.9408078626697804,-23.40594422223312,-4.339451242627883,0.3260370439610157
21.4296875,3.521633050308776,-3.6346961305880185,-15.84016936153624,-2.359593270249741,-0.36154936516449027
21.43359375,-4.09206158817535,-0.4637443429339405,25.876710624362552,-3.7216453701159384,-1.0141559359484678
21.4375,1.9440221850064596,1.308837317818603,31.270073536947294,3.973253536591973,-0.6035579828632542
21.44140625,4.439403761936855,2.8585473488797457,9.6578342355783,-4.535427886200739,-0.21681445766654261
21.4453125,0.4310704494817019,0.6290542058116411,-44.70378072897256,4.390545793279022,-0.04953018644947354
21.44921875,1.45794031711291,3.8604109522836825,0.15976094348414094,6.7709647329541465,-0.1857172897950748
21.453125,-5.474144980779944,-2.8586373201884854,35.28590351313203,16.01356514101047,0.4495288990413911
21.45703125,-6.372740570463594,-1.4344876207670005,61.66663129452708,2.1026334779141234,0.09773463576976175
21.4609375,-0.7796480796426442,-1.187142569470271,33.67640499340806,1.6670941539722721,0.28104641867006347
21.46484375,2.1828548689802973,-2.2704299849952,33.12822572113639,3.1755862179276564,-0.021391914380826122
21.46875,1.6093707601341165,-0.22951149130587267,30.07810211690134,3.311449889119585,-0.49031044048004013
21.47265625,1.7151896278808663,1.598286769081935,19.791846628382075,4.126454662606373,0.6261841215848511
21.4765625,4.075059860648134,-7.819591421626347,50.67885418342696,-4.956274768596241,-0.22718772920449967
21.48046875,1.8898361638106387,5.591926803795852,-6.259549039231334,-6.60757803430256,0.2298230937711632
21.484375,-2.5999133001177377,1.4536848989020406,-62.44463662755063,6.554149572408001,-0.19150400176134347
21.48828125,-2.3135129276200237,-1.3270135760134747,-22.257567469931004,-0.8895129788291625,1.0603560684550437
21.4921875,3.6649615629179024,3.7058394684773344,-15.148071489314455,-10.579243935520887,0.2925705292277844
21.49609375,3.494077242600459,-3.0498403920658568,-92.86522442285508,-12.61467789226886,0.8630345525855888
21.5,-6.192652520050061,-3.7084727987110293,-22.368720301996024,-1.5822295331232368,-1.1081281703252726
21.50390625,0.26351404807089923,-2.3836233687998685,18.54287016705037,-1.3808974095396587,-0.76149334295461
21.5078125,-6.1144817097454425,4.439779864250701,-18.80994917933666,6.6563505797959,0.1598051606514685
21.51171875,-2.0138505042467774,0.633392593967516,-29.2312965769288,-7.271187521042888,-0.2622992911793217
21.515625,-0.2030520836079411,2.049108337995736,-3.009178033590519,4.336378021020908,0.0811483323073535
21.51953125,-1.5324580722164582,1.9423713824002458,-21.805033834679634,1.8939593490933273,0.6540934522106461
21.5234375,-3.019338996736805,1.4955776182974803,19.00901841499979,-7.025266060226351,-0.5265875001574042
21.52734375,1.082097589164791,2.435838376381716,35.33916794093182,1.1492205708254855,-1.3797310314518216
21.53125,1.0557242332023067,1.6252411311135115,20.02751129508936,-5.696724929498053,-0.6722647814426249
21.53515625,-1.1308593151098285,-2.3060122524893383,-0.525696514269562,2.8152444969774515,-0.13221350698059192
21.5390625,-1.9303304829001713,0.22269666001948663,-0.5397867851092286,1.8080175472525917,-0.28194973636338383
21.54296875,-7.575826185244967,2.0995903641063243,4.350604336142119,-5.974511435987171,0.2843072465753469
21.546875,-2.869417656324272,-2.4695683764751144,68.69090933534586,-9.752506743411471,-0.5922163146735135
21.55078125,1.7140514173005341,-1.87166641046245,28.378376638868147,0.5975773355719332,0.18221554092210396
21.5546875,3.4600869337320947,4.50755220420195,64.14877260974131,-14.618840205527178,0.08825566932647465
21.55859375,-3.584734944293271,0.4551313423565904,7.092868962737269,-6.739514069358829,0.2481257525543506
21.5625,-1.1041503262496817,-4.966883099627066,39.588079137786295,-0.7832262542028167,0.5332399866657308
21.56640625,-0.3926005001914811,2.1027210647669294,45.96958919237164,-5.470461211939955,0.1370945556445361
21.5703125,0.41907878443365054,4.191016402030147,19.227870368889967,-1.6420554770108122,-0.268853110404053
21.57421875,-6.838407068431815,1.808300959219583,14.358359058861549,2.790147216970355,-0.3211322001299368
21.578125,3.611628460349001,-5.982576788737319,-43.749970300678505,13.345801262620999,-0.2936293936533586
21.58203125,6.954719961007941,6.271869474477699,39.569539940702256,-3.955406184839321,-0.36344158004006266
21.5859375,3.6677002393958102,4.371478791763979,10.750982550577973,1.7396689183176148,0.2458789150027765
21.58984375,0.6312893812077784,1.7141138781737664,-38.478733218414604,-4.067164132737557,0.07453841272633205
21.59375,-5.7758087856274205,-1.8780082535953808,-30.320923646416922,0.313193509126919,-0.9863309927541766
21.59765625,-1.3440319444511566,0.40453967312720207,-58.695998686304705,1.3744066491421305,0.030596482613395284
21.6015625,-6.058028409748267,1.9616267835654098,-19.720828846612648,8.443641091200643,0.4261642329213692
21.60546875,-2.8918011032917774,0.4162658070716386,-32.53792715929255,-4.157277359752175,-0.5018616418577131
21.609375,-0.8784294042767327,4.171509680997888,18.554974655213265,1.088815679166081,-0.08795629134143332
21.61328125,3.2315050214414445,0.5254380975697059,-2.1493916784033296,-5.250566579341337,-0.08257448604304078
21.6171875,-5.158095758551405,3.346125654792857,-3.498470317275394,4.179549804465012,-0.3759644944580901
21.62109375,-3.546857192838123,-2.796965580102705,-2.496040912110448,-7.567719201129722,-0.6281974336611101
21.625,2.5873234037549815,1.0736661353403574,1.3808068930141815,0.8048190786708963,-0.30828012639841373
21.62890625,-4.36444210023384,-0.49249448393603096,-13.906520500725012,12.259851991502597,-0.288874733068785
21.6328125,-2.6478243628756504,2.6167714020864055,-13.073743044467605,5.839055505133501,0.3000552978254853
21.63671875,-4.717743396975835,-1.789210059054334,36.46018646487401,13.333786697968357,-0.1395024590327596
21.640625,-5.469791440057471,4.588698757217204,-2.823600827586347,1.9983966671988065,0.30138108203643915
21.64453125,-0.9187912882415531,-2.9024624380292896,89.00133297291784,0.18112511764224903,-0.052413007567210734
21.6484375,2.6854516300215874,-1.5785204542610602,47.749632205278225,4.675796633177391,0.14814467792698433
21.65234375,-7.827288346011637,-1.3628412996152597,20.451437177098505,-3.384630412056862,-0.4717561112092426
21.65625,-3.128137156921347,4.059479080249281,57.20122559737365,9.358009454934821,-0.39628917266804603
21.66015625,2.5004513120386243,-0.8100142153581096,-21.424531290634917,0.8340565119301961,0.6363656242514225
21.6640625,-1.5524389159341256,-0.32707498614413183,30.93737022221341,-12.881006480337145,0.5362889505372564
21.66796875,3.4287760610781146,1.4217100848601822,-76.86170135151326,-11.027499591294308,0.46382450609962633
21.671875,-6.352533284909661,1.7505884237685982,49.90958974277524,2.176254438052972,-0.21828694809493498
21.67578125,0.31792447176026645,3.4164018562372074,-40.957068674407054,1.7048552332192002,0.8289036095200478
21.6796875,0.36612923288759525,2.7454234371699187,-20.655509706039638,-7.975716607803632,-0.20756951929062942
21.68359375,1.7927412478003002,-1.6338531701523362,-10.310699868969289,-5.833030322195438,-0.36826851718576903
21.6875,1.7863549926723972,2.381388344180674,47.50098081702126,-1.0509353018305234,-1.2257778283028147
21.69140625,4.952553011037369,-4.753350912827125,-37.21223221665296,1.4827085795006092,0.07226179789583476
21.6953125,-6.233243365954315,-2.4532237134912886,-12.732665552120404,3.725439881486139,0.061655416515288254
21.69921875,-5.045220710754589,1.160515768016608,-59.58540870550203,2.5084319021686343,-0.4733069365615384
21.703125,6.182129943926658,3.116493927100911,-17.162226645992035,9.744666465229319,-0.060761955667395125
21.70703125,8.372003778427638,0.44816974807378585,-0.15046237692808084,-6.34982776062075,0.25408769544177373
21.7109375,-3.59281203180329,-1.7745201603461958,-22.490724610093373,8.443241168332019,0.5518734227793749
21.71484375,-7.6826944835923054,-0.6485174300547178,8.3296348240209,1.475070229442533,0.3225631312966524
21.71875,0.9760008688514252,0.8936735428252416,-15.92459795339336,-0.3882081581068573,0.7875085014543101
21.72265625,-4.219969190483615,1.3663912672758398,3.5899484457796564,-6.45949358403101,-0.5264332865012005
21.7265625,-2.605252962128588,-2.432059786353937,57.900260807160194,-4.337139242024059,-0.2776639176651362
21.73046875,0.8539519872308201,-2.950982778257804,81.40307777224069,-6.177142005386223,-0.08701002744962484
21.734375,1.7108849895545861,-5.6892822361825335,25.801602717846215,-3.9842804395736735,0.6571950246943887
21.73828125,3.7818040311954295,-3.293934071753472,-15.143004393970642,5.419210536967791,-0.06096293636979709
21.7421875,1.4756504308077627,-3.3244507250148168,24.249062417668387,-3.7300176795816498,-0.3451411723495476
21.74609375,7.7150073357328655,7.45625071127093,-12.847731984701884,-4.945127170813424,-0.07418649637373786
21.75,3.2147666747956234,3.518539685030772,36.61611827846403,-5.422588956711518,0.004482610980565
21.75390625,2.5914930420739912,-1.323591109530819,43.17463872541886,8.419778456774463,0.16021214677753945
21.7578125,-2.7303009485310628,-2.635299924260888,-8.992815952241067,3.3391253241523695,0.21488273786783332
21.76171875,-2.9712458257563257,0.1809572728416832,-17.013099117723108,-8.481167787103063,0.1063920645560602
21.765625,-2.7368840992242127,1.5693441669510664,10.969293656262755,5.453109379744916,0.3250594450787506
21.76953125,-4.497677519184487,1.3898144158245056,4.29750450589902,-1.5499851300829093,-0.38712588652706803
21.7734375,0.29680085187802746,0.46429028186974064,4.218195089114534,-2.6623568085782137,-0.48073047581199607
21.77734375,0.17413406907580267,3.6698049353255078,-17.461871304954617,-3.1294993942959373,0.8712991065524182
21.78125,3.654688310156016,1.3522075571199361,-22.518708195613158,-4.472880656311046,-1.2181056595138486
21.78515625,10.235916106761291,-2.667683819047909,-30.27583929619013,2.5113389902095387,0.738880288287393
21.7890625,0.00506152928173591,-0.4598694588302253,-11.354023888625724,0.016510236075845786,-0.42820744901789415
21.79296875,4.734399921596704,0.6727219106062838,-12.135870035183824,-6.916174324706289,-1.1350935440905079
21.796875,-2.1353348801903618,3.44339862494955,-60.027654405625285,1.0492466557971714,-0.48312957603270923
21.80078125,3.802564743554153,-4.115844418978651,-19.089521361173375,-6.5964340524116825,-0.2292119516424532
21.8046875,1.0164752646912787,0.49809542594423417,-38.592853184345614,-4.09330527219701,-0.07793828438228154
21.80859375,6.635970392880814,-1.3511694838388708,-1.9752410902132485,-8.42073380210618,0.3745379587701035
21.8125,-7.067740441820292,3.954223841309868,29.931931495990426,3.5196833678192445,0.3700318655854621
21.81640625,4.470414201347471,-3.826106726942834,-15.733478599500824,1.92505365965143,0.6138608281584435
21.8203125,7.982108379935791,-0.3012831307915066,2.270145546094163,-2.8091244174360184,0.6991838191102488
21.82421875,0.6621060229480294,-0.577932633742059,30.94772240038939,-0.037132699445002526,0.1608232915601282
21.828125,-2.52564646084233,4.4287024231492556,-13.303919216817356,-4.451771713028437,-1.1910355655993732
21.83203125,-3.2268249211399156,0.027443828264886245,25.965542787305573,5.804860883960021,-0.4150619779760901
21.8359375,1.5493549700053173,2.834306841347232,53.386654367896455,9.578427814542584,-0.11950669983826905
21.83984375,-3.4192248907353053,7.19033238551926,93.89445127528612,-12.159788928296953,-0.45355419375982436
21.84375,3.5691825071309085,-1.0003011323581414,18.575714871585955,-4.799288974000279,-0.3343489411344665
21.84765625,-0.07042835946948135,5.371565155146065,4.1995805459138005,2.6636923620471196,0.2075636714161916
21.8515625,-8.381799178376118,2.5692472782108196,-49.631743056803856,6.646353624182298,0.7245608754417089
21.85546875,-3.982432554646965,-0.7749089128154216,70.96441207631372,2.867089308662571,-0.22119640758586892
21.859375,-2.260616743680041,-3.7768453105924777,43.186933095800065,-1.0373783732274289,0.5636118944431153
21.86328125,-3.384538665707279,0.18765774316874734,46.46674319482994,-6.274035689155202,0.16745282971219327
21.8671875,12.232256518185759,1.9875320494894368,-60.993511539680505,-9.064100383315973,1.0693589944448465
21.87109375,-7.324413820740117,1.568347334648468,-39.90240079174492,7.725013183261257,0.4995051395459069
21.875,-6.020882402979333,1.7452932703763278,-42.332348105707865,0.9514740750339001,0.28072978376765984
21.87890625,1.9200251927967287,-1.7635510142115867,-58.525970784048404,8.690215189971346,-0.5229419651776289
21.8828125,5.247099731906642,3.4175662480479714,-40.828621065281126,-7.658040138774741,0.0702407977386563
21.88671875,0.5332758460391099,-5.7743022621269,-7.954235612149635,-2.5281909982148902,0.5373329136332232
21.890625,13.662503991885064,0.4122737380360034,-20.584968110331566,6.100339951297917,-0.382363046219802
21.89453125,-0.1271757407983807,2.9585056061518675,-29.594874864446247,3.5340232708391985,0.0545753647537724
21.8984375,1.475525237527959,0.5475665896597364,-23.858826179115727,1.038442188222266,-0.08928759973749804
21.90234375,6.284343811360722,2.1011386306770774,-23.102218926998418,6.8895558746404815,-0.3208264337198659
21.90625,-1.7857384085404933,-2.1743843266562553,-48.40553604140592,14.450666076352165,-0.28279971265192405
21.91015625,-2.8617551689118885,-1.2226417406766128,16.344246186233658,-1.256169796738637,-0.6446601699940813
21.9140625,4.315551389269032,3.768530161206101,5.1944258455209145,-19.96764410103938,-0.2255200055243418
21.91796875,-2.7307714542012897,-4.959347361990039,3.343852856915877,-3.328241189285889,-0.5694157285525354
21.921875,2.9698217829748295,-0.9533858009721904,13.635729161227603,-2.0157761865491106,-0.2889462207488883
21.92578125,-0.19223410148687833,-3.5357762990047075,69.95815425056537,-5.1927868319729535,-0.11934794222289671
21.9296875,-5.816819455402007,0.09589657893303184,22.681788845916092,-8.869692536183294,-0.2532248818726088
21.93359375,-8.135307400811573,-0.8770953953696878,14.002321262945632,-7.345315627079973,0.29634969341372974
21.9375,-3.6007238384930966,-4.023321973141687,-29.302164511565163,1.216724828035688,-0.18134870273060538
21.94140625,-3.043815335873496,-1.8054505789939586,-20.419990383504416,2.9483206825375037,0.3925929460584133
21.9453125,2.461542899253791,1.1365505058408323,-1.5539735120921847,0.07997132329693946,-0.13674815970563442
21.94921875,0.6402672498969134,-2.176529828261977,-29.325043484799796,0.969340202571634,0.6082020573148322
21.953125,3.936415252293566,1.7510977152787457,-11.712686553095812,1.874674271273176,-0.519597262356837
21.95703125,-7.187754222982998,2.7945650322403264,-42.83860483676843,4.957679113422799,-0.061231807055941924
21.9609375,-4.124696306486163,0.7563530801882711,-21.090962199456943,-0.10318639826887566,0.3541825036267313
21.96484375,-1.3987105888541864,5.377088726509772,-87.66916452044347,-6.347439806256702,0.1044569099511299
21.96875,-4.529511420188746,-1.649033653339538,-45.187386968003224,9.29933575941882,-0.4669460542776298
21.97265625,-0.6569636460973848,-5.044640231952599,-32.07584522314234,1.139648514649447,0.1790776247918457
21.9765625,-0.45100750666625367,-0.6210545678345389,-1.9956495542122,-7.441240183845417,-0.00238365742663734
21.98046875,0.08863065693293593,-3.331432242071254,10.455717029099421,-8.32319932303112,-0.7352118315474787
21.984375,-1.4656569862805324,-1.899256698178609,-33.13935174492571,-13.095536996082146,1.375005604921494
21.98828125,-0.0023423156281018025,2.6129776099778126,-23.52646790984756,-9.314009954238958,-0.4763633179954499
21.9921875,-4.42460204152609,3.217794307250383,-41.503088083065876,-2.1325020547967717,-0.5683865346195351
21.99609375,0.8190342942835451,2.231251345256163,-1.8857720259305895,-3.1231851648000024,0.21294742781292067
22.0,-2.617562375245475,0.7660093904620784,-23.150036152596577,-8.846459114644473,-0.4487654466246992
22.00390625,-1.8633291057499692,1.1167743296282655,43.29443666736552,8.057318337047663,-0.5258284812228148
22.0078125,2.631737514495836,1.3961870853457061,23.426713313524147,-0.4140953867336328,-0.04941510303535031
22.01171875,-2.5934989644603985,0.016547712715392546,46.41862888259304,3.914454437771562,0.23332299797502284
22.015625,4.586003108027991,0.18394584740935332,-11.020928141941695,13.920181848720295,0.4239058753311055
22.01953125,6.365264458383064,7.869384368505186,50.894892029968645,11.008562868767426,-0.3253431944693848
22.0234375,-3.2854315051878906,-0.2954830424757528,46.67393527748581,11.533940732548164,-0.28566462776396306
22.02734375,5.5751937099120825,-2.271977001730715,44.064054455544536,3.899448259838831,-0.35349729792226914
22.03125,-5.223813663336287,-7.0159970516045815,2.243354348632735,-0.7310506597402776,-0.8788012028604504
22.03515625,2.537180253175827,-1.4468866416846908,18.054773358127466,-0.5169694948761236,0.6046005843900343
22.0390625,-2.691277591948588,-2.0694928502869203,33.30710944476334,-2.5046790108347303,0.3314148108057635
22.04296875,2.069102619985724,0.4685908113332876,2.166477083888859,-0.8736205968274464,-0.6700026673362949
22.046875,3.0989692715797506,-1.3217055437343244,21.126142905954552,-11.449676203231562,-0.6502172998484604
22.05078125,7.371127909143154,-3.8600547830325285,39.24658836438741,4.680756213835254,-0.0331005949025357
22.0546875,2.412831722563918,3.692728085724412,-26.516412151215654,-0.48881343302020364,-0.6839154804741409
22.05859375,12.860232545149367,-6.313197218453741,-24.14749714747699,1.2821318799658956,0.052876066095701627
22.0625,2.9927903771948166,-3.302983873244968,-27.57101928409487,7.299985420415356,0.7295199186254918
22.06640625,-0.20832463798335477,3.050139625692469,9.599440944732503,-3.9560088093271695,0.25118598804798153
22.0703125,5.938105445246896,1.718215726255759,17.783519618040692,1.6985271839208824,-0.5022806606492141
22.07421875,0.7879672261792185,2.2711141248090803,-37.37816282081332,1.280243892286971,0.0024271557718559254
22.078125,-0.9278954279215287,-0.8152427067079535,19.051841494780383,-0.509549997058655,0.40055849725678666
22.08203125,4.485306852381544,2.9974231962841706,-32.56662690299915,8.540184839697904,-0.33319655432006984
22.0859375,-0.7771845343070092,-5.546235736068397,-13.178090226137417,5.057840194982681,0.24510936037926007
22.08984375,-1.5985811273312065,-4.416511482951709,25.355664099321594,-2.224533517135443,-0.3830865585649186
22.09375,1.5430111398832764,0.6988918746007664,52.0857954677205,-4.55348701625214,0.34300457724746775
22.09765625,-1.9529456179090383,1.499640129812072,-42.23028238559254,1.0625197884857596,0.3002038817227307
22.1015625,3.5765456708997196,1.1455508780025203,-36.130131365835105,-7.109170341429383,0.2855581222439374
22.10546875,-1.1688615884359155,-4.217073156223287,36.405363716273776,-2.8308318610207865,-0.17149554245267795
22.109375,7.406340435603782,2.817324269105425,-20.660657140887427,-6.141232867577962,0.43665576101947634
22.11328125,1.167210026926276,-7.858104847613454,31.307086095323445,-4.943018209522165,0.0038427182827026566
22.1171875,-6.804723989596256,-2.817525628546479,76.77630587188025,-5.940014062916667,-0.26141786465948436
22.12109375,-1.7828293526966985,-1.6555695642278203,61.74004912504387,2.5706810938122717,0.037507906791334464
22.125,2.266145264781012,4.908061975764658,75.8144124723294,-3.6267185366260626,0.4134131865935894
22.12890625,-7.814210532358976,-4.477268285341378,9.28144066798184,-0.7258347914913956,-0.4608377855255888
22.1328125,-2.2709311254881044,5.291086681454947,16.228553685455438,2.2234663381810793,-0.33865510097666596
22.13671875,3.044639203487747,-2.6156586080147335,21.96185288069094,7.023942343085434,0.7278987409002391
22.140625,1.2106665433118693,-2.9363311756271524,-10.834538060011818,2.340874132835803,-0.4827217190843374
22.14453125,3.719960930462307,5.464944806094995,60.12408455652098,-1.6301851455994596,-0.36251753591515706
22.1484375,-1.367058097037343,-1.4111203586340881,-10.283879418464812,0.5609066232395485,-0.029104871595682737
22.15234375,-4.055548349285907,-6.927163403436717,-56.623660316395686,1.8020750864907678,-0.12918572390205474
22.15625,1.3127706621945612,-1.905148605135114,-14.461826352993388,8.045876213078854,-0.5040657382714081
22.16015625,3.2722241243385795,-1.4846504932684035,25.75783793296081,-1.9611535528992627,0.8730831149400724
22.1640625,3.4104269469817323,-0.501889698966502,-95.88876091493592,-5.197141225001671,-0.2243717295568821
22.16796875,3.466613602829928,1.237868000640804,-10.181691670624417,-7.484239001951715,0.4804105371058135
22.171875,-4.224720371923107,0.06004186982438666,-0.0017888406517130306,-5.947864374086654,-0.34585664883665795
22.17578125,-0.47021079082388345,-2.0558879839439266,-27.410940162377667,-2.4020520019521374,0.12458533849337203
22.1796875,1.5133896128539317,-2.3664729580192434,-63.802163077135,-3.0244157997599896,0.14625000732219431
22.18359375,2.4050396861993883,1.8672679461873207,14.83033184465872,0.9312940826958285,0.8151116138286197
22.1875,7.888527497642126,-3.1357695932684977,-23.83932197187766,-2.279577232362216,0.18601905271952424
22.19140625,-4.165006297324086,2.6824410976973274,66.6800921815635,-3.38496755054099,0.6327331233004686
22.1953125,-1.6428153978455977,2.5145451312422265,3.914184156549295,3.0751256081149503,0.028136541104332072
22.19921875,-5.206110312462644,-7.016268076622434,-5.741197774906016,-4.8162721925502225,-0.7446546406251624
22.203125,-2.5031844172675632,-0.560116244395052,19.43913231107316,8.685570913295944,-0.009646526006525803
22.20703125,5.155541645133484,0.33322171563460956,-13.196203900234398,4.972170857537351,-0.49224553982097485
22.2109375,4.15399354925791,6.531925952269365,19.765176165160444,8.386758389639857,-1.0970800274411934
22.21484375,-3.9273077240914884,-2.160307213056738,-17.240599699147683,-1.7531863491362125,0.3079933849928649
22.21875,-4.34346358623434,-3.794901421439662,23.14616842441287,0.26054717609603767,-0.15160860537448542
22.22265625,2.2453815535716846,5.126006476015278,35.07470103596698,9.122867320079518,-1.219576900407564
22.2265625,-4.439309372862893,0.7795719380175763,-10.702953436863904,-8.479736439384558,-0.6902422365292459
22.23046875,0.6760057074625315,-1.5482957945506883,-36.79449438571432,7.54212885831876,0.8932201992205551
22.234375,-0.5717060229121653,2.226543893596325,5.156251576247251,-3.769142925929408,0.032777624474376134
22.23828125,2.378839044586754,-2.7658647687905615,-12.072119110902413,-5.578051837392272,-1.3202898350912373
22.2421875,-2.0248889334910483,-2.241049869713791,-8.629594455541115,5.705064113653897,0.5524206019952523
22.24609375,-1.0567951473755315,-1.236312629392705,-92.85017639814787,-5.889859324813855,-0.9329138760978003
22.25,1.7247640933012671,-1.1413874432458895,-15.48863602117012,-1.9516996282156411,-0.4809826713971624
22.25390625,2.787814424106692,-2.3952431039040376,-10.789788795323368,8.54833788078135,-0.3560770235652598
22.2578125,1.3958362072156802,-1.458522664231069,-28.165507610365793,0.32782599539003376,-0.40057641131889676
22.26171875,1.8499928128672434,-0.9454461209605138,-18.895311094987118,2.305416368234454,-0.4000586856760764
22.265625,6.646472799330627,-0.7562374873115585,-34.83655479173472,5.90963043955079,0.3849463626223709
22.26953125,9.375389762288462,2.3493609338267545,-43.07403548953002,8.746572071418958,0.3378805101203312
22.2734375,2.718430003986783,-1.0455032420828172,-11.94289808809103,5.738387436507017,-0.46318709152532717
22.27734375,-3.386446799648738,-2.9532110324606906,-45.52868392395793,-5.000844678851166,0.456798821374032
22.28125,-5.036325877025555,-0.7774770119148888,-49.875329253219086,7.35488491204943,-0.15735345528685676
22.28515625,-4.449916686571428,-2.5553590252615543,-29.57246572664843,3.9345372107831684,-1.2311931003624204
22.2890625,-3.9645791805108783,-0.7941151017388637,5.588191230793877,0.29476332908817326,-0.1287528888411558
22.29296875,-5.741079433340345,3.3958849112768776,-10.009517400654499,-11.386184515797577,-0.19283695666636497
22.296875,-6.500026532272152,-2.104945954726421,55.761081857506404,-2.627947562254306,0.0678091609522199
22.30078125,-4.191338807055699,2.575008876584013,37.91896303427911,-9.827562767628034,-0.39281540501759094
22.3046875,-0.40277703687540223,-5.1368440024621815,51.88154890336811,-4.26906450616708,-0.021535723746409732
22.30859375,2.909688907441386,-0.19415815603422765,4.92369495093936,3.570073382975955,1.0783216002323242
22.3125,4.1456536661928345,0.7118120612266616,42.359593042066074,-2.2937238495443113,0.5806454837633863
22.31640625,0.6607129047486378,3.5734030508387447,4.334333457769144,6.856376722383328,-0.25255655204781524
22.3203125,-4.996377613931847,-1.5720941469383267,22.62797666262867,3.7623990793679742,0.20739181513363456
22.32421875,5.8109697017312945,3.3744819909230133,36.58718530912121,11.778015285857789,-0.4749299521317002
22.328125,8.51073460020551,-3.240121040861993,-44.13818453378408,22.292724048994977,0.44235553247579945
22.33203125,6.827494396346939,-4.542038979085515,54.66952205139533,-11.503180702077236,0.46827911022225843
22.3359375,-0.9865394384719867,4.584808200781167,-6.376009385597523,10.754028933106971,0.7343169475003442
22.33984375,8.61709456720924,-3.644353740916727,-19.171713826732095,2.5956494329836794,0.33948109199119464
22.34375,-3.1194394160161307,-0.290335044861627,-74.85571766258055,-7.093607782472764,-0.3969029312017865
22.34765625,6.123985080218519,0.9933458859636364,2.434398738381933,-0.5175727039000175,-0.15905963718392369
22.3515625,-0.5692046779530125,-0.3684105161113893,-26.365943740442933,-1.1220675986570532,0.9255070972632358
22.35546875,0.12415066600355089,4.317582471005449,-57.733847252189335,-8.050445752497781,-0.5081461838223
22.359375,-1.4051258632348491,-1.5040131156416956,-12.439127313113943,-2.648113406421098,0.5110817402991354
22.36328125,5.999822621479796,-4.549990779149592,-38.20489253872545,-14.21083936857909,0.7470664497812382
22.3671875,-2.2643401486693584,1.0242187312579514,32.37641198068398,-7.360580690643895,-0.02685705462918117
22.37109375,-3.452273483111015,1.7671747010497922,-40.40271930629628,7.886121564743188,-0.2827950994787774
22.375,2.6844417512238627,-2.193953633363767,-25.344481719284936,1.079890197654687,0.7871188634223061
22.37890625,-1.511514006695576,-0.952901782218514,19.62745614574112,6.747891895454792,-0.09522065851876163
22.3828125,0.6241964667754332,2.859007259266913,56.46954454477452,5.9457179512516465,-0.07035387404526852
22.38671875,-4.310213564872226,-1.1917091822689445,15.638066490900815,1.5117795979163065,0.5337661178371007
22.390625,-0.3500262000625817,0.13203949409203483,36.705887126527934,7.558111741874692,-0.5288927268979107
22.39453125,5.432513550673377,-2.3414779748829275,2.2927274970105387,0.2302057538893676,0.8739728075784734
22.3984375,3.6312947337064565,0.5387632828703627,38.19353885321009,5.1185443468424365,-0.7381187695143341
22.40234375,1.7829056596790473,0.6382669470386857,2.7708648729488488,3.4861425371504478,0.31596818971009627
22.40625,-0.5563860567795964,-2.1680620054169313,42.39249639524036,-8.462498575250276,0.3805049172818885
22.41015625,3.5439338596887886,-0.09476742345271083,48.61773051699538,-13.796066047404674,-0.6628690294664318
22.4140625,-0.07953681034486107,-0.6729811818686281,-17.762290194900032,-10.77382107358633,0.4261154115340321
22.41796875,6.048881579864434,0.13481623782765553,28.155328921298775,2.5638347192324082,-0.3322693732034728
22.421875,6.9014845940287355,-1.8967405268203765,42.37779811020363,-3.9472090065574723,-0.07791922299079024
22.42578125,1.2282231484797488,-0.5940738114696699,-36.13880553048104,-1.4570749233948974,-0.23374605070835788
22.4296875,-4.12322480936957,1.3732771904194125,-48.557787248229374,-6.998120595856518,0.7695734976053923
22.43359375,1.3303369616011436,-1.5929305282620576,-67.90451720693525,-5.778204571210463,1.1061917699619783
22.4375,0.6339970495111457,-4.674968153265522,-35.607965480263424,-9.546783419227879,-0.14499680812088328
22.44140625,4.550253602180331,-2.111708102447775,-15.571936066305124,0.05291574175920566,-0.24583019527149905
22.4453125,-5.429554381129367,-2.982157004363194,-17.014748429049,-1.0980948348292037,-0.06949994876516437
22.44921875,-0.02534164264628532,-1.2434651664644478,-18.83879268736457,7.33824135501947,0.025631887088965497
22.453125,4.245677407441937,0.6097093552425427,-19.854599788774486,5.554563155336403,0.33958483238899784
22.45703125,-0.9107126653525902,-2.2700817939897373,-4.025257032327186,8.258026553316203,-0.2414494679101051
22.4609375,1.6632815192726456,-3.288181793129324,-1.686243826818064,-1.5472960708191397,0.6790662484486127
22.46484375,3.068637063931301,-0.7106189407411917,10.979238859417979,14.899718525830252,-0.7403541448471689
22.46875,8.383910468805452,-2.4718060994395987,13.374094860658335,0.6719427377853485,-0.1079528162537587
22.47265625,9.007452208011518,-1.764053513081346,13.198603539639215,-3.2666158534310847,0.5420772107236981
22.4765625,1.8287460859842377,2.892449385943964,-5.867965755207282,-6.2231751777747775,0.5194033356954544
22.48046875,4.148405086901858,0.0072852962249135116,-24.14887439352842,-4.946317212767397,-0.4225619944544086
22.484375,-5.352464725822734,0.5282476431730576,37.933874322196395,-0.15047114794691474,-0.4188021387632124
22.48828125,-0.19254277211080165,0.8977014221017847,47.16088251292345,-3.335994061948845,0.4738177309489466
22.4921875,-4.85912535955926,1.235227677000749,44.853179322821845,-2.951972634860835,-0.2477424201361741
22.49609375,0.6216866885275568,-3.46709617143783,17.963570388158452,-1.196378944671813,-0.1423444281661038
22.5,3.6115291204897586,0.24549933460836687,1.7581140665419923,-1.7876958669853245,-0.18064574263779495
22.50390625,0.8369523720859701,-3.2024145821665266,63.572041041783095,1.2478277877011823,-0.18459095731525074
22.5078125,1.0800669412280135,3.244011117118075,16.915218812694235,-0.7137650591242859,-0.2913173856293286
22.51171875,1.2841086165055309,2.979042346127035,-6.679464584453353,13.347733611611508,0.5960101912838722
22.515625,-5.217149504586924,-8.113698202763455,22.362316972534646,-6.924240939299567,-0.09784357938577745
22.51953125,2.9803999552868534,-0.09790587707012163,-1.0458602332546345,-0.008760828158578704,-0.6394360767372158
22.5234375,-2.006483002766878,4.806973414302859,8.91477982811629,5.3110796784244005,0.3314127016926941
22.52734375,1.5901071504701554,-1.308217419501816,-21.35731130776263,9.080200644706526,0.27264197798323
22.53125,2.1342281512855297,4.332969750987995,-16.029044025374365,0.0015468295443519604,0.4389467753492566
22.53515625,5.245933859961718,-0.6793372100221812,-38.275066471429966,-2.9735402432878835,-0.06366387101444716
22.5390625,-5.39962635625664,-2.354894926479792,-76.67732980749264,1.5454881631702948,0.4244914898682924
22.54296875,3.2047963307586333,-2.287400732506937,-26.957733349867627,-12.074292517469459,-0.3045805686844789
22.546875,0.3278490165310411,-0.6841178993067174,-19.85333430005297,-3.929160256731859,-0.4037901063499887
22.55078125,-9.199596642061074,-0.5171209939392414,-40.10308482379642,1.5297216730443375,-0.6538836987638125
22.5546875,2.965062541840979,-5.192219849216829,-60.26261882139979,6.615631807131695,0.17833130154584478
22.55859375,2.2384118483330346,0.6568862078155007,12.622056116403044,7.872586239064725,-0.3782844435828952
22.5625,-2.792528934742684,4.016015756248631,-7.745685508409655,1.9954851248510577,-0.4782673925032906
22.56640625,-2.715473490304619,-2.5365076280901775,-17.84676690722324,6.483236409496978,-0.05546031516687732
22.5703125,-0.07967701153232873,-0.1476113047381971,-14.935712595749814,1.6131608692555077,0.802746069860736
22.57421875,-0.842965146631005,-1.9916995487785756,44.01256636767786,-4.08260622491078,-0.4290914723842854
22.578125,-0.18521099557159193,4.751009239141073,16.348686903767472,16.040294386604543,1.0298002478709418
22.58203125,-4.903106270082033,-5.230609031521188,-36.52926110197343,6.544912452516589,0.03413511222671458
22.5859375,-7.5756330220354196,-7.437108843229362,38.531191425826705,-5.204220607944059,-0.28187424141610057
22.58984375,-3.138399476201666,1.5080015121060533,20.71678305325683,0.894263211443293,0.6602059932994309
22.59375,-4.1692969918908656,-0.7796286760842109,28.67470385150238,0.2035445304268637,0.90165627400644
22.59765625,5.224304604181236,-3.703114517317056,51.20848179472392,2.491298844054016,0.09153067913070058
22.6015625,3.90910343169189,4.774036059446723,-42.97361610055481,-0.160442504244243,-1.0033905209754872
22.60546875,-4.496031145509329,-0.41930425044842445,77.34935762819,2.2714722627662782,-0.20478923951003997
22.609375,1.3345248349387198,-3.3122608815508414,53.0895979416921,-7.657456717663073,0.060633621434586074
22.61328125,0.09952206502326062,-1.2505217992781639,54.86937610843597,0.6335576767695432,-0.1869314944437683
22.6171875,-2.24906046280278,-0.7310766170995213,-3.1035693003458897,9.117957587050478,0.0691862642025179
22.62109375,3.1987417713390256,-3.647849420557238,20.926675271726946,-1.589208763344491,0.6980869634947541
22.625,-5.915103325443816,1.9391872508840287,-61.399953792306874,3.6007645127000445,0.11425210403988845
22.62890625,-0.009069761249754789,-5.704830731606389,-18.5488939883111,-2.7839370224550697,-0.8576785834120227
22.6328125,0.10529361362513108,-5.438670036267599,-71.54331578452874,3.4295680794787433,-0.10606994690458489
22.63671875,5.368371631240586,3.4626256544859966,-29.370872283459928,11.107881197848606,0.1956609804959522
22.640625,0.9311276871814993,-4.143120302517792,-27.33938469893865,4.8558207125624095,0.1486442568708508
22.64453125,-0.5118761145332202,-1.5045987128156586,-14.032671987317784,8.153482001457562,-0.11746411902042886
22.6484375,4.509996361073325,-0.8084533059566293,-58.057504330590305,5.887142157398918,0.29592346907659794
22.65234375,5.612262092638905,2.9213019570312673,8.385995568357298,1.8412971637194442,0.48181962302691933
22.65625,-0.4055867984556804,-0.9279239881835828,-0.2618018197351333,-9.968558314055947,0.008654839500924546
22.66015625,3.8514819504722397,1.1520653685491653,-24.92348422511335,-4.309732300372451,0.27554626547607797
22.6640625,-0.16372640406733197,1.6103173870493634,-53.71248520951824,-6.464727544877381,0.004203164166420986
22.66796875,1.7915923385703942,-0.4081713075431871,-10.586544913711082,1.142978662825751,-0.48043391229087257
22.671875,-6.197241739787973,-1.2487687993527288,-22.777323510906832,5.031329988690958,0.1564804039010016
22.67578125,-0.13998477999476197,5.887752207172713,-5.796828969537328,-4.543288599788782,0.6636162163208628
22.6796875,-5.280497889298621,0.18537991403247406,-23.905991511608683,0.5614943281149811,0.39340119771822407
22.68359375,5.419486988666604,-2.762179068028571,-10.663846997199379,1.8813538583757508,0.9604907174674234
22.6875,-1.4854085633597405,-1.350262071232355,22.09753076067869,1.2062973011298026,0.8582620892870415
22.69140625,-1.764187250349906,-0.4798356901503451,28.186942721404037,11.691736040051975,-0.5620303228232751
22.6953125,2.1331321597616686,2.513452289396148,19.099188644001316,-2.5307633164591405,-0.14105683676305764
22.69921875,-3.8102899677319275,1.1903308435517568,40.08524636573381,3.3893462092286657,-0.28996946377846383
22.703125,-3.6415590830969355,-1.3543718894341448,18.815648225571294,2.4376864020263715,-0.8137626216923864
22.70703125,5.627610707890853,2.6626747893654636,-21.82650247852863,2.2415008655772857,-0.531994067093685
22.7109375,-0.5538035777476843,4.644290632472124,67.02948794950429,8.714067823844443,0.026797016946332457
22.71484375,-5.67087215857093,-0.6988368110705157,-27.790351828277046,0.37101707271305995,0.2521803181145667
22.71875,2.2857277033495755,2.6125403581905804,39.29770544804481,-6.744126310582289,-0.1351250067034045
22.72265625,-2.194709971520924,-5.213033890480752,-41.391475926594154,-10.599917556696397,0.22652378466492834
22.7265625,-2.9463042928041054,-0.19113251550682606,-8.038727415941228,-1.1112364459595283,0.5127716211911548
22.73046875,-2.257653114983081,4.568315457094751,-14.643087763652325,-6.844445678586694,0.07117080240156586
22.734375,-0.7623661461663153,0.5844974509917689,16.9071896273294,-2.004148255806808,-0.4765545388344054
22.73828125,-1.7858202823757927,-1.2789968147427104,-37.003606938103374,-3.4429855988415525,-0.4799660217145659
22.7421875,8.188366675660928,2.437312624085287,-29.553547649748534,9.507386766091862,-0.5027611572613883
22.74609375,-1.5079596710125494,1.208956170731759,-81.0079106510393,1.326054409385992,0.6576263726591773
22.75,1.4559647863345506,-2.097689366766951,14.135036998542752,-0.6150007832596875,-0.2335510077274717
22.75390625,-0.3760889212854946,4.297731482059333,-16.415529409908554,1.224303600525942,0.27749716426595655
22.7578125,-1.1897119890938836,-1.7658046781673287,6.390645312588191,-9.837971696175902,-0.21287624432599442
22.76171875,3.914590301841759,5.81315719875738,37.77896984994684,1.527672186809908,0.13819657177854874
22.765625,2.6757894926243138,2.6726146494826613,5.3051623798730665,7.1096787693288,-0.495577582921675
22.76953125,8.173761056117286,-2.67031004540116,37.30091065549934,4.341995542796815,0.1758401127307209
22.7734375,-0.5496553256457014,-4.153173668558708,62.76535171971004,2.3993145303257073,-0.48822685970386415
22.77734375,-1.095282480982336,-0.48037987157056683,-4.485184781368716,-0.8623491479729952,-0.1531622100341053
22.78125,-1.9872191142707079,-1.2265171936587935,7.463078220250463,-3.718184550520407,0.14537011434089897
22.78515625,-5.02834360940261,3.2393621454218295,-30.633352501047405,2.291043479486463,1.036269473731331
22.7890625,-2.3038305448718615,1.0139890106818779,38.944203775341954,3.4446027957645025,0.07342108615671449
22.79296875,6.066915357739768,0.6125469107050375,89.30057204705123,-3.3542324858210337,-0.7911436260870197
22.796875,0.6619015107225669,3.4560742808420697,87.31245012074626,8.48320144871829,0.17128213151067195
22.80078125,0.6997641916205593,1.317120140946472,32.362804080568566,-10.756568785146431,-0.3733016515410338
22.8046875,11.06780277813462,-2.6223662823883824,37.34740254472321,2.5299757362881268,0.3008580574262437
22.80859375,-4.931406525764732,2.3910118944922667,-11.008549449512856,-4.076453442640692,-0.3091694513910135
22.8125,-2.298998580914146,-5.701490902496569,-3.837913555776896,-7.708765096351457,-0.6837597996553766
22.81640625,-5.5917214892652325,-5.272554257026268,-6.536496862344676,-5.035458237599508,-0.22438848205371906
22.8203125,4.254879031860538,-4.366514839328666,23.966244931303354,9.366214239012754,0.4247344423907521
22.82421875,5.683881418316952,-1.9344392107099497,-48.71526535015774,-1.89216037095078,0.4765621322633854
22.828125,1.8812915708922526,-1.0678548647057045,-41.525946166063534,-2.4991781206276205,0.42259444096242454
22.83203125,-1.4082756519383395,4.059087574847961,-4.350851080775751,-4.972936434578245,0.04279727102345732
22.8359375,1.2394892064003629,1.9871727349805672,-19.281930198819325,-4.388213485515516,-0.7063650843049679
22.83984375,-7.292484937103179,1.370752710312791,-19.123315266796915,-6.141712926638134,0.3142121193882183
22.84375,-4.121810752105916,0.8281930328827751,-68.9942954082822,-1.831076495115613,0.04063677844511617
22.84765625,5.879185889616185,2.0349084817805303,42.05015678288501,-2.6309952134930645,-0.7701699476015185
22.8515625,4.445161622156757,0.37558291723704823,-24.380223862780547,-14.972945236124316,-0.3458705700451814
22.85546875,0.16456522854511185,-0.3966040045192373,-37.03215133428133,1.0816657447593965,0.38529238867403254
22.859375,-2.591600317293275,0.020335829866044573,8.99601694665218,-2.3056257079366658,0.2821189593775322
22.86328125,-0.5714402143596562,1.4400860718879005,-1.5999063539298373,-2.7136909507790925,-0.21599183771866115
22.8671875,-2.7402470077823313,-2.7278379724723907,44.488003182227345,-5.311245821669745,-0.055289661179469415
22.87109375,-2.9308258745419153,-0.6662452515667467,20.369410045464583,-15.610125182432625,0.05978161040517332
22.875,0.9869004991263338,-6.2531499917796864,69.56545448390916,1.1611505013412942,-0.6716656018282374
22.87890625,7.756400044009567,7.779109081003135,86.82593126704768,1.4282615611155838,0.38748155766432085
22.8828125,-3.5635807079898774,2.532503125773342,44.262207196786434,5.694003452657563,0.04570435257600647
22.88671875,-3.0551042190730824,0.17881646345070748,-6.082400000375902,-4.996382575718748,-1.0111493672561884
22.890625,-3.2483821590335795,0.6196770624474036,47.19910052249508,-5.403034707498842,-0.9058227615335712
22.89453125,-5.124458963395649,3.733040074237178,30.89568389129135,5.049636807307567,0.6665633737209078
22.8984375,-0.5477782978362553,2.5416811319658925,48.79863087720867,-3.2922029311411274,-0.289837419961429
22.90234375,-0.7443792384305592,0.5731953599624767,20.81229644166296,-1.144315231873727,0.5385633994956989
22.90625,-6.375012505447295,-2.7222655976492547,1.6948768999625665,4.628454544885411,-0.3437017276020228
22.91015625,3.24540077009933,2.1807378393084353,10.962495470527456,1.7098406271431124,0.20898092194565787
22.9140625,-0.7398220285857144,-7.1969944442878475,2.489363703627184,0.6684403505981322,-0.593547249726115
22.91796875,-0.206540543656918,-4.390808284571589,9.490757469830257,-9.513036014514793,0.4155485234996992
22.921875,0.9700380078814075,1.5076481935976864,-51.08671974019846,-9.833238486115938,0.1341351901359482
22.92578125,2.278644578957594,0.1373966602948971,-12.910074035551744,-12.39869796606414,-0.1055279258610048
22.9296875,-1.2044774728013385,-8.845781003641772,-56.33625191806759,-5.370431100113398,0.23448490195807373
22.93359375,-4.8596935993649595,3.4385357842848276,-22.287073538759316,-7.464528404728322,0.30672174927725027
22.9375,3.4470018774144178,-0.9276948259562254,-22.259282964178333,-1.1433230217144523,0.5201893691491419
22.94140625,-0.7490556534714589,1.1183302726635163,11.631779368305285,-5.866099313953139,0.10235894228818841
22.9453125,-0.8999103507370826,4.425512378225189,-4.860110484523112,5.927414557499361,-0.5317986972530614
22.94921875,3.185105116944184,2.5898257655913146,49.20801198698964,2.8568300055083853,-0.45814651090693226
22.953125,-2.7360432828351735,4.993905033175697,-16.5563891743878,0.4128660859884299,0.4079336113216516
22.95703125,3.9385124809094854,-1.939924561693476,18.018065404377403,-9.58805038727149,-0.01464572045365588
22.9609375,1.7635271287932155,-3.7367704293525694,-8.311412770840306,-4.51789660551403,0.14383510468006536
22.96484375,3.220957276092222,-6.2772143517542265,-33.595788682683924,10.835306025187624,-0.6332169242531284
22.96875,-2.6665437723788914,4.269729460189465,25.761192281816324,3.647369477227758,0.6215790283932475
22.97265625,-2.8514464124134173,0.7269081527070234,18.32570798299878,-1.5367543285164,-0.8568827524768617
22.9765625,-0.5925300732188048,-1.5711212088974769,41.009778200948,-3.669913440870984,-0.5916469618083544
22.98046875,3.1893737863952665,1.3028524347257748,16.31621176837197,-4.5013425285489,0.48221924168210073
22.984375,-0.2457961940836319,-2.754635632033199,15.585814351629574,5.19325113510909,0.7604686101060782
22.98828125,-1.053779698990285,-2.3657154624986663,44.03090306286201,-8.166270205225118,-0.04783628111323377
22.9921875,1.6293044112465886,0.5890379884661423,22.636314412192554,2.3654273340792282,-0.37678621391834316
22.99609375,3.907779393762954,5.012769671708805,5.75152380981066,-9.557440276190686,-0.17594449079745303
23.0,2.4208503448931853,0.31679448875278193,-101.90413156174915,8.9712572736753,0.5825270571656285
23.00390625,-12.552254090121659,-4.104381670978933,5.599752935288839,-6.0916070645919245,-0.2686265280945732
23.0078125,-9.819749513339772,-0.33567987947914846,-18.536353391124813,3.5652635802931436,0.595835414247097
23.01171875,-0.25506586919003055,-4.290975066715702,11.091704020877376,1.0746912311303833,-0.4082368494750939
23.015625,0.6588417074249157,1.0750727229529258,-54.55784196186176,7.6123796455826005,0.24142983914316624
23.01953125,2.3666475487277214,3.8036597918570636,-14.424464269213173,0.6249195201866864,0.2119425391302307
23.0234375,-0.28917870558645675,3.1521460475020433,-90.97530871689858,-8.013444631820823,-0.36142002507980825
23.02734375,-3.9008406414144994,4.497003985556425,-42.37892394011311,-2.7097608068505323,-0.5798960081125247
23.03125,-5.447081289382084,-1.428284551831407,-9.521785582891408,5.382336204199301,-0.3741709261230833
23.03515625,9.26848981804993,3.8971420440184525,-49.66429206877736,-3.441690774494213,-0.33421810239362804
23.0390625,5.4773266917455645,-2.6331150915594,-37.9499027250406,-6.884255671799846,-0.5523855931426376
23.04296875,0.7890037939152595,-0.20024474923460195,20.772516239256348,-0.7495954600092882,-0.7246870597024506
23.046875,3.728421435280228,2.034234372466961,17.614207069412583,-7.206155042282194,0.45956490181989895
23.05078125,-4.565414770188277,3.5413791725989077,19.68785173639702,-6.866500299169587,0.4510624354416115
23.0546875,1.003814251327874,-0.9921915465966722,30.864806386663595,-7.5720917299040895,0.7887872462437314
23.05859375,-1.3264575529423126,3.229566930912961,-52.21984717606445,0.23791433295263054,0.4087277938629638
23.0625,2.6810848178064415,0.0587545975260028,73.73422338460904,5.214557786294781,0.14053780410489053
23.06640625,0.6746674251640544,0.34177169928180423,46.1177632396475,-5.77464597260993,0.09535176102834615
23.0703125,0.47436258189048425,0.5607511774965399,78.13426949790436,-7.406086573537291,-0.03512297928777907
23.07421875,2.153536179851782,1.522492158685726,18.557480036926396,6.661227861748913,0.18524502845615373
23.078125,4.2253387086810275,-4.017588352974612,-33.56738711842914,-1.975105866352826,-0.2439234173681908
23.08203125,-7.818631803004043,1.5138900091953509,79.38838967914012,-7.271440406994705,0.07132424332627801
23.0859375,8.534046677560715,1.9287991387912298,27.513822353164564,6.776158273317211,0.5430883637335654
23.08984375,-1.623075578319433,0.20850549797071172,-8.417145278334768,8.008601840152773,0.7408619989707681
23.09375,9.79412091930208,2.4939110703100646,11.54269904136122,-3.3788414579216854,-0.17368615699257767
23.09765625,-2.037252570364766,-4.053338103141387,38.26536755335654,-2.456737047368528,0.05149145779910151
23.1015625,0.7852450957300748,-2.0497275214127915,-20.817592201765017,0.49586264475838915,0.31753364353081687
23.10546875,4.049397505988699,3.1771362005441697,-40.72923937897553,-7.443924403564276,0.650496503252338
23.109375,0.3607274149832157,-0.5893169831925995,-27.883469094138132,-8.94050317120024,0.9858023085181186
23.11328125,-2.043387443667431,6.111397976433199,-4.947579851611184,1.4419153416123045,-0.5138194489178078
23.1171875,0.6853024874137793,3.141197545412578,-11.567255320752206,-0.7163964419294429,0.14027567242643807
23.12109375,-3.622687918457008,-0.04218548510288403,-39.27111735978352,1.7914616873394555,-0.34827975826630814
23.125,-2.119023642571512,1.279722322401156,0.8054394541094219,11.522776555063604,-0.4045781713978823
23.12890625,-5.093589767211912,-1.2584845852754303,15.94435442069275,-0.9710362506116983,0.35653474301923377
23.1328125,4.41050557881542,-1.5987100926034814,11.43193598579635,-2.549646285199585,0.31270550752178783
23.13671875,-0.7394509445629264,-3.876309251237438,21.82731070670533,4.60564863471153,0.327826857316639
23.140625,-3.22809657633878,1.567270735254148,-53.784800563893256,4.824255071058789,0.46580039389093314
23.14453125,1.0435791444424403,0.16896948170559706,-3.091382701294763,10.487492049765942,-0.2644121639056729
23.1484375,-1.2241201386782237,-0.6994706002463926,-15.908358160288513,0.043303492756859185,0.5479046422940779
23.15234375,-1.3512996754779647,-1.2422996154448445,12.856956451830929,5.8006034801461235,-0.3648923405696018
23.15625,-3.297115998218362,-2.575942374644058,35.48186785447981,10.32534112357823,0.12072633185990794
23.16015625,-2.919230442765374,-6.470415258205226,44.06862713002623,-1.6663194080164674,-0.9390877387241358
23.1640625,4.0593923941137255,1.5625695757986042,-7.10914227699088,-2.5156464211281815,-0.294588120930516
23.16796875,1.0881537320710728,-4.897561027660933,34.331760358374694,2.6458044352663994,0.16473515272058864
23.171875,2.485935321630649,0.32261866130028605,13.867257186741147,-3.5643880219882607,0.32169195379601495
23.17578125,-2.4071422680705874,1.9331003486191634,49.912504150765095,5.340730303269801,-0.0974817893677945
23.1796875,-0.8872464866482963,-2.0660194122505864,5.6765725147154455,-13.696935529961747,-0.4151671931032811
23.18359375,-0.5763883432220321,-0.5147963663414828,13.088228972646478,-6.819089158054734,0.5560972618036308
23.1875,-3.747417130650647,1.5297569529150075,8.371821432680884,-4.015102557686288,1.1222411739057423
23.19140625,-6.632390749218506,-1.3050854745666363,52.72957354315033,-1.4635302659338068,0.46898811843049465
23.1953125,3.3964365245886325,-0.5235654628175559,4.071169054392126,3.350081040402366,0.2125946457447607
23.19921875,-4.12259661508205,4.333202852150865,-6.752429309041746,-2.5754745797687777,0.2868117076719041
23.203125,0.8183379529176905,2.7092975397982046,-16.906240398370038,16.73562863015477,-0.6493270513684979
23.20703125,-5.361763871633664,0.367157017021876,-28.001995399360982,4.558714582248402,0.21218716150873976
23.2109375,4.6329698628879346,0.5576534062234849,-8.211548328338534,0.6964018108405683,0.8905950898812992
23.21484375,0.996504891262157,-5.297506913017776,-77.06351292621287,9.803484898357606,-0.6049062729443806
23.21875,0.6872161537355547,1.7836357753769279,14.8495731586932,1.2551694259173132,-0.2213958547908474
23.22265625,3.347480266124666,-2.6402374547079557,-96.15711308660624,0.9715934812551663,-0.08822312763275686
23.2265625,-4.371696585831837,-2.5228539614079515,-13.58172337804098,-0.5669203274511512,0.6511807451498016
23.23046875,2.2730299094748885,0.5932342506810668,-24.115379936093206,-8.51550187689822,0.10659745975022579
23.234375,-6.019380225972967,-2.5014012136855186,-22.480414365085316,-9.33871473204561,-0.1679025585120955
23.23828125,-2.324125540852112,-1.8760983258493398,55.13432185430736,-8.902281012066833,-0.12014586332925842
23.2421875,1.4058855113488182,2.143821322292708,14.620135845489614,-6.958378453924696,-0.09316777192683978
23.24609375,-0.970942917913734,3.657857623961797,13.476798602756753,1.2868260128253592,0.26657494011420807
23.25,9.499920310550323,-3.988114104821801,47.96850617612539,8.116201026343916,0.0420967895485388
23.25390625,0.0021083315675455615,5.249051594051776,0.7548297203522658,11.087159626944942,0.34039881340240613
23.2578125,1.1462376851649783,-3.053794065594153,48.920516328625936,11.754182797444413,0.6351454208749736
23.26171875,2.981760980327134,1.0122320966697742,-15.961533129369815,-3.6834807418441744,0.5285581050696819
23.265625,0.6222015507228794,-0.8615949503743697,45.05973291870211,5.895895220729557,0.38038557568722087
23.26953125,-3.2203193618051547,2.019578070339253,22.604641543796134,-2.414774679204185,-1.1184645798760282
23.2734375,-1.8911057416887351,4.24811738185479,6.861294897814421,-10.17719882481823,0.19358272682468763
23.27734375,-2.0141838544972406,3.7095031812054935,50.25613225141957,8.775894427905413,-0.17778772379247496
23.28125,-0.6215966121353954,-0.8680482581054048,30.486493684759274,-8.26231581606203,-0.23759137929933533
23.28515625,-2.4376836430154736,2.43686409560463,16.90003107007675,10.450017432827769,-0.49444670093329307
23.2890625,-1.5838750768175358,-2.5265159331250837,-54.517029894676625,-4.17601983948823,0.23165549002853644
23.29296875,-0.9319987958760542,0.47875551838622166,-47.2933689202589,-1.2381645826398247,0.2806080796273212
23.296875,0.21325757129183884,-3.4757042167365,62.82017210703303,-7.898214772367515,0.2253568434770577
23.30078125,5.357176380257833,-1.5216689610503917,-24.124316930829888,-8.485493338602609,0.9972606616579585
23.3046875,-0.6227545318428385,-2.6959099058678055,-3.4619075717911336,-3.8471409313878078,0.1788582264800044
23.30859375,2.1523617816048466,0.20833039380960178,-56.86796444246028,-4.215437872673872,-0.5389989501574249
23.3125,1.4496307073466401,0.4864798981955419,-7.070718691311317,-12.388826481643866,0.14693908126523172
23.31640625,4.926685362416398,-4.98303283804644,-69.84105642793331,9.006394427325137,-0.00589502496330467
23.3203125,0.46353657199435794,1.8865154643970403,-34.27613167632228,-1.8919004504997385,0.9154181098669145
23.32421875,6.707247395045761,-1.4674406265489546,35.82984330975535,14.727893884066665,0.26416864754599945
23.328125,-4.468536685493175,0.013346711316426743,-29.283684989007206,6.687525227561206,0.5071976625602778
23.33203125,4.198898639787071,-7.146981069564497,-42.57384348081315,-1.521196602417914,0.2828983089025155
23.3359375,-5.559944994551373,0.598862552368236,30.461430509006497,0.7642231331321936,-0.49901985841044827
23.33984375,1.8151450543895513,-2.9929857579606987,37.68057918898504,1.3910995101694592,-0.30502509920155313
23.34375,-0.3452793085677156,-6.492143857244466,-5.44844287251043,1.9971600932400528,-0.23409119844385726
23.34765625,9.671466136081234,4.884636564219815,-7.844986358541391,2.3572803931240767,-0.22777232510789197
23.3515625,1.9599432756484307,-0.6138770697533977,-16.53559502577511,-4.66359461133538,0.5446654460881892
23.35546875,6.9234100631085616,0.2623190861203652,38.11939640651339,1.868561686518147,-1.0459813410018848
23.359375,-4.059699757155711,2.304230631945744,9.12417433398964,2.2487686500605086,-0.18261333049924477
23.36328125,-7.736987702549729,7.82334342791575,56.27285193855577,-3.4716039171950217,-0.4717945064296987
23.3671875,2.4771491821427807,-0.4894938628220862,10.365470560862887,2.861107340150891,-0.8772712729794704
23.37109375,2.776859197408315,2.9345410903499567,-13.926807714338583,0.3988701785319042,-0.44703774841976385
23.375,2.724798098513636,-2.070259856706717,15.441514547551414,0.023219989137723936,-1.7696732282062397
23.37890625,-1.2491360970728238,-2.8531534388055872,-24.980856313668525,-2.6183691405549894,-0.3897996097638139
23.3828125,-3.9088749250802732,0.9513366185809993,-36.36873607517265,12.66647923457974,-0.9634130131736276
23.38671875,1.053556532266893,0.2840129017786211,-44.444212446994946,11.203693370635275,0.06252682688867942
23.390625,1.964309646006148,3.4635948958385687,-0.6718209953530767,6.590943887115882,0.04664043639248716
23.39453125,3.5052488488580984,-0.5695613546285309,-30.623416712742372,8.314426025443934,0.420950415417414
23.3984375,5.633560739409084,0.5468555861463338,-16.84998092053977,7.158623993004756,-0.04696235300779743
23.40234375,2.3340456123088154,-2.2088345869818697,-32.87764241105123,12.169264357763495,0.7188576715174543
23.40625,9.074505433632945,3.107896936960251,-17.503974515071498,7.872162109919954,0.3531563142925846
23.41015625,-3.3179327695017413,1.0277245076507255,-13.418274148111333,1.1006413650171767,0.5456814871137491
23.4140625,1.720497311016845,-4.288145244019565,-0.2179482871882641,-17.755110407754152,0.29610626504064486
23.41796875,5.610863602456355,-4.852291079587266,-23.745763108551696,0.7487460992341339,0.4688262350408174
23.421875,-6.3910631286735615,-0.5711675019853562,-42.67703749129572,-10.890528908055451,-0.6246740297577429
23.42578125,-1.8672936436999539,-3.6826377494226703,-4.282733060756731,1.1064128305346648,-0.35401694601230393
23.4296875,3.644612444726366,4.081020672945929,11.11083214764409,-0.9770829562513919,-0.20070473375446402
23.43359375,-1.7295667283237837,-0.35290827014051684,27.79144762268691,-3.2820022064092558,-0.22455575605335365
23.4375,2.8097350710791766,-2.6257126254026697,42.87277722343052,6.49522453074223,0.07643596474973313
23.44140625,1.279627341675661,4.50643937991785,22.29386466157463,0.4965875641822226,0.12216417861404141
23.4453125,1.2051378202881238,-1.3195991130809281,-1.5811634022745906,-3.313041913184016,0.10317357685235985
23.44921875,6.983118497912946,0.7498961763380867,2.6662434018049694,2.7919957207054487,-0.23057353956271284
23.453125,-1.9946358414512289,2.27449777110544,-65.85790171946095,7.6649622494767105,-0.1750978642474668
23.45703125,-5.742308081577727,-4.065683788150767,4.855078538797848,1.8537647077716362,-0.0486557151656966
23.4609375,-3.7610932980176743,-0.6157983401360978,23.46476429752057,4.080021449859215,-0.5630289648100146
23.46484375,-0.8793175634754404,-0.7884704229958536,19.74647199454126,5.719488498120722,0.6875145374549636
23.46875,0.8565832834240013,-1.1956442883583316,15.68544176638937,-5.978580253131454,0.8143564510778766
23.47265625,-1.912366646653807,-2.4556174317368518,22.1728125992354,3.4390624187186116,0.5450368514645011
23.4765625,-0.6634365505829196,-5.543089207213948,24.065207501780673,3.492563033331802,0.11833519082794385
23.48046875,2.314315460182921,3.9215176740912776,28.907830779287174,-1.0121401664228187,-0.720761503441211
23.484375,-4.4423380742927785,-3.6922874758179525,-20.198900983572823,-1.502884190463054,0.8676161939019433
23.48828125,5.145745011602621,-1.2890546465832884,-28.941713921248063,8.130876073470713,-0.07201105627147122
23.4921875,-2.0705525770670863,0.17583459399709678,-15.535705205989858,-8.017052273530771,0.2917522950121577
23.49609375,-4.869722851555863,-2.5410884651468186,-0.7140385598914136,2.660449245344692,-0.6312121659157608
23.5,-8.160419859721658,3.408448118548147,-47.896864526620575,-6.25379932712046,-0.13653856015941165
23.50390625,4.851542727148496,0.262825668923445,-3.011956876447652,3.512243008891249,-0.22276267546561343
23.5078125,4.275611805964446,-1.1919144411555278,-17.06645034798567,-8.522769069675796,-0.2219966701280741
23.51171875,-1.1816336543294534,2.6101149168366122,-39.812789991169964,0.9015093135018892,-0.2773737937843666
23.515625,1.001765086007868,2.4731577248148984,-10.637339257819711,16.938020246994547,-0.25502942892119096
23.51953125,2.1205375881966386,-0.6383646782128817,-11.313516197946576,15.052402867064083,0.061000500813130354
23.5234375,-7.41462394830614,1.1551853969615868,64.12581936483039,8.694316410654285,-0.2323895725344911
23.52734375,8.56369766529176,-4.330242261038687,9.223560024858616,3.860454490303211,0.4168249141733184
23.53125,-3.0153898794168237,-4.407451277655943,10.120456373063124,4.98361626141958,-0.9390686491615619
23.53515625,-0.6421538851349009,5.65669775359062,-11.252966922215354,-0.8711598654845107,-0.6395599426874521
23.5390625,3.7445377949313983,-2.616464403077625,21.002173758554687,1.3737271939898235,0.167821247083648
23.54296875,-1.7070087236334501,0.09446237303304642,87.20905824480653,-9.211372826764297,-0.20458166244634662
23.546875,11.775444484408835,-3.1101218197949754,0.6998511291578389,2.783187927607151,-1.4726755294493572
23.55078125,-1.446913417905639,1.712954798621746,13.064907075993771,0.7738091315121749,-0.44684737147344694
23.5546875,0.02859166437974715,-4.722162915717471,21.832033867450917,-6.725212868270138,-0.021313423130899106
23.55859375,4.617250648575119,-1.3816015740131227,48.458575223565006,0.05472090304459121,0.042574446249640734
23.5625,3.354463180684906,1.6774041970025269,-12.040730812593832,-3.739877328573238,0.12979487466841927
23.56640625,-0.8291066758556761,-6.436961459826849,-6.648080834626814,8.305046050793768,0.3933502139996684
23.5703125,0.5132454957998451,-2.8149198807386613,-43.514903274395984,-0.52942642515639,0.2635136034224418
23.57421875,0.22686200793910302,1.919045363036736,21.57059539265375,-0.7313334346240703,0.2576376491574417
23.578125,-6.505780117472028,-3.2235661661817554,53.280875083027325,8.246886588623715,-0.28540373725319707
23.58203125,1.9923862063998115,3.24420367459441,-26.008064877446547,3.5311374599595524,-0.6186771090816054
23.5859375,3.8121768182775204,-0.8147043252019945,-23.2959156378525,4.515507273364923,0.3665514707892566
23.58984375,3.1010985396163346,1.0491035709421228,-25.149843055846162,4.437535072488263,0.17881923197371424
23.59375,-0.680496099913045,4.125678540639564,-68.5606884974317,5.611021297587009,-0.09698562347593835
23.59765625,2.33864621682934,1.9522333320656664,-22.259403426455794,-2.714883810222158,-0.4265381623168536
23.6015625,-1.5832252398280404,-1.510515257871188,6.05792462017315,-0.3481069109191095,-0.6168377777960601
23.60546875,4.970968021476904,0.4843555106069616,6.022633075359092,-10.029983824831547,0.18509404770761595
23.609375,0.1841712973112521,-1.1599200430561627,-4.80634632086122,-2.52413682625674,-0.4036848597788272
23.61328125,-1.0986568560610839,-2.410268823786957,-10.856227313095879,-6.682530207375123,-0.4177721548706556
23.6171875,-6.158217924968594,4.005487728511557,3.600035896371512,-3.6148686156244705,0.21024315113764766
23.62109375,-0.41135935458992257,-1.3665298915697361,-12.520985135244926,-0.03889415648093619,0.32193544345314623
23.625,-4.04820388502529,7.388490249774077,-16.946513408048787,-1.4139896265298468,-0.5873284333651272
23.62890625,4.149936543928856,-2.877968397879636,22.562757077475997,9.741320078224462,0.24960132498614776
23.6328125,1.5487719532034052,1.8202533644066614,48.48546217785825,5.249651896154884,-0.20654714869373952
23.63671875,-4.3658259064414775,-3.0528915795683007,16.622225633453112,-4.233132960462267,-0.16729119433898582
23.640625,2.7642892031733797,-0.19593207397466444,-2.0900257873002914,9.073318921637846,0.03209175000934829
23.64453125,2.723289097038619,0.6310817145717397,6.034412150564233,5.6167958805762686,0.1634772314815936
23.6484375,-4.691090696231063,-4.260267458763232,-3.2905036859245627,-4.462123782434746,-0.18773408240568987
23.65234375,-7.331680108114927,2.107318760345228,-18.185212034775496,5.493788139389611,0.42770997988122567
23.65625,-1.3638382257245496,5.647877096130296,0.22305528636650962,3.620329149154617,-0.42355481533562167
23.66015625,5.035570771489495,-5.368362884089446,30.14038556363294,-0.7923540357187461,0.11946646846580292
23.6640625,0.9044960413628791,2.2516586963169285,-18.135211660138328,-4.08470049646704,0.25387623059330605
23.66796875,1.2901994471729816,-6.175765896688527,-35.97903326841999,-3.0458864521150817,0.11655149919285507
23.671875,-4.096372526010939,0.98702270226836,-52.7137116751433,-8.656743941607733,-0.3060962750952833
23.67578125,-1.6711628149330306,-4.607248967667967,-50.00514019748303,0.8113419609476287,-0.03262061066361387
23.6796875,-0.7684415662822676,2.0166001497409205,43.810977008376526,-17.96918022941295,0.5884338783458936
23.68359375,-1.7490823468452854,4.589665315318726,-17.344175484885877,-0.4624177769626734,-0.03080317079388995
23.6875,8.118057992114815,0.7661671955327494,-39.14406856238051,-1.693153788450775,0.3167752718012631
23.69140625,1.6536552481456552,2.1330594129797467,-37.6673127039003,1.4493435884955457,-0.3651656750451034
23.6953125,-1.2632719298715438,0.07312058708785604,-52.90446595233462,2.6386246975404886,0.4584007663983042
23.69921875,-2.4801201932123127,0.283761323490747,-13.663785762162268,-2.463426412581365,-0.1807407042858409
23.703125,-0.328955820048256,0.44298322194314077,-32.03138811492667,7.824312484340611,0.10849881991909284
23.70703125,2.185498493652911,-1.545012468276775,-53.84332203862807,7.104834645685207,0.08588840476916965
23.7109375,5.118731516617809,0.4131684632772522,20.28693440525561,-1.8280971603222955,0.5629255293854427
23.71484375,-1.139283085658036,0.7557029456136714,-0.4699165963566194,6.790216369710113,0.04549839457834222
23.71875,-3.1104409125974217,-1.641547806741288,41.9570777370912,1.1501812759227246,-0.28146616058445173
23.72265625,-4.460156226129575,-1.682906549872028,42.230169947322686,-0.6633682759414796,-0.8231285921647797
23.7265625,-9.49461808474083,3.646089344751366,15.222870147557511,-2.483663660639866,-0.3687139769606629
23.73046875,3.792788964336894,0.21476332084544503,35.22398885410161,-3.6121872611744164,0.5922783799167575
23.734375,1.7551874763931075,-0.48013632997542555,4.022597102678837,-3.1643866414231923,-0.31948892841177395
23.73828125,1.1858392995006073,-1.2856245664163133,58.47814235049712,-0.7064733380340327,0.07969590209325066
23.7421875,-7.621641151391438,2.758541348223118,11.370434324938948,-7.218655339638928,0.019095002165537264
23.74609375,2.7737011929169655,0.378645646420088,37.193451684779674,8.056751016827203,0.6003852088661336
23.75,6.227774199692508,0.1793330820514229,-19.7327031427783,-0.8574661339946407,-0.07897398092437818
23.75390625,-4.358472216850736,-4.4334254229581065,-1.927463646882849,-0.595419066510467,0.8432337981457209
23.7578125,4.460260154251433,6.485396297747499,0.8436885706595527,4.571833001730608,-0.22351930461102382
23.76171875,1.542920353039265,-1.9986596836798214,23.5113098571372,0.6860764310913066,-0.025081858419392773
23.765625,2.8282282490872555,-1.5925115990341163,-5.3096263674420525,-4.756791190168872,-0.47554687219611735
23.76953125,2.7705841014487054,4.751708177905886,-9.714296125654831,6.260514439431956,-0.41070195433729134
23.7734375,7.575789965957027,5.189648235227032,-65.20395471197628,3.408251995225765,0.8335319381968961
23.77734375,-1.613566734585642,5.289501460836379,-4.141409393301313,10.744510665337963,0.03446899984493717
23.78125,-6.878369090725867,-3.5655950305553903,16.624167243237434,-0.7103976179185716,-0.3744610503159002
23.78515625,2.8880107072766066,0.23833768824251464,-42.04679193548146,2.8606383383191236,-0.8817812379323925
23.7890625,-4.440089123730305,0.4155788045111377,-39.993255835612594,-6.423067760150563,-0.42799821948293276
23.79296875,3.8772088776064177,-0.09287808627954608,-42.65546746381769,-5.4112703993292,-0.7475325025017138
23.796875,-1.1123396992226244,-0.9107721124015504,3.537347624630339,-1.8381490043466293,-0.6859677742628529
23.80078125,-5.209691743050105,-0.4221986974008874,-56.065091090343515,-7.398038812654127,-0.38946372278576524
23.8046875,1.58341102471196,0.16825117295319275,-33.24950211380561,0.9658838329640846,0.9156939682784566
23.80859375,1.5959457275825124,-5.394643690744591,2.4748771263024256,-3.360414273195828,0.5786121277546548
23.8125,-1.4301036512969254,2.0931988175262535,18.272196848276828,-5.210198828040417,-0.23801669779032042
23.81640625,-3.392835126921484,3.1042986612476375,30.862075298786806,2.902663015108069,-0.8201341327577735
23.8203125,-11.264429592845469,1.3341576711883507,-7.544198891202829,2.7913920219798927,-0.27902650426621034
23.82421875,7.970433419969263,-0.6391840603603127,30.568038143865735,-3.958920861644817,0.4552133492631477
23.828125,1.2952124604450006,-1.3458198041897929,8.929186651677355,4.249909134778754,0.8413400129555593
23.83203125,-0.5496106286044049,3.9315645406001893,11.063112204095937,-2.0526093641964107,0.1196793824872272
23.8359375,2.120990596626341,-2.349854005437015,25.232079909977113,-2.6817236762789625,-0.33722049449268937
23.83984375,2.3245504112937887,-2.425161440271851,14.777080896038148,-0.4453439664736685,-0.2865328417343274
23.84375,1.0113799223710405,2.176500259371349,31.319514398706573,-1.3225603459057342,-0.4969797517985479
23.84765625,1.0418400096374754,1.1192551313337864,-6.746658460436915,7.982881320068714,-0.7101203769458626
23.8515625,4.228362207711683,-4.388111746093613,28.927814236192997,-7.293922698326616,0.37114826958020547
23.85546875,-0.6099458375795069,-1.4224341129157565,14.008116057957416,-4.186390931398383,-0.07268972315682422
23.859375,0.5450512080159853,1.3490793422229606,-12.806354207482197,2.800216751136281,0.4803121188731428
23.86328125,2.273082192013702,0.8441244892714865,-24.376774132475212,2.6191896065248907,-0.0390441382400142
23.8671875,-1.7061813640042434,0.8860560444204085,-24.247512927779457,5.477633785420146,-0.21382573279571382
23.87109375,2.2761466799047927,-7.916724688155464,7.949857716376325,1.118194210495865,-0.25870108677105397
23.875,-5.327475750587078,-8.730267841786759,-2.0483580664332166,-5.550422308331274,0.24773646866763466
23.87890625,5.734834544617924,-0.7105760298137825,-106.82906756531978,-0.7698655795915923,0.2477470946591521
23.8828125,-0.16695647619976034,-1.4803354532388344,-52.789582474477754,11.055361895931803,0.1388016905096199
23.88671875,2.24058230847659,0.864053108195643,-50.93996562497719,5.335599369949836,-0.8394251296861444
23.890625,-0.0848901670534191,0.09504551267138792,-31.878152870129234,1.8030681097749808,-0.24239980327131663
23.89453125,0.10300727925382293,2.579221795826809,-40.918343419463454,8.04516587751197,0.07094569852543395
23.8984375,6.755786051705163,0.6901526719936295,5.3087103965601745,5.2317688620358025,-0.36048827188484245
23.90234375,3.1440240686854053,1.737837001681911,3.5025069289837276,2.6559059920740173,0.05876373655903884
23.90625,2.0634345492752426,1.0823604890698608,17.442660639646228,-3.5557045790013633,-0.044777021196182897
23.91015625,0.3517020169125386,0.4213427185888975,-17.961783070965087,-1.9935636172616822,0.31796967834217993
23.9140625,0.33703321341283743,0.8220100391904286,10.836634590447147,-14.934884947431302,-0.223823906501522
23.91796875,-2.2321476472302737,-0.48236647002357624,-16.52443575846286,2.186435933587848,-0.5704388708279521
23.921875,3.359454546949364,-3.4381304752971067,29.951883231453127,6.6469997809025045,0.35882339889869835
23.92578125,5.462035066364695,3.864383496699835,-24.778934847426918,-1.0455902982517142,-0.06533596622281677
23.9296875,5.7750906857517625,-1.146435722174984,9.678519887025594,-1.5260289347198832,-0.10168251927034512
23.93359375,-7.049395744361343,-0.7253184363692984,36.54318181095125,1.1537317159426634,-0.6940176639920314
23.9375,6.083735145572994,-1.0528420289297662,10.034410720710891,6.346682547891017,-0.08843237615291745
23.94140625,-5.419191217222638,-5.024294475379413,13.987796111669612,-4.927636311765364,-0.6522140531513628
23.9453125,-2.246386490945492,-1.307632271142773,9.894027859377204,8.806977185354294,0.04397370901028578
23.94921875,-0.8985991404182943,-2.0476122004614674,-36.48347055301322,10.107777601053698,-0.07600442975712826
23.953125,-3.957629092699832,-5.051616137987862,1.3706454283347447,7.260380897078127,0.22101209344032224
23.95703125,-2.2550494237504606,3.17520059200298,-9.826020754856616,9.62590849804748,-0.5624205027276669
23.9609375,-3.2599067776870205,-5.54771767648089,-9.689123533813742,4.559049309643651,0.7355718872557587
23.96484375,4.863362699371274,-2.504081469248695,-66.4247896824686,6.397468224189334,-0.4028807426388891
23.96875,-5.618544122372719,6.77409493372406,-55.94923735888872,-2.5581648027513597,0.06674113623912394
23.97265625,-2.727557556220167,-0.435788806832211,-33.014843332144636,-4.3522096773304835,-0.7095768596382304
23.9765625,-7.567890765318771,0.8504260212316572,-27.914415671025942,-1.335022051710447,-0.5294414554905917
23.98046875,1.985016811196848,3.9553876524216447,-12.408815331112983,-13.137189252515196,0.4380232645536118
23.984375,7.295455149230682,0.2539018973592041,-60.06612025906769,0.6900202518743335,-0.11242132249792308
23.98828125,5.215697619211627,-3.2162792558121884,-47.04074497099997,-5.2447659040290535,0.14206482998766312
23.9921875,10.202249605186488,4.12558265040555,-48.982252981842805,-2.361029449466024,-0.4617201755148128
23.99609375,3.851975471266917,5.153803797770861,27.10073654040965,10.445377093214566,-0.9410015056081458
24.0,1.115976348775693,3.38480398560291,27.95011464961608,0.298224479580333,-0.44708261237241165
24.00390625,1.9489484484020274,-3.949399815841968,13.49853605437181,11.123005638234154,0.16634415791716403
24.0078125,-2.7547840220272226,-1.6540840005381796,36.763050805557185,7.357013005739391,-0.352329430730867
24.01171875,4.826323728642655,-0.1238245529604746,-37.2862367292407,9.510558804930428,0.6561902586869907
24.015625,-4.640943175079605,8.715818513390786,55.6898803681785,7.035092316789719,-0.09774988207863979
24.01953125,-0.535587751347987,0.001335715480750841,81.71831363933944,10.734513423375255,0.31076170944775566
24.0234375,0.03921444816316326,-0.49924361158241704,35.316255660702105,3.2521301856582645,0.07915695997053006
24.02734375,3.344447086327172,-1.332971675285611,9.276133577409635,8.242963394904567,-0.5886073370912233
24.03125,0.8358753223215001,-2.032826291470892,-24.53149950176458,3.385712071684316,0.16655525785757752
24.03515625,-0.39262705696455974,0.8442230982614314,42.33501049682306,-4.320277249654622,-0.3091094683879399
24.0390625,-2.4807434651623668,-1.212716193296656,5.030065820856775,-1.1372174197465195,-0.32161917980500176
24.04296875,3.4158231926112643,1.3543334359146277,44.32714287644922,-0.8211031526916446,-0.5393813512149672
24.046875,5.039474259139683,2.7336385095706865,-20.697062540931164,-8.300039547999,0.5221298137213598
24.05078125,-5.454134832857298,0.7346285239757814,0.9654579920610962,2.2627069625804337,0.32807518684132864
24.0546875,-3.8327928382353487,0.5270060938418861,-53.379079684237,-11.097786682567866,0.3123166223768057
24.05859375,-0.04348250095198827,4.719022918577361,-37.19202759589637,-12.97934616591712,0.26117772325686134
24.0625,-1.6953645460243245,-1.3148114673179971,-17.545521282177752,2.41180879763722,-0.26486058484923874
24.06640625,-3.731403443702059,5.718366675901113,-30.64506070837309,-3.5623436742957275,0.25753827561275644
24.0703125,1.6282446624273852,-4.538941915960037,-52.90521569479784,3.1101484426161985,0.0425714594109887
24.07421875,-1.9902214652708434,-2.0541361212216662,-27.0480279850918,9.860102865008233,-0.6886791609562306
24.078125,0.7486903302248551,0.49606828432491046,0.028468366280804958,9.45450228585171,0.5370103046995587
24.08203125,-2.5631088040604584,-1.2564174884387969,-52.74097368376084,2.566369280450904,-0.6633623161265413
24.0859375,2.5412584034316006,-1.9236330464967488,-21.1897939017079,-2.253361555226221,0.8537232924735326
24.08984375,7.150628300112449,-4.900618179027921,-13.199826422848602,-5.4338226869344,-0.38740506241564604
24.09375,-0.1719691574141636,0.6876530018270047,0.9084987084528606,-7.6830102348342395,0.5838142341644377
24.09765625,-2.091909951572473,-2.734344898151912,29.65364336979428,2.932089798287562,0.3194234817944757
24.1015625,-6.757948468904946,-2.3647552625238495,-30.902557791069952,-3.9224788445150724,-0.29506116044822683
24.10546875,-3.830539065828314,5.009457734127758,-25.13262701595505,-4.7620087361259795,0.06935051642515284
24.109375,-1.9082479526827043,-0.6533505003348093,36.335138898487514,-9.588704976348172,-0.6765655466040499
24.11328125,-7.763756658526667,-0.7295805280194947,95.97612304784555,-5.279129709329037,-0.36200437049172807
24.1171875,1.4080981203519751,0.4501668042802913,62.13426239834226,6.076257781203182,-0.3183175560623101
24.12109375,0.5712475067360498,3.5505063852773295,64.34658638198582,-0.29836213288181646,0.040100753802575564
24.125,-1.516479386055661,-0.5051871210222558,12.233849002051695,4.480558870411093,0.002801043201355186
24.12890625,7.281022814899632,6.361811948616097,30.708234929791708,0.6096279655272041,-0.0752795999651023
24.1328125,6.731533131143986,-1.6983409391110822,-5.578819614867307,-1.7088719717066323,-0.532910648646033
24.13671875,7.287041158040059,4.029341652236791,20.263227033502332,2.040824293983469,0.14171563433532727
24.140625,1.7879698197340834,-4.577234305061201,-22.475152034368886,11.75295667052621,0.23280776002564302
24.14453125,-6.133375508079353,-3.302508023059167,-19.35030747038944,4.73177430897304,0.5554754250833919
24.1484375,0.9728400810324795,-6.815483235094744,-18.91646549140537,4.804896643674512,0.5335331932424866
24.15234375,-3.2117290063474417,4.400833352564565,-12.46561470823581,12.21007060216024,-1.0950606271036274
24.15625,-1.0523343903767337,0.7292955882302161,-7.328333329673844,4.056651420484315,-0.43859210402733023
24.16015625,-2.528461520087717,-5.290853861000265,20.889861627702075,-6.221149892420639,0.5382227970972587
24.1640625,-3.7414984059145766,-1.0712823707820844,-43.94019572740118,-6.803430688761144,-0.2907877712223277
24.16796875,4.720502473574185,-2.7217643226951758,-49.317383932069625,-4.475133585650568,-0.007084824298140853
24.171875,6.6384275684741345,-4.759031603747459,55.03586722224094,-2.226873710029575,-0.6181488544750818
24.17578125,-1.0736977989530234,-5.34159570879508,-1.247503541996359,-3.737330595493051,0.11281485810898058
24.1796875,3.0136761717256593,-1.4925695692938301,-20.363506735336962,0.1899755750339347,0.38651802915003874
24.18359375,2.676784695132846,-0.968110563909626,-6.637233241235292,5.309498630178635,0.22190658314974326
24.1875,4.1877060816921885,4.6047812446258725,6.792234932832077,-6.80329384349545,-0.4315051299378996
24.19140625,-3.0908015956375166,8.688134948514024,-21.363434433031085,-5.945730086627527,0.19257114193753458
24.1953125,1.920023621009963,-5.127675773454556,-13.105649799086258,6.318949259484697,-0.8627261155591783
24.19921875,-0.14976246413406452,0.12027958251396853,-39.745009322958616,14.313748341489607,0.10308641411915373
24.203125,-2.7464544858721296,2.5702167398686493,55.644021666853426,10.336271711313278,-0.2555167015912411
24.20703125,3.6807670451258816,1.3677068947538955,71.94039270439944,14.386630889625462,-0.019909493170998244
24.2109375,-2.7103593995583415,2.069632589231154,24.577097213873166,-0.4742884571413444,0.2902012107325774
24.21484375,-5.905698907971523,-1.1664486383865742,60.07764737236847,3.1687800505643713,-0.1983943660971944
24.21875,3.1487756469257193,1.3221124421072923,17.475742744250375,-2.678498855363852,0.11594500091513855
24.22265625,3.9026206839358473,1.511598772264723,11.886469706741213,-4.96263333358615,0.9008490942931175
24.2265625,0.8752152287087221,0.7175796708671487,39.39988760482523,-1.737508449340864,0.532062539992296
24.23046875,-1.3011590802273538,-0.12735899247665866,3.2026084343934436,-2.5313817089741115,-0.2843234096754109
24.234375,-0.6952767384088834,-3.539834111573465,-41.041605013661425,5.105675820252632,1.0302489396466386
24.23828125,-1.225784371942414,-3.4795046541290473,2.7818370931268146,-9.864153573010492,-0.37522063626018787
24.2421875,1.7148914662221657,-1.7125868073694508,-11.860011512654285,0.7884208700652255,-0.728937125456355
24.24609375,-5.16179576496239,1.9725139163885081,-38.091428265875486,-3.521298125172385,-0.5381348233231965
24.25,-6.862265988066957,2.8681873764841583,1.3145156230601174,-7.293463868127287,0.7338115200496466
24.25390625,-3.768162904682356,2.7180085462120847,-4.992937299904863,-1.5587628575541574,-0.5705809406329124
24.2578125,0.34183778226042444,-0.6953118727108162,-17.62795651768672,10.764515762283576,-0.3391654599519127
24.26171875,-4.714880370135871,2.7909012274161107,-85.2263010826546,7.550547284864921,-0.12238346577167493
24.265625,5.351321566080522,-0.09526351258974677,-23.514566276643727,-4.146754598439772,-0.48972793315336777
24.26953125,-3.1013636876066295,3.3692705221860315,-62.353448063675586,3.7848621619994574,-0.30240425439829177
24.2734375,0.7551025805755394,1.5546361028386932,-14.15776873962703,5.722917480681648,-0.6544653044193023
24.27734375,3.3773012189774,-2.4178236611710338,58.84388546998282,9.851508399017765,-0.039374343824259514
24.28125,-1.8137736944346163,-0.48924877857093974,3.4554824876726755,-5.761608259447043,-0.05180021740435506
24.28515625,-2.9776883968152483,-1.528939317175543,-39.92211695131045,4.428117585420571,0.5743661172852009
24.2890625,-1.5722482701549267,-0.9981938433706574,59.69469452540845,-10.723862537149122,0.6301970135931367
24.29296875,3.402119200389686,2.629452113349816,5.193704822230651,0.9280503187277374,-0.038940606671949755
24.296875,-0.6901936120259204,-3.542662346331281,-22.537083961744145,-7.835135154502708,-1.3370762595537669
24.30078125,-1.6706595539804632,-0.937982195830341,17.683520541872156,4.000157439989314,0.010984055019377293
24.3046875,-6.212557702001919,1.6528336611217664,53.680381487564574,-0.12942004998724377,-0.17955355737453407
24.30859375,4.071396764502851,-1.772014467313007,25.54612287538925,9.401994564170714,0.04524428480544754
24.3125,2.214153224086425,-3.5719122288007443,24.74033076691699,-2.475481737069432,-0.33326085017724677
24.31640625,-1.221772218179904,2.31299811666988,2.644677481746541,-1.6990727947086,0.26383023880311973
24.3203125,2.0544073707408117,-0.39374509725456747,66.37079050561707,13.177870651036722,-0.46749317157030645
24.32421875,1.2195350009915042,4.5138159018381625,0.36945163621712496,1.9259233624224987,-1.073126247284616
24.328125,0.8495418865731236,-1.838221917333282,16.769624212462503,6.273640161782467,0.1823537456569245
24.33203125,1.3430403246873377,2.25365244312564,-11.449145329968148,3.1127367691904397,-0.3981132714358705
24.3359375,-2.0208670639319526,2.115463733452417,1.5955626743602238,-5.75932753101166,1.052557084552435
24.33984375,-6.936404947857237,-2.668210162015459,-22.143354224693255,14.104367988212465,0.16462235988334525
24.34375,1.8414506954097802,-0.5059655439422021,-23.43521949555285,-9.908060653301183,-0.4390278098969533
24.34765625,5.321528803527358,2.9803296204391043,-19.600568604636617,0.8995265972687478,-0.7066933816752122
24.3515625,6.490348822295721,-1.5009662328231506,9.944280426523758,0.6011426865699692,-0.19584224175133907
24.35546875,6.375011061797721,0.38397118432715033,-59.66946082678566,-7.72457473513926,-0.691379325289696
24.359375,-2.514841833095954,-4.173326036645099,-29.47388889881916,2.1722503545061027,-0.8467042340505582
24.36328125,-2.8737456525503404,-4.875618596104529,-32.13923586464745,-6.785661083542344,-0.3142163819498858
24.3671875,-2.59707264058404,-2.5007451221615775,23.960396175487308,-7.21498907750928,-0.0776656506761637
24.37109375,-8.00684350008846,2.2192374440031593,-40.13970657528118,-2.3224644908295176,0.1360042402677926
24.375,-0.3971655763624524,1.3821732642825635,-25.10432325445152,0.4796072518960824,0.00936337170925086
24.37890625,-1.3081978135180656,-0.035929836051546545,-37.918941155753856,3.3003763513840414,0.1052066448552377
24.3828125,0.37576287123197444,-1.7614256451324801,84.81251649167541,3.802582600525499,-0.7163711349152755
24.38671875,7.12963225267306,-3.7459964916484676,10.187163101266467,-6.149488975119926,0.7496060201291037
24.390625,1.6531066632213283,2.3159522196652707,-2.5913935057161304,2.560251625404367,0.38923733248305076
24.39453125,-0.7633716116200358,-2.4066747015254704,24.2329583703685,0.14187668521532792,0.2434195587357557
24.3984375,5.028784068393208,-3.4955206365260487,-15.12106005513865,-3.56641678569203,0.7950016789430828
24.40234375,1.610745222170411,-2.103842522904814,33.522860075449636,2.7165124573136374,1.1978998675945745
24.40625,-1.8213548551772656,-3.1707781292765396,28.785031659028114,5.148455455230868,-0.1965446973444241
24.41015625,1.4626518035442495,-3.912822501263492,4.235258920290612,1.0897916465740543,0.05272842210311101
24.4140625,3.9671781072588646,5.815722768110807,-5.8772505840970375,1.1913352544819564,-0.07647618652828087
24.41796875,4.370606423392808,1.1365299383720693,68.93090195493123,-4.959336082176328,0.1849257986904398
24.421875,2.7089041384801504,-3.4523564375800935,-46.463741358326075,-9.236855164353898,-0.07808134906329735
24.42578125,4.559534572846892,-1.5307666135957774,27.90584746921455,-0.7043956931751056,-0.18762448466216966
24.4296875,3.097357437875377,-0.6528790980149322,5.145394321368673,4.913082911208695,-0.42811751185410507
24.43359375,-1.1947608651701351,0.4348664223333048,-9.991510846479473,1.758138887751372,0.9184234761231377
24.4375,0.9661383709809115,5.237819117850161,-24.13879793044662,-6.041562133904889,0.7702313711688378
24.44140625,-4.438007229089569,-1.8309104460078514,-20.483508473596157,4.580899940663875,-0.12101763864167116
24.4453125,2.950612671497603,6.041552470916244,-5.776896584634521,7.015313097098441,0.9428336460995727
24.44921875,-1.4266065660076652,3.365530023460675,2.9414828126844306,5.745846910306506,0.14347610450071477
24.453125,-0.3543017509914408,8.704182885536481,-3.0126201793970466,-6.027467715760599,0.7639376272103393
24.45703125,-5.732467624693278,-0.5254980629365749,-51.71046290132242,10.377257324766909,0.09392013696635683
24.4609375,-3.1076125228376434,-3.9332769413858335,-34.573894031146494,1.7588307077029794,-0.33843965022845734
24.46484375,9.784329130962218,-2.8500608554845472,1.2819123002464003,3.983742690560074,-0.1782487812611323
24.46875,-1.0581588891712126,-1.217763772101889,20.311573626545577,-6.466337092848333,0.8535798815413597
24.47265625,3.127227669861273,2.6930033513328633,-31.087477767076766,-9.396638735668436,-0.910539385532766
24.4765625,-1.4314130147957316,2.3657115776659756,5.442953587796801,0.02035441946339578,-0.021692148334897948
24.48046875,-1.2658738885447884,-3.4280078366674305,66.43613469789572,-15.514981485370742,-0.11499037436757154
24.484375,-6.675897591666479,3.6395654209989416,15.235632611923549,-10.059551162214458,0.14782043082080876
24.48828125,-1.8116540584342733,-0.10835066462591622,-8.392871484441034,-2.3952168507788283,-0.4024680856136364
24.4921875,-9.354033096447479,-1.1824840791509577,99.13723010713946,-9.843881503425752,-0.08072374573978362
24.49609375,-5.171032392854393,-5.377946016300711,41.99669806522099,-3.157859839789583,-0.6238803906934453
24.5,-1.8102378243507802,-4.193309101402997,8.51860537261923,3.6318873154527713,-0.7399955946503988
24.50390625,0.3937129916872562,-0.8410595626997404,71.2223633845814,6.911561356687399,-0.8148420148751634
24.5078125,0.08054383800576244,0.5288922578578447,7.040944527211817,6.048506849720541,-0.22354806701035124
24.51171875,-7.483393552728017,4.054814356894644,-7.15777900317299,5.024218443381862,-1.171695607892726
24.515625,1.591753109476797,2.762031050449906,-40.73270676693096,3.7878216076924422,0.29342039963119465
24.51953125,-2.0692646354824986,5.699237457649062,47.78642359277727,-2.6216377286034755,0.47430035990040464
24.5234375,-3.2138076024872055,-2.8584573080981936,20.81260055086101,0.16747594737147287,0.564151872968125
24.52734375,5.577773526782823,-1.7120593839697935,-52.42836010340869,-0.15177878445222226,0.2761512519449111
24.53125,-2.596222447218246,-1.4855784822460205,-28.566678673023155,7.748963221643344,-0.9366136633688154
24.53515625,3.7076344595629456,1.6434076801749797,-41.78897652007303,-4.7463162026719,0.12875533072805115
24.5390625,3.8606423230823763,-4.821272590692919,-40.87981567066214,-14.310962990488626,0.7383383423021626
24.54296875,0.7348204875885844,-0.3487837918316075,-19.846529716094423,3.1205974010273105,-0.396112205099393
24.546875,3.362879108073755,1.8936659360460326,-39.39896501796336,-5.755776837891144,-0.01682282924450956
24.55078125,0.8389475649592675,1.5165252259467676,-85.0532351090692,-9.65347770972047,-0.14906234161335016
24.5546875,6.8425807977152635,-2.4605569491427635,-53.73595400362059,5.406762739544465,0.3371200599937114
24.55859375,0.5560085775496133,-1.7300401023002585,-53.60558197680814,-4.546053812530666,-0.17241005705737653
24.5625,1.6875591759317543,3.269424589245654,24.525323860530683,-4.905834759077711,-0.7774338566728459
24.56640625,7.258102345407713,-4.174773328522996,-8.399906278372047,6.979381508520993,0.4475290544329336
24.5703125,2.881840551859895,1.989311437845474,10.588312180460164,8.78762669969138,0.476057779913684
24.57421875,1.5554711263726944,-2.2293207871146175,-11.230337714667197,5.498268443189414,0.4765520655707036
24.578125,2.6916280268373267,0.5147518631780074,18.188888861558674,-0.07599633288210494,-0.30859783942724756
24.58203125,0.4149634238312284,0.26769809808162415,24.084069212717747,12.018787584745798,-0.3877883318429026
24.5859375,2.3276859541373023,-4.626189460877351,82.5301263089276,6.0798434905570655,0.6321860710323511
24.58984375,-8.685500452523694,-2.6563506493436186,21.84563479662752,9.050707065942488,-0.46545862081198075
24.59375,-11.304013254431549,1.0171023981915208,58.57481940529881,1.9930480555314833,1.014535144066727
24.59765625,-1.4818821201177315,1.7465663346787483,52.2524910422176,4.73232121697486,-0.4886517186802709
24.6015625,3.362915323115079,-2.698096815736505,5.616191793141567,0.2767354189866875,-0.4551220628772918
24.60546875,3.488174292412229,-0.6766050633225211,-12.990922471161507,-0.9859830588194956,0.06415664878018229
24.609375,-6.468036603930891,-3.2551290551713974,-21.435267777870173,5.930252193497843,0.37266121615326203
24.61328125,0.07068749002782272,1.4752080125359748,-21.942617178148826,-4.277185265861487,0.050006082508592446
24.6171875,2.000801458685169,-0.5748203572300121,8.546287776960824,-5.12169660768725,0.7425340555441655
24.62109375,2.1636207816952244,-4.29519592630806,4.082967899536621,-5.47362605066005,0.7874778483164643
24.625,-0.2784779892304013,-4.129008151826342,15.512596950100152,-20.072117520962276,-0.1023527412382344
24.62890625,6.251795541929483,4.692505566175342,-22.22508360578442,-2.7930745664558687,0.2773256766055507
24.6328125,-6.795958930535409,-0.17875203095417408,-23.312197696190893,6.717195086544642,0.5453222339069028
24.63671875,-4.742989697862621,-2.61061396555593,-19.905021518843746,6.576745119587778,-0.2657158156012924
24.640625,-5.608146449632996,2.166243202843459,11.56471090567014,1.7318374202780102,-0.590754936896197
24.64453125,-0.3911618809649529,5.746152731743488,7.647579739994637,4.064022612236748,-0.2923737322339722
24.6484375,-4.272831107370164,2.820880418959672,-50.252640189399855,8.53468820797307,-0.2950862019538373
24.65234375,0.019224039920734414,-3.6144615441998567,-55.97220457775677,-0.1772615195658258,0.12874182324043942
24.65625,4.969246669772117,-3.757653185451624,-15.42645974828173,1.066208009106385,-0.32287348237554647
24.66015625,10.549923566268804,2.5418121112102794,-6.213715179693556,9.402435315055618,-0.07230029696121366
24.6640625,-3.7113917558836897,1.5027051898628656,36.875770318669225,-11.991395239775109,-0.02964116130275476
24.66796875,0.14888558009494507,-4.029740499183743,-10.10452774817444,-8.350019274363396,-0.08144419550451464
24.671875,-3.6796652208414526,-2.289051376647321,44.09191813225635,-7.890609976277602,-0.1285535489892965
24.67578125,-0.7857697780088843,2.8134666411681843,41.51490704474017,-2.2697104197906213,-0.3862763890804504
24.6796875,11.173947333067245,0.687365976610873,74.45950198954525,2.481943484890822,0.014577164148313282
24.68359375,-0.5239661887365684,4.60754594817248,66.89596411339198,2.709939322783194,-0.7155129934364752
24.6875,-2.4733431712134095,3.071219211192699,53.63973602454527,-1.1691542258659053,-0.35746224978769836
24.69140625,-1.4291372040222012,2.270490213732997,65.15561918815307,2.5866796369450284,0.4419983203577049
24.6953125,3.556079711075352,1.4473099838237005,28.427575636842064,3.083456143767355,0.29548748331202124
24.69921875,-3.715333820103275,-1.69013538006286,82.54305686559351,11.204325510703312,-0.23557211235191905
24.703125,-3.8185539159954365,-0.7058269930910983,-5.598002461310358,5.190717716796908,-0.08883030927094479
24.70703125,5.854380669310683,0.19776243695520007,-2.7268010970899894,-6.714998902503311,0.03282889281643571
24.7109375,-1.4778937317794467,-1.4611247914793508,58.996531281981895,1.2843446543096446,0.5389721024995036
24.71484375,-4.074795916711057,0.5275481701463953,-9.639746747432905,5.331696500794285,0.6670577262723193
24.71875,2.087076690444101,-1.3398842806306537,-39.627131079697804,0.9521919211450357,-0.09656418232224928
24.72265625,1.1959835885053214,2.774996538176975,62.77449676389861,-2.5281258552088763,0.41035420190084326
24.7265625,-5.224966336157046,2.983996869059241,-34.90320456227556,-9.028767295554507,-0.190687466723813
24.73046875,0.3043505829754546,0.46535008954438495,-15.61552367218406,-1.8076777927389274,-0.14027995757675638
24.734375,7.883865088970596,9.324547641645806,-41.17752607705548,-4.179155965031916,-0.4494807790307538
24.73828125,4.244776643626713,3.910588698062548,-63.14894800466783,6.781244534509247,0.16001672963564378
24.7421875,2.519918975939219,0.032289275852838924,-1.8596713907478168,-8.379429691947456,0.011530725258725456
24.74609375,-3.118035972612206,-1.7119517457970392,-47.247532779733774,-6.291483739188945,1.105094091419268
24.75,-1.3604479587374776,2.8084047835637196,-38.19307977546379,-1.4902191439223542,0.18990068366162385
24.75390625,-5.62839244677598,-1.9745950069433893,-13.911525436585666,5.791093123171243,0.12861658020776254
24.7578125,-2.1978651011478947,-2.3133090834072427,-9.846125994426316,9.049713523072512,-0.15244550511269564
24.76171875,7.204475525655521,-0.6158912080666273,-35.11562536722074,5.5881701615751265,0.01699507394897343
24.765625,-6.031260781410313,3.3078065890212764,24.626781855906547,-6.579038654755978,0.3632431093613323
24.76953125,-4.691803633648349,4.94528320105128,-2.702093602568107,4.479491527441314,0.2521571504091106
24.7734375,-3.6029192569514703,-0.5191475154024188,-52.95012093931915,-0.16383409773670543,0.5040544098029093
24.77734375,-1.9033957355348725,1.7426829820144891,46.3157378774218,1.8473080530722261,-0.1035524122595968
24.78125,1.121299365501699,4.783375535185436,8.974628318826866,-10.45701439144589,-0.42396941950933315
24.78515625,-5.400183538924711,-0.8262416708997566,-21.133621921700477,-6.3514312780323054,-0.3687112876273651
24.7890625,4.1293766050475815,-1.6442818420405487,32.15703616616075,-2.5638309735340252,-0.5909686764990945
24.79296875,-6.475724111269998,1.4476352912412551,6.854958453327651,-4.868969050994045,-0.0260951661910491
24.796875,-1.9375925509478693,-0.885424843421207,29.40512854877654,-1.4492107446068463,-0.13687562601052045
24.80078125,-0.6028044159531487,-0.22146640748494667,2.7605691187597206,-7.5671247379424695,0.8653902482449735
24.8046875,-1.5967214465565431,-2.0824025366369048,-35.78794309751076,1.6299338744607739,0.6855607238590445
24.80859375,-3.535794954084381,0.8923617066398292,-37.15398122934473,-8.955025696877914,0.3063132749968279
24.8125,6.012657986983923,-1.8603496270931101,-7.6914882265307,-1.0120515421980194,-0.641466367382084
24.81640625,3.2779491382171395,-1.490934475633524,-5.399157064850539,2.484965321097408,-0.11804878326332732
24.8203125,5.76925277575075,3.100262998519321,-20.9806692321178,18.97706841661573,-0.061151974917293704
24.82421875,0.3686292432028509,2.780373769448142,35.00699120307537,-1.4123902021425416,-0.07939659708967693
24.828125,3.906520257590069,-2.7142337016362514,-34.88208339850892,13.576817417047037,0.4259962118015185
24.83203125,3.557709924519054,3.3294495252183065,-56.79812176600943,0.5297112679626887,-0.07934663101839451
24.8359375,0.21583952745073337,2.8301362869503723,-29.374931976343017,5.213744425153541,0.4389465718174494
24.83984375,-3.229698224379369,-3.708249503280949,-84.72310588581252,-8.81876862606293,0.1371529469815433
24.84375,6.375342925833813,2.237014861506099,-93.60722984633583,3.533983154521071,0.2801714518049172
24.84765625,-2.0034989279226902,1.0683743168666098,-21.261171389364986,-1.1478782101576321,0.6533643915188103
24.8515625,-6.806505310991161,-1.5684694003950992,-35.37357398069441,-6.693461101938718,0.19032921341938486
24.85546875,2.90829816379819,5.1570588899367475,-15.524185315675641,-10.172864095602252,0.8959359353793652
24.859375,-6.706695284196494,-1.0985124642514859,-50.48422679392029,-4.925283971335229,0.44855247806350124
24.86328125,-5.756628299383639,2.6316693372233586,-25.252839533401215,0.7892442313368351,-0.4852075007825164
24.8671875,-2.2938297615819114,-5.846470578526182,-19.276227777841143,-1.3917769009342906,0.6857084206850594
24.87109375,-0.3032691373552447,-1.7896263661461664,1.0566220309288994,-6.118317301903806,-0.4430965281134868
24.875,-1.177602985912934,-0.9747081056945706,25.259738621586045,-6.0837557153419395,-0.08255007737137751
24.87890625,-7.072609690523476,-0.9449244765639112,58.99277464563875,3.857103570390053,-0.9213383072820621
24.8828125,1.0180400611415532,0.4218074866698702,71.09111503002178,-0.7248863303814921,-0.34917452349523453
24.88671875,-3.954211674160429,2.744861270831736,34.55996569830568,0.9131098822450241,-1.1204726275858383
24.890625,3.7694523995413065,5.052080176436252,-18.311486961622617,-14.593311547758336,-0.25989235170062774
24.89453125,-1.6237054198002245,-0.9864583035769978,6.732646014608116,3.7502264483019436,0.148648821389622
24.8984375,0.28861425487285264,2.051782474810446,27.182700495990296,8.449230525969003,0.04127560749832085
24.90234375,-11.537479963558786,1.8689456548837398,37.03105180348472,-0.5147302445528656,0.550110241624213
24.90625,-5.798954617702057,-1.3410584703773454,-36.63079342099131,2.5185824938101358,-0.4433707378545704
24.91015625,0.07529910978518095,-1.652720218496624,28.1175466689332,-2.501492826974264,-0.19073593025379507
24.9140625,-10.200837148032095,-4.177000194086391,-19.87839671790124,-4.810352958746141,-0.297047444649598
24.91796875,-1.3989704427588727,1.5651455189110859,-27.252522027031937,-0.5875918378585578,-0.35886401345828595
24.921875,9.614183855000299,2.823623411159317,-21.711561558708745,-10.063411120087155,0.3843407816562809
24.92578125,-2.0574186247731965,0.2706645962573372,-17.22828955484108,-2.6118513500032705,-0.3961911278857541
24.9296875,4.249283311705878,-3.947279735789742,1.244589859548494,-15.470051845580576,0.12209842851775286
24.93359375,-1.6544868913066326,1.5430649369879754,-25.349039554938802,2.851830120605879,-0.279913233507219
24.9375,-4.377934963047768,3.8953918057532118,-33.64284810245154,-6.4353319828478615,-0.3586167859997818
24.94140625,-0.2620395586768474,-1.4188675490243452,-51.57837465370757,-6.601688040876626,0.37489720195705134
24.9453125,5.325194788681426,4.304898714752729,-23.291086007918306,1.5384491939812337,0.8767039663517225
24.94921875,-0.005864988917813774,-2.0238356108529345,-28.359097780276205,9.49284613780656,-0.28502133391293105
24.953125,1.6475382573220794,1.3242873818332812,28.280650366739106,6.475611291548092,0.14622308245932036
24.95703125,-1.2422307187682162,2.226617056831776,2.196996228411418,3.4135849472980473,-0.1819847653818682
24.9609375,7.457901765938305,-3.908570747444852,44.103885803826834,8.15306567662866,-1.211324276651199
24.96484375,6.742480383589475,-4.368036245444582,19.361666003895145,4.03817225451677,0.1632278105289893
24.96875,-2.692869931546979,-2.2811447934231976,7.553555379769513,-4.049434165759384,0.18894998804429453
24.97265625,-2.5965716858458565,-0.9327918867819573,10.431226261917462,-11.833103032972094,-0.5716526549206417
24.9765625,3.2123936581887276,-7.472932838924288,55.74386680565882,-6.412354279307932,0.9406715151937718
24.98046875,1.1608112638600996,0.25023666411805146,47.556279231116335,-9.586668816073361,0.3706418670074997
24.984375,5.35588232560062,1.0331537570625866,25.774764675044768,-1.0916504291641465,0.01093430791598531
24.98828125,-0.3854750200576002,-2.719826216948092,-38.15571393358191,0.4719443742888809,0.9595716772633976
24.9921875,-7.19510208147694,4.734643927295934,34.889663896529214,0.9730165653786278,-0.1640680542413679
24.99609375,1.4734227817550551,-7.139541927654022,-19.28377305356146,1.2522276833422608,-0.3120872582878464
