timestamp,Delta,Theta,Alpha,Beta,Gamma
0.0,1.2618531512901014,0.017345182364353187,3.507440916517484,-13.345641900926237,0.7713298728929249
0.00390625,-1.8538441648625634,1.6393337487316126,-2.932222760087031,23.089693866570165,-0.028643085754002283
0.0078125,-0.48118914523466416,-0.6067963256012097,1.5879442788328166,1.204333097428048,-0.24912887055094773
0.01171875,-5.82229648759884,2.9614045562774263,3.847272596728891,23.32819914143102,0.7742923889364601
0.015625,5.190181037057428,-1.9465728253090453,8.749066505408077,17.961176081131818,0.38685157683931254
0.01953125,3.9642458715048945,1.7780880863067388,-1.1344667716816712,-2.198461558622136,0.21121879183689127
0.0234375,3.7515544864376564,-1.9991789774142363,4.49747557693682,23.374964257593987,-0.2661225993246008
0.02734375,-1.1502082874329105,0.9576421662392582,2.668550526056982,-26.47040504983653,-0.1954720236165941
0.03125,0.5569295339166445,1.113629951593221,11.562196030601966,-20.055402263754992,0.26138304573246535
0.03515625,-2.019299848795018,2.8693553402529077,-1.838382298730413,-11.577388301103543,1.3400335948725905
0.0390625,2.9032158117803033,1.6198292506715442,-3.2538719430092087,-26.71024844936052,0.025578171452247625
0.04296875,-9.015729577420922,2.2259398419823917,-0.5964871713996933,-8.680067494431537,-0.8894733502397377
0.046875,0.44543467392347114,-2.2004960338784354,1.794137730574083,-29.121000775172806,0.2966622042113692
0.05078125,9.071058649356804,3.0255069860306643,-1.7508391989456213,5.900682616492237,-0.00032612633115808423
0.0546875,-2.121003132356659,-1.291674890359359,7.14808915625677,4.618950933260656,1.4658308802248834
0.05859375,0.5117566306754048,-1.5325897748048711,-0.8842926238351039,-2.1438652384864607,-0.059792509858398284
0.0625,-0.6913433699414406,-0.08394153799712073,-6.948043706115149,30.092191432112365,-0.7512575831646577
0.06640625,4.652929422747862,2.3543746987127583,-5.482300933776897,-22.597426328964456,0.42326458837651093
0.0703125,-0.24958808993053155,4.912926856962976,-1.849818802794227,-9.288772021828944,0.5565222509370471
0.07421875,-4.565358408014671,-3.3110449777940456,-8.033703895550477,2.2466215197358164,0.13621785238160303
0.078125,-3.0656546635085284,1.1261436503834874,-6.984073325033324,-12.64436271314245,-0.13958542740400384
0.08203125,-4.616635222112228,-1.1790627737137853,-3.412419816304724,-18.16422550665269,-0.2468869562348302
0.0859375,5.276234220875279,-0.6837415237013169,-0.0036361991259883375,-13.3515903364239,0.1894297834831021
0.08984375,-0.5864866055970158,-2.6437764419848113,-0.4620650478787362,-14.619170561306419,0.645009432328537
0.09375,-3.4365479674943606,-1.9799184900108875,-1.6468113447330786,-15.333980442924108,0.0661283066489463
0.09765625,-5.620085590473596,-2.000557066539992,-2.561340641955206,-1.9872467870666668,-0.3652423805764959
0.1015625,5.72876261862286,2.003824200727374,6.128265242402957,30.351015057453647,0.26481235641855416
0.10546875,10.477481275626616,0.3894298708589833,7.939780818779647,12.69789391007891,-0.635224848260456
0.109375,-1.3238329721374416,3.324429594425652,6.080623971026247,10.323416640119762,0.12252422354515093
0.11328125,-0.5490940170844186,-5.942096422739249,7.294584750918506,17.521716917808337,-0.1421086027175221
0.1171875,1.2652783205251927,0.7585188072666336,0.16908730592131382,-7.9391424498986085,-0.1536320553966116
0.12109375,8.223721364306265,1.340339072135528,5.3683453571938635,-28.80584707113723,0.18949612384703043
0.125,-1.0334374122347336,0.9058331502862191,5.784187488572533,-16.278288367656643,-0.8168861215043167
0.12890625,5.802087732415607,2.1580577088671644,-4.126845136235284,-14.380042686884588,0.35510888806255064
0.1328125,3.1550674027067624,-1.4263724300439014,-2.618159544071176,-21.626266849529895,0.1226749004365849
0.13671875,1.004294300364877,-4.89912716823318,4.032495275446945,8.865946570091186,-0.47770112471253856
0.140625,1.1462245848638541,-4.0947195972957475,2.0589743688320956,11.707803525333945,0.9228961504239028
0.14453125,2.8295474331919235,-0.4602035038608222,4.659013483685623,28.424998452789943,0.3346352632059645
0.1484375,3.244158107267397,-1.231218595244426,-6.441468843188796,24.31317136049875,-0.4323901651203778
0.15234375,0.10097211179769904,-0.06604546864016692,-4.133503877083568,-0.3160389351659525,-0.31944474883765195
0.15625,-6.949017566045172,-1.7017396378871956,-3.9284561356463565,15.821043715657584,0.3027842929855923
0.16015625,0.5215862775243474,3.8224754341147227,-5.964298849048365,-20.851770647431483,0.06245810676622996
0.1640625,0.1473727983773404,-1.866548642752599,-4.325681350663898,5.781346714321256,-0.13535568326747716
0.16796875,3.0418195387803504,-0.832241996264627,-8.648296418694317,-19.028884674601656,0.8710980973609977
0.171875,-0.5226816989887045,-0.7086160332637167,-6.410080811828735,-4.470335730193391,0.45843295926389266
0.17578125,-8.507250779070429,-1.1759555022483095,4.429237880189283,-15.665267857449622,-0.810457394006196
0.1796875,1.955043410478974,-0.7854591298613677,-3.8190785824495426,-0.6954824875337584,0.1735384517938862
0.18359375,4.2541646022637885,5.8171698585124965,-1.8423800608849024,-12.803335473599699,-0.6373433951333888
0.1875,-1.143775507519659,-0.9574768595051104,2.6346995177532095,3.5301606404309256,0.2606099973395488
0.19140625,2.297347652892019,-0.900414805229405,4.070445677031772,-0.04771466557510706,-0.3263126598706175
0.1953125,5.073613827666259,-1.1936026883450466,11.8658735772972,13.202153927685139,-0.3858432342865768
0.19921875,6.507935943071646,-1.6351688057797493,-0.6417599521336945,21.20924482148604,-0.22582173573611078
0.203125,-0.8793271563501982,1.810662670894232,2.14758974270607,17.775206226056156,0.7946120992400112
0.20703125,-6.642534940884098,6.305954965446496,4.5631265555659,18.066338842566264,-0.37116666607129545
0.2109375,-5.800321394103029,0.3818637136979736,-2.842335269013115,-25.77670177389722,-0.18344804130704065
0.21484375,2.188741833727962,-3.2481260104811236,4.775937716736675,-40.58950350170824,-0.26005593956479656
0.21875,-0.9172453987033601,-4.254008354454907,-2.9272562216639786,-10.555369380701988,-0.5128913086447419
0.22265625,-1.023001154086234,-0.08525610659858372,-0.9308990194112121,-16.18361766621175,0.8633240296978164
0.2265625,-1.4839626060303,2.7157605385770296,0.04035540983054452,10.353114376329486,0.32153818487173513
0.23046875,-0.8859475145043936,0.9976387668449607,-5.650384905717528,7.583803233690653,0.2085278763378311
0.234375,-9.23155556458085,1.4563437060028168,-1.7590166083469094,31.424707932520263,0.032808774149716675
0.23828125,-1.4936135198593596,3.634678942138564,-2.597029863954903,21.37464653236502,-0.47343308753985613
0.2421875,4.857603994050077,-3.2325263140658334,-1.3240869720654056,26.395400605808426,0.20995064223260948
0.24609375,-5.557377656635976,-1.0473539242383012,-1.7058751878137979,-20.153226089654606,-0.5671579042373345
0.25,-0.45689963615060813,2.204091888710941,-2.8528828807171402,-24.163101202497923,0.39283356649388373
0.25390625,-5.937441802216139,-2.732022882317597,1.6444049493558963,-20.725709754305136,0.8169083086740597
0.2578125,-3.670843204751294,0.0328869435387531,-8.143580906640913,8.968186083249094,-0.4165967435471195
0.26171875,-5.6241204508508815,-1.257877805054668,1.8848204102685888,-3.2485030013517697,-0.0449853311746268
0.265625,-2.7444037982926615,2.352357141628448,-6.436705905352575,-0.641163181571363,0.21216518987653454
0.26953125,2.2813283611050945,1.6053592594095707,-7.000335755086044,-11.967800722154319,-0.1046188884122327
0.2734375,0.07993428647459387,-0.7020578058047826,1.0134989288832823,19.537168877076674,0.07460405473528064
0.27734375,1.4905501193515738,-3.187622506434484,6.012922260536907,20.052846028232114,1.081192947235414
0.28125,2.289653585639491,1.5105249923318018,1.6777115248507306,-8.537274804824557,0.3214600584844339
0.28515625,-0.7431936863419463,-2.165137310808621,10.012724746756287,13.641848543536241,0.10877585192477379
0.2890625,-4.542960995857184,-0.8435284575669424,1.959275796748398,-0.08107333000115524,-0.18118788157964544
0.29296875,1.0303417693402974,-1.0477670147311056,-2.4185935482896896,5.478171795149987,0.8972585091315122
0.296875,-3.5117419589687935,0.1674738955617148,5.63257433057749,-14.894787025208885,0.01423428799649172
0.30078125,-2.576009584250591,-1.9147248574458207,3.2320621731117543,-49.503422189118865,0.28061745281349265
0.3046875,2.80073120345365,-0.935782185070732,-4.536961808505273,-11.329237756960168,0.5015138732176937
0.30859375,-0.11312905617962246,2.8298203584635893,1.7514773081963615,16.187130102029105,-0.7559297015280223
0.3125,-1.1868143352587444,-4.553867079539323,-1.7373159075454199,-6.605180988038722,0.1230525066510855
0.31640625,-4.4678483953547605,-7.468709996399777,2.649413117950502,3.230644864033732,-0.14701734720217574
0.3203125,-4.373011300448877,-2.195085896061587,7.593950658185249,0.22375250616742548,-0.13229127802969295
0.32421875,3.9222543212549383,-3.6218345257027567,2.77574533769555,11.124074505174054,0.9170106685228567
0.328125,4.5473680099682285,1.2445355172258865,3.505287011915133,7.024513038222529,-0.00941134236145556
0.33203125,5.629977638814643,3.042296852556766,0.5305046004584466,-1.8140280292283961,0.20207661100448596
0.3359375,0.4820741078639717,1.6436841609085338,-4.407062687633182,16.788446786009764,0.48333987462458233
0.33984375,-7.753137143769117,-2.0754619980596147,-1.6545766911410849,-6.632970467312219,-0.23999990658818124
0.34375,-1.0976522559332755,-2.4654502711853103,-1.6442693205961656,-0.06433424943895627,-0.03463395545197986
0.34765625,4.327644545947323,2.244431160056339,-5.495465740773432,7.044552359977072,0.320660777217803
0.3515625,9.639834679612061,-1.4778263076194957,2.2217314150510377,-43.28855256303901,-0.28647336742120694
0.35546875,-1.6421991613827103,-0.7415538234225603,-9.85249864549078,2.732196006988598,0.4582967630768523
0.359375,-4.174215681980548,-0.24375297843427576,-3.7001630616205357,-3.948085669130435,-0.01791915410048014
0.36328125,4.850286122092885,1.7839748147962016,-3.8801388470820286,6.378030986937917,-0.5070740897929168
0.3671875,2.5553365479720447,0.6928044447917381,-2.6514481343378833,12.414016440823172,0.10377482937625988
0.37109375,-1.392712730454146,0.38247348204114084,-1.1576739305714676,34.913812922774625,-0.22950752091503385
0.375,-7.26638442225527,2.693206028769395,5.682388480029691,16.125409810394906,-0.37649115919334675
0.37890625,-2.9280877189162884,-0.3354382630577685,1.3552553883604337,8.630869187889276,-0.05021794069561699
0.3828125,-2.8028270813344403,-0.5572542163162442,1.1669364413379983,2.4790803874004803,-0.35503301304307566
0.38671875,2.5953537455453772,0.7705336945391049,7.447611502130852,-16.527044324669408,-0.48613170932390987
0.390625,-1.4809552533525105,-1.2340411503591273,7.906746702494777,-19.04974638237514,-0.23633799893683774
0.39453125,7.607539382577759,5.928859411077195,7.074224158324231,-29.755320058341766,-0.08965910099384812
0.3984375,0.8969320187567711,-0.6263082225056056,1.0838625956651748,-19.908575364984166,-0.2771354527223706
0.40234375,-3.3213012191281344,-2.552137846523008,-0.12909573935470897,-6.370486355990209,0.3795956769916559
0.40625,-0.32171122083328973,-2.0601689556512417,-3.26665815200427,-13.17354332771729,0.45807188905399326
0.41015625,4.741780079622569,0.802041448851875,4.3170544223523155,-1.2427285426980768,-0.21947786379637368
0.4140625,-1.4112817930902322,3.7762633712818485,-3.9794223019343007,6.452615192464224,0.00883570284444738
0.41796875,-5.814450910374419,1.8719081479872686,-3.9024486294965466,-2.3754089730834504,0.010966874051602286
0.421875,-1.3533723873745378,-0.09061655161106051,2.3890135691482146,7.12004521830544,-0.07142510631038274
0.42578125,0.634952310081898,-2.169990916191143,2.0034722986241507,-3.1301991286714177,-0.04483871388683198
0.4296875,-2.150446042419512,0.07429330873924136,-2.329968569237607,15.664106878187297,0.08637643279338181
0.43359375,-4.633749238116565,-3.6087255710040633,-4.822825353954243,-24.431746433677972,0.282905365479854
0.4375,-12.428817362326344,-3.0544102846638066,4.409043158656593,4.852822460852757,-0.4510885017439852
0.44140625,-1.4803259026175613,-3.7843400712203836,6.87826096809573,-34.58901629463769,0.2326308309707392
0.4453125,1.8447698541836146,-3.0256608159664014,0.02457447315049821,-29.751957729982927,0.7768031295036892
0.44921875,2.1805022595859453,-0.14448978745185195,3.2303520095352765,-13.71070519743065,0.12712024819146014
0.453125,6.406617695014245,5.0335505992003,1.0306945489004136,20.282209754448523,-0.9426766795961549
0.45703125,-3.5005905484233586,2.430301642363043,6.52362994877252,14.057833951503873,0.6247831248414039
0.4609375,1.549180452226409,3.6326993673391508,-6.828585876475071,17.79484238188939,-0.2287361429940027
0.46484375,3.8407397983390954,-1.6991570952276205,-1.282544890205988,14.743710821477917,0.44154066802532965
0.46875,-0.7583093189469061,0.13438771884614867,-0.6855788583283751,7.291385691379787,0.07149453006492582
0.47265625,-3.9592455218590783,-0.14258760599548045,-0.4500966128441348,21.626604994212233,-0.6290643738781717
0.4765625,-1.0239703275476528,-0.5137716522961622,9.694914002547733,14.914047719334095,0.8503020437728926
0.48046875,1.426229137091079,-1.7518443414355351,-0.6344992870147985,-21.579422439922915,0.003512351392375985
0.484375,2.7519058369183647,0.013811621871693158,-3.019468157654715,-34.599321787876136,-0.6749331849190758
0.48828125,2.0887304887219855,-0.3965439847360186,-1.9335740879968966,-15.968157800468395,-0.3926512406152136
0.4921875,2.610715776592447,-2.8826558375937905,6.166621541025081,-18.08510575260902,-0.015459255381750747
0.49609375,3.856020936246354,4.052073303662027,3.053226372413085,-10.753960732750231,-0.26872227730295634
0.5,-2.426278822148326,-1.0562782223875893,-6.1819979609909845,-0.4984837650595024,1.3730729186749984
0.50390625,1.7549058670402367,4.112762827863482,-2.6736779814450493,7.6124162526452395,-0.6343981766944864
0.5078125,-2.2946730338312986,-4.107873095832078,-1.8857011826854364,1.5280403744251831,-0.3283897350938221
0.51171875,0.860144255652484,1.7052547504332503,-3.0866176903137252,19.130066558139745,0.929481634797458
0.515625,4.536047563175158,-0.5891949399007157,-4.755325150430171,3.800242268155335,-0.5973429178392891
0.51953125,3.938729081327931,-0.9488615464529924,-4.773110687948622,-9.425041477501516,0.1275822202593426
0.5234375,-2.5551738069169927,2.4350917358316426,2.578481247701272,37.01736689037486,-0.6433045546027701
0.52734375,-7.752478068294158,-0.495734338398667,-2.7522499417246196,-11.098458614410998,-0.5819103622366205
0.53125,7.952876023585795,1.8754545444891966,-4.111291371921421,-13.545544417833467,-0.565734418462781
0.53515625,-2.451272161253503,1.0506920389236805,-4.203699476072002,6.474804388627668,-0.209144619325732
0.5390625,2.309158920420169,-3.074799484619215,0.14624061158774193,-25.17971013496333,-0.15495936887593537
0.54296875,-5.799857491994635,2.8186312381714664,3.7771204580527975,-29.881378906843434,-0.1755214020326231
0.546875,0.590519352271219,3.5021732536085235,1.2250769599921794,-2.2627345960136163,0.543428395052442
0.55078125,-0.21318139938417513,1.4975570774087728,-1.0490774903262767,34.05559176196949,-0.9094856818793655
0.5546875,-3.0370176130051996,-2.0812396801339847,0.5086267261748063,38.24788624447472,-0.8090341379134173
0.55859375,1.5195689130112848,2.941458307933948,-3.8372809491320776,15.831248894024222,0.5707073638059525
0.5625,-2.116135124261058,0.36574985294595247,2.848439184703627,4.323101981676662,0.7935198663924691
0.56640625,-0.37188893719527966,4.839603919171836,-3.6287378678214086,-4.255913816849066,0.2248389567755807
0.5703125,-1.72443614373001,-0.10170491959280921,-0.8952702908529244,6.519562486970788,0.23928150196852785
0.57421875,-0.5748635294743666,3.1279383850539055,0.8046555609914425,-25.919539510602974,-0.2730389107812583
0.578125,-3.4636522766089,3.204405159756492,0.4752367894078733,-28.403220568805665,-0.011083411465243909
0.58203125,1.990438324234027,2.671306005973706,0.8777784066231014,-26.057716019628092,0.8152795819097158
0.5859375,1.5734538177454809,-2.8670500179335434,-0.504476000481082,-15.918290272111285,0.19451113584159052
0.58984375,0.33396660556487845,-2.023653660911944,-4.780927528861047,-8.080225298584121,-0.1548364677706616
0.59375,0.48681762430483994,0.7893043005495373,0.2998306657501819,-17.427437054036133,-0.07287551845613441
0.59765625,-5.862457724275735,2.0948118859930966,0.9091012125951963,10.243999307615164,0.02874099351737128
0.6015625,4.288048289409448,0.5999261022849833,4.781479678268791,33.92139423815384,-0.01188211320149934
0.60546875,-2.315458350634477,5.196483066690812,-4.206660922507947,9.896629144471277,0.2362870934169886
0.609375,1.7220092466646753,0.5978024408154514,-2.232743700330827,10.492558884343932,0.7296393349174577
0.61328125,1.3611756142640086,0.3128457143216679,-5.13013574039219,4.629363657689407,0.3372870390206265
0.6171875,2.5455080839932918,-1.6765338118912627,4.027902688494624,12.506909363232438,0.46942544045213225
0.62109375,4.1458735220451945,-2.262318500347487,1.535409974213028,-3.6348600996241824,-0.1486491913829664
0.625,-4.935897032143583,6.857302298395245,1.6931028422816548,2.4578041640011534,1.5761581251857408
0.62890625,-10.985427961585843,2.748439190618166,-2.402755381059749,-13.954729843800306,0.2685315949959134
0.6328125,-9.334881797434461,2.9080478934368066,-10.368654862623371,-1.5980765233402208,-0.07839021930236083
0.63671875,4.779009953857397,-0.9611064404917083,-3.432343148817909,-20.026311322459485,-0.5514263929367621
0.640625,-0.346855004002588,-0.9476291887284845,1.3757444390776725,37.14331783428542,-0.23197054130100514
0.64453125,1.4823636534862543,-2.2329709308450343,-3.8484586157841454,-4.051377418120989,-0.7361417548592548
0.6484375,3.353991045899733,-2.0412387591363945,5.955927772177825,30.378308199952713,0.005391985891021794
0.65234375,-2.868543601876928,-0.47417541813004216,3.2286908480543026,-2.9411753666643605,0.19522627047518293
0.65625,0.12581789081283118,-0.8622403475857829,1.3673643327756482,9.88243112886959,-0.12638232407087077
0.66015625,3.041825134659267,-1.4390028250703342,1.9176940239996187,-29.809926654469397,0.2618726422311287
0.6640625,-0.34646905687113994,2.589478024350251,9.744766048742774,-28.542572938366124,0.16190926486881663
0.66796875,1.9850968009446492,-0.9009872008580577,-0.4000969370480818,-4.106989622572673,-0.3865250531944659
0.671875,-0.20664357187963184,-3.891029715150543,2.2722482639372297,5.907338838293878,0.41938257969845044
0.67578125,-1.301512443093635,-0.8312098631154627,6.203290786976902,0.8177896277768308,0.3341985711391919
0.6796875,-5.4904805127798095,1.5212160308347873,9.283401201246512,7.229823359296736,0.04248646534197506
0.68359375,-0.533833848455895,-2.870130066739405,7.385683633360559,21.176579494890774,-0.2817713019485035
0.6875,-0.8208985894766401,4.0975164012266605,-6.806751909252425,-9.604700487281068,-0.7322261637389637
0.69140625,-0.212784497878629,-0.0760096457096883,-5.019365613137715,-4.654376648392729,0.45576835240882146
0.6953125,5.385484325774658,-2.146543145562687,-5.027155465521526,12.24893654069135,0.709895383787137
0.69921875,-1.3699224937647774,-0.5631639513099314,-5.100804643056125,2.4819629900177196,0.5670663187624544
0.703125,3.9773786512273226,-1.2189890046689764,-2.8629473039182214,2.2548576067851323,0.34003710685278016
0.70703125,-4.193870402567125,-0.2667020106213752,-5.635942815317394,4.2071587424855945,-0.7164237793238146
0.7109375,-0.8864107972502939,-0.16141815063555082,-5.706402136309995,17.240860079433574,0.43164422646618833
0.71484375,-6.464905577815772,-4.4034331994627305,2.9916840381704097,-21.000780763287224,0.3746158140057566
0.71875,1.626058141544518,2.556268335217087,-3.946641455677124,-11.719518924459498,0.5450262909716325
0.72265625,-5.216873516697294,-7.107588345732426,-8.199558416660272,-32.72241749845652,-0.0969417277988048
0.7265625,8.294937865480726,3.5434497660054163,2.6204548458708112,1.4746465572474792,0.07871820369821868
0.73046875,7.260892706411917,-0.2889046479607855,0.6266655379727789,1.6138390643752292,-0.08167901878739077
0.734375,0.6411147910837492,0.34735619445394006,2.718727497141888,2.310798506709725,0.2214760563136414
0.73828125,-1.7690653689057556,2.864625510813259,0.12329109490711176,26.419013407439863,0.17240085048646658
0.7421875,6.536733123950829,0.48049876127078917,-5.8445273633772175,13.533668862475295,0.3772873192838617
0.74609375,-0.8052071825731949,0.05959304907249413,1.3863609959984442,7.3017713777640605,-0.13826153395787122
0.75,2.9798518606790463,0.6888337667591863,2.4933554334212067,32.528008350395304,0.03420594250389717
0.75390625,-1.5650985213840796,3.0122652746308196,7.66478612164923,5.089091959843798,0.202106034350505
0.7578125,0.7204326715873204,0.8019452919948379,-0.20912746112981528,-49.93858668516731,0.18475767872002688
0.76171875,-2.4909825481335317,-0.6012800903708281,3.0265688804215602,-14.870514539855641,0.2863154390683564
0.765625,4.052808098708566,-3.8537860712414194,2.095069136534696,-4.4063514449699515,-0.8416803383777017
0.76953125,-5.869541973589011,6.408864120041478,0.6545783580470672,4.3239280535842335,-0.10173061035841538
0.7734375,-0.44835092293939927,1.5389728259076758,2.7515450822445917,25.280708346808723,-0.001645524160766238
0.77734375,-1.8029137307467191,-0.29214290322842684,3.213355523853277,-8.80794022688297,0.1223249610354237
0.78125,-1.3986895503766568,0.9612932965436565,-2.446701451457174,-21.037666528516404,-0.852493097685469
0.78515625,3.4934894778848675,-0.26397057181928985,-6.513343194690163,-11.0363584446546,0.9178133777217576
0.7890625,-5.336619273919766,3.869894721031918,-6.1216744150795135,11.957856458642894,0.6052886851276842
0.79296875,5.157434312998365,-5.542702996131617,-0.8556704700496938,-27.877342237853902,1.1977386317018852
0.796875,-1.753059380697844,-2.297379994222565,-6.973731794967698,-14.839752882449014,0.4472502599649748
0.80078125,-0.2629883498126495,0.5217932429457679,-3.2036089927593054,-15.192665695816824,-0.683824590042081
0.8046875,0.3486510950042655,-1.8219559658816378,3.1730005534863484,-4.056757505231783,1.082586175117851
0.80859375,0.5227792960186625,6.913919489508924,-3.080600773782207,-8.0705790736905,-0.27437521734086145
0.8125,4.40245907739674,-1.9395270077512712,3.4872140122085993,-9.010622702955343,-0.651927680326705
0.81640625,-1.3170487222817109,-1.9770298599323455,-4.425121023263191,-28.996023476416827,-0.38102050901956164
0.8203125,0.48487548590228824,-5.256501106841652,5.124518027500641,8.68721086394481,-0.1297385607435928
0.82421875,-0.369840649235856,-3.0901800337871217,-3.721540355762433,15.696536371798784,0.463068465791957
0.828125,7.412144820961149,6.8017041285031805,-3.7328600463106687,13.855924755303953,0.19477514292309334
0.83203125,7.630261282897222,-3.549981565709639,4.93195877119887,6.451404361190969,0.003611231869911642
0.8359375,5.2623876953398625,-3.5001732070633587,0.3811921280945869,-3.776068623229259,-0.15557977277986862
0.83984375,0.9382734475415533,-2.709311389021704,0.8358596725576986,-10.540825660797493,-0.31926412320365655
0.84375,7.906014335054022,1.434655180637234,5.995304450187593,-32.035380119010746,-0.15048925189649656
0.84765625,-8.59388686402467,2.817896326630187,-1.6731787355017986,-45.28279570688572,-0.6366287790412545
0.8515625,-1.2473702298744898,-0.20520788883687258,8.618575112228285,-3.670639153146073,-0.7567112048923208
0.85546875,0.44180662333451987,-2.5367968188327437,1.363450460061215,-16.34566993170567,0.24178442900466848
0.859375,6.384254626666825,-0.16092630391344864,3.4935816642570368,-6.798987615142124,0.03978678875736015
0.86328125,-2.593473898608938,-2.678019611038528,1.8202159758858445,-16.902052880698573,-0.2761644781751684
0.8671875,2.5643840170835728,-3.055460469875789,-0.339270958279595,7.064525447809407,0.2751878933852154
0.87109375,-6.5144312750546085,1.7017903465517916,4.567777660969459,3.1773414609009354,-0.3230196269657857
0.875,0.5995868751781467,-1.789590395107842,-0.17301356829321257,42.25724978178469,-0.26349155550409326
0.87890625,1.5979924080339512,-1.331620786607977,-7.8414641535514,13.133038633096545,0.3100844538884291
0.8828125,6.058743481511106,-0.5312855180028746,0.7565855577873375,-19.9151694686446,-0.2446146249047831
0.88671875,5.2219733288819326,-3.382337982259548,-1.2558273337272317,5.71722644892227,-0.42424826662754433
0.890625,0.5361886694024767,1.206386248969852,-8.247356744587064,-2.6578108014399753,0.22001453706488905
0.89453125,1.6810763351188307,-0.208940215561031,-3.2127183582878103,0.7095118057539356,-0.5124282762153743
0.8984375,9.272877301667094,-1.2161965864974698,1.3411499845105643,-19.798075577607293,-0.25302175553193934
0.90234375,-0.8696959994661352,0.07560868890289801,0.9807884075141009,-40.883701804169036,0.24131385982904413
0.90625,-6.4418343523026875,-1.0000695640385164,-4.467551309515832,9.457739369372892,0.2985612370627243
0.91015625,-4.182740712679213,-1.350860948894051,6.682653569756326,8.500815402801312,0.892815347777385
0.9140625,-3.1494771712523737,-3.434249141560285,2.0854090229153144,2.5264851583476817,-0.36320007123517195
0.91796875,6.208952777617735,-3.471032620191416,2.4415178426947017,12.659483036756216,0.6875223456855019
0.921875,-2.4973701591653445,2.6341304655262108,4.9262129862673945,-7.920105066580824,0.5275718574727052
0.92578125,-0.030378813395839865,7.336023063423411,9.777951809988059,-8.464357340350487,-0.15939750839631325
0.9296875,7.828018209542458,6.6899718484753565,2.83854985389714,22.43931588932379,-0.874807766690333
0.93359375,5.781666654664725,-2.5787431672675156,2.8427110197482337,9.050502019636568,-0.8560229782986882
0.9375,1.0509538738076158,1.8300352501948072,-3.4619279660140903,-11.30771115716479,-0.46334050776421803
0.94140625,-7.494738728474035,2.1773608972047676,-1.7739944446083955,-12.527405294367062,0.2360516028569439
0.9453125,-2.1603838911512647,0.0588670298889419,10.292738560306958,-7.69538761318486,-0.4991969617212622
0.94921875,-1.6755659717196154,0.04815923497991929,-0.9183268178879624,-9.519519245669631,0.047300920690175274
0.953125,-5.246234644290978,1.1319058137700488,-3.9791005687433967,0.5278971071590748,-0.28071345362794065
0.95703125,0.20453075793323514,-5.2243985054356195,-10.350518607404084,-38.16257492987395,-0.7813297512001237
0.9609375,4.675755590849862,0.5064155195821727,-4.201548798486963,8.083572685308066,-0.15554260310394413
0.96484375,-0.18043950811992832,-2.5461233508149927,-6.735192939430204,17.6247457097378,0.0600690194518741
0.96875,0.5632576575427276,-2.2100631723967457,-3.9532297240881142,24.1551026082512,0.4556504147415235
0.97265625,-5.7174629318518555,-1.4099532324987334,-1.3273819808134957,5.9519948800441815,-0.03780181721768434
0.9765625,-4.789973946894115,-2.749464229278225,-6.700627510694826,-8.389373139289772,-0.4977699662240653
0.98046875,1.937502405879558,0.8322575384424855,-2.5137559063852106,14.870013801460791,-0.09003331824920612
0.984375,-1.0560599830703592,-0.08959856266124955,-1.1190414892539051,-10.881304076753338,-0.24594436292868085
0.98828125,3.3454618832223666,1.096261103762107,3.4709863188572356,-3.812212442427823,-0.2752163104686591
0.9921875,-0.7410740224398014,0.21756327662061353,-3.2053310766387026,-44.9740543091371,0.3339236863780903
0.99609375,4.393483870677999,-1.5378660322390707,-0.4680437986155358,-29.704666958362374,-0.2564910084404881
1.0,-2.985723902791803,-5.11153282905656,1.7444710096290672,25.608654749953264,-0.48358435774921726
1.00390625,-6.992882166533732,-0.3686003007208213,3.376735422671281,2.114719645065936,0.17421067163679402
1.0078125,2.533590917152695,0.04745799462070588,0.06940111914121538,-1.2645995228165212,-0.36154729147960224
1.01171875,1.52714730724187,0.8441552320965966,3.4348441451101692,9.886215480334744,0.16022170436222355
1.015625,3.2094158259973455,4.687963170238272,0.2252979678255227,-3.1967286842235314,-0.8321972340922849
1.01953125,-8.02844797657903,5.669067299893904,-4.374528611505794,5.683781177603998,-0.11653811063456415
1.0234375,2.401820446767746,-1.488034678567818,1.3083819203656917,2.3921900388765263,1.0383112374790617
1.02734375,6.182714252691305,0.7085225389166747,6.390338453649554,-3.445195318513334,0.12533427565699065
1.03125,2.0810181974391933,-1.3719263914717243,-2.254261492160235,-25.583804062081803,0.03435182589068571
1.03515625,-2.902551520222249,1.3012832770493314,3.8336767538809307,-22.707868148629743,0.46864250963937615
1.0390625,0.9862256085705491,-0.9324200111989474,-1.8307834059930008,-23.674287369005192,-0.7675133606089712
1.04296875,1.2963684028993976,6.315630198266924,2.2948715720013735,-0.45642447602260194,-0.5641461963251324
1.046875,1.4124926251820247,2.73724082547644,-5.138803721968024,22.737445256064998,-0.13750662541882794
1.05078125,-0.8669278435308968,-1.107656866163567,-7.459548757095629,12.640991807008682,-0.8114218383027862
1.0546875,-2.3682478556074327,0.5692343049907154,1.1978960173912523,10.750654813965877,0.8593092831102862
1.05859375,4.3951929007652595,3.5208445252481644,-3.508571267121699,25.9742154335786,-0.057026154655290595
1.0625,-0.03516376715624006,-5.459796549648847,-3.9707964529296103,6.307273735696455,-0.7859130877563008
1.06640625,-2.355850306127843,-0.3192115518126488,-2.6398001611508413,-3.6312905255359924,-0.00885771012253741
1.0703125,1.8329692501092363,-4.993306364372095,-6.062649721006945,2.936022591321743,0.3305189750911784
1.07421875,0.34016684209327336,-2.461507778537413,-2.4676732879067624,-2.4656363934016463,0.16687692461536188
1.078125,-4.679415413096234,-3.4718064008888723,-3.421153488990303,-11.605610707515574,0.12859058683294572
1.08203125,2.861862899935543,0.7946939926786398,-6.2532185721434415,-24.758175961104378,1.6213324203471842
1.0859375,-0.6871785269295817,-1.0834774147782817,5.034620691040104,-10.690483210454568,-0.22803382208207287
1.08984375,5.1610824195534475,2.0359966173863553,1.711735946183223,17.57233654499837,0.2549143305995011
1.09375,0.8353972023807492,4.6515575060145125,0.8145993958561375,-5.050224256762187,-0.6994789406313899
1.09765625,-3.5120622285074705,0.265682015926746,0.21191389776504055,-1.4249085248219373,-0.10339629809612737
1.1015625,-6.444114776035911,-2.5011102950566015,5.137710988658851,8.103118428160403,0.2678114136790363
1.10546875,1.0333996116978137,-0.6678059038170395,10.944519496523723,50.9865210187962,0.012927796151403952
1.109375,-1.9080087958879526,-0.9197598424129212,-3.031980983812214,-0.4124451857181173,0.9263771803326061
1.11328125,2.674711255771761,4.9656553146770195,4.213190810677718,3.1950017776672768,-0.8183972666391478
1.1171875,5.324868737248447,6.717000123066503,4.470389405426527,-7.156869415521013,0.00993236849193373
1.12109375,0.053170041387768416,-2.40547722605929,-2.344841356287759,-17.462030005990925,0.30978448687072574
1.125,-0.083678158317032,-5.238328933607234,3.833476295014978,-21.569873144280077,-0.14552202557747507
1.12890625,-6.133284078774956,-4.074128740351787,1.4310302499220982,-15.640177246663063,0.3232392596547287
1.1328125,-2.8649252755121704,-0.11888865654008962,7.82962997553165,-18.84102533555585,-0.990748124841698
1.13671875,-7.8346144716281145,0.09470319392279375,-4.27699048892687,-1.6636373298043678,0.5348297633464884
1.140625,2.1975100362975817,1.6168872097428117,2.9058017132482195,27.065737473407218,-0.4678494436076648
1.14453125,-6.087847574796427,0.9560942904508472,-3.610890306921058,-21.52607069481717,0.3036747806308387
1.1484375,1.9482165447730166,-2.6823819197320837,-3.8007720187251177,21.96379428023183,-0.10380780890127699
1.15234375,-0.12791430605714002,-3.607341115564648,-2.4862842023052742,-28.66998717138511,-0.5498616581604427
1.15625,-4.230676287212609,4.4279532623724025,-0.6834825823283892,13.865534357325963,0.5068715762650445
1.16015625,-5.4390719549058275,-0.6477379057525856,-7.078937010943548,-16.530859644371354,-0.6978215360502747
1.1640625,3.194034299210937,7.650152513943251,-1.6917539654462408,-26.25697163966645,0.9623063893047984
1.16796875,-0.9186727180240027,-3.7231859856810985,-2.8951963008867665,-37.3650185626016,-0.29798923784915626
1.171875,-1.0055454392292438,-0.6787885349241656,3.1659633588412737,-22.851203412102144,0.17510100007115065
1.17578125,0.7435241428812127,-7.586743768623393,1.9058099883478778,-33.088559657961234,0.5198654102823428
1.1796875,-4.5568252192249785,4.602803464744447,-3.669805248063434,-12.935248399608042,0.3437315695237486
1.18359375,7.814943855169301,1.5180507131377226,5.971186045261226,8.083166470852234,0.05513802309234139
1.1875,1.833883881762998,0.7201838668645208,-2.289081626427204,15.197334581343462,-0.5222638082050471
1.19140625,1.7175757286097995,4.424735771736273,7.843391468471804,35.36445310757975,0.21005788588162003
1.1953125,-0.3624649459214086,3.7775524530560682,-0.9891888105335318,13.312481632690284,-0.2335840905729041
1.19921875,-3.8957613047942816,-1.0492173211455835,3.3878315803775254,-6.157180052512967,0.3249334253020323
1.203125,4.121739567189075,-2.3700297353878845,6.3026149935033,28.741486624511214,0.5204914040387006
1.20703125,1.122056161121407,0.7180221506469756,3.312480668338521,-0.8301696748353384,1.0909067754768724
1.2109375,1.4688982192476057,0.4002632216677452,5.0753057637247805,-19.53201333418702,0.3998361900093439
1.21484375,3.1368985196436636,-2.6384733164460807,-1.204838427657366,-17.340945169123355,0.05834564620291399
1.21875,-3.250558701494199,4.085256546004489,-1.7605943028143727,-20.780906228057827,0.44137983560389077
1.22265625,4.206858679389921,2.655284490397,3.467550921833335,-30.308493141176907,0.21524396851499575
1.2265625,-0.5268972515343862,3.6415139958931344,0.5382573452676154,-6.928556911623833,0.6774913267017983
1.23046875,5.161619389657812,-0.6956616123384616,-1.0384552318201399,-7.816319989366814,-0.1773095471415786
1.234375,2.6729033822395976,-4.327580926310289,-1.6745251256338372,2.1401443275936227,-0.31268022673157686
1.23828125,-1.9931489912192162,-1.992253563792692,-6.622747804047465,-6.850696709220641,-0.7718530388225111
1.2421875,3.739413000241404,3.4195679788931783,-2.4113667077692402,12.706629142257139,-1.0446807089336587
1.24609375,1.2480639936954385,2.919320449826661,-3.399050915427569,44.522171401728826,0.5448319212834117
1.25,0.49916726600306677,3.304910636065368,-3.8808708165195025,56.483993992685015,0.3848489221860666
1.25390625,1.5079563881511022,-0.8435662083900162,-6.300514902237865,-24.171085069778023,0.27288377189772245
1.2578125,4.406753616295042,-2.781519680852764,-5.119282084063226,3.843012078150805,0.1414588449603812
1.26171875,1.5603828627170961,6.578952157367649,-6.1221522369606465,-2.241174071930656,-0.5043694966319213
1.265625,5.510909170377307,1.9578343222223582,-3.3561977670025342,-18.079931576502325,0.1250261400706679
1.26953125,6.626524166949441,-3.7405296155386916,-3.5195983495934984,-23.02259101191401,0.11089416675438006
1.2734375,4.937258587129365,-2.942114193484682,-2.39798542910042,-11.432216997233029,0.4873611611848396
1.27734375,3.486413556473071,-2.076103588911641,2.238609868306994,-5.055737679670202,-0.08030096677381625
1.28125,-1.0629154309610307,-6.7051491215411705,-1.614519305866559,31.00686085890163,-0.49911525647976485
1.28515625,7.016677210586455,0.6953418229776591,-1.1965588513963232,13.873984376444497,-0.38438038702441385
1.2890625,-1.9152092291955531,-3.9852279979346026,2.9973210368118295,9.232366348273658,0.4726439205841593
1.29296875,1.8226281519324878,1.0838293427245727,4.955938351563816,-6.483129901556296,-0.002082778817023324
1.296875,-0.9510782922440606,-3.9419422163423135,4.994564102392086,-29.418526368225642,0.6125362546386612
1.30078125,3.8583259921949664,-2.4741738565915883,-4.684083495217374,-9.421678865351131,-0.012277502565638088
1.3046875,3.3302772648402454,-1.750424341886097,5.510992477735661,-10.090016541482656,0.5434707387290998
1.30859375,3.7481850895511615,4.33825375561712,12.21181373658951,-31.317956156836786,0.908610779733168
1.3125,-0.2818002835402216,-2.977540526948487,1.8110731814940657,5.973221989749675,1.1853261901594998
1.31640625,5.163031011321573,4.384871386556707,-2.2455166782526126,-7.396063196543112,-0.6450104354648283
1.3203125,2.497309176140846,-1.985773526002669,1.1237770223816956,3.092259696007436,0.36786491541662036
1.32421875,0.4216406397000977,4.636213753022922,1.481759448520313,19.328366367386586,0.5721269581616202
1.328125,-1.8690025522630334,2.738747816311149,2.496717619091696,-0.4195152935958202,0.24137582366388713
1.33203125,3.638225131918612,3.4226785562800597,-1.429634683284508,5.855425310646216,0.777151486648849
1.3359375,-0.6027837634125298,-1.9117706197495934,-1.5698777039320382,23.40636916504812,-0.42143378491270034
1.33984375,2.515862535678648,3.6199192352302423,-4.490908471029022,-2.1119507836296023,0.18454897661243153
1.34375,-0.3492593593215238,-3.673397479616037,-0.7214286290421379,-6.917592949936167,-1.3200399964266447
1.34765625,-1.6320852541218671,-2.7340956585360248,-6.507301684535098,3.3327158925047655,-0.880163695210803
1.3515625,0.9553630105567168,-0.6891820907824888,-3.9799264892953,12.453822388378946,0.6378533784301703
1.35546875,4.957906675360041,3.123156761333706,-0.3872007207207919,-27.385379259356046,-0.2745419971105892
1.359375,-8.246347028647403,2.201306399528953,0.9961765620692287,-0.37456326959186903,0.31631425925792905
1.36328125,1.9029773587874967,3.076509607575285,-5.232815944707353,35.34400942542639,-0.18213153331874926
1.3671875,3.0119867002367804,-2.7563180558527254,-2.1418035812120513,2.6520669707582436,0.0613473172073575
1.37109375,0.6186763138236562,-0.2153432803393307,-0.5661967813764768,14.350872688262548,-0.3607806703606374
1.375,-1.347892916624953,-0.0818804926924683,2.252470893712729,2.574263246359484,-0.054645661279493496
1.37890625,-0.6636060991876221,-1.8077028391765666,3.193468132749479,-14.42857808079259,0.3052271204553936
1.3828125,-8.804935146751506,-3.371156285695867,0.5726502372949827,1.8569232624414633,0.7072135233123845
1.38671875,0.4486756222385685,1.1141360022275217,-3.2378527077172894,1.9878252905584828,-0.2443549562773067
1.390625,-2.896987400289916,0.2477840842639858,9.14098665599186,1.375937059230016,0.05487746164798568
1.39453125,-0.9810056361219867,1.1245584750994784,-0.3875692842723768,-14.173319060819946,-0.30848082342573696
1.3984375,2.9406719554004597,3.8869403613175146,4.23279370779435,-13.230398371572011,0.33262970110694795
1.40234375,-1.8625623169477294,2.056207127845618,-2.2908185319581125,-9.871141049979219,0.7780112634356697
1.40625,3.4425792481218833,0.6539080118699782,8.963246300022027,-14.686859464139847,-0.23141312005843406
1.41015625,-1.509680314165215,-3.718446233388874,-8.143558775946875,9.870025650183079,0.04093162462438833
1.4140625,0.3046770165546985,2.7115505964649054,1.139030997010268,23.623879086264946,-0.7027186964606542
1.41796875,-4.124886115399929,-0.9185370435142431,-2.8707597931184967,-4.481894617792886,0.16087627257677561
1.421875,4.511722907577171,-2.1934899028988877,-6.555452590146622,20.401016928515403,0.149120691180577
1.42578125,1.2600910045793319,-3.0679807716390313,-6.278544084856643,23.325740996185687,0.49573324473779756
1.4296875,-1.810167790507831,3.861658241174421,-12.981698216683919,-18.29517413952564,0.15935052965604665
1.43359375,3.2994172988668344,-4.567793201644936,1.244222213785319,17.037540056386895,0.10698219029172919
1.4375,1.609337901913051,6.174018292567601,2.032223735302043,-23.325900821067467,0.6903676368891143
1.44140625,-6.463334305953731,-2.0636628079895454,-1.7948327134622626,2.843052324976707,0.21761996916767265
1.4453125,4.275428262429065,-1.777190180797441,-1.2074632157233687,-6.21390052956917,-0.04712924636242562
1.44921875,2.1140954802241954,2.2049681364553293,-0.307652430137089,-11.090847546576272,-0.5684041391705882
1.453125,3.213366738494836,0.36125532279275596,3.799674448075578,5.949942352783803,-0.29324209882046137
1.45703125,1.8939169843093488,-2.9299609133956777,-1.915588339771547,-29.34557425196168,-0.09179970500938175
1.4609375,-1.3115576335443186,0.19263158452005535,-8.03062324475956,-23.473762368427778,0.463673303360342
1.46484375,-0.1913802818619259,-5.546810928213391,6.15902210144645,16.04919732702147,0.44763491686656043
1.46875,0.44681946482951396,0.7351253445362497,-2.1721745216020896,29.018951265854476,1.0421301038119493
1.47265625,5.1070939305449565,-2.0635685850722196,3.0842464970027907,-11.692713390538119,0.03300486592693395
1.4765625,2.6229804676229835,2.0632451221440418,1.5327055699265741,8.09037874677897,-0.40546166788722676
1.48046875,11.201037072507837,-2.4484747116641166,11.774165556301137,2.9127541027731043,-0.6080698431500318
1.484375,-5.313012428621509,-3.8488451611250634,3.2483239456263884,-28.431696760846677,-0.06290699304444314
1.48828125,1.0493762210200317,-1.928279628519345,4.6597223433425885,-27.76582029717633,1.1138893498285913
1.4921875,0.24428236965170233,2.083735304118372,0.8600432376315217,-9.804815194172217,0.27014888923714575
1.49609375,-6.213723540349146,0.05817133618961089,1.982497671541303,-5.888145305843876,-0.4006944882364823
1.5,-3.709370795987551,2.2737490410464205,7.085262166983383,-10.922506496166939,0.2386451475299193
1.50390625,-2.370648760220796,7.223480050306097,0.5328107306864365,14.778314857491608,0.008534478941540682
1.5078125,-5.616605442942817,4.521325140335378,1.7596491930960685,1.2673245856862234,-0.3939982137508727
1.51171875,1.771429377941202,-0.5395642096366033,-4.129802821929148,26.658208434449175,0.3189859289946891
1.515625,-3.5744220670309645,-1.2004680118982947,-3.483653903325267,-10.282702732417563,-0.12475165105569473
1.51953125,-1.3520481440839007,3.4311110629679975,7.129248758072137,35.04392423646692,-0.47109007917771384
1.5234375,-3.181456388433502,-0.6958407713730101,-5.936842810271608,-14.311362318463857,-0.8995415703963592
1.52734375,2.3628837415165345,1.5211194035352626,-6.692068199865192,-4.758755618931754,-0.25840692293618756
1.53125,-2.2708149157053352,3.7483127407441366,-0.5224041328211744,15.593170271915875,0.5976835989647409
1.53515625,1.3274802382830644,-1.5982751521420422,-1.9661911619254548,-38.93186930150125,-0.10080264194783725
1.5390625,-0.5192637606573262,1.9853673619336356,-1.2833584409937375,-7.477245174274358,0.2671695038040636
1.54296875,0.2781409762230803,0.2403872179014643,5.451009160874931,-13.39484168021662,-0.8661218687046857
1.546875,-0.5844249158629138,6.530640370623286,4.976979596985099,-10.506851643932698,0.6239438756838023
1.55078125,-3.481402472188411,-3.0192520665673426,-1.242554923444611,18.90197614361955,0.1956313725351417
1.5546875,6.041162153642154,3.5480529512743324,1.2488837876989751,45.34471978393351,0.30991818219909584
1.55859375,0.5876889556631195,-2.0036200603547867,0.8518737674397576,4.682460106295361,0.5399423047350761
1.5625,8.06473334403859,-1.8355137715738161,2.5909516926351253,5.503406022056297,-0.3550907009943388
1.56640625,-2.7263753846441023,0.531865344237703,-0.38489866711114873,-0.6186010473033834,0.4676844939260047
1.5703125,0.540725904941069,-0.7514816535153527,4.3979779588818895,-21.164970399743538,0.6054492024376745
1.57421875,-3.6463024605722674,-1.0608226465448394,2.7124842107807186,-7.072357906175844,0.3093377088369357
1.578125,5.967400412216943,1.4088127404794184,8.379207946148004,-15.721564934854888,-0.33233725878154474
1.58203125,-2.4724781106132996,1.405360124936216,5.32449923265801,-12.675713689360865,0.14451640962511872
1.5859375,2.322502751706022,1.731398976557235,-0.6707653775871041,1.7119067265639227,0.3810218424058652
1.58984375,3.0810942752795443,3.702661922059176,-10.015185838522374,-18.167452554196743,0.5854435785083352
1.59375,0.11787530623637683,2.289928994295054,7.5668790439454225,-9.314735961694518,-1.4983299780402366
1.59765625,-2.6301821449760925,4.208614490490664,-7.854645981695349,7.362334004691078,0.5934220906107136
1.6015625,-0.5084043873559982,-2.0851176932469007,-4.645409154303836,-23.74893822407354,-0.4615497879552413
1.60546875,-2.2062179887909568,0.9736324700065377,-0.8357556593577504,19.83805709371576,-0.8575693899114727
1.609375,3.346050470137044,2.3789788813487505,-5.95483959697131,-11.48614805854854,-0.0713916296747878
1.61328125,-2.6700727017685457,-0.9904263121668379,-0.8794379468210272,16.691987262599486,0.33683938820911397
1.6171875,5.338566373846961,-5.506505809496393,-5.931607579663437,-15.538500534146724,-0.5536753941531516
1.62109375,7.652695654666799,-0.05278459020744185,-1.3206170784247653,-20.57563902899511,-0.17031951420758568
1.625,-0.7104113815884835,-0.9980372271181066,-4.952950330982539,19.5298272772497,-0.5681211470021371
1.62890625,-5.43294711374727,1.5361642125335302,3.7434110326767325,-7.128547088757243,0.6403109391177271
1.6328125,-5.163901723653867,4.386249481426035,-1.4423283490774028,-23.38851299719947,0.3682449863557111
1.63671875,-1.3323522610999932,-3.057900844517561,5.441979488107028,-0.835708919662972,-0.736111077056071
1.640625,0.29357635198662907,-2.0067239944751067,-7.6255605159217685,32.125637654285384,-0.2340762980674345
1.64453125,-1.662560462744285,-0.643463830796162,-1.0217316148341657,-13.812648508973737,1.1330195725473629
1.6484375,-6.359253936633515,0.13811055556047558,-5.71066799576573,4.755961187857714,-0.16672611758707878
1.65234375,1.1894259798078288,0.7758594141842243,4.52635750475701,11.068170248047906,-0.863892040367349
1.65625,0.09662041107652723,4.843251491516587,5.564649176392017,49.1253287043688,0.402545618154197
1.66015625,1.2617293044766658,-2.750397315878258,-0.6540958008759881,6.134492092364933,0.024261892148796645
1.6640625,-0.14561651031402198,1.5863710536263556,-0.40110856565262765,-1.083083918769633,-0.0044863500865257675
1.66796875,3.8096649666720874,0.44085361772503445,1.0803040448888208,12.316948678696352,0.499109651354372
1.671875,-0.5036359841042115,-1.0570509956071648,-1.3556783427975474,-38.273150914702455,0.5890695694550696
1.67578125,-6.612059502698085,1.2359270850556898,7.672667412575593,-8.084326583288824,0.20014381385010138
1.6796875,-3.5986192968440323,-2.4654924974931207,-2.091440553666479,-14.476499143982782,0.09464491633389403
1.68359375,-0.45008422732984305,-2.6716603293299923,-0.015240595221698294,9.7039325425294,0.12017292460158442
1.6875,5.1151569845657106,-3.5609002194912076,-4.297355429904002,-4.535312210622221,0.6545226592503861
1.69140625,-3.0971186201759413,-0.8248508089954512,-8.713377862558556,-6.973246886658275,-0.576253725395994
1.6953125,-2.677942056623737,-0.32248869812480246,-11.943005274357082,-3.453584299557571,0.101315259601279
1.69921875,4.353587599627329,0.0914213432971427,-5.334442625007956,-10.18019163605372,-0.6612783341229432
1.703125,-7.783405811857761,-2.6488239791032826,-1.6161824071723676,-13.455552677460453,0.4546066204967111
1.70703125,-0.5266289648982304,-2.3884027165175454,1.710409946422943,-18.067082569302276,-0.1350348571131154
1.7109375,4.027332239775754,1.1095797852140814,0.9830688864074726,-8.244858785010644,-0.28303050291017395
1.71484375,-1.8289024154889828,4.81279686917429,-0.10892075053961969,-30.443905061061955,-0.08158523061130886
1.71875,4.758617396046125,1.7933154208917936,-2.920104350165279,-12.417218826011618,-0.0939302712684723
1.72265625,-2.394476897707513,-0.534268230155323,-12.731949915396875,14.639016448061973,0.6796383154022778
1.7265625,3.1874999942713855,3.0511416649388803,2.0867728225343436,-20.643870235056735,0.13539459596122133
1.73046875,6.5677315362066375,0.34526893219109805,-2.624171814051859,-11.03800384779991,-0.10371211361757529
1.734375,10.319931466655355,3.5443203659180638,-0.49613437955632267,16.257498270944378,0.2650035431121677
1.73828125,-4.7900566782548335,2.134100869313257,7.498270264046487,31.739926851703288,-0.9121704766244119
1.7421875,-2.926555438217556,-2.88571631099302,7.223133699253388,3.3694004940929005,0.43652612311183797
1.74609375,-2.6972764813174233,5.9445981916150235,5.599682378861528,4.094357556794268,0.16057077124668312
1.75,0.6921072290939084,3.3246643647911625,-1.361275464168986,7.187268573795161,-0.3154718462725597
1.75390625,-2.072033633980519,1.7637621237296432,1.6342661353464123,10.422046543561017,-0.373312837005744
1.7578125,4.0140081702996016,2.6529899384015767,4.940923958538639,-36.432624626744115,0.32561064943591156
1.76171875,0.2914679096779063,1.7550592129071034,-0.1494449638803923,6.424756557037616,0.8890164562704882
1.765625,-6.577446893867853,-0.21828356726045078,-0.7602877554571825,-4.950131871772565,0.5684769586150767
1.76953125,-7.063492966183963,0.8521786562909979,0.44478117160103653,-14.734598898667096,0.40821571919841365
1.7734375,-3.766750187102372,3.8211087366004732,-3.3877076698243176,-18.117089619459357,-0.7667987659470399
1.77734375,1.683857135896679,-0.6565728463697469,-2.3975557014695443,-9.540750727786751,-0.3007190525751664
1.78125,-2.3163242392687238,0.2726176998001771,-5.257684952490253,-2.681420704349918,-0.005347793012609064
1.78515625,6.415266521466245,1.9779415661481732,0.6365485432028501,12.551147544846604,0.5379871625855435
1.7890625,-4.77666694819369,-0.285148203082752,-0.06054676329121422,40.07017874846922,0.38331942228120747
1.79296875,3.8600920007175037,3.7062409843782,-10.115045045521118,-2.096902843570086,-0.5764693295002307
1.796875,3.5791291074137344,-1.0709837024393958,-10.020348422255495,-10.796311542345117,0.3096586226012258
1.80078125,-1.732316272615511,-6.292125957549768,-1.7350525732747508,-6.349607053443044,0.5498506730809114
1.8046875,4.274103980896338,1.158040554575318,-10.888856359728601,-7.690055084533223,0.06661287104806658
1.80859375,4.686896741096245,1.7270804275552267,-8.516910042617921,-2.9183263742154644,-0.6982393111759125
1.8125,-8.90071920342872,-0.9039773194002747,3.3341388629579107,16.08022188075666,0.9286185802745196
1.81640625,2.3722470407875256,-0.24222303449037325,6.487062616050276,-24.262629897688107,-0.15973858470250568
1.8203125,-3.1951148739106707,0.6532973136716012,0.5763645624995122,10.789568080919778,0.19151678149069074
1.82421875,0.04375142568603275,-4.027996286571757,8.973641676387517,28.745926597379988,0.04539030122887053
1.828125,9.938677617447249,-5.6180340726546385,-3.1675096351781176,-14.606280321015644,-0.8202575439903225
1.83203125,0.2898076733067139,3.0385603312679286,5.880333119800184,45.052019194503,-0.663972688070965
1.8359375,-0.7568819013361288,-0.3904617089265734,2.4400413032828117,15.553066530268278,-0.6199826209839681
1.83984375,8.701096666215541,-1.118910031266541,5.083078848802785,-16.070420030565636,0.48285488473436833
1.84375,6.305372927321701,-1.6005682796580416,-1.617075593953773,-10.290372722717624,-0.051266059467170964
1.84765625,-5.342147955708286,-0.4555527497898774,1.2994105876676696,-10.691015110309902,0.407669618658671
1.8515625,-0.5381810579723201,-1.5891035664407909,0.9365720131559878,-19.64634008427321,-0.418301718447412
1.85546875,1.0336461851926797,2.89851733541448,5.084448656393253,-9.519209743480557,0.2072405084457376
1.859375,-0.07901217389739729,1.4842158859339771,1.6109822071036635,-24.18749872130465,0.17622144574607784
1.86328125,-4.223798437384375,7.676445670855562,1.4940064552192924,-3.2468801599693418,0.5924083656184578
1.8671875,-0.4176378397161844,5.84317582070542,-1.9518100024828242,-39.96501330354264,-0.19670233517123747
1.87109375,-1.8384876228676643,-1.2892064376141679,5.1905301826853,10.792140112642597,0.028045625686195716
1.875,2.4705098185037886,-1.0614213384426927,-3.96546968174994,11.430010913946292,-0.6048529341449995
1.87890625,8.986815148666585,-3.621150094821287,-5.485472674997466,23.708055605579993,-0.15709673444203762
1.8828125,-3.0958553407657075,-0.8263556754444177,-7.986511546636072,-21.38277656447101,0.21891284496912036
1.88671875,-1.8164626254230887,0.01213147988013984,-9.388312311806647,-6.893719829546971,-0.7286593338824998
1.890625,-5.3748487034379435,-5.129599495684919,-7.5634565183544,0.04567555945352009,-0.2269882267729175
1.89453125,2.804056603967952,0.8512026828380023,-3.6435232338964827,-8.670753744191128,1.1561467360507287
1.8984375,-1.4728789332013157,3.658569783125319,-11.696899434998855,-11.674155897486976,0.08918184636752961
1.90234375,-0.03261590277195243,-1.2088763064921135,-4.867471092164866,-0.0915961779757879,-0.28395938958919514
1.90625,5.165034542254171,0.011810761559274425,-7.8580139588210915,-52.91726769577338,0.9117833738802348
1.91015625,4.398316732254758,-0.1137397080828679,-2.3456485423232487,14.627080858730682,1.0012953967342768
1.9140625,-0.6800070520157002,-6.350105527535627,-1.2325814880570902,24.8039026115257,-0.33934183746805957
1.91796875,-7.069951824588077,0.7056262638039916,4.169818883301593,13.23135559003247,-0.017992106560408463
1.921875,-7.664878644841911,4.297597823526379,-4.042196074937064,9.352937646148307,-0.17283398855051776
1.92578125,5.321014650319267,-4.483397316648573,-0.3024830870584925,43.47269191989693,-0.49021852368095925
1.9296875,0.8958183988648102,3.569805124990613,0.9286337840615144,26.6297753479949,-0.05442119019536365
1.93359375,-1.455690241928669,2.0829293099630766,3.514590165313937,-17.89383196117209,0.04255938577121962
1.9375,0.5229656338915631,-6.669216483912902,1.7738477927799723,-21.6138800313173,0.42091419259757396
1.94140625,1.925010394211849,0.5982508858949993,1.7989745765206595,6.351558948615033,-0.33617361681912206
1.9453125,5.094477811263772,-1.2077172853144078,5.440652675868257,-15.674348237232845,0.15401713506665984
1.94921875,1.199113264275777,1.7384963166366125,9.581521429990893,-8.44044763307627,0.8838219920227329
1.953125,6.094215701008887,-0.662817510785946,1.34225128864046,12.652939545848561,0.8976749826410683
1.95703125,0.70574529058432,-0.22775386024955482,-0.6752461225860928,-7.064481224895408,-0.8505821370336318
1.9609375,4.449611046345496,0.9392652659815653,-3.163378457301735,53.713488581659156,1.1304245996663642
1.96484375,3.736236290510545,3.6778201498516143,-0.6632404907882343,-4.198615932578967,0.982763652245048
1.96875,-5.933276311930301,-4.109582916577333,-5.286548690995112,23.265834954279065,0.816874631796984
1.97265625,-3.6731898271722905,0.6881889827813173,-4.814005137620187,17.900991487345614,0.9283768331980519
1.9765625,-8.274421780412908,-2.3109821374329504,5.033639702863155,-0.7570606642325746,0.14158548708678884
1.98046875,-3.014419698162431,0.5982722735174624,-1.085387269480796,-13.747079533354517,-0.6377167192894706
1.984375,4.518077059268018,0.3928975871373382,1.4299112405235794,-22.339577068009007,-0.30373898096595886
1.98828125,1.8720358186410868,-1.247470241138882,0.1144296025148992,-24.451845598379705,0.06141521971934716
1.9921875,5.277259479026505,-1.3746641884927597,-0.6040747606616501,-35.574077126381454,-0.627652845877076
1.99609375,2.3060593904812348,6.283382170773722,6.01744347222024,-37.91294828738972,-0.5819155087738338
2.0,1.0900608592646963,4.340406232698832,4.4097324496544505,2.8382942179164274,0.17493957926545595
2.00390625,-1.0504372456775222,-5.734528500040761,-3.943334152617539,-0.28574317605476285,0.5383967715368012
2.0078125,-3.7758510873553575,1.5158400160851029,-1.3923440957296147,31.72775876797948,-0.6022139360390873
2.01171875,1.9611940729397175,-2.4459525791699206,6.519117564751593,33.52645116948132,0.595586165011705
2.015625,-1.1554307159526114,-0.6095574327404234,9.457092446643449,20.37535788450404,-0.8975296084199481
2.01953125,2.9588820829925693,-1.3800691375880882,-0.7720786932069124,8.607223073870399,-0.8067433566138601
2.0234375,-5.833635732731185,-1.455728597127151,-3.0004065687320405,-10.236322803968557,0.42662678854028063
2.02734375,-7.027683088773252,-7.139973024399586,-2.2103494621544675,-7.856482639838093,-0.004154991585490144
2.03125,-0.792064914750769,5.086697014384663,-1.2619093350113482,8.946318028887577,-0.05531220713156271
2.03515625,2.510817098723908,0.9395543220276941,6.996274584825493,-16.608405910355117,-0.34178902571267844
2.0390625,5.2811272730807355,-5.838152297399473,-2.032457229973545,-11.001796176443928,0.28465495133321633
2.04296875,-5.131671667288271,-0.17792584784173898,3.041214326708346,8.180966379550291,-0.11325985062116099
2.046875,1.6603642573203776,6.039077537877519,2.041442330457323,4.935955634660589,0.21944439227657725
2.05078125,-0.9694653744916799,-0.3640981148791267,-0.464013476840923,27.24507004937793,0.4728293935948726
2.0546875,-1.784100616867218,2.9435029422147077,-5.701748289631885,0.4522932510038338,-0.20410767064617455
2.05859375,-0.2016536355669773,1.2898570911875762,-5.887198752955814,8.968186571418192,-1.0039511539180008
2.0625,-1.3436928084539015,0.7708968080928258,-6.231500888988133,22.25143674257825,0.46523497595429936
2.06640625,3.4854924104700307,2.1717923940640667,-1.046340335460594,15.265072336083529,-0.28771909973357246
2.0703125,0.14246704716434253,1.883895224030262,-0.3566630670669344,-12.168501500978927,-0.25442001012736326
2.07421875,-0.9427694992548681,-0.026255816022862456,-5.843239437555732,-5.718478416191785,-0.23143518600923688
2.078125,-4.868075511050577,-0.18014717517736958,-1.0619839027578937,-25.168928898354547,0.44207892075315747
2.08203125,-0.8089018512902425,-1.8885916367477158,-6.3166812188854955,3.821296848802872,-0.2184685823520093
2.0859375,-0.5749757841392737,-2.9435456532235045,-1.2017141222701893,-22.94550682621502,-0.6056132102586143
2.08984375,-0.11581472553101357,0.173963856608415,-0.3764324586240073,2.880077115838167,0.31249230167896697
2.09375,3.3038451818696752,-2.6059399735625663,-1.2477392334255646,-3.5082081382302546,0.7061346172030666
2.09765625,1.5711477720603317,-2.099849860413851,-0.5943862481822484,-3.1987685307715488,-0.33886412275710615
2.1015625,-1.5479110579108881,-1.9679620249091512,-5.517582842922364,17.312139860798723,0.21852893192073783
2.10546875,3.7847473749078424,-3.300693546818786,-0.4600387886441153,16.871624678183633,-0.10597852640720778
2.109375,-3.0362472227468036,4.8162414663697115,-6.946521329567997,-7.085907163308828,1.100034137375454
2.11328125,5.928368363170099,-1.9302395789328046,-1.279131127038596,0.318843019752296,-0.9321954164344226
2.1171875,-6.494167812193775,1.8681116456601643,3.433222179720679,-13.748264206377957,0.864165551684347
2.12109375,-0.9809507000349641,-0.27564283878075047,-1.0557031311882534,-25.452406783969465,-0.13214899009314318
2.125,-0.48167707150678934,-1.7211979134450086,8.485723172109061,-9.162204702994558,-0.18678818953935575
2.12890625,3.083321812017297,-1.003767766589774,-8.60912027499677,-4.542460586698849,-0.524296122575823
2.1328125,-2.208018974024654,-5.469266516341282,9.628489862464697,7.2740568756247646,0.18892680262895523
2.13671875,-2.928147239037203,-1.8303219381091582,5.02419781436937,32.6167930545388,-0.046020846983443275
2.140625,0.20641439684958468,-1.1996907894198854,2.29941993770832,-6.15438553134015,0.1624331909465061
2.14453125,-0.7281546184876467,-2.2267017679303382,-6.037808393906847,19.98503165269179,0.1276981929479124
2.1484375,8.040777559719318,-2.949586829067955,1.4362447181370537,14.827874736978318,0.14427882145272117
2.15234375,2.031097155344055,0.8965778023299209,-2.1172409583305356,26.532249359702398,0.2298366514099136
2.15625,3.4269333091037524,-2.703025994534585,-0.9314270615713696,12.989745240471798,-0.5156515072732464
2.16015625,-6.873437002949644,4.7935606174045615,-3.463652836472428,-12.645060854083694,-0.34329549583824853
2.1640625,3.290481577350373,-3.441497928336843,1.815681104789026,-42.98785565603809,0.18966668905724832
2.16796875,-0.09159617956176877,1.4371902720732446,-1.3182639476254168,-7.792794437842977,-0.09360288798784921
2.171875,1.250948654024303,1.5236169822691203,-4.378606161033785,-21.665039554643393,0.3199364607626253
2.17578125,-3.6952715959059956,3.1000340413944376,1.711963078661858,-4.143522517342007,0.06891740269922234
2.1796875,-4.6234997758225385,6.776158965466287,4.391204472571583,-31.056268939967932,0.017175291744059438
2.18359375,1.6044818613159502,2.308770499724018,0.7146530247035903,-1.1768524268965361,0.8315362135261662
2.1875,-2.861606491778862,-4.489052923766372,-0.198946217342725,-5.064438186753369,0.25328384077404226
2.19140625,0.9293163986533484,-4.385885919684747,-0.1650027891968422,33.117066232159935,-0.416344850453056
2.1953125,0.0792992339125803,-2.266364625265953,3.8414038284782404,-22.9105625142459,0.36895263810333223
2.19921875,-1.7174818785672124,-3.209287844175696,2.659243466411561,8.5080201934265,-1.2487561625609835
2.203125,9.917097213023373,-0.10612852967140524,8.19632691602602,6.749499426830294,-0.34389384207759244
2.20703125,2.6745579484306665,0.8322307534224445,4.479206839582519,-11.929686632979344,-0.6253814794324619
2.2109375,-0.5425679730509126,-4.360333833954257,1.2931023584900496,-23.83121118291244,-0.7476939575909991
2.21484375,0.35808433011959867,-3.3782075583400646,9.899087521792541,-11.207919442885457,0.9928825141975907
2.21875,-0.15249158349035874,1.0922839410676715,-1.8248992613232788,-43.431078231812904,0.1890133793829522
2.22265625,7.108438843030314,3.002572779996071,1.7176373442575241,-1.9144733594349033,0.16785973519047095
2.2265625,1.442996049092658,4.355725421761607,-4.838924835876473,-0.5793996633481627,0.9199551874587987
2.23046875,-0.6028232776970828,2.2596599241655997,-7.22209458450004,9.811818550950012,-0.31552398986898644
2.234375,-4.336208672304731,-6.614253572884057,-3.077057612852524,26.60180627005927,0.019450568507926865
2.23828125,-0.3692455275814401,2.9396618011484357,-3.4536135901758476,11.969618752726497,-0.46268173858895806
2.2421875,-3.0321407165915177,1.5669763171856637,-8.73599542919916,-6.519883588308936,1.016130173144748
2.24609375,0.46366570637945276,3.9568641831563465,-4.237664307123072,-2.7116008051178566,0.37318676580453986
2.25,-7.555336415154517,-4.668611008765589,-1.7225106967215689,6.704797585108308,0.6781274326118233
2.25390625,-1.8775257203815046,-4.94266555933745,-4.919772648830577,-29.805873438553327,0.16091449054065024
2.2578125,1.9944098142538003,-1.8764084817721556,-6.1369886235993505,-47.415199988729825,0.25059604652420475
2.26171875,-3.959745889962356,-5.275184308882859,-0.414950896058472,-39.106215448570595,0.7774977458565904
2.265625,-2.1538443402033556,-1.9936309177084683,-5.770778123574568,0.050590861920500885,-0.38726237001718816
2.26953125,-5.962135952858078,-0.10700811282301068,6.812887301212698,4.232110941257461,0.3768904011054137
2.2734375,5.042577980327178,-4.168971577135029,2.0012117840541217,-36.910604121511355,-0.6561733031996396
2.27734375,1.0689730451411694,-2.8053340776623843,3.111701216932731,-1.2699031575541504,0.18875331719755295
2.28125,-3.251280685666119,0.6571854163177753,-1.7701691548892349,33.12398341768521,-0.1902033551610675
2.28515625,-4.411699177131565,1.1444779694981424,1.4595520885210185,12.051297008691867,-0.09433173423320464
2.2890625,-1.8010007058615563,3.3643797689055797,8.158230988191622,10.136993031286776,0.8978945668311167
2.29296875,3.0135163873974764,5.174519584631879,4.584440462000818,5.693642692117603,-0.05743291235433732
2.296875,4.674512882535109,1.8055871910648478,4.4420482377567625,-7.439935563023425,0.3364933906984572
2.30078125,5.30297974983785,-1.5610340194985386,4.576761635765109,-8.99330221782153,-0.6676532715213416
2.3046875,0.9707751746086137,2.510369415497623,2.64594556471572,-26.975201298909134,-0.29101761769787676
2.30859375,1.6958050693677136,1.615738589403744,0.7955344362377113,-2.199956546127657,-0.8895434817032705
2.3125,4.960788080408669,-1.9165986935797628,0.9687716805373058,-14.227814030985622,-0.062272273993021716
2.31640625,4.892055363428007,-0.8182902841883709,0.26897493741301004,-9.241756878061194,-0.22884417977915647
2.3203125,5.909779808702388,0.3998600668316964,4.288052876086038,-3.379966665293118,0.17434377321836217
2.32421875,0.6421412729827995,-2.4061261974443893,-1.7934115825333896,-0.7718262354040348,0.49662584897177536
2.328125,-2.588448673956954,4.9272246786452545,3.1448098097439323,5.963275875273419,-0.4296579574528914
2.33203125,-10.40505394370018,1.8371466938615058,-8.099639678975617,-4.577666964957487,0.40772815887080427
2.3359375,9.541572092310782,-3.704852706063267,-7.208517271886157,-1.2513328513619495,0.8108394804362512
2.33984375,1.6737802884137116,0.32447980265306287,-1.1994900628977994,21.805104324936405,-0.5563520340590454
2.34375,1.8960956008019332,-1.815091167349697,-8.602209259765997,3.596103496444072,-0.5696087119914702
2.34765625,5.837143585159426,-1.762525033101155,-0.12756246098358615,3.7174820024520177,-0.6999354177500027
2.3515625,0.049913751915212766,6.2232818313925735,-4.377361460445934,-9.075478171113382,-0.40175998259460305
2.35546875,0.236841820691184,2.2874430544834032,-1.3529887932472588,-22.780480639479947,0.6078961007117981
2.359375,5.166003030385396,10.51368027893468,-2.800220883517468,-32.40520363465747,-0.8337505088831162
2.36328125,-1.4272192933541232,-3.299939284622344,4.906747419731275,-2.8855279162264136,0.8586147930047838
2.3671875,2.836563912748444,-1.2308327016131022,2.327830932959688,-5.981827135933611,0.19980390276261503
2.37109375,-2.551575779304419,-4.528284055733815,2.5253007056740566,22.854694132963804,-0.05632204325643517
2.375,-4.512579400401084,-2.829982949476315,-0.3387781450152154,1.920286916654229,0.18554622369294385
2.37890625,4.021522214762612,-5.5690700910495465,1.2636637057222204,19.505976904109367,0.679577021337869
2.3828125,1.0097987941777429,2.223792034182682,3.3456746250565574,-13.835125805730375,0.11343631659760456
2.38671875,-5.278975719070333,-2.7090647557802745,0.8394032640322049,-20.48071838361648,-0.33591330617030096
2.390625,1.6179769478989103,3.336850521904201,0.15987002120024796,6.7357890455396845,0.24765656912461054
2.39453125,-0.6554635576431214,1.4894772252377553,8.059155057925109,7.30618167419361,-0.060636306609850796
2.3984375,4.09623251136954,-0.9039118737625246,1.1458414574883005,-19.106362509540666,0.048402560793444224
2.40234375,0.770132358343597,-0.2895963923946715,-0.13882131818142107,-13.99273944505066,0.3625960911986278
2.40625,5.915356711027391,4.024916908531877,2.1638026484849084,0.33194495882580277,-0.2578074922768498
2.41015625,0.7243111604481332,1.6504185799458146,5.7169754421534265,1.5485241693414906,-0.7056060775834115
2.4140625,7.336202295086576,2.7471589355774753,-0.3422285764825427,15.056662997733643,0.09439664453603083
2.41796875,-0.5587140301862845,0.9532293061130581,-0.38692972435202155,20.601706422299667,-0.07462799223927505
2.421875,-1.237747485482885,-2.4015111749253326,0.2137052559364654,17.31510643988561,0.4934337631563041
2.42578125,2.705361056036955,2.7319707910526123,0.16366103189532533,29.31655024022671,0.5177193058896137
2.4296875,-1.8822387458331755,1.9744740463188495,-1.617411908488903,-10.295559094896245,-0.3945134433005671
2.43359375,-5.4143223731873285,0.880407946569489,0.43553996557529695,-12.225109189115988,1.1811224425729363
2.4375,-4.550450816021365,0.34551503165337266,-0.2117495749548448,-26.157770398423754,0.3339519969886609
2.44140625,3.1224920665936162,-1.4804360202150233,-11.722818532773662,-0.6735833645584055,0.5883005691901444
2.4453125,-5.097136611494455,0.38936366516692267,-9.804622808368613,-37.75606984074342,-0.5289541401553545
2.44921875,-0.1494315177866719,0.9629753687442285,-4.684401050355455,11.739172822451916,-0.6398224205800304
2.453125,-3.677812601795399,-3.9472989781454033,-4.8223560477706435,9.971353475775409,-0.3320809692983313
2.45703125,3.242485482221908,0.14669665618435201,7.128883762520685,24.30559518222755,0.8170425587209168
2.4609375,-4.192323277753246,-5.411594575015444,0.8114306315665107,0.8878655484732096,0.013376465538467193
2.46484375,3.213525262932359,-4.750089670348822,3.7134029362943224,3.3241374178271013,-0.5277191090350989
2.46875,5.91867194851872,-1.2283103778012834,-3.0415760150105466,-0.33990394105819277,0.6751738114132333
2.47265625,2.2270505593417065,-0.40819879361893513,2.7126224624414017,-4.414991676113617,-0.3923986446987377
2.4765625,0.8070463442447637,-1.36816353930816,-2.408738502527541,-16.39463704371815,0.6437832729437288
2.48046875,2.4790841225441143,2.366841202843202,5.266138843332506,-7.021993523693119,-0.034054168310883585
2.484375,1.1725200068289041,-0.07925803744329377,0.4394720961244265,-7.26511605628063,-0.6650359263449631
2.48828125,-0.7965646864786152,0.8005047293652128,-0.6593474418104948,-12.15775778096945,-0.23453102072741058
2.4921875,-1.9817042361539663,-5.766308340982124,-1.722785026620165,-28.223720323756744,0.1988419845850386
2.49609375,2.081072490926426,5.212721510872486,4.2579397038661115,-37.277038993304956,0.03668191261976319
2.5,3.5172760248450965,4.412158386597688,-1.3490322387079783,-7.5894200925970745,-0.5311271545466131
2.50390625,-11.229007063809352,2.447373245859926,0.44602713005789396,-0.7142892210301834,-0.2107563261069706
2.5078125,2.9414053825160345,-2.2279081694585496,-4.245389612181828,34.48055316868695,-0.23951690474226384
2.51171875,-4.01052950037094,2.335079504232254,-3.816856595745944,21.786764354026186,-0.5021952802196284
2.515625,-2.1527552666109933,-0.4073669340776257,-3.425270332770618,-4.2708035331091825,-0.08062475563908028
2.51953125,0.842005215809432,-1.0078465244124173,-6.87890703964351,37.644391026274484,0.22301751152211263
2.5234375,-8.113852407658195,6.546101402858163,1.761290518249392,14.964453163439517,1.078152855720473
2.52734375,-1.3858831553260746,-1.4284217422004968,-6.3193281861583035,-21.94317423077112,0.46750034698142684
2.53125,6.3226819878306175,-4.006091182376795,-3.94832636164995,-40.07591072207052,-0.699290930815746
2.53515625,1.0235706740340993,-0.5491984876764525,3.09440149125228,-16.85085403273041,-0.2826073009929262
2.5390625,-2.0075589657369353,-3.8558353332219735,-3.864941897331164,1.0528153776058318,0.19975599863227955
2.54296875,2.382967638709018,2.767972603938317,0.3845419538985916,3.85008907502033,0.028108752379159926
2.546875,4.290203525535174,-2.4282760737101654,-5.2812902111807745,12.444467565692158,0.00035132950229901043
2.55078125,2.1510303978049166,-0.5073110827313033,-6.372198677000643,17.479485863979534,-0.001023637917020536
2.5546875,0.5881966874952143,3.05692101215811,1.9646267176938972,14.403815011022807,-1.3095827763507264
2.55859375,-8.650669304893,-2.8581629945052494,1.372792675343549,43.457767555936044,-0.3159455704525743
2.5625,3.8880341896049693,-4.569724743588141,1.0893057785964309,4.383000518691317,-0.6167339085179817
2.56640625,1.6166413616216908,0.680607317047136,14.265482363414726,26.25288640420206,-0.304380918764725
2.5703125,1.5251080008189788,0.8148352894782434,6.177832209971877,-59.1224008198252,0.09504864643667667
2.57421875,7.201228298110725,-0.7594820064819783,3.7793394123724804,14.439289634777719,0.5142485730957612
2.578125,-0.18759066383275214,-5.249610706548921,-0.39148242588797677,-25.811809173761617,0.4865629499764185
2.58203125,-2.938328621720865,-4.631393308761744,3.4062688904234886,-25.087796437250777,0.17028306306868252
2.5859375,6.658657452678114,-1.1880336867284376,-3.194678133098223,5.3165799232321405,-0.029171088784482567
2.58984375,-4.345809979949159,-0.5604858355447225,0.5334492710047039,-17.44538380621961,0.39910398432491573
2.59375,3.9274481844272526,0.32571599923087297,4.235241128388326,3.095276929319137,0.6838868269221682
2.59765625,0.5005401445823817,-0.20336107612178658,-2.8776543803731354,-13.343021922965791,-0.08685704550623645
2.6015625,-4.858426654016352,4.352475107288846,1.3833345485093518,8.794941113871133,-0.14159370859999587
2.60546875,7.483938806365804,4.09625430481102,-3.193294617303557,24.701900329549254,-0.14545713920990902
2.609375,1.4867246237170892,-2.3863031009460838,-2.377594622370729,22.01825653123111,0.8897040101756265
2.61328125,2.135107236240817,-2.5184141698463254,0.7068103593912212,7.343785269337385,-0.8775353358639356
2.6171875,-2.8125330097495804,3.3847855713498456,-1.352933077433917,-9.766299252732347,-0.8665491303159113
2.62109375,-5.846046768448842,2.3378646936752414,-3.2454143895675975,30.32394813960455,0.0020905165506433306
2.625,2.6707745805986347,3.9680574820130143,-4.467271119221877,1.122455459871544,-0.6845920475832243
2.62890625,1.5754028298157823,3.5058815110144823,4.630325518688158,4.008918964085305,0.5961404204551203
2.6328125,2.720531219157985,-0.6103622067022565,-0.5685683565670723,-0.23641441611191993,-0.4255831923560888
2.63671875,-0.6367830240756119,-2.2272173700211293,-5.488588488636376,4.749666417149131,0.27225270407807356
2.640625,-3.0843899690490204,-1.946512106341094,-0.7467358976917089,12.243636096194948,-1.0350322291676566
2.64453125,3.9585344386793513,-1.5578048701886906,-4.996162813391846,40.39188838112538,-0.39699311094590545
2.6484375,0.024971877835178687,-0.2912182883843547,3.322531082720425,31.655281448484786,0.3647279361220177
2.65234375,8.01015593776786,-1.4739084601264532,-3.040854375441217,-5.078909425015254,-0.35734577165778664
2.65625,-0.3258454500277103,-0.6371572732500228,5.829165432118206,-16.705518549227975,-0.28045415347086183
2.66015625,5.566674133263723,0.31130454896456816,9.244089597748047,13.242726972505352,-0.34552735857508016
2.6640625,6.357543811287368,3.231247219342457,1.2203999261156044,-18.37464561606422,0.562382262054982
2.66796875,-1.0236249439165035,0.2666050389424436,-0.04000917384937219,-1.24121835742468,-0.6564752586203284
2.671875,-2.2323136336269815,-5.735561676370913,-2.1619139974261805,-23.91448448883178,0.18111741826761293
2.67578125,7.815133085410233,2.153907774671417,3.432668609666353,-14.867824384353376,0.5574791090294806
2.6796875,0.9985498633662083,0.6240542433013736,-6.406392235532961,-6.5532583980068395,0.5603787718197679
2.68359375,2.202530410664564,6.279277226714978,-1.1043007586150373,2.797068966205654,-0.11503480107084924
2.6875,2.5126153629576713,6.136432560694415,-4.664765714469287,4.985822670185957,-0.8156008623285257
2.69140625,-7.234548264798111,4.296573923478297,-2.5534679299348344,21.406130544653635,0.07337771290121164
2.6953125,-5.389773216352568,-3.500360677333199,-2.3815952612088793,17.811134136824236,0.11022092130155224
2.69921875,-0.7564855454145273,1.189346418791426,-2.760164230194724,28.908427083922305,0.34240320305748717
2.703125,3.824728865987329,2.8761701021319985,-3.813622792720964,-19.16131746581642,-0.26600473736663893
2.70703125,4.949913944980254,0.8180970491655999,-5.239173039941198,-38.03729465522359,-0.18046260040355253
2.7109375,-1.3778204952708113,3.6279872146242407,-2.1476745490901714,-22.91278578480081,-0.49468138093120306
2.71484375,-4.43467901942381,-1.2100703176405885,-5.905458437478179,-1.3041872658421791,-0.08277539876246345
2.71875,2.757423099110367,2.554621599321008,9.341546773554684,-8.592966676304464,0.47460593683006846
2.72265625,-6.0474114392029605,-0.8996658599953452,-1.5560114099273545,0.41179687151955946,-0.45256545673574616
2.7265625,-5.389365948254769,0.2143310168784378,-4.408867308040537,24.167496981356,0.09538120825936194
2.73046875,-1.4362210018237689,-2.7850753518553875,-1.2857005811866378,24.740722518934252,0.04547097360794198
2.734375,5.742054538503958,-1.5045732444136561,5.975491792939664,-12.052625608019664,-0.10349274114914178
2.73828125,-1.4947869931648208,-3.360885935646964,4.723934358440925,0.6007003263970265,0.838752270326746
2.7421875,-1.833038163124938,3.3005520703590188,-0.12575162910901216,5.162135653124046,-0.6917460872985066
2.74609375,-1.096062590619423,0.8122408223076312,6.051280811181911,24.700869048864227,0.9635100333461286
2.75,-5.943448369173735,-3.1639476560036845,2.2667833617036877,-13.589699597392693,-0.5254194398813694
2.75390625,0.036034820165141666,1.2998765190751458,2.4971111050751307,-12.025906335978725,-0.515712241996903
2.7578125,-2.663282859662361,2.66066803879574,5.305143584466693,-24.69824463176436,-0.02519011328796302
2.76171875,-2.8792225710205113,-3.325049282246264,5.088465878387936,-3.2289264682515775,0.4533667473632707
2.765625,6.0664434096589135,-6.713229317881654,4.069927386149347,-14.516149863432023,-0.06237733862292979
2.76953125,1.8362540208386475,-1.1633422779281564,2.030573047191262,-5.612844428609763,0.21609361040483088
2.7734375,1.8796311988230021,0.4779280531542887,2.5962151267720714,13.013257151385996,-0.4893710998133349
2.77734375,1.379387614752709,4.052726233962877,-1.9311001141367603,23.380422726944353,0.7946573741039634
2.78125,1.1059310115354983,-0.6578832058381746,1.9139541064213015,-2.1846600103042597,0.6258657928055945
2.78515625,4.222958086779314,1.3721785703593041,4.6355630670262435,4.064757362838662,0.6105312323985121
2.7890625,-7.285926163648652,-4.991659664395369,-4.2994363736523065,48.058120231898755,-0.07216078248065017
2.79296875,8.063146513244998,1.436197586020299,-3.685668176871161,12.364808006925028,0.3298008888617806
2.796875,0.7635530378840748,-2.8577922125901605,-7.831297493337336,-11.841808073333672,0.12674239716323457
2.80078125,-1.9808868033230929,-0.15035918495145664,-8.623527242475813,-2.9739688852904678,0.4040490397737309
2.8046875,3.7767352368925358,-6.634210114168262,0.6421405794036934,-28.897591553770628,-0.47657241977493453
2.80859375,0.22872861970168687,0.16557896975787442,-2.5848120797629397,-16.950379199912746,-0.891006598139317
2.8125,2.4341241666897346,-0.9089166269255544,-9.601564363985569,-6.523013691067797,0.49119779456727364
2.81640625,5.040342791158991,3.2836250502944435,-3.5638510392541107,0.8388120176359899,0.0992890789322636
2.8203125,-1.5315885414394987,1.1728752273549963,3.759258399775658,-29.042814842113142,-0.48679296518936044
2.82421875,-1.271772812190854,3.718639650810119,4.274553557934768,-8.078481632204468,-0.492378298777436
2.828125,3.021126856033002,-1.130670344651365,0.29003920567263086,22.52494106103773,-0.09585040915289963
2.83203125,1.3596303107906111,-1.3465227967539253,-0.9265353397901763,28.784051029507047,-0.7388860907940181
2.8359375,-4.868346699614601,8.649095096184805,1.232086137361548,-8.822133850189687,-0.8080743005939859
2.83984375,-2.4936002424481942,-1.0872507903893356,0.04418795445641832,31.64603486996803,0.18307583905345534
2.84375,6.1166112264078825,1.4009429392277897,2.5547009762887267,-31.76217167928865,-0.3754824878121246
2.84765625,3.3158873765279635,-4.609233487371086,6.2597437779254355,-5.768521088273161,0.09058667598681736
2.8515625,5.128993247873389,-0.8873522640255036,3.350245504787119,-39.40801778471686,-0.17838997176342247
2.85546875,-6.576655464499078,-1.36977591934113,8.860183149069877,6.305066013133745,0.40115920359536683
2.859375,-2.431811871930062,0.27719477244788265,-4.223280373103816,-8.9158996115456,-0.04997406306504453
2.86328125,4.625447724844154,2.78426377156849,-2.219548117794576,-20.955879350620553,0.3376483891102382
2.8671875,1.1897181318631667,0.23139463391996068,1.236259325990358,-10.529451689803393,0.1888634524527474
2.87109375,3.4688186343998386,2.6740859315482526,-1.661504837052151,17.150203119540272,1.1288353228960772
2.875,1.8297449448424645,-0.593064095248138,-3.0862227701749694,13.014315650876423,0.08838230447133326
2.87890625,6.503190169329276,3.440248767600691,3.2063148100337386,4.088580119027171,0.46245798126442705
2.8828125,4.6165264128789625,-7.807885988223552,-5.9134071558296695,21.961471151040115,-0.24600386166646077
2.88671875,3.5926752786549097,-1.568720428144156,-0.2830322339339184,29.329833505888022,0.050054713851685056
2.890625,0.5861992319835128,-0.22306564824047004,-2.0543107192256573,7.41077654418482,0.43683230580107585
2.89453125,2.6314414016954726,2.219337822872816,-4.358423685800547,-7.756723104148904,-0.37963321385282583
2.8984375,1.4282237480416333,1.270270917871653,0.7995893722466914,-17.874223068632034,0.7085231042367356
2.90234375,0.1461898810563762,-4.967797508128177,-6.944017805392334,-38.57860465306997,-0.25555183423777245
2.90625,4.827558070479286,1.921443754411612,3.565676918650254,7.208754446759075,-0.5969589310840453
2.91015625,-5.616764608995192,3.075650179681637,3.6321866003449235,-3.980163829364857,0.4025869274131328
2.9140625,-6.117327180154437,-2.4420467717814867,-2.632131047323936,3.6452975240826992,-0.14411108806666584
2.91796875,2.831855204250193,5.018296584903672,6.294425304999315,31.860854370289168,1.3636577239938763
2.921875,3.127804410568273,4.540281792177334,2.8206621024428644,9.707799530364653,0.6702711079569226
2.92578125,-2.135925606009295,-4.250229116895175,8.702517858675936,20.424020328720847,-0.5215184867858188
2.9296875,-1.022787969877988,0.8204626904531591,-1.7572324043245806,-1.9193816996982092,0.0623156690828125
2.93359375,6.912778379149956,1.1177394080518068,-5.887341984806787,9.228344299803231,-0.1493126352250096
2.9375,5.161505566465211,-1.1091233273946697,5.785623694103077,2.2027253355994283,0.2542353102608186
2.94140625,2.214360623177964,-0.10394320930092618,1.443606916412561,-34.996748646467296,0.2702478021434292
2.9453125,0.8299203516710005,-0.6258344113932455,4.072075522224407,9.541599350752145,0.25606284647286626
2.94921875,-2.053413521823807,-7.2556180697725265,5.840297130854772,-38.026769765090826,-0.0020923769910800487
2.953125,-13.631934151408945,-5.240009857556896,5.928572768282035,3.6945628157579056,0.23833008471783876
2.95703125,2.367683050079101,-4.240295185559953,1.2200482446514946,17.538665395768067,-0.19493456630038428
2.9609375,4.040247286842927,-6.20309606300823,3.76156468625257,22.421748532788694,0.4291939348659548
2.96484375,-5.485048840814644,2.353193895382793,3.7054070233007543,39.92654684639453,-0.24619548874967415
2.96875,-2.9984157393239963,-0.0298930316953728,-9.154563952466917,32.06245043131039,-0.6946116767449186
2.97265625,-1.988871264692414,-1.6276881406673134,-7.017861163052004,42.53620196315627,0.6612556104991653
2.9765625,0.6739838241212149,-1.4110057214623684,-5.593085902010046,20.437728468998202,1.1354466873707316
2.98046875,2.163373981429743,0.1164783036260727,0.04823407123591439,-12.92113353632858,0.6000022357569014
2.984375,2.2153787861114536,-4.715094518792563,-2.8172762332685624,-30.113738368410978,0.8675545475810502
2.98828125,-7.583335424680537,-6.277365315052992,-2.246193147460708,-21.01613126253312,0.32219645000037916
2.9921875,2.9821835821581644,5.712353861173613,-0.6500297078466027,14.57001055286383,-0.1955005827022869
2.99609375,-2.86052914486451,4.363051424135146,-8.049175971968157,-20.63106925565254,0.584070363854359
3.0,-3.872522322726029,1.4745755403284824,5.096715047950764,-33.28224293300894,-0.027903846409343697
3.00390625,4.868259472455893,9.154118373025593,0.8394897124830536,-4.903921086822674,-0.27409861253722334
3.0078125,3.2567029034730592,0.7786079776880948,10.226893003033533,16.249531931162473,0.8355281882391405
3.01171875,-2.9579915128985377,1.8562070249697513,10.539626120790258,43.844840736969104,-0.31569400404749526
3.015625,0.4541206760118264,-0.4070998073879034,-1.1051997159712825,-6.15033882552164,-0.11377739748520375
3.01953125,-0.5293655686089949,3.354991412691819,2.7976611944469076,17.858076443607338,-0.07860455872330888
3.0234375,0.43977152592927105,1.9619948405352354,7.706615769019341,-25.571727821315086,0.11113423443659826
3.02734375,-1.2394706738880077,-5.161216314614348,0.8802231094645794,-58.37514470798247,-0.3465874315893295
3.03125,-4.819468585552828,-3.959589366878112,7.295351183336467,-32.65510052633052,0.14015957035271398
3.03515625,-2.1499743071396584,-2.9197766786564294,2.4120388380462527,-15.097427109287633,-0.8914750590199366
3.0390625,2.1208095401033047,6.2921842123331455,-0.593209491749521,-13.789873989252861,0.5087893315193209
3.04296875,-4.808453764876401,2.243368290205524,1.44414320359729,0.9080058056428113,0.5295460557449259
3.046875,-2.507946635714144,1.3486483861513123,0.5080332435277999,17.132597216945214,-0.2761720490359146
3.05078125,5.3972992052974265,-0.2428897934210465,-2.281754752381925,-6.950268155791857,-0.3693888540097106
3.0546875,-0.14021852975523924,-0.13143750849337021,-1.8006085299596863,7.921185095555684,-0.39347757087634483
3.05859375,-2.409491894616951,-1.6800294829616889,0.5449347736817485,12.20606491896427,-0.690898111632447
3.0625,0.10910158445372409,3.157033736348617,2.064970421180061,38.10475356237872,0.13035880936334943
3.06640625,-1.5658026436985422,-1.4034015962132775,1.7507978772175523,-11.00412447894867,-0.008140103744020594
3.0703125,-4.22616251786302,-5.400925853221732,-7.242490447286903,11.753695340162952,0.3491687836138631
3.07421875,-2.666686507078933,0.29709612712166944,-7.311511675612102,-21.11378978263947,0.029899944038873586
3.078125,-3.900930627169845,7.256142067584691,-0.8632482892701274,-15.001469999548371,-1.0289215682673483
3.08203125,8.19453823726746,-1.5416121598758896,-0.5844387102703064,4.016481648160477,0.8466356341322168
3.0859375,-8.39613982742676,0.48169850473453113,-0.08084858771092462,3.989724521768041,0.26279913281205125
3.08984375,-1.2322937290180664,1.7542571865299055,-0.004765921956436547,26.85512663327149,-0.13413613304899932
3.09375,5.604605323112625,1.3309392679088436,0.5930959699881667,0.07146716385272267,-0.3409283717861231
3.09765625,7.7476698281461305,-1.7908512164572747,-0.6062093938411872,0.3275879964065531,-0.22844881724532262
3.1015625,-6.0769897114856954,0.010312996529051453,3.588199861698449,-2.6432984300673112,-0.6278240798989053
3.10546875,-12.282530494454592,0.11812952607974589,-3.600425490974215,41.18005623647332,-0.6042938821480089
3.109375,-1.965530934907307,3.231982283706506,8.39323999007235,13.33000886695499,0.08682962676919428
3.11328125,-1.154990666589505,-0.7339309834183859,5.1656436495092946,28.85600662456127,0.7825677809376412
3.1171875,0.06301975402678128,-2.235846033257824,-5.219150809598419,8.603148991291102,-0.7904191214609713
3.12109375,1.58212140604208,-0.017388070900222204,6.714828326094606,-21.404514513429497,0.2083063426634428
3.125,4.887151376730391,2.4180919645001318,1.9827710124309945,-4.813040023590613,0.6900618665536595
3.12890625,-0.31863174221156587,2.0313593159030576,0.6907912093180075,-34.81733680406675,-0.7346704079712074
3.1328125,1.6464952322171964,-1.041221871123616,9.814869952935117,-17.792978646214948,0.2898742102369966
3.13671875,8.9687622421524,-0.06137203182983448,-4.518480106252792,2.935290595803166,0.7077341425889255
3.140625,-2.167259374499225,2.1603159414241007,-5.083903011119753,-27.351460622044662,-0.10519568088045209
3.14453125,-2.7580610142711772,-4.161725672229312,2.88106776930699,27.143866184440512,0.2597407894300306
3.1484375,-6.420361286937751,-3.8785477596478355,-1.414334235865859,-1.1860330902489657,0.7527322475416304
3.15234375,-1.2823940466316528,-6.944058881506624,0.24544362442237322,31.21324187598321,0.09006611206031301
3.15625,-2.418464936597684,-0.8516315620134498,-4.6230780964692695,15.009249414803701,0.5406134896682752
3.16015625,1.036934996482275,0.5428412953783874,7.058600063131063,3.751637457055625,-0.07157624832784629
3.1640625,-2.416296121301695,-0.5457545394770239,-4.137214099536354,8.24139894264887,-0.4373251550671218
3.16796875,0.12626082426944443,5.019756500122775,-2.616518238941694,-15.811711360863718,1.0957922669577822
3.171875,1.9746108735109997,6.610896134045393,2.263968108178158,-13.113788829936551,0.402710336200052
3.17578125,1.8384376794545412,-1.7506341636279998,-5.11983761715897,-9.457523124508223,0.3146226843592332
3.1796875,-6.777608658138609,1.099707623580589,-2.1810921528540033,-12.94636969027514,-0.6756308869723071
3.18359375,1.3790014728227635,-4.601381624275925,3.17922330943123,0.5755537992217379,-0.4849773719444731
3.1875,3.581424767706051,-0.8814777052439592,-1.056964259020027,5.527383131035312,-0.16204770430615623
3.19140625,-0.19684869346090594,-4.2450659341228345,1.520674946105276,36.86339846203177,0.18240897644492776
3.1953125,5.099818476801164,-0.06703546349661389,2.1359227035005994,4.447530265311485,-0.062363695940734015
3.19921875,-2.134671640354597,7.406486637747388,-4.013966937311174,-6.346400713668082,-0.16950681099190334
3.203125,4.3388711572767935,0.5075462377294724,0.7408189237091389,-10.570597291547102,0.1656018924584573
3.20703125,-2.2883080519563377,-1.7830163084272317,4.0811875886846884,-7.467323359418278,-0.49111261879851714
3.2109375,0.6000303949395028,4.6988771015470565,6.407434091854551,-35.79045101365351,-0.3881978140734806
3.21484375,0.21701377902558114,-5.324377723836512,6.262412999313133,-15.065475003615179,-0.477022005918719
3.21875,-0.7794493734275938,1.3055758142375926,-6.807001166163939,-10.962313692000517,-0.8857409085372139
3.22265625,-3.8840393049000617,-2.3468512533629697,-4.322186118077936,-6.988606587171064,-0.08738397693383657
3.2265625,-0.4813969600804411,4.616883760272847,1.738531053940731,6.307259150064755,0.8405968102164463
3.23046875,-2.3829917069570676,0.7943547701177855,1.3825412286683232,16.76932757721592,-0.09080827131672449
3.234375,2.483078912851348,1.453829269897686,-0.3372703446805809,-22.42606720364789,-0.8856697041482631
3.23828125,-1.791709502833511,-3.302551145125995,0.7431697152295742,33.933371194117804,-0.07357921197845338
3.2421875,0.1842632941231931,0.8600936599984961,-6.358101342000009,-16.25706682087379,0.9072782922547667
3.24609375,1.0622724162996047,3.48906063825902,-7.776629006312946,10.880310709586357,-0.2315242002107948
3.25,2.7102600683072997,-0.143601193527851,-7.720832112964952,6.558310760204435,0.1080937683574073
3.25390625,0.06146127550894335,-2.3811669747313084,-2.5763436572209204,-8.178025703055663,-0.5418918932602862
3.2578125,8.577455495002818,-3.360337285228772,-5.5848234570058874,-5.3828115680131985,-0.22051799338422748
3.26171875,-3.3928941180685754,-2.5981490206856206,-5.539386909993585,-24.32204926296641,-0.23578943578835146
3.265625,7.246986722676429,-2.7871244649489317,-6.805324450032577,-4.910789718819042,-0.03307547530046976
3.26953125,2.005971066642114,1.6116703102330534,-9.851910075310524,0.1390540463682095,-0.20306785097551755
3.2734375,-1.7434673688987354,1.2743657718368848,0.13918872845133465,1.2408282554799293,-0.09607256346891593
3.27734375,-4.897696790724295,0.6833930279199758,3.1961080485411495,-12.486649867220859,0.2289634644195394
3.28125,-1.4369248495262594,4.380262626878045,8.211690460801115,8.482931433464788,0.33675280354749637
3.28515625,5.743989954857425,-2.1919002047422724,-1.6501037452515277,16.82204309793693,-0.4453941783315199
3.2890625,-8.624840600949776,1.8364818367549578,-3.1264094207301203,-7.131978768290255,0.20953187692340466
3.29296875,1.7071499792923799,-0.5012982405125492,4.257715627347366,6.198927679892721,0.036900911957523666
3.296875,0.49605679291808813,6.041868403088568,-4.112963336002092,15.178165490924,1.0945834258215805
3.30078125,-3.132334668342818,-5.904188617766485,-0.41766995737859425,26.77884695529451,-1.0398010988793844
3.3046875,-3.149292629870654,-0.6590698421984647,10.133383053633267,-36.941835102878535,0.1485796153259047
3.30859375,-3.5584120128481587,-2.518447991563531,2.0895083800175187,11.580739965530901,-0.8335093537447272
3.3125,-0.09896855361297452,-0.6619160977521494,4.738413594171303,-11.579029711996563,-0.06109753246315532
3.31640625,4.206353528405221,-0.7111914380853476,7.407502898673513,-11.3499519554837,0.6120317606727133
3.3203125,-2.0850917715648496,1.2299570297609648,-2.7607551842139966,-43.305122100089285,0.08661879109694548
3.32421875,0.09111002919004287,3.8279513100719136,-0.5881984322334409,23.876137271303314,0.26429242343594767
3.328125,-4.6786745873539335,-2.0810018856484094,-6.3050677477077395,35.45395022829943,-1.4041839589143397
3.33203125,-7.53008707466181,1.900380347391974,-6.877763848582791,-19.489620299161825,0.3990441913810645
3.3359375,-3.17902832770939,6.782741413482917,-8.146034206578141,10.712094876387726,0.12276332333031867
3.33984375,0.40309534974086836,-2.5418074094803567,-3.648719164088467,5.0043160677531695,-0.29585126067250483
3.34375,2.4717622779819064,1.1542304954597133,-2.373917888111499,-17.746871896795508,0.22987392729166503
3.34765625,-2.3875005559087694,-0.6771574752022212,-3.4109828515530656,-17.35356013766517,0.3046375656563541
3.3515625,0.071978741940738,3.505903035518548,-5.573871418183185,-3.7984048462398388,0.2069131065516219
3.35546875,0.06893902527303282,-1.6265419765523095,0.44985708519450807,-0.9609506653130939,-0.931170309749833
3.359375,2.5341341256267964,-1.5970848757804805,4.672637487087654,-13.035911865312162,0.3098151845547014
3.36328125,4.75533608298188,-0.8955439823005572,-2.5039814635872384,-11.163949215721832,0.23925517726267626
3.3671875,0.39138851144275505,2.703430967619317,-2.0206687467878215,1.4302521846644636,-0.1375380193531848
3.37109375,-4.197541434124803,3.1749977165090377,-5.408985903996997,42.146709022820176,-0.3294401842795762
3.375,0.6409255645254333,1.3015678906954498,5.956750530389507,29.325638390528365,-0.7244924435032851
3.37890625,0.13181832559522572,-0.6916550250510747,6.396386945390439,-1.8461450047079193,0.508408039625901
3.3828125,-6.376118776191619,3.6334451364089713,5.649858691069998,7.60367213604133,0.35932094304032886
3.38671875,0.4275150842708976,1.0037381008519421,-3.2592965132813654,-35.877238285366516,0.02869791277186436
3.390625,4.145275098876199,1.863379450669881,7.171124601915727,-14.681065120955282,-0.5809073515370518
3.39453125,0.25698263138514116,0.3554538189987726,-1.5633331415123743,-7.138819523398663,0.07286213389943248
3.3984375,-4.295180038078532,1.5860821696967968,4.961694840664932,-27.842202446375275,-0.46310481129991854
3.40234375,-0.9714720035048554,-2.246877690189093,5.844406860426132,-19.765566028205658,1.0298383572153442
3.40625,5.220517228364941,-1.009203513868982,-0.8108645507606278,4.427514968143311,-0.5733410830745326
3.41015625,-1.3074478806755052,1.091200172710482,3.033256720971566,39.241057036931835,-0.6659734222394762
3.4140625,2.9499192395724214,4.466819305902134,0.5779045545316737,-13.850948925391936,-0.3360802442289498
3.41796875,-0.0917001261269754,-2.452391127825639,-3.4814645586980655,8.099614689226744,0.5319307372853119
3.421875,3.142926000605274,-0.053684038320142055,-12.438701959711691,13.418782122932205,-0.38152068810599254
3.42578125,3.1819797050323513,2.446638751525111,-0.10074983464290632,-11.292249460070774,0.11316632833665168
3.4296875,1.709200709430379,-7.041897511468269,5.880065963635106,12.974316441266701,-0.5851476877688448
3.43359375,2.3824627930578037,3.116537803091809,4.834684956951449,-7.351839047745251,0.17640913300854613
3.4375,-1.4775591576157694,2.7508551481802423,-4.007446585331172,-10.57680976184196,0.6244047745158497
3.44140625,-0.9569759848828588,-1.9814305814080035,-4.330311181340658,-5.984098252928247,-0.8012102670302751
3.4453125,-0.5977334917007475,-1.0948130127024212,-2.4557560508099856,-22.336543094596863,0.1210390616623911
3.44921875,-2.5402845019328044,-4.745828150588045,-0.15229508703113415,-1.1974027424540026,-0.4779145539755353
3.453125,-6.1090268539436074,-3.2277674142270096,-2.029845322679745,13.112946973469452,-0.9083996104958836
3.45703125,0.9704295257943543,1.0615854131208629,2.42948293025019,-5.205533997559511,-0.33818915118865606
3.4609375,-2.016448596455441,-0.16745801249600534,4.3876754142846,19.69834596531753,0.3634903050384397
3.46484375,-2.4556045478019617,2.769742301382869,8.754078381108094,29.37795703239997,-0.3851847245143151
3.46875,-2.7428036139732503,-2.160788574284107,4.323413471100585,-0.08986393565766804,-0.3149090523393717
3.47265625,-5.777095311618724,-0.4548078887904479,4.832535188793931,13.163791524257348,0.1818283090003542
3.4765625,1.725078284356896,0.3499607001531225,9.194477492866035,18.56068405648253,-0.8576725885775714
3.48046875,-4.377856408863292,-4.550721502487583,4.029073387792547,-25.765656749010223,-0.16359491206099017
3.484375,-1.3799933426677942,-1.9798075826824404,-5.812448941654597,-31.1605391495023,0.6278993555308887
3.48828125,1.081123283831618,1.661183647381121,1.9560091923711542,-16.59986378095828,-0.9312319038531127
3.4921875,0.975433320261422,3.5581897230345563,6.689418572935309,-15.592892830491182,-0.9546862111832897
3.49609375,2.9372574896477954,4.322950148962894,7.254676425501573,-34.32983759696126,0.301786338641128
3.5,-4.385191653846213,0.45010929678764394,-4.30614662799199,-12.010828679622232,-1.5433630888433547
3.50390625,-1.0820136794917334,-1.9402150059998635,4.18233992752097,19.534078881606497,0.1885588776800202
3.5078125,4.20729319701819,0.3800200146220423,-5.759794457218847,13.429805785131567,0.31214177719829816
3.51171875,0.7555815408979275,1.8518216666790441,1.7419915011404874,27.806096592082085,-0.1638348481375504
3.515625,-3.56853989323675,-2.2879177546409366,-6.196592566661213,-6.778743388312709,0.4633361233019035
3.51953125,4.31812566377857,-0.1686026224923205,-1.535005492576262,-13.445458974889329,0.7252098539438419
3.5234375,0.15840947151346793,0.14394144788054336,-4.537046283295818,-7.855989669989118,-0.8244119507295721
3.52734375,-3.145336388407619,5.031806329222627,-8.001168916337374,-16.069540391367813,-0.1061483107100681
3.53125,5.188749440658452,7.007461958325166,-6.135798018993668,-27.402848587363074,0.16346488819757238
3.53515625,-1.444331353008443,0.1812315496039038,-11.95209991469657,-18.438511237810246,-0.06948281866712164
3.5390625,-1.7106170173246127,0.49963466493265873,-2.406017334960359,-26.79912860976141,-0.330561795929841
3.54296875,-0.23281451041078932,1.9010122047396019,1.6021745683610704,-11.846147854440154,0.007567377036816312
3.546875,-1.1078413095879325,4.351400765993691,-8.04770540311629,22.739618362897687,0.3930837066651706
3.55078125,2.0961938395232234,-1.2382887731177412,-0.5883142273428696,-3.841262579770344,1.5268634705111626
3.5546875,-2.5205950336167025,-5.214830141180188,2.1808277600189014,-5.538005689330262,0.5887432870594506
3.55859375,4.360899379415685,-1.270865518410462,-1.3338736086552552,1.291887625432297,-0.1034433726409522
3.5625,3.53609686077535,-4.158526563277185,4.723004053344276,-16.33287288440235,-0.6256423383227477
3.56640625,5.725163071999917,-1.9894955601747533,3.7446447919843506,1.817847876146076,0.3640666886866976
3.5703125,8.053701061066596,2.8645687617922815,-3.575016957609897,-8.092477640577291,-0.1318470392449547
3.57421875,-1.7280282579760893,2.2204525102473003,0.05252472494467497,-15.973247017369825,0.31305543845923106
3.578125,0.9152113061126171,0.42533595114820777,3.247930025150767,-11.705716784482131,0.03693169007965238
3.58203125,-1.8730174434949154,-2.288540296324569,2.0503202760866506,-14.125418768439227,0.006325989564818894
3.5859375,-2.3244377875205777,-2.662869638405632,2.7355843190657194,4.499919244931352,1.3334910232804835
3.58984375,-1.8525947358974069,-0.6529049282265547,5.227371111408133,-8.693120399495932,0.40549561088740493
3.59375,3.243125984611502,3.3693664022298426,-2.7904817061138667,14.093197894826496,0.07314334950473149
3.59765625,2.595012392610927,-0.49606475012332385,-1.4099960351477168,1.9323273243871686,0.3610820232898104
3.6015625,0.7675008762060305,-0.9957910402861385,-2.2685800592647882,27.103078091540183,-0.3917270524300296
3.60546875,-1.749475391706839,1.6098596523727127,-5.670609750629693,9.399459688189204,-0.02372249713963202
3.609375,-0.9193186183760867,-3.382292006359993,-3.467120340403387,9.291682785174418,-0.08371115758184551
3.61328125,3.379197253107346,-1.157868820562722,-1.1201049942941006,20.655878550846666,-0.4480220273511347
3.6171875,-4.696822808015709,3.495952741600534,-5.749041647972576,-4.286739247709887,-0.7410913144668113
3.62109375,-0.30803344765602614,-1.9597562159453867,-6.347075134298866,-6.556766645830032,-0.2547756322792197
3.625,2.818710954126404,-2.1426757899289814,0.3212322762698512,-15.34529241169226,0.26561180961474107
3.62890625,2.041034059182915,-0.8527483509267341,-1.6248408049727077,5.903383812121573,-0.4871696709250137
3.6328125,-0.06379275131019148,5.415902278882879,6.29223598037946,-21.796754571433766,0.40724227193566287
3.63671875,7.534726478129782,3.6197940962704505,0.7008006355286518,10.283389426692576,-0.0937277646358717
3.640625,-1.9804641536822247,-1.1538120557588036,1.420445147573937,15.42209430002962,0.5406464379180289
3.64453125,1.743607799857044,1.2301620015770178,2.3028648294181786,31.317575028983185,0.5199919011671893
3.6484375,2.933324289168975,0.7741940128618211,5.5521153095480456,0.24983980892172575,-0.6749459794524492
3.65234375,-1.1893490670175988,1.584588763890049,-2.241579914879434,-9.364330763437707,-0.6706818155215643
3.65625,1.3408165019075264,3.8185282334827377,4.49083742128219,3.963624762383584,0.19634831664450747
3.66015625,-1.1509604271633032,-4.6348486900032375,9.809067071017072,-28.923316042746144,-0.5187776649785747
3.6640625,5.45869354217696,-4.6578719112717195,0.2505205337572094,12.36863791018187,-0.05387144238965608
3.66796875,0.7120203952965882,-1.8092558023799161,-0.0656865758251004,2.015896988902547,0.623885135909535
3.671875,-2.5251264205604227,-1.5737060179005957,-0.3189520160061021,-28.565869863023842,0.9187238861664988
3.67578125,0.5890004831234907,1.6015468558732384,3.8714930856082113,-15.414810409558559,0.5128583434684123
3.6796875,4.163915881797447,-1.3685411392919202,-4.563031037148419,-6.45607189579468,-0.3382247900204497
3.68359375,-1.3918808254782666,-0.741760684752395,-3.046810799172901,-15.657815983356755,-0.23764500743348604
3.6875,-1.6455400889886878,1.9497986715650675,-9.89304746192539,1.7539118867088863,0.019907973487914808
3.69140625,-6.7381298401323,4.804424833418624,-2.7467621547435,21.798853666585444,-0.14259934113897907
3.6953125,-2.677623521584238,2.0702262593739027,-1.5367161524531205,17.8559946229864,-0.46357430047167814
3.69921875,0.20166842555172312,2.038245406057856,-8.75520527217999,21.18077261617803,-0.309393536004975
3.703125,-2.3251852304827807,-2.1788966866400497,-5.132583375717617,-9.075143922278075,0.011995825966976814
3.70703125,3.075595535640815,-4.023853706617251,-6.268938585643742,-10.614583782794638,-0.23556840059226672
3.7109375,-0.6765659794637665,3.5593433408195123,-0.3273845074215078,-23.24620296392743,0.8074740242063496
3.71484375,-2.6430963628275603,3.584668208841318,-1.3207373724614182,-7.954175764667343,-0.6174235882404423
3.71875,1.580135312380845,-0.8395139783089147,0.9083836052639183,-15.675615131795427,-0.3697019676816089
3.72265625,0.34584041155336487,-0.5959373336724524,1.8007398273906339,-6.904618172444573,0.8823684185681587
3.7265625,0.6483013563671653,-2.9673578708552544,-5.587986481810975,-2.808388055379755,0.23136257932295196
3.73046875,2.8894637488170183,0.2933063527316638,5.631735822409539,22.121673926267363,-0.6195939612989715
3.734375,-0.04584543677493858,4.835909397050306,0.3104389902630482,30.502691126092884,0.08432581870046686
3.73828125,-3.1844503909744946,3.5508983636643894,5.085109786691509,8.034123997718629,-0.6775980541638803
3.7421875,-3.3405971083875703,-0.3904620897821698,2.351923264949482,14.16859056558098,-0.1433923334822315
3.74609375,-9.462710270023612,-1.197641489050596,12.870150610666112,-29.675113785173394,0.09877465982802253
3.75,0.2497668768825844,1.7599812126781977,9.708916761524039,2.7833033517587498,0.10011758233477584
3.75390625,7.65324014960038,2.085004603274291,9.51196848826523,-21.576746276892955,1.170485937260039
3.7578125,-10.090845772929226,-0.9964807105067878,2.281986006555046,4.728482869708078,0.16036719394862836
3.76171875,-8.650614667059775,4.521476359779178,8.23574966836073,-40.08949299080589,0.14572124770009115
3.765625,4.738234729990951,-0.33859658480993376,-8.578020879715979,-5.861141391925533,-0.7722264817199374
3.76953125,3.4130378146424007,-2.956754729914209,8.239438497073282,-12.035731238806752,0.7954233456701811
3.7734375,-1.2979939964478904,-2.1349318603831624,-5.987500495004203,5.8243156668460525,-0.010542189028542617
3.77734375,-0.42409428054248466,-2.412925930790714,-0.8880841527787371,17.912655854976133,-0.9704470461169711
3.78125,-3.699839877109073,2.0842142802490833,-10.303035960209833,29.049887513436,0.10188142566016115
3.78515625,0.4295714248918352,-2.508882439128901,-1.9761307240482329,-6.191438810784751,-0.11758721593810617
3.7890625,1.7941331862507122,5.036853107013286,1.0189775316945164,1.9774707256787618,0.9984219000687079
3.79296875,-0.7860491982528957,0.19497576530977573,0.5512247216239903,-28.044819978485897,0.7411591219552756
3.796875,-0.2350016074522174,-4.579074176346342,0.0865050066957731,0.5860486865599528,-0.5575231399355177
3.80078125,-0.9608430698116132,-0.0883483451819583,-3.808363689564949,-17.757264343600813,0.212677615391409
3.8046875,1.2517685726572474,2.5130724766248935,-1.2286984575929691,-13.121729106509237,0.24222590559825238
3.80859375,3.2820316793159656,0.5198166704967266,-3.8935806065156897,-27.500280537913625,-0.8079796955264146
3.8125,-0.20193113839907317,0.013323423093902617,1.061390294049459,19.1832172687447,-0.5118549371982538
3.81640625,0.14680181750871707,0.8275563464114535,1.3541875167711972,-0.8696109449034322,0.1327560051832997
3.8203125,-3.155162894049116,-7.467067551941294,-6.487655070153501,-1.0432389142875893,0.47247178600092865
3.82421875,4.694114198212778,2.9517069221710384,3.945997193343527,-6.908016451467882,-0.5563975094505651
3.828125,5.699348323931147,0.047385185951829015,9.10963978223927,28.65546128705013,-0.33213933487349184
3.83203125,-3.1934565094904066,1.2983439950357827,6.193089433738338,37.49058201620447,0.3999934865349745
3.8359375,-8.363612573558335,1.0730287462576833,7.811021768311072,30.949626451315545,-0.3751355678152853
3.83984375,2.0978170033561185,3.5466517872750134,1.911507658711622,3.2719203936037022,-0.9830214229519594
3.84375,-3.869900524362322,1.2404268600006254,9.201051547670428,6.365612536075857,0.27216643804873536
3.84765625,-2.1351992905894,-3.675511976306839,6.277623494852866,-9.337697659310882,-0.01933078771459071
3.8515625,0.5017704215803988,-1.859578780393553,1.8531584796654013,-13.9019549661978,0.003934912440074645
3.85546875,-2.5374579375740383,-1.595310186519582,0.608336070674404,-6.496608283283869,-0.14913590875327798
3.859375,6.038322413284294,-5.5184211640533665,3.8869621027187145,1.0338155433505207,-0.2864790730381775
3.86328125,0.3482334219570101,-2.7380862335246543,-0.7467091393075459,-22.00031403757715,0.0807484113492517
3.8671875,-3.078519822190463,-7.346843677947152,-7.2595962805554795,13.48266801847727,-0.25856678338939654
3.87109375,3.5332976808647647,8.443521618848273,-1.1526607369224093,15.503497579489624,-0.3685417762946665
3.875,-2.824084509401183,-4.508316435515794,2.180982069458543,-0.37253637526682937,0.6851349060047954
3.87890625,-3.5022588647530744,0.26730805666981244,-1.1795061330815662,40.53029181011154,0.32474797445865367
3.8828125,0.3768882545592032,2.0915737098264238,-4.648929929323851,4.695427655832161,-0.1103157238979354
3.88671875,-4.266645180378327,1.1988803120818354,0.19499950985103887,-7.723505988272404,-0.9011877177896362
3.890625,3.4884948635031967,-2.0358253436655773,0.20127899030023855,-9.712423478632628,0.5220829536699095
3.89453125,-1.3151211279789392,0.41315397199299764,7.605252573162605,-18.021698878071867,-0.7774524716142882
3.8984375,3.2978768020200513,2.2725528181202006,6.077250146831277,-0.985543105938044,-0.0772100493683394
3.90234375,-4.953242618923975,5.9618064767748775,1.8622172449477374,-24.65002581262602,-0.13524108260776052
3.90625,1.234358154419434,-1.4245398552804218,-10.40448701621397,2.077223480261826,-0.278147619809043
3.91015625,0.8088998651903722,-2.5485599728347097,0.11003089854190734,-0.2822293264087592,-0.14885717752099184
3.9140625,4.529908977865477,2.484269728696618,-1.5561277475281063,26.501308740975315,0.3727170824991704
3.91796875,6.278650268351236,5.413045366030946,8.419751964476834,44.98992981848275,-0.5109685947042295
3.921875,-6.574854780205277,0.05900975446851728,-2.7859808914929145,32.70658436599197,0.5352391591883795
3.92578125,-2.557746635704041,-1.3090929124537056,7.212501095913741,-3.827391538431238,-1.0165450551259203
3.9296875,-6.868407803498663,-3.0925414011481442,0.11872894638006182,-6.779170961690282,0.12667728013453275
3.93359375,-5.745854893020277,2.3707589882605067,3.7403735543211574,22.107015017616824,-0.11325832552707385
3.9375,1.3704222814630895,0.7087253406724116,-1.969385453037999,19.352366233224757,0.4535350228030186
3.94140625,7.714601120155307,-2.528588052698466,-0.2601328349415266,-8.146153569715814,-0.6716390132042294
3.9453125,3.8466912613883597,-1.2496295237318107,3.771879474162695,15.436474174900379,-0.09951425122082429
3.94921875,1.2376503043284008,-1.4646803083533608,-1.2386510031618956,-44.18676023699108,-0.44055652507324927
3.953125,0.3049375287577917,-4.7416114789336845,0.9693416034554969,-0.4107276525934229,0.8239482146601161
3.95703125,1.4497413369144867,-6.1453889908182795,-3.724430250052201,13.616743379479468,0.50376532354439
3.9609375,-0.46816505514935564,4.258757472299614,0.541917632342295,-25.120563129301125,-0.46611913349713563
3.96484375,-1.0752141667803103,2.1913374058648407,-4.079541930797773,29.361096750974927,0.011505162083501067
3.96875,-2.5999656970189724,-2.4856586479703786,-3.349429588455303,10.127364952382985,0.5967374740178258
3.97265625,-4.384122611477565,-1.7637709689522911,1.5683728048467702,1.8049091935483164,0.24931223276765732
3.9765625,6.4519514108554095,1.70527184066689,-4.819100306371302,-4.510757322525729,-0.27231050046327576
3.98046875,2.1533698221495925,2.888550972369593,-5.702130696702975,-33.253798281321394,0.6646170255356642
3.984375,4.071425366451406,-2.1283632179071637,-3.998830037185983,-17.974657373229988,-0.33772930892722786
3.98828125,3.445493119182281,-0.24970494553956074,-4.170051623065598,-32.611762655298804,0.11055286659175101
3.9921875,-2.1826115809718942,-4.943016199078755,7.2113565165846225,-1.5153726749704965,0.39453649080772335
3.99609375,1.5763709616730317,0.4683587114136091,-5.326449001426718,-27.636143551982585,0.09580640744489076
4.0,-1.1924720132890576,-2.811416066235988,3.246560307416869,-12.330535571771845,0.5104181513964399
4.00390625,2.327708084926811,7.258132384611155,0.28512029063660016,-5.724528543870073,-0.019784307620265465
4.0078125,2.695223888914947,-0.7483422900085387,-5.495153226822727,46.37920176968713,-0.3334505409300729
4.01171875,-3.0500978617676378,3.703083274622971,7.778597289750454,-11.757235367496095,-0.6478916380115521
4.015625,2.0869930962524443,-3.475440204478537,8.685199649536605,7.1426702809966445,-0.019580842225872783
4.01953125,3.2494712279830726,-5.696560459458373,12.666439795856867,46.58970582108596,-0.43503465916455464
4.0234375,-0.22357738337270036,-0.2876685892013737,5.992161495408519,12.57713253884285,-0.25838782295899215
4.02734375,-6.294001654645536,5.577588439248499,1.524578960486656,-39.794610011335294,-0.19699039517579978
4.03125,0.4200761418991177,-4.523535039242535,1.9483854999740124,-39.47585393997766,0.5006689785200389
4.03515625,0.734258461506989,0.8734554524007516,0.5281662886273533,5.290985825875216,-0.9095863759054758
4.0390625,-1.2411415211729757,0.9168851465301258,-5.434873156042466,-6.477437222880248,-0.14609969884798255
4.04296875,4.91755010889158,0.07256574822041804,-1.851762880697507,-3.3523402931038615,1.1250935214448174
4.046875,-4.229835114878962,2.5275948980694602,6.063751457499581,23.285587045960337,-0.6475358575025004
4.05078125,4.104765009144588,1.2770254415145097,-1.862183178715376,5.3807768385698544,0.5038693400267948
4.0546875,8.738482836545185,3.2430580513371607,-5.095232505239451,5.884867970722707,0.6062807389563738
4.05859375,5.996819006694257,-3.523059607725543,2.8016698663663853,33.941109918423244,0.06143554405973374
4.0625,4.252526034803566,0.7677911146672236,-1.8081211563645911,2.3156842129386233,-0.46986614210293387
4.06640625,-1.4838475652267336,0.782833020853128,4.157994567658186,-4.327576129412203,0.8359244994662958
4.0703125,6.6463321780120586,2.0517331891566495,-8.17110570676036,4.099935266434488,-0.3189972405973924
4.07421875,2.497315607314688,4.061374754075372,-7.888828559305743,-7.822636832338121,0.5694042944513579
4.078125,-0.924042827895286,-2.5989248566818985,-2.632959381123506,-17.509999428220365,-0.2953860827036163
4.08203125,4.199691025806382,-3.5417954624810566,-6.422830148902719,-13.875061230783443,-0.4094901285182406
4.0859375,0.1351120894164257,-6.993657068699106,-2.9122043610385404,-7.106606581033771,-0.6845692736288358
4.08984375,1.3794854967652699,-4.558521472722369,-1.3084766342249887,11.06964366937829,-0.23209151652476012
4.09375,0.5955977300832792,2.4991746485236983,-3.964669691382417,-0.8334070775714757,0.8530902837437953
4.09765625,-1.5468140739728116,-4.459540932514101,1.3698870133731547,-9.787327633872765,0.17078129373291517
4.1015625,-8.743303820461644,4.749796440224393,8.115956750136679,-4.345017672556464,0.9803655136630421
4.10546875,5.973648151584638,-2.9435384019024706,-1.1100128530310438,33.23735960510599,-0.06931763091872192
4.109375,3.2903184310162703,0.16064031682990726,3.821165511638653,24.781720812397886,-0.01830110911038447
4.11328125,-4.081615095453159,4.187284930037738,7.01206935191836,-18.691701456243514,-0.16819385597525827
4.1171875,-1.9876563362274768,-0.8461772457081111,5.846489604236796,-15.262832009319167,-0.33801044373113726
4.12109375,-7.357316150685271,3.340811320630463,7.371595737147286,-13.383123192562401,-0.37229906735524104
4.125,-0.07094642640862753,-1.9217706019131573,2.1536961683151814,4.411253198012197,0.22646118674654697
4.12890625,-5.280121429409936,0.8121046691798532,2.9022830291624144,-8.053159501474628,0.13139584313009098
4.1328125,3.5246200244730344,1.0680477333115035,2.2746777102833424,15.249578133615447,-0.3184429544806595
4.13671875,2.9172080705774937,0.3027119709321934,2.577603956070815,17.30544898401078,-0.22871654501697555
4.140625,-3.3623362461685016,1.6719714181425742,-3.164870107672832,-5.509962889967213,-0.630760063900184
4.14453125,-0.9862870622452742,-1.3154519837988128,0.457413869485338,-6.979898108007427,0.04743520850419462
4.1484375,-0.5028072188605585,-4.684436339572201,5.028530854894119,8.089253837988515,0.7027019227872938
4.15234375,-5.94852646124839,-2.60539892211276,0.4083242319089537,15.498436795754737,0.3431774610968838
4.15625,4.159329748587956,-6.29367483164401,-4.5972369275029425,8.870530412671865,0.1296990780735641
4.16015625,3.6894813800202164,0.03862053308367144,-3.910853324258598,7.9852463777386555,0.4375589962687668
4.1640625,2.977509722866082,2.805363608234111,-6.958502000487877,-15.94960838930892,0.23551534927470566
4.16796875,5.235210109415984,-4.662571454868661,-2.316710075406135,-24.53838620647756,0.025293793195582035
4.171875,-3.098173133356437,-2.4208536853203024,-5.359606938210214,3.9250392009583273,0.4071871636134646
4.17578125,6.266747766704752,2.5244725118108597,-1.8631723924678778,-10.736428757607591,0.8466836025403772
4.1796875,-0.3918951118545655,-0.39218974353315794,-4.296983953479721,-27.616543417271338,-0.02287390172596404
4.18359375,-1.9145676689858842,1.2382396990333824,-0.7569084693466882,41.703275964116564,-1.0586594757034151
4.1875,-2.0339072772428044,1.3795488371020035,6.9669088870133535,-8.884212829620438,0.6709419600023124
4.19140625,8.800815470170463,-0.8315013157562166,3.080335531183832,27.130046625847516,-0.20782072344876615
4.1953125,-1.5349506021328274,1.378542027894496,0.34779043999841663,7.562552435851757,0.1732460598734519
4.19921875,4.310703914348754,-3.3916815875047797,6.750885639880456,8.889540519568111,0.0954123311656533
4.203125,0.6303700700300654,4.45927013797569,6.674630382270042,-1.8211715034801634,-0.0076552765815163576
4.20703125,-3.851988348361322,-0.1623945738334025,4.508612941366882,5.4531155564254,0.7971279853039998
4.2109375,-1.7304240654915348,-2.192600655935587,-1.0852761941074816,-18.86749181637827,-0.29941094396277135
4.21484375,-0.4288659852450721,-4.036338721178508,2.090741843033632,-3.3551679514027235,0.34501482993239063
4.21875,3.132433696644698,-2.920635309279124,1.2145903988194533,-36.21115989527399,0.8386472877031103
4.22265625,-4.310225808766206,5.462108519102097,-4.147898399781612,11.93442814398728,-0.18205543323813533
4.2265625,-5.356487779770681,-2.588435638441054,3.091416436802338,25.383854897816054,0.43448253441143797
4.23046875,-0.34168679834196897,2.444912306435272,1.1279721738356647,-12.48256283725985,0.41926180171061056
4.234375,2.2644184874620166,-0.14674037781480637,-1.8547390483308162,-15.542319213407314,-0.31548165673367357
4.23828125,2.98100675253307,-2.2514270279353945,-6.412292696386469,6.590230435253997,-0.6592952610607462
4.2421875,3.4448250235739906,-1.2491782981346924,-8.194101527925739,17.20918117132184,0.24765925799258381
4.24609375,0.37440323515248053,1.573429939910893,-5.0440737460898255,-1.9597718880130435,-0.25954061757472896
4.25,11.479414351975851,-6.2567930770291795,0.16975586557203215,-25.747389998946066,-0.03939436081511457
4.25390625,-0.8485219819596406,-4.430560231244582,-3.4121228416969602,-17.81505930200859,-0.3888848484908593
4.2578125,0.4498694008123699,-3.518928328537357,-3.856639642647256,7.454924692825298,-0.8109925036870164
4.26171875,0.017388042905197677,-1.5878458423381447,-0.22755162883593227,-19.99806982935448,-0.20725476230189027
4.265625,-5.331396859677617,3.3958467066238063,9.543477802053516,1.610190785746891,-0.09348732091458986
4.26953125,-0.8560371231232313,-1.5924466670762523,-2.819324777158948,-0.6982724009807457,0.5132544099188474
4.2734375,2.6961185489801363,2.815696646258554,-0.38360439435192334,33.03776160582184,0.09622902690572596
4.27734375,3.6514246899634215,-2.952479613950963,3.2856404478171912,4.575894549122448,-0.23000363024905376
4.28125,-7.338002417669642,-1.105426912321004,-2.2842204453031245,3.577825962275954,-0.036656161901453384
4.28515625,3.5770166109193084,-2.3326975530180536,6.533201195284822,6.149110920987836,-0.11076828750670235
4.2890625,0.30572338948680533,0.05270833434604369,3.7167165175787704,16.803479710745137,-0.28473133252960847
4.29296875,1.5069756600736786,1.7749641166583423,1.80099641725053,-2.940549759809362,-0.319610490318386
4.296875,-0.752335413105456,0.21595149843764075,3.8900457397525923,-31.107851821714185,0.200284907800196
4.30078125,-0.5538835554821715,2.208215815761018,5.005011732806681,-0.3191886517201894,1.005755387958489
4.3046875,4.390733307642484,-1.6386229064601125,4.298647864685714,-11.732826913774433,0.12367775415859775
4.30859375,-1.4722559763611744,-3.7210710083981886,3.3073385870711096,-14.744753548061034,-0.8267968108482282
4.3125,-3.8519419520196556,0.30204493507877317,4.173206272496812,3.6041005982970606,-0.5405010250184307
4.31640625,-0.6196375043817995,-1.000514262938005,3.817798571023132,-13.475657438230153,-0.025530157628282393
4.3203125,1.9741125433021638,-2.3462647370198457,1.237873245673463,-2.8735279944323153,0.056839066089803644
4.32421875,3.646562829079118,1.736456663817599,1.5026523927067776,-16.427980465897353,-0.45527036486446837
4.328125,-0.8563281665832467,-3.103634957747209,1.1423894551304938,7.796710042899903,0.8635702693741971
4.33203125,-4.070551729102137,-1.687026216667669,3.328097013295731,5.274232131518073,-0.8089404976612047
4.3359375,1.47644172086866,4.797632274337614,-5.715549607542321,4.881902075358989,0.27443125416619596
4.33984375,1.2411526263709483,-2.288093747356452,-9.877993859612653,20.310516466199477,-0.8324896960928216
4.34375,0.4212616338025049,-1.221152056567261,0.4264070391000212,-19.92782948354525,0.3035995207362693
4.34765625,-3.5258415300144876,-0.5977228494460461,0.36680302896086925,2.3049728934720513,-0.19011027150752202
4.3515625,0.543671435726961,-0.1337563863477526,-1.2075153893203623,-17.389772163376836,0.4794446111406423
4.35546875,-0.33520603183731856,-0.8095140037259339,1.8498102202791205,-18.958347285676,0.46708120060004676
4.359375,1.2466332305430898,-2.642238352073699,4.111200803147812,-12.331078338648394,-0.5280360785306054
4.36328125,6.458655150693753,-1.055527945141757,-2.1590397633369345,14.131130376580579,0.11309437632304821
4.3671875,6.742683274093858,6.46415619521672,4.0800347225535925,2.8084993533860163,0.381560043444561
4.37109375,-2.3447358853000138,0.6813269854007447,1.3085350366944108,10.65182067818947,0.628606832866712
4.375,-4.716167830751486,5.031345778275421,2.5461708559451175,16.377814371386606,0.7469848162328093
4.37890625,-12.495252175227288,-2.1775006445167318,2.1699775862438644,12.498504539273533,-0.2507427597781357
4.3828125,1.5042083759959053,5.353381140383579,-6.444071853475714,9.501360384553879,-0.08863878108161911
4.38671875,-2.5573233058595215,0.438642718823416,7.5269791910428,-6.333521432107302,0.206990625421561
4.390625,-3.2332520353084107,-1.113089018872995,9.691631227751047,-22.251651141647898,-0.08346357786920264
4.39453125,-1.3840800689279529,1.7361797237586813,9.734418726478468,-28.11802716831255,0.6262409367895195
4.3984375,4.37165576177385,-2.941115548891798,5.900087051257989,-4.318269208625283,0.8870244905268655
4.40234375,-6.94266010810659,-3.1686319783585315,-6.050802077594023,0.983685918131556,0.005132957612466748
4.40625,-11.102762311397761,2.31565611152162,3.3982517756286015,-3.5667583943122407,-0.38475770575965995
4.41015625,-5.32729526135338,2.028086024833328,-4.601758988185928,7.589348470819641,-0.6868062678526979
4.4140625,-4.263101859020181,-0.46742926932039697,-0.4139647749813079,16.078576578883325,0.19352416913058423
4.41796875,-0.9304703444503652,-1.1422541343837453,-0.8188719415823753,1.9707014231847424,-0.12992208217854143
4.421875,-6.185229435507121,1.2894830492720988,8.37782518798886,36.2743927141874,-0.3993912990616181
4.42578125,5.994364839326043,3.752894224292537,-4.362890696778261,-9.336662217082146,0.43392867864648527
4.4296875,4.7511626631017005,-2.8879539274996504,7.113080535878468,-12.891790562590014,-1.1005589488932208
4.43359375,5.6863833507331165,0.3544751392903103,-6.463972300058181,0.9097133401702964,-0.3779531890972702
4.4375,-4.896378208612885,-4.914338974146226,-9.958829427421527,2.837089173162605,0.5409915282117524
4.44140625,3.945519657885082,0.14973999550894815,0.2651677864231736,-41.94198828287934,0.6511845396040266
4.4453125,6.193937022166516,-2.3967054354798676,-1.1519750084537144,3.2473672398215268,-0.08702098139345116
4.44921875,1.7931511392247996,-0.6887828544800665,-6.99780475230229,3.4734962530900617,-0.007983976349174469
4.453125,3.963600602682929,-3.7192167031356393,3.258290199964322,9.3352241151084,-0.9677529661231656
4.45703125,2.2962515952600593,-0.37720894931227733,3.4468562737594093,16.676692211308158,-0.4962291953316842
4.4609375,2.7090372496440938,-1.8245740641849375,3.940296114654843,10.265082187908913,0.9253134385756164
4.46484375,-6.769440903960543,3.623534227075158,6.181107861582938,18.189238839516168,1.1838229169139176
4.46875,-4.1863434856060096,1.6432336629876847,3.731485302685182,31.872431257639725,0.23175045026971447
4.47265625,-3.1027284390039314,0.06015974575449823,8.338651409961791,19.14283914269823,0.24386358292377175
4.4765625,-0.2600335850531889,2.0621201223176846,5.317551864112774,31.688619940613496,-0.7636844287861801
4.48046875,3.6600035605874055,3.184282271813397,6.146449687290726,-24.469330647314774,0.5485282050360571
4.484375,1.1838019613625512,-3.3796289854679853,-3.0510214689945707,-8.311937720415338,0.6489096055851667
4.48828125,-0.17317964463723678,0.13401724509445934,1.2212195714858773,-41.597981817775064,0.22024003168972414
4.4921875,3.1495426991741087,1.3300802070404882,5.5075335598046085,18.820428525033336,-0.35567861688097274
4.49609375,3.3495247696428785,-0.04620302709391546,-3.4036114675069182,13.621144437601398,0.639750719358631
4.5,-5.658563355106554,4.216344478145146,-3.7511074236529898,-29.917750653010117,-0.07698973711700172
4.50390625,-1.8579296271071613,-0.15775027488571713,5.331568927155963,-8.756127491376928,0.2166031509915335
4.5078125,-4.224167222526001,-5.546588938061221,3.1399087584224294,10.738728512855124,-0.8713532670214297
4.51171875,6.334604826417822,1.0872527706294308,-4.416260369832256,27.975405185167357,-0.04936241863148046
4.515625,4.755067362291276,3.4132097370271826,-3.7126200899013817,-4.227421097320358,0.11500540321331897
4.51953125,3.9744029049255998,2.5548948371336277,-7.016820024991164,29.984415741395964,0.404567739597755
4.5234375,-2.350891717436377,3.019223523235103,-9.810971388642669,0.18896526398316582,-0.679221501731494
4.52734375,-1.4133172343256684,2.853933134216385,-2.973907356947818,-15.939129663241431,-0.11309305169043413
4.53125,6.805989633633377,2.710742000940228,-0.2875770691748829,4.9980699638986295,0.15089718804885038
4.53515625,2.8035613505139003,3.4757150135501687,1.8128825801149597,-8.739732205656871,0.26324719649404704
4.5390625,1.0998843365177795,-0.8885053668572589,2.6511479359530092,-4.800148343590363,0.9852869333224352
4.54296875,7.982456185701419,6.256472101418138,-3.636555909878308,-11.04410564344508,-0.21076344736112168
4.546875,-7.4309743429570965,0.9793247501186622,5.287337625199858,0.09395173010928426,-0.5829307105930881
4.55078125,-0.17956756280585806,2.5691357867392597,4.636124339957515,1.7514269170832524,0.5954821368841183
4.5546875,0.17212403701589796,0.19248946573855685,-6.8981725506759926,15.749961279191664,0.030679910540959317
4.55859375,0.44995761431829484,3.783366825700888,9.280766142122468,31.93943943185342,-0.38809397029619475
4.5625,0.49608878858597105,-3.4504703549204265,-2.1346837035663584,9.698614256576775,-0.6760249325022493
4.56640625,3.7760414467054657,-0.6936024343341604,-2.650312312086329,-1.3848958686548936,0.01519419494454398
4.5703125,1.0965337157842516,-1.7977148295015632,4.085984543708234,-10.69193055505972,1.3946317013383942
4.57421875,-5.134140471917837,-0.7510182446862754,7.358696382849603,-18.064924713219547,0.2780922268252429
4.578125,-0.5630545908213392,2.002289844715121,4.29028964558573,-28.703989097803873,0.1339269020689319
4.58203125,-6.915777809259395,0.6678720428898717,-3.205248253398643,7.16820510993305,-0.742358843517064
4.5859375,-3.3091340113592005,1.2634744314425106,-3.50211336755915,-23.950313885498915,0.01647112869649077
4.58984375,1.5181851162378663,3.1599313224654297,-0.9143662521974266,-5.818244634896711,0.3162224789250976
4.59375,-4.6795146809604615,2.5827658510631286,1.9238321026232295,-2.5205359736047326,0.6773801580394094
4.59765625,-1.1258317868293006,-0.24060262663826426,1.064904899212149,13.899408922657699,0.41217467584603734
4.6015625,2.596835742990579,6.525694466297024,-2.0801904533622406,34.18451215143345,0.07100066005531111
4.60546875,1.9931142779800046,0.6025830136776321,-12.384438864874792,22.174387697895707,-0.7621911997815272
4.609375,-1.9563110217727004,-1.2885595337991074,-6.201453823959346,10.846884230032199,0.370947599590702
4.61328125,0.925312784978982,2.3437704555926993,-4.710768436770385,2.5575096944971913,-0.1660031315002921
4.6171875,-1.650556294734196,8.42562174791961,-2.739720989161295,-19.007543556633074,-0.2885464737199375
4.62109375,1.35116213087535,-4.601256989821927,-8.148281458768682,24.99014015910572,0.5105834326340116
4.625,3.305076415834324,-0.5514946739865983,-6.11592922011147,10.371011388538204,-0.32963775155095
4.62890625,-2.231090696307587,1.3425816741285133,2.0129336836471436,7.5792537938781415,0.9255893615290808
4.6328125,5.601413819099574,0.8533237085074888,0.5157220349077506,-19.011756001591593,0.8465901441054867
4.63671875,-0.0704401995927564,-0.05471278457672367,-2.3461355618868316,-26.374445748618886,-0.18779490842237845
4.640625,2.59402865128925,2.584548093398056,0.5998920693105481,12.764341624685597,-0.33472759560128157
4.64453125,-1.7222963886685287,-1.0020190650469822,6.580664242993397,13.47865884409707,-0.04594471778352946
4.6484375,9.404638123226547,-3.989640817025913,1.6870177903866566,0.34982220751557236,-0.547697153178273
4.65234375,-1.834392639666768,8.926049675240861,-3.9908787557042977,40.27322340119045,0.24911729557071566
4.65625,0.26356476433560116,7.265766161583054,0.08155844034202087,16.247476216461212,-0.6138756924468202
4.66015625,1.8718056297152565,2.096245642345304,1.0995692186200865,-11.089476286072872,0.39362151476251206
4.6640625,1.5587019770801023,1.3303040694911918,15.097884544844227,-25.48733764288141,-0.3999959083830086
4.66796875,3.551841786327727,-2.523435805475187,6.732775254601261,-1.8486070189709825,-0.4576290799756203
4.671875,7.232784548967137,0.6231937865653614,-0.10660412872679226,-29.437024451438475,-0.12481993296389896
4.67578125,3.0290848145201164,-1.1514130543025716,8.53603642417572,-13.962144624182072,-0.5978632676089357
4.6796875,-4.925552038704351,2.9901652673313004,-2.719717703390035,7.990294252661682,0.6151653244844904
4.68359375,-1.933175664950468,-1.0334135669159998,5.830648359283472,20.77317548810786,-0.03609558044370091
4.6875,3.199478660318623,-1.8932756127480954,1.5770731594044682,15.341156979644538,0.3602783543740264
4.69140625,-3.2844543123904697,-4.051535719439299,-4.872164784688273,38.91923306682011,0.4519704623728552
4.6953125,2.341261789240459,-1.2477521716293816,-11.319637356155312,-32.317535303694505,-0.2032236124013692
4.69921875,2.819325114262461,3.4466833086236544,-8.150473450535252,8.49460053288358,-0.8221041949218532
4.703125,-3.1245850897892224,1.8367867598238135,-1.6043196295800972,-2.448258513447816,-0.6675493157911793
4.70703125,-9.528812717282896,0.8411696615791557,-6.549645229538745,-11.123780488178456,0.4713231860453904
4.7109375,-3.3019391500758095,1.1985053863485826,-3.2823540142781242,-15.515845325380145,-0.8399684497285242
4.71484375,3.6160926684598196,2.6752363146369396,0.926321524862947,-28.6029522519216,-0.7040392661425727
4.71875,5.419916096280869,-4.602542813878117,0.4234465053111065,5.307791021870823,-0.43398534735955874
4.72265625,-4.474760906980184,0.5590017622946674,3.3296238419709407,-26.68926333578628,0.5882403173164416
4.7265625,4.140301889131956,0.9667568635097026,2.438947442459232,-4.1829644648106115,-0.597660291097528
4.73046875,1.1267107283829674,-5.645576137904575,1.0957042666001555,-0.16744671127941224,0.26636322149494546
4.734375,-2.771181269335071,1.1760492323575666,2.125759858379134,6.073761753651024,0.2585657321689549
4.73828125,0.9209654182440742,-2.521861420958118,-1.2859418151886928,15.027797880491013,0.1288085645882998
4.7421875,-2.6985676076879335,1.7895631819930564,-3.694688132142695,29.664061223293103,0.12088140529653604
4.74609375,4.4902004926340995,1.8881106236813765,3.6758807087692036,1.391001766959855,-0.3192373153932883
4.75,2.6447581594557175,-0.4555606155013989,3.442435642192634,-14.171846333425886,-0.6448427901020652
4.75390625,-5.500497067025078,2.2032195603296767,6.299992115513444,-5.303374854675071,0.2803014075502164
4.7578125,1.674354347711756,-0.5812971778807395,-2.3363033162937823,-34.542182187165956,-0.3341301340636123
4.76171875,-5.483865851348681,3.0683349908755364,0.6714594659876039,-39.51945509245609,-0.3353905071318103
4.765625,-1.6384166707945778,-5.573655091553096,2.8879156652279057,-0.7389700879290793,0.09827937889411233
4.76953125,4.7944620841401475,-2.6718121549111555,-3.5613006157996527,-2.5953121540029858,-0.7719201172236819
4.7734375,-9.72766962083804,-3.189039856082712,1.5204529846810557,6.1731279390389915,0.3702953092814237
4.77734375,-2.800005407804244,-4.4143132655628,-0.811202211019242,21.034022310388842,0.9506945411144351
4.78125,1.3966623589395775,4.225761069213889,-1.0759121587241904,-1.7647151471496745,-0.5794726992169714
4.78515625,4.123918844699217,1.040095742995427,-1.9642000839418972,5.142252742219803,0.06593786817866203
4.7890625,-1.9293720397271414,-3.0709629529990212,-2.2043306359025507,13.172674282140726,0.0549421128389861
4.79296875,1.2252956792286256,-0.48407408001677754,-8.616463733856115,-10.094411313266178,0.31026638671897155
4.796875,-2.1050739209034735,-3.309085458679526,0.6127959898053779,-29.058071680594473,-0.32286286617487037
4.80078125,-4.046340943756375,-1.3052747376951546,0.5090936875969967,-31.05640717968157,-0.06601634640768832
4.8046875,-1.6865277952727706,-1.9559338666451924,0.9087162684764776,-17.345048887264426,0.32521716852523946
4.80859375,-1.8461232725744003,-1.8259388199377082,-0.07327982102837027,-18.865838945869747,-0.19742688713196382
4.8125,7.637285359320203,-0.5661890598801098,-3.4547240718846632,-14.472996759837596,-0.028992164991644958
4.81640625,1.1080033153840825,-2.4546547774878955,3.9518124803408536,1.2353009376445332,0.5382709665394751
4.8203125,-2.455532417652854,-6.109219415708117,0.09265279541730598,2.247612521362254,-0.14636935017643285
4.82421875,-3.4930871882633556,2.2332227518954024,1.8373882717122276,-5.088328951604314,-0.3798029652889549
4.828125,-1.3644569508111197,1.230031281158201,1.4536441206887034,8.985569723743382,0.11388771327337509
4.83203125,-4.0500324589942265,-0.937336034132553,-0.3704521836737582,-5.66302000679616,-0.6969878916997149
4.8359375,1.4387824898899026,0.00021071125646702978,4.7188664303771795,19.673283957579244,-0.8648713086039149
4.83984375,2.4766330586863203,-2.9918883138072334,0.20790770758170707,13.823020284279421,0.12121830786780519
4.84375,-0.6056823293104696,1.5289284690612026,-1.2074606832977604,-18.547324742282225,0.08382870280889793
4.84765625,-4.023355524084476,-2.6370883886585257,-4.6760433026975505,-44.228615333459715,0.6005494224257312
4.8515625,-8.440939470968717,0.94582448850238,-1.2112443090185265,-15.387391227830289,-0.09065361383607044
4.85546875,1.1614620385829482,-1.3081025468819307,1.8927152881696927,4.501620501550667,0.642170597718624
4.859375,-6.710863161533228,6.456627023686236,0.5507213934021857,20.27684137219906,0.26350238468918374
4.86328125,2.869391164963312,3.7068432555557007,-1.3549992914306093,12.547273025257951,-0.37696922657029586
4.8671875,3.452147282758256,-3.013526956296799,-0.7507145379797441,0.18841169043866302,0.1431323382670717
4.87109375,1.352890563259775,1.6766079112370758,4.703130563729185,4.795520481407641,-0.6184077644850388
4.875,9.499769373174814,1.128624887256034,1.955115320622721,-19.66114653430325,0.41130146197895573
4.87890625,7.305077500252102,-1.7515026274306167,-5.5776429300486985,55.65467838345275,-0.3158712455946794
4.8828125,-1.7352665951070667,4.1593725018122,-0.8105509611652368,18.430553707201334,-0.24847943596788458
4.88671875,-0.6013308956301039,-1.221558550113157,-6.172267816662567,-1.8361796369376897,0.264235857430299
4.890625,1.6782869093842347,4.430476382821799,-6.985168721576161,-17.18976828591612,-0.26005616658969405
4.89453125,-2.5229702496106428,-0.6214874664637229,-4.399027388557208,9.784001503903008,0.2029784112051262
4.8984375,-6.41828400677718,-1.0789862055175337,-2.177181984036275,-36.31897813130098,0.41425950569337217
4.90234375,-1.0695633100111348,-2.6823311856601935,-7.5643878198743675,-38.98663749641939,0.9543755932817031
4.90625,-3.374085743679825,3.0073709760491933,7.005488022690027,2.8555544285371157,-0.10496296382178255
4.91015625,-8.406589095061477,0.8305473142414579,-1.1846998725575406,17.79287223179625,-0.3173694613038497
4.9140625,-3.6024157179920424,0.5944054110680785,2.2380154014925524,-10.543426048245623,0.08553772084590361
4.91796875,1.6677551091543221,-2.5272462116117644,-0.7655764631483697,-3.9528486635845166,0.01611098336471019
4.921875,-2.4105683009833805,-5.523892852854642,1.8155242843258255,40.28383483501922,0.09924304491077493
4.92578125,6.870682780194165,-1.4145000762761173,-1.2879922207062684,2.514202806274289,-0.038138110867444626
4.9296875,-3.7743392019882265,-4.237471004228171,5.159962436581633,-8.241019001582128,-0.5751482294747422
4.93359375,2.861171573841347,-1.320350614848595,1.826184197305844,1.5964810782104863,0.3531977078211899
4.9375,-1.7156278412400106,0.04051483068686573,10.011763022306374,-18.08417273083208,0.7988434294955545
4.94140625,4.368370744350717,4.9708070464467955,-0.3977408819286521,-17.361053902617865,0.39395586677782635
4.9453125,-0.06796772249990232,-1.1237629975232082,3.0293514113118363,3.3956752305760336,0.13765113039025978
4.94921875,-6.945977251590019,0.529170014253241,3.3448898407883063,-18.570233461030085,0.03479352929564103
4.953125,2.765177830531713,0.20250902896171613,-1.805509803552691,-17.570062347782258,-0.01598135806996741
4.95703125,-0.5292753995135089,0.27423600509053525,3.2768230802086418,19.663405264040215,0.4670375031553092
4.9609375,1.49053272417734,-0.8775556853577513,-0.000979380349053871,-23.390734246723046,0.7931475574425471
4.96484375,0.24105762370349673,-2.638024172244024,5.756823105270582,1.6296730901986667,-0.9673851315658232
4.96875,-4.054141142361381,-4.56896343031148,-4.910863159930676,52.601629818552816,-0.060271187474412694
4.97265625,8.150566862861178,-0.5435908702517892,-6.425508632510216,-2.729720594960952,0.6826300743810261
4.9765625,0.4112880904394567,1.083384788249613,0.5266722285618384,-10.901592000207295,-0.5708193351295324
4.98046875,2.628235528148456,-4.231710530737482,-7.099738089487598,-13.959179537143893,-0.12442193020685116
4.984375,-1.8324053946864884,-1.7095887600407549,-6.221265967801154,7.96637640251865,0.4706031016577333
4.98828125,-0.22797820756305767,-2.9648405662633897,-3.306622168542236,17.108995153174504,0.2608163147459278
4.9921875,-4.177949425612241,0.7976968391770283,-0.4501696964435695,-30.718906449039242,-0.08719777734571915
4.99609375,-1.6496482587108978,3.5337616622073726,-1.25527551798834,4.3156367055926115,-0.22816219112878863
5.0,-4.826577409371046,-0.3754941571567675,-7.019783852471472,22.52637237410797,-0.4579955741115084
5.00390625,-0.5457577724473885,0.039506419283286215,0.9821638367221392,28.69962591372791,0.05465356009565242
5.0078125,-8.372147950031035,9.798766736683236,4.142860171941834,-9.220687299975777,0.045923137158205334
5.01171875,5.92594655527829,5.544906233646417,4.883331549754324,44.081317394317914,-0.45372251356335924
5.015625,-4.070995952646518,1.3165859358738312,3.3784188743656314,29.107709936246316,-0.37130688818533397
5.01953125,3.395123213787934,-2.055712720512968,1.419359324951958,-27.29638139492874,0.31083850874057306
5.0234375,-12.668069486804669,0.03961548269839237,5.2427774077935645,13.547962611658887,0.13501482216218974
5.02734375,-9.387808588919857,-2.2966191245809138,-0.5592812973236487,-1.2934762284363357,-0.012915827731305765
5.03125,0.580825375161102,4.067722083411471,4.436013357233918,13.510770301595986,0.3629961689291731
5.03515625,5.982487870148213,-0.20001453927123292,6.612549030066036,-18.245225014703664,-0.04931903399798795
5.0390625,3.476333566233185,-0.9111185975226761,-3.6507985016550126,-28.13720905693154,0.16439916119904097
5.04296875,1.437394506758616,-1.9896182953456245,11.58632675745929,-8.238949130600933,0.262400335152129
5.046875,5.464856939981456,2.4336034791210754,-1.5159850312274497,18.815630364038164,-0.020957581072401546
5.05078125,1.1152005398480611,-2.6424619803909963,-0.9368771508270513,26.332497148517948,0.5283965730836327
5.0546875,-4.237052563230603,-2.922312452748627,-0.8532591311892254,14.434323701717856,-0.13072857162297358
5.05859375,1.1295095614593456,-1.2762032549159086,-0.1678011305207434,25.00998740708748,0.24737938219671438
5.0625,-3.034488994299992,-1.4362367479360652,-0.8746792684321849,-25.326360109312255,-0.9602669571966779
5.06640625,4.201712875745258,2.347227527898025,-0.5666414496151253,-4.431070720184971,-0.32172386503753214
5.0703125,4.927420088366317,-3.2584119786951717,-6.956729352164477,-12.461249171964294,-0.3295013724332082
5.07421875,0.05876263240858193,-0.05445595225366701,-7.743740804755265,-15.374985036260176,-0.44429888816199364
5.078125,2.568959204826202,2.461422567334231,-0.10407152304198153,-21.468274300315922,0.362986651670709
5.08203125,-0.685357608313532,1.2331430496144669,-3.856824357460968,-9.075679655993792,-0.37650920662573206
5.0859375,0.06361318601433184,1.388977868250429,-3.5966313716684963,-44.693254509985664,-0.6793784668302512
5.08984375,-1.6283304018383216,4.047810704697536,2.060296490402368,-10.916986221898684,-0.42776792596827756
5.09375,-5.888334199777714,-7.181290952516215,-4.287277401312443,16.453338806573583,0.5972271789806318
5.09765625,-3.3375022674780483,1.5111544603573552,-5.340142526991488,21.295752961678495,0.21145712160296404
5.1015625,-0.8618569540244272,-0.09667980189056556,4.106186173848264,-6.017892886321686,-0.2267947208629598
5.10546875,1.1650283830512602,0.25348903838706194,-2.4443062577721957,24.28598825795978,-0.006363021821488425
5.109375,-1.765083283824389,-1.5018834742256055,6.7491224410703365,-20.25737262358149,-0.8712258348600562
5.11328125,-6.461321387574401,-6.498825633241962,1.8488819330815844,-31.20361171903286,-0.5664170265294564
5.1171875,3.0702865472608876,2.8740969380565575,-0.9582294663525706,-38.53567632969883,-0.6734007546347329
5.12109375,4.131044328054938,-3.007186177216415,3.2309728162446065,-2.7279662661504656,-0.14239262866239072
5.125,-2.0081899527557567,-2.428613210804987,5.28118932060757,-4.434154936475748,-0.010705816439966855
5.12890625,2.1921809347328716,1.8349163794493473,1.8701609890881277,3.433844305071272,0.2280807346523
5.1328125,-2.5328567632655377,-1.9666122036230602,-1.920680453090935,0.6647924525536419,0.30102359271461004
5.13671875,6.327332701422399,-3.6395408922873482,-1.5424373229665707,3.893150390234445,-0.6243139911677047
5.140625,1.6530303210209902,-0.8714075374311148,-7.1035697465176035,14.808354456489106,-0.19288910060789288
5.14453125,1.526956433277614,2.8500579126211507,-4.228205896310797,-46.39469417613757,0.49059663877505044
5.1484375,0.8921207268997599,-0.3375355804256761,-5.880381048310433,4.054726506170885,0.15085692009680488
5.15234375,-5.6965641818720165,4.92934618218764,0.6244020984454872,-6.111559153536231,-0.6234868397774812
5.15625,6.324498982290044,-0.03664480846781154,-5.302158819148062,-15.076539615163403,-0.5985512828228738
5.16015625,-5.377850474161691,-1.6490628082835477,-0.5300261540979663,-2.654651974179183,0.31803661882442436
5.1640625,-0.27304815269885685,0.5420147555253341,3.5267974731337564,13.074726237219414,-0.19827176971202135
5.16796875,-5.358269550998423,-1.8150571567153988,-5.891354814663009,-31.55929888340986,0.11288644149161604
5.171875,3.580204490211009,-3.483929632477147,-4.580155000394727,-33.26446464676113,0.9560194652341145
5.17578125,-3.435744746148777,-1.2804895116260484,0.08083826358419688,-32.94687257536524,-0.038070310719080395
5.1796875,12.818030529658738,-0.4578834728911644,7.10335463016481,4.689722002072118,-0.7819015587673752
5.18359375,-5.621121844319758,2.209327072373829,-0.9479229381709111,38.32948127148085,-0.2508110436374999
5.1875,-0.6348032599922618,2.993608241089748,2.077602143145653,34.88207805850572,0.3658689263060876
5.19140625,2.514358787797038,1.716919979867194,0.2584603828734351,19.10236207438424,1.0347475156720058
5.1953125,-3.490454319597878,-0.131051838575886,6.960280903408949,0.5466441351183917,-0.19225446647031433
5.19921875,3.6216208579403664,-1.1958609009942802,-0.46602400534049737,6.9421983314675,-0.04365486713921158
5.203125,5.766938192771572,-1.4664289243488249,3.208618336271774,15.861083659531808,0.4603546746695211
5.20703125,-0.6712730338252841,-0.8577624040287539,1.004800697181696,-7.977068939901313,-0.45647235988129475
5.2109375,2.7106318680956623,3.2200120105281496,0.1407223133865978,24.828878667307638,-0.3077965066115225
5.21484375,-1.5423524046372614,1.9858771128195862,4.2426775088124495,-5.092872829034443,-0.16501023633218298
5.21875,-3.146053590075104,-0.7077794785067546,-6.721802945033405,12.943592505407274,-0.8387831746227274
5.22265625,-4.474368455866826,-4.797803378845266,-2.0503867644018157,-1.7027965028346683,0.29260669851099225
5.2265625,3.5096181770157364,-1.7260999651252686,1.783710182711555,-4.054963433292502,0.3907518282185752
5.23046875,-1.818486218390078,5.73640133486149,3.9430596987792774,11.175103906070674,0.7906588297828151
5.234375,2.6487111646949004,9.651600063768353,-6.829600253645174,22.234402635694256,-0.6037713917212828
5.23828125,1.7590287150565906,0.24815003877097536,-4.148463961805888,3.074616284743815,0.6206859095702869
5.2421875,1.2800108846980862,-0.8792251908642267,-2.7386641197305743,22.35219308939272,-0.42117005249681766
5.24609375,-0.6147124315972419,4.238937143805067,-3.9379592293272796,1.3600038692862375,0.5782929751341377
5.25,5.500043619427647,0.2961855857352137,-4.032072789180623,33.56197361224457,-0.3654142723476674
5.25390625,-0.136480246897328,-2.808046738745833,-4.1558869933372415,-15.538027613120953,-0.43508295850869544
5.2578125,2.211910588405433,-2.5591274412728464,0.1256163511835684,-17.02368194861,-0.09502759169553858
5.26171875,-2.502991451152555,2.5670664575074804,-5.159255428885228,-5.40678957034131,0.4894769080353339
5.265625,5.345383814020268,4.617914457349109,-2.3536615027271264,-39.5573193709136,0.7184616910536772
5.26953125,-5.9192105727585025,-0.9361675828796598,2.906074321894888,-2.788299816286321,0.29164234599758015
5.2734375,-0.8122799631645957,1.5362049518468743,2.7048119289676906,-15.900272377833954,0.7850190057252591
5.27734375,1.341403688150537,-4.934835116909526,0.4782170126481307,23.801967398349014,0.8690768031774079
5.28125,-1.5650519219974597,-5.9489408384677445,7.410683667820061,6.301737018299068,-0.8768164113329477
5.28515625,0.4819698402426059,-1.361408736182192,1.765434246340624,8.221629080372942,0.1709371445698041
5.2890625,3.3633981309266847,2.2581608411396257,-4.493730590472037,24.229633534716932,-0.1774313880180674
5.29296875,-1.3394941435873284,-2.751112162499988,-0.32498514491084673,9.75477182386065,0.2181260329307632
5.296875,-6.46937405785493,1.107644452132499,6.61982362591313,-2.104768282213936,0.032930575042591406
5.30078125,4.846054962814298,0.2092561214099338,2.704622875256493,7.188723616778736,-0.10535797778550374
5.3046875,2.006728446883576,0.037899806651389624,3.678902121398149,-27.675153051880145,-0.34531782998775024
5.30859375,2.2815062213439625,3.3987302911593322,-2.8284724364066056,9.182010482041836,0.1264972774327984
5.3125,1.5239993469381623,0.13078586045453605,1.1728049559333658,-18.315714178955965,0.2017692495196673
5.31640625,-0.4897514941993649,0.46614280276350195,1.7908016608360346,10.083588571726672,-0.07045198551680817
5.3203125,-6.5502128628664815,-2.1669480119845828,-3.2579372608586796,3.789773471883405,-0.6830070381745924
5.32421875,0.3794931387798444,1.7338406587212276,0.3208317081952936,11.694515405479699,0.23859596770638167
5.328125,3.1772752515368285,0.33182459537650294,-6.761482530223417,29.273250584995584,-0.7855548619758693
5.33203125,-4.132290732677527,2.821339016484302,-7.876768340645092,-9.601295973064051,0.6143458906898548
5.3359375,-3.826742475718399,-3.2232314087343283,-8.865619483554433,0.730840286332894,0.5345477653797667
5.33984375,1.0060366740766467,-0.488596558242245,-2.2666936064764855,14.247832660111497,-0.022422249465043342
5.34375,-3.567639944446083,-2.993370056616907,-5.53875383509736,1.3560163368871798,0.6066884003298871
5.34765625,4.729194693320563,-4.435955985890934,-5.552505053491169,1.3319982162428534,0.8572732373348282
5.3515625,7.670982903976137,2.021151723561931,-0.31079390215725256,-33.984101296580704,-0.658383603690059
5.35546875,-3.0841816693470783,-0.7805170189340378,0.936008166743141,-1.980806823471248,-0.05189225119602339
5.359375,4.146051919285995,-3.9629163351661134,-0.17805876660944875,3.7992524993880936,0.40689016302961606
5.36328125,6.402500088684241,-3.519427203254243,2.397933000764179,-24.205549280326686,0.3227273730448111
5.3671875,2.46699298712391,-6.187142091858053,1.1288394245265045,11.990143016520015,1.0390865453387066
5.37109375,2.751384372586658,4.518241606577267,8.20170903559688,12.684095060109282,-0.11921421528836798
5.375,3.2972375760851427,5.4277710277564,1.9852067540778329,-3.1128542511218065,0.3959734561995807
5.37890625,-5.7546381186407976,-4.038466330104331,0.45623718204209895,1.3605077680734414,-0.907955434333977
5.3828125,0.31056826661989173,3.8734775710481606,4.643236655885451,35.357783627863256,-0.2901018527391028
5.38671875,-0.9660140154973254,2.025182817994282,-2.9524957234818463,-9.02575234793086,0.300950298622522
5.390625,-8.09051385954523,4.282093372964269,4.9402780507002495,28.973437669805826,-0.05644083819002425
5.39453125,-4.012552556196585,-2.1264045254062385,-1.8779039099304358,-4.282749071944581,-0.5434373211574892
5.3984375,-12.351938464046906,-0.29224583848828267,5.470778372263833,-29.882079125326133,0.06592452341092961
5.40234375,-0.4631833145135786,3.59546840672674,-2.816797924055118,-17.704163043028004,0.43485780406345775
5.40625,0.02972030608427738,-2.803870021621706,4.830362532488554,-1.3147415379098142,-0.1201563470953167
5.41015625,-0.02507014023242023,4.3120306442423715,-4.247635000078779,15.029372591609633,0.9000099825280448
5.4140625,2.582588713336493,-2.93720552355751,-3.865741694505186,-8.932552360572787,-0.6414918294451387
5.41796875,7.8578832248073756,1.184588577869239,-3.3870373474533686,-12.624204907609684,0.4709705490883306
5.421875,0.7091146673690483,0.487894544794967,0.997738993114806,34.44210038607248,-0.3311243179648772
5.42578125,-1.590393297686049,2.7228811880609043,-0.9487514583440557,-13.080308319286283,-0.6286768509037023
5.4296875,5.917439478425365,3.3497478990125544,2.720994826635091,18.6142264591611,0.04610647243167289
5.43359375,-7.359433905815831,-3.792207303461754,-3.188646170968871,2.456772286320494,0.2236742002858049
5.4375,-2.8453353609927627,2.833161236545338,-0.3705425335546786,-25.759667527425634,0.2611546336009265
5.44140625,-6.152800761777608,0.889879283181995,-4.335581491399258,-39.88103987074723,0.053104949581760284
5.4453125,7.815538135367226,3.8658239587260717,-6.541506129211628,-9.468914420858395,0.08003426357950047
5.44921875,-0.686150606862854,0.14847942343082066,-0.9335635193959433,-5.662206222349159,0.4093348525135536
5.453125,-5.554028416161539,0.1944147943561717,5.934911936395559,-1.3584878234100808,0.1601206156408691
5.45703125,3.350756772654552,2.467101973069155,-4.545064683322043,-8.427195779090429,0.11732764569438821
5.4609375,-0.2943288742505357,-8.307270057427521,-1.7294106020553652,-11.709065728841084,-0.008067181950349913
5.46484375,2.6277944823937145,0.5407572944559702,5.53564755650863,-24.06780791905416,0.2597789753628983
5.46875,-1.6268012163691268,2.840273368438704,5.393139383680969,15.19674258842506,-0.20273887525695028
5.47265625,0.535249338887889,-0.5676072318218097,6.838633856763183,3.1303472878744314,0.5993080310603472
5.4765625,1.987780692038114,-2.663466332541142,1.4012795248025538,-3.9388866961733013,0.4910966763503136
5.48046875,-1.6503172311269845,4.38145570367968,-5.080566638370133,-20.197507314434947,-1.0068135174022075
5.484375,3.53794278424675,0.4114236871662776,-10.672697324736866,4.670399690086956,-0.34474862310888427
5.48828125,3.2183327783187887,-5.276762773026921,0.7345848342873169,-39.137394726164075,0.3480406425595575
5.4921875,0.005906324047517127,-4.522932566692848,2.635651597968481,-21.42258282341244,-1.2765150520741428
5.49609375,-0.2705408963150138,-0.24220551796873785,-1.9594905811581,9.796588988956358,-0.2997422391807699
5.5,-5.51592948870534,-2.432886454064401,6.47041170681811,32.76137340707863,0.6668724484483535
5.50390625,0.019794282574579058,-2.642090080433894,-4.077591252636026,12.940966217662607,1.0430144706386195
5.5078125,1.6090042976481849,3.7326830939159743,-8.625649082772924,-7.200980998877233,-0.16789107850899163
5.51171875,3.6671820704522324,1.8663160568229409,-4.437492481098451,4.414827665382477,0.044389903698299156
5.515625,3.845208230490761,3.3250052888571435,3.0231168381142606,29.406103925220393,0.5665705390565242
5.51953125,4.201334368395292,0.16435851056231246,-8.59094973567234,17.321569039408935,-0.12367076506058847
5.5234375,-0.40179772960144206,-1.4180869077811555,-8.855446615207846,5.821843043302126,1.0246149839110177
5.52734375,-8.522527474085853,5.880041072503098,3.3685954812488905,-4.249818598970926,0.2267917011256583
5.53125,2.8729091991115228,0.2568463298055451,-4.816125153177293,-8.426079795708947,0.28983134410024397
5.53515625,-3.720820655354863,0.6850775631323944,-2.0635501235171305,-6.446935291284128,0.13756454156102343
5.5390625,-0.2529242803880121,0.24518412851655286,-3.6009981255210515,9.217912624745734,0.2827216886431193
5.54296875,-2.0397261493838847,-3.2563199156896134,-0.8352932650988364,-18.75023823049634,-0.00584320879414172
5.546875,-0.40387229008444,-1.0954040258173927,6.378462038639711,3.3327894916879295,0.86995822430752
5.55078125,-3.2523368641770993,2.8990422955491963,2.772480285517906,4.956298670807398,0.5473320189466822
5.5546875,1.5501167340306938,1.6849806582759252,-11.764635046993096,31.430129570618494,-0.32078045284679085
5.55859375,-0.30380356386469853,3.4405237497199987,6.1366283445207435,2.263824116803976,0.46399197766434
5.5625,9.243954583168396,-0.13963742129930617,9.82578296118055,3.4887444488770623,-0.20183407313796653
5.56640625,-5.34658751249377,-2.167602811999638,-0.7760409987742931,-1.1750686987281798,0.3103870467519238
5.5703125,-4.008529199893193,-1.2549124747620932,-2.77439927103366,-32.86343944742805,-0.4713222100527837
5.57421875,0.21474080735914503,-3.1086166834955864,1.063826227594632,-18.37498985761976,0.29050711987607697
5.578125,-8.932937477635283,-1.6384982824235181,0.4370567154948244,6.314602577425056,-0.5932297604694887
5.58203125,-0.7838483668156799,-0.9299171070394796,0.26483288933550564,6.103435452766314,-0.00029180956969363994
5.5859375,-6.824192656605028,0.43413470561415224,-4.951302660324496,-32.642992350328186,0.2851541564334224
5.58984375,-3.002165070050098,3.8123941702123014,-3.478665954095672,11.819458162927422,0.1577910772220129
5.59375,-2.158501956498607,-1.2481311963482888,6.395807791449082,-20.451135402384153,0.3266311223476518
5.59765625,5.891262213611438,-3.228477531466423,3.7063604378288852,-20.585570396216845,0.19177935506786478
5.6015625,-1.338540943444993,4.009915078109126,-0.011996204124378629,31.818158598360096,0.14043818270228967
5.60546875,6.224812694731113,6.495225412363354,3.3187835140743625,18.99400867429806,-0.9132524520414947
5.609375,4.598111850925404,5.114996827568875,-4.135115094067103,9.412136790072003,0.26483432710009003
5.61328125,2.2139191071999442,-2.4348350323774985,0.3044420980978946,-18.985058585693203,-0.1273463506168521
5.6171875,3.5234337168402616,2.1775403478892255,-2.1851311515106016,2.4539310559379777,0.29577322558613744
5.62109375,-6.023230765335133,6.086156184681604,-0.622823044811192,-9.41731947761129,0.8281866062203944
5.625,-3.2826165322704446,-3.94083575163831,0.3298310494758434,11.136256719364447,-0.4307438433859586
5.62890625,4.495954484622167,2.9100985016133953,0.214921018658903,20.27206947953842,-0.27229010111744206
5.6328125,5.9108001685769676,-1.5319722966217268,3.2477672628291216,-30.271713199088826,-0.18388999549543836
5.63671875,1.5574798674123538,-6.864265472510981,4.329228491021128,-15.643996046611708,-0.48656299461446606
5.640625,-0.8610370896807567,0.23021768597392517,2.783470504124102,-43.060921218457146,-0.024332934391591142
5.64453125,-3.4388042352376913,-1.6429075584932886,-0.2556418082517029,11.372423411805078,-0.6878733312142227
5.6484375,3.8503630553687644,0.33154124494364534,2.868696936706645,23.128258569860943,0.30782533043737925
5.65234375,1.9940714001945152,1.1779257220602086,4.676369811679841,32.53454357626975,0.6008506219136353
5.65625,6.007600088420909,2.3085576926331597,-1.4615623390947756,22.886236039757488,-0.09588869930203656
5.66015625,1.746048140163811,2.878696644650418,5.916544849121378,-12.804707558219281,0.1947737406295266
5.6640625,0.09055669320968728,-0.13486483554215362,0.5539809939986817,-3.908263905524855,0.7228423726851413
5.66796875,-1.0655375153760611,1.7589933420789077,-4.8441357846342346,-20.236874679085375,-0.571100161768409
5.671875,-0.2837110525332717,3.0332988088812085,5.466078799345239,3.902660313076332,-0.22023936001457597
5.67578125,2.3831980031139794,2.818786666881354,6.908897196708757,-17.286888455183487,-0.042411718887641565
5.6796875,-2.0627431335835,2.9365935928368203,-8.353248390674713,-8.156464026178824,-0.0324238379599409
5.68359375,1.7185338427752184,-0.6842370308602379,0.1306245853412658,-2.0540163902510358,-0.1416526230090182
5.6875,0.7341723261329892,5.9516686189451296,0.6893894297588401,-1.6720798502153968,0.9692543351897112
5.69140625,3.1609442352075248,5.597358680605293,-2.0281130673974115,4.031564336505495,-0.10089240458949146
5.6953125,-2.937101523972168,0.7161255286605513,2.4653459949558743,34.43698164127914,0.3003948116329687
5.69921875,-2.076748296556685,0.4266329535096222,0.08231510282180388,22.801110177285068,-0.7613712641261857
5.703125,-8.163461497562018,-0.9534369284859499,-3.7378834993130665,12.54093042912488,-0.10550657849541731
5.70703125,1.99280413581742,-4.678691355841618,4.223660187955113,-14.39669443999166,-0.25724777425213674
5.7109375,2.849230942315635,4.898849355153771,-2.509815442905762,-17.64484382294259,0.6084086880597404
5.71484375,7.742906301695399,-3.128217946233528,-4.820437581342418,-33.18440720172108,0.12503527464793304
5.71875,1.966361043001783,-2.020003831448145,3.7519040176527976,-28.953449976046873,-0.13406268647499037
5.72265625,0.7998175457570827,0.7670659858956147,-6.589287552466812,-1.658957624297381,0.757056320636095
5.7265625,-3.679329778707371,1.5555393439005973,2.8099576286070103,0.39087708558084033,-0.31041922322043125
5.73046875,6.006225260760089,-3.1900443906611953,5.187505566008601,18.169592377526563,0.5337639464819633
5.734375,-2.1370105798416987,2.862090853546695,6.007221849554584,21.066233933586027,-0.7311415612624294
5.73828125,-5.925383065796901,1.2773789285240273,5.6821757066875636,17.11373677849179,-0.2903537154176265
5.7421875,6.95413642475091,-0.2133862826648737,0.3403654470957931,13.1394811726933,0.36809069144709633
5.74609375,4.03606755147757,-0.12340246853207495,1.2716832091727064,14.662252108992213,0.09457369372231682
5.75,-5.2306902469873915,3.644646443256983,4.539359683793119,-6.0709351079512865,-0.10649180882247528
5.75390625,2.6041741558156235,-4.113477429719332,-3.506376914446506,-7.406737567715774,0.4461055845370213
5.7578125,0.7971483104430348,4.844297408665906,0.24847933365226593,-10.96148005738845,-0.3561944540733595
5.76171875,-2.5876313771977486,2.121888626564516,4.162418142838657,-36.27899689236975,0.3329185289265585
5.765625,2.7127711734541466,-1.1718915288433436,0.0904117058455931,-12.63606674985994,0.36101137723652693
5.76953125,-3.44573959380075,2.1337931638145857,2.6461101074804416,-6.420104300158207,-0.2841494568845102
5.7734375,2.9668509715003744,-1.781252923274324,-1.7463242182910002,38.50359128452123,-0.14597373617696432
5.77734375,2.9390363983642374,-1.6937741488035531,-0.8262589902056612,16.473958604913513,-0.4714039575575634
5.78125,0.33130259694849873,0.9410891436582923,-3.5646302546957687,26.85965320361131,0.02268920339390671
5.78515625,-8.486853207041126,-2.950627757729899,0.8314887819349455,29.687971639716274,0.2666248860666427
5.7890625,4.403649236562046,-1.022151617109238,-8.515867640434115,5.211704089547329,-0.29550424915269485
5.79296875,0.2810943768008197,-1.9725817690901977,-2.1451415345491656,10.69143668482856,-0.30995540447812575
5.796875,-1.3199980206360933,0.7081928283626479,-10.833682859200957,19.869356742903527,-0.0825526549821458
5.80078125,-0.7325916899838157,-1.8046508766510378,0.7774612073181109,-23.157321716819695,0.5976935955411391
5.8046875,1.533737786392934,4.678413716635394,-2.58610876963124,-36.062330858164174,0.5037165761923476
5.80859375,-0.06211155718827979,-0.25215187410705225,-2.182715486801986,-7.960457581729332,0.1515546969938725
5.8125,4.529267744798591,2.1775339128234714,3.546219442639785,-16.973465992477866,-0.28897977157092947
5.81640625,2.732713304495412,1.6202289858753192,8.791722078087476,3.6654715109864915,-0.6473508991719079
5.8203125,-1.0533797866615304,-2.4847391557737852,-5.325253084206812,14.943394808726984,-0.132395148630659
5.82421875,-2.408122360292214,1.4093526380916273,1.177955722548197,28.754469101267564,0.44312845841072557
5.828125,-2.382920197246082,-5.463177556036651,3.8317438792346916,24.897446441345984,-0.1380271876933583
5.83203125,1.8970352751869155,0.6882841053856469,1.7424244222176257,11.235933476365577,0.255837439965
5.8359375,1.0948911423087742,7.120400347698688,2.577597448819108,9.92638115110238,-0.10834290729083419
5.83984375,-2.3766681352009593,-1.3139499206693748,1.1671401965161088,19.99462580639112,-0.24306645964703952
5.84375,-0.06852312291280055,0.215165576516333,-6.346332958630043,-23.06934369424223,0.20027904475328032
5.84765625,0.03380383503837796,-0.6076035831820272,13.816468265102479,-12.903257828862309,-0.42522768790902044
5.8515625,-0.5635898082792852,-2.2892599911346942,0.5348381953323789,-14.099248219280591,0.6119859384289672
5.85546875,-0.570154161330641,-5.639891767064937,6.095330435197866,-14.908878714416746,-0.8015745167610767
5.859375,-0.6443138449882971,2.396510759708594,1.615660255860797,-12.728012640130807,0.38237315485769763
5.86328125,-0.500464583204212,-0.48563857848059055,-0.4097628462298429,3.4804552396873474,0.07681694402039749
5.8671875,5.55323366021991,1.9527433585341478,-2.035871404511992,-9.26466425597338,-0.07822207184508659
5.87109375,1.5943561642499704,0.07861325073531511,-4.738190039760143,49.206998489791104,0.0421363533148172
5.875,1.636181579081607,3.225638128693493,-0.9355600227308267,26.722353224455937,-0.5566785918813937
5.87890625,0.2933126414628094,-1.8525659451356584,-1.5339545563418362,23.600032490255664,0.06663924552717222
5.8828125,11.150474641175064,3.994110934591431,0.17257456032565077,10.903622528959332,0.10265047035934753
5.88671875,4.510189155674232,3.6235682052525537,6.198237514560833,-30.33477962654908,0.4579567541050929
5.890625,1.4228790868031063,-3.471625636190277,1.2873108296469806,2.2319695982072965,-0.06348681977871096
5.89453125,0.42611294190377896,-5.288834985262202,-4.065876066046804,-27.492711829577008,0.24757259881112412
5.8984375,3.7416035494568427,3.2735686450361774,-0.12931717421742905,-25.389952728786703,0.34769020243588034
5.90234375,-4.415875013182875,1.7517399585902411,1.4901932890118519,-10.815113965819085,0.13716037813903056
5.90625,-0.6111807705200005,1.4306618615575237,-0.7688070121541283,-22.624289517723835,-0.1959232034550612
5.91015625,9.272964274165027,-0.18939460393282753,-1.9243232677805666,-0.0027024031084086353,0.564529705578321
5.9140625,6.325461027548198,2.9108465139935817,1.9084303512472092,30.35296091543559,0.7104218417866933
5.91796875,-3.757950242884349,-2.887547577953495,0.8364448798288212,12.573435567766273,0.04900684189850539
5.921875,-0.22704257958328328,-1.2283430620181026,4.091258127205325,4.411814088495838,0.42659059151652773
5.92578125,4.915773861952452,-2.2239132327335716,7.653365109709478,14.644926309949662,-0.16331726687511083
5.9296875,-0.9339746648488397,-0.7863551276241686,1.8038268169461018,5.90480779710461,0.5796939714233217
5.93359375,0.963723664155919,0.1612971952015157,-2.700791189553305,-12.490007939726418,-0.3556818486528595
5.9375,-0.50765123428421,0.5485683843926712,1.5049968887360732,-34.143006057333054,-0.8759550153810566
5.94140625,-5.992382072200131,-1.4667539209136433,0.7554648942661837,-19.201302069103697,0.30598307374128036
5.9453125,1.1626916067587152,4.316472169753975,2.328043954797118,-16.194784524834272,0.7186554442051949
5.94921875,3.490772251335322,0.05248952576819209,10.724914083847372,-25.766102987273435,-0.06074749103406586
5.953125,-4.371461741302745,-0.13242675287447397,0.878681317275278,-1.9380654450406354,0.11638156947916185
5.95703125,4.43576020487561,-1.5786744604700964,-6.992345829728641,-10.213969660555758,1.2724772495631385
5.9609375,6.735703416674498,2.007444095598005,-8.31299572665582,44.50359283948918,0.03300052539185762
5.96484375,-2.3622074822830132,3.6076678980563193,1.3755544056222748,8.35742354808492,-0.4925613038056508
5.96875,-1.437426011936026,5.244342307236893,-6.647285157133813,4.92280581428043,-0.8873143635754616
5.97265625,4.356575323682393,-5.275516754667273,0.7572325590909825,-13.702053750428869,-0.03343529493407597
5.9765625,-4.542588385814956,-4.415116472318807,-0.4255296080137647,21.357997936653785,0.454487426096881
5.98046875,5.828565207748696,-4.714847428583437,0.9686480530548054,1.5018957471582493,-0.6809453269757398
5.984375,4.4788429568999435,-3.370285052522335,-4.715693424278168,7.9311399880904165,0.022578789500932905
5.98828125,3.4959377929414606,-4.693888175677628,2.0375432148232155,14.081688722666172,-1.2995829299743014
5.9921875,-0.0011239945137283805,4.991384684332278,-6.509510378067869,-21.13901840748347,0.255338934753501
5.99609375,-3.5563708007709605,-0.8286235547159211,-6.39816399933514,-35.539186271251474,0.09946394061327687
6.0,-7.233836314687547,1.6718517128339787,-1.7365542296487182,-15.490839526620176,-0.13440092898537181
6.00390625,-2.9057094758756565,1.075258728511716,-0.39937113029248716,7.752219862042296,0.49608512504733776
6.0078125,1.576865032208384,-2.4870326866672214,1.006019989166469,8.374096710304862,0.7990999077266832
6.01171875,-5.378341986364254,-0.2146475060137517,1.4368519042250134,1.934502374603138,0.13439520502262078
6.015625,-0.827821829772394,2.743030947545905,-3.7437125401057245,-3.1846717335150334,0.931141320516292
6.01953125,0.4959034296553768,0.867186549693076,-2.678719599231134,-5.569434912229938,0.49791128335569634
6.0234375,2.6209029406447155,-2.948066333639205,1.1888082850435462,-3.731650691718627,-0.28839248275880375
6.02734375,-3.6569962448205917,-6.7733120035677965,2.7058122010451435,6.066741296835618,0.611202212381586
6.03125,3.145673964905596,-0.2232855297389689,-2.0493323403899595,-0.6023865012764489,-0.42077381974539796
6.03515625,6.208187178537315,0.7764925131786578,-2.690509086554037,-3.1954878011185137,-0.13700161780903175
6.0390625,2.3991832444913856,3.1000288581872004,0.4611949370888755,-28.273452695039715,0.04560283981329332
6.04296875,-0.5071090797120515,-3.5752836588215757,3.844341122043591,-9.608625263927493,0.18910719542767737
6.046875,3.233138742273739,0.2612646661761238,-1.5476439759528997,31.603688402245975,0.03236883694139876
6.05078125,1.7106622654738939,2.709303248944379,4.303992239054696,8.2871463875639,-0.0389263863071112
6.0546875,-2.7867322480092405,-1.5111358665565318,0.7338269982710781,27.11650435323989,-0.35302669746377024
6.05859375,-2.437439919925309,1.8180076692659695,-1.0900387969477676,15.34773287262016,-1.0351926362728443
6.0625,3.1219515123185557,0.7140074819724432,-2.1308413672546584,-4.822954774911723,-0.08183622063008969
6.06640625,0.7058941980000708,-0.5913666007479356,3.424674536798658,12.302290451572102,-0.31789253058490424
6.0703125,4.222311995084382,-1.0464353941486233,-1.39222211780847,-6.737153302275731,-0.8784072853528633
6.07421875,-2.990494218706779,-4.514017372307252,-2.2106566441978,-1.0040875117868264,1.356659196111269
6.078125,-1.761099009626113,2.075750991466607,6.753885834033854,-26.086789852871696,-0.5224629180615624
6.08203125,-3.134153259389053,-0.4811811526144592,4.536715293207218,-21.339579460329116,-0.0658495102887248
6.0859375,0.1480887312556841,1.1680194484583402,-1.1783867169452014,21.119803417404775,-0.8727794317072832
6.08984375,-4.645389061880884,-2.2758079450661977,-3.641311788403921,9.605677878188112,-0.42418018049612044
6.09375,4.385284101407605,0.8161463343308484,1.6965970316553856,7.729897497181833,0.25388835099450113
6.09765625,9.093259479202068,0.49185577717317264,-7.30351560451331,4.0972575954967505,-0.7179716468456837
6.1015625,3.083399703107744,3.2491030868179465,-1.9340775625609936,22.874837090802714,-1.5037008258178177
6.10546875,-5.582483180057047,6.626350245715203,2.0708169604960793,-17.10754087198699,-0.38205424518992503
6.109375,-7.97615835454527,0.7852121225615437,8.740303435575086,2.6622142513057456,0.5521711423993247
6.11328125,-2.805593156059179,0.09399116279729682,2.666658370745378,27.02623894828399,-0.20209387028793666
6.1171875,0.561827073369349,3.1020950422933735,2.521724471486354,-6.145358310966551,0.25502229357274764
6.12109375,1.3896159134708952,-3.0026067063557638,0.7871805586445078,-7.118776842604414,-0.36880750128018835
6.125,-4.337401434039942,0.6111352058538271,4.5563522647439125,-8.9569337466753,0.3980565225819572
6.12890625,2.8344601013278066,-2.689360626415869,1.5133259901751939,-5.83175935853654,-0.008941533380635873
6.1328125,-4.556756981777417,1.808011189472499,-6.922861233032346,-5.138028094065087,-0.36447702006241967
6.13671875,0.6508011119583338,-4.229786234623644,1.0324815000581118,-3.4487054328434503,0.9929491481237622
6.140625,-1.11584274492989,0.26943734808160724,2.5782233296598327,-14.854107920465484,-0.4248361031603957
6.14453125,3.1572597226447234,4.9291905731118515,-3.4836852478162292,-4.692171143050016,-0.06903530854357844
6.1484375,-4.602393573124518,-1.4356491007992562,1.019449906004493,-10.993881680143424,-0.09307719774987648
6.15234375,1.8055615082862906,-1.9013147975502647,2.7031722273072494,16.29204493055246,1.321836049064298
6.15625,0.8798255270991451,-1.5865487340535998,-0.5817803682945843,-9.652646057799387,-0.25109741223113485
6.16015625,1.8170645314359433,-0.10716525960832865,-1.200817242211678,1.535750084477744,-0.2808638890104202
6.1640625,-3.5110280499046054,-0.644794167816716,-5.2187979219235565,-14.884548037220313,0.11692915092537637
6.16796875,5.9737953451433015,1.0249521690253987,-4.117761319574134,-19.801167184184436,1.5104933566544116
6.171875,-3.598348233111089,0.3731217546962242,1.292627906185638,-21.44511587889744,-0.3266789620216724
6.17578125,1.3791265781922852,2.5659957788200605,-2.935523048701766,-1.873231668854448,-0.08058788536127784
6.1796875,-0.944177441724835,1.8562052801957059,-4.767038895396276,-11.2018843437416,-0.8289732063720274
6.18359375,9.599858066373608,3.0092051707255436,1.3963969086513681,27.049473944791966,0.9821845885447746
6.1875,-4.043780035395974,-6.0521929991669445,7.307960063601662,-21.33219359662101,0.7511210640187103
6.19140625,5.749257428498745,-5.001018551031819,-0.20797154351224956,-3.4829289480812626,-0.09433884886152978
6.1953125,0.7200456690189997,4.023277754247641,4.646515366686061,-14.004367316536735,-0.14961927665641814
6.19921875,0.858579704236113,-2.9623731596141147,9.835943189472182,-13.620016069210854,0.26557515147264377
6.203125,-1.0264355614607834,1.2223227968575514,7.284706036618056,-14.938956487786669,-0.5518493154619659
6.20703125,-8.46866296347419,-4.484320790944903,10.371730138742766,-13.198492342468832,0.45552172338380165
6.2109375,0.555975292150688,-1.9721088440964138,3.347297960410646,-22.69906277894014,0.22434466970311742
6.21484375,-1.0593300468980182,-0.8400315450895129,-1.1377009393818382,-7.104210267416568,0.013831783456566629
6.21875,-2.199298503523878,-2.6486957991877382,5.560770017978552,43.373643214802144,1.0338205766623885
6.22265625,3.3819935086559356,-1.166320454932516,2.8738132066824678,-5.403046988423267,0.24443854465562637
6.2265625,-5.343009937938993,-2.2083686904023176,1.706451158117092,22.67796468456928,-0.4051892806890653
6.23046875,7.185391275526551,-0.6284870728887046,3.390472620118759,16.952430014324513,-0.08260964895817205
6.234375,2.9408070745822767,3.95922414498716,-10.234331603089078,24.702888881360458,-0.5493520575590343
6.23828125,-8.43843559117038,1.5832756827037462,-1.2728097482221763,3.3168263088345338,-0.6238830985841533
6.2421875,1.9070618389880016,0.9877706512479953,-5.799312351484785,11.804220898899679,0.1679133537362782
6.24609375,0.913451664766604,0.2676638745288143,-0.6228902278908492,2.987176440515346,0.11754400105955182
6.25,-2.0652799430811037,0.781653128143245,-7.383082169484218,15.276029918675556,-0.1532830505056781
6.25390625,0.6473475654670134,-6.747847186073315,-5.460259543251263,-14.369153184027573,0.029878911986305236
6.2578125,2.516310166577976,-5.047163803046236,-9.004617520292696,3.4589123499005403,0.2021567107181704
6.26171875,3.3078073421225236,0.44436097009149844,-6.996444740866599,-20.459194435280196,0.376190925179436
6.265625,-4.211136708167469,2.5504519398075765,-3.9026381170265494,-16.09329544968572,-0.11280859570941783
6.26953125,-0.9786273664349447,-6.041937250170891,-1.6154967850477748,-27.752473677494685,0.049594952721186705
6.2734375,6.8119228316492935,3.386744388240275,-0.7903743384908211,-11.724367658442521,0.42501253130160827
6.27734375,1.279392813153408,-2.4718473705467083,0.7558490549224126,0.4518494752125477,0.32690374770349057
6.28125,-4.945033672486739,0.9153891942620753,3.3491675692786966,2.9973018574005508,-0.023634000416665003
6.28515625,1.3589998304581334,-0.2372692267513313,5.555087851980838,3.427629090654774,1.1231304678053158
6.2890625,-4.018178066195354,1.8123292079203872,-1.5699734476136982,15.660904765854722,-1.3324855386157655
6.29296875,3.8079746936699115,2.7468593412246327,-1.6062593684450097,11.397878453554544,0.42940955145781
6.296875,-0.1113164725435536,-2.4237527676271773,2.071612384085804,-20.646921866321815,1.05341745567797
6.30078125,-2.908571416532616,-1.2655772887023808,6.324713210260338,-32.56137666898891,0.6243907993143034
6.3046875,-0.29275041095961146,-0.49005848386674333,1.6201459378895953,-15.229895263181941,-0.16396056122813593
6.30859375,-7.078644249819286,-5.016369880381348,2.9521155798302203,-1.9517861695192682,-0.41655856548364134
6.3125,-6.270596448212724,-2.0966996280247567,2.077348921808907,-13.581190261007864,-0.6404211415120545
6.31640625,0.8429598058032914,0.7202561478913788,4.743392583334387,7.4177919224502755,0.9178420094272604
6.3203125,8.251715952879788,-0.8635680201582328,-4.890186850142069,33.58994309641502,-1.3942290460477864
6.32421875,5.6295641960948695,-2.545383700255763,1.152509518870894,28.097930531942467,-0.7777374283756301
6.328125,0.7406491281172096,-2.3447643944722576,-3.0133022773134686,6.801430185055321,-0.38547534244943343
6.33203125,1.442460454075127,3.3435578746004957,-5.236035751222331,24.453547095858934,0.4165930948915038
6.3359375,0.25343411111320857,0.407327890623171,-7.2239022149711065,17.46011125097864,-0.16561496571441395
6.33984375,-0.8084817295304144,-2.375415377687433,-3.233001864423244,5.858919668708447,-0.009294566256250745
6.34375,-2.4963115169405743,4.036708370117056,-6.914692936242199,17.678508614534838,-0.5264935941841935
6.34765625,3.708793618543227,3.2418995123598964,0.911949387108109,-25.51106035867717,-0.1674932387993165
6.3515625,2.374469408080826,0.9941518984236897,-7.032035947311492,-25.459627188810046,-0.20614232615488312
6.35546875,-2.558705336978388,2.55351538336967,-6.767688819988388,11.417577133840108,0.2268545204922457
6.359375,-2.6097815909477773,4.477745796067011,-7.549982316559422,-13.387033592514618,-0.015559791988944123
6.36328125,3.3017011217733736,-0.8795477826258571,-2.006837615989827,8.749329830552231,-0.2782185188765247
6.3671875,-0.9648905331011076,-1.9510721263945388,2.4513019544789216,14.94428549794632,0.402589404225014
6.37109375,3.3648867173987975,-2.2068360494096284,2.8119103036647353,25.851672541256132,0.43044383751574566
6.375,2.710643412609357,-1.6343203160237219,-2.3586776903440536,-3.5808664413459432,0.45872802303445404
6.37890625,3.480347028219173,-9.092363178777838,0.6116719606418504,24.880003538127063,0.6728519643696133
6.3828125,5.356558350560687,0.025673897328556128,8.286595113602278,16.93291260541097,1.2311941150268109
6.38671875,-1.47484858952444,-0.7763076821397126,9.714628959962155,10.051196551421661,-0.41994608741321776
6.390625,-3.494481072723161,0.5478942568507287,9.201680492327963,4.099701575497756,-0.6020914645840938
6.39453125,-5.314320791341585,-1.0921577480351867,1.2979015080144491,-31.795172561947943,-0.4076878440944354
6.3984375,6.883306097949679,2.5220341184217174,-2.4647093562941658,-21.888668002706858,0.496847767822931
6.40234375,-2.0750295239334586,0.5099752172362988,-1.6708292705464285,5.349276137452401,0.05899753321294286
6.40625,2.183998478138021,-5.880368090233596,-1.8522536346157112,1.0365048673795378,1.3317530873249182
6.41015625,4.99795945632027,-5.104957480213244,3.495059861359572,-14.695245534736953,-0.16016063370485067
6.4140625,-1.2634337354461893,-1.9833911518984277,-0.8770010319366711,-15.580066044510051,-0.32468576668062665
6.41796875,-2.6938569163048958,-2.488891696101092,-3.9130010626562517,17.305790110701523,-0.3446223286504881
6.421875,0.07758272573375903,3.5015345910340194,-3.6907105079658913,8.62615684440141,-0.36594815374578366
6.42578125,1.8180480547576803,-0.9917079511569018,3.8447358681305888,14.909971783876063,-0.14712654815873763
6.4296875,-10.398450646130854,-3.13393908751804,-6.572134254959627,7.656639194099194,0.18860703996916936
6.43359375,-1.3145935153093613,3.2089345460490915,-2.94084557864592,-9.323799199688823,-0.2155647325743702
6.4375,-1.564146331726855,0.35760181437559674,-11.367815540912131,-7.393171404258629,-0.10885096932620071
6.44140625,-1.283300657395598,1.443575204402384,-4.820825505251964,10.83943030999888,0.7676273260687901
6.4453125,9.65408240604533,-2.496493327029149,-3.046968542794627,-7.956238019833622,-0.4524543021674431
6.44921875,-1.453936891499808,-0.8095053216741525,-1.0237639718167455,16.113365047286585,-0.5192554839758093
6.453125,0.5708845820782376,0.6125990242153898,-2.8520730913733483,-6.168668120924185,0.17578211370911928
6.45703125,-2.2412535482174,2.563464942685712,-6.160881988198034,37.34975718444858,-0.07821896811610772
6.4609375,-2.514426168312152,-0.6401956093606723,1.8112329243593472,5.755017147411275,-0.4371547125892332
6.46484375,-7.397856832516217,0.49567019392671086,1.9976287376810293,0.7799895342333478,-0.16858543598370643
6.46875,0.6057286211857283,-1.5783701597499258,2.8060385101189063,-4.388719097430954,-0.5743795914976543
6.47265625,-4.368529791937152,2.528541474265662,-7.627857171626367,17.24927173871206,-0.04907453750729376
6.4765625,-3.5450583210240536,-1.8558394918630556,3.5533286138649554,-9.098353106889466,-0.015082709652270593
6.48046875,-3.5269285083180644,-0.6612384744773694,4.898051349958998,-6.127157184964556,0.961620848498504
6.484375,5.850030487098771,-0.7834235324592729,-1.6275689621455185,7.234828929973805,-0.15048950245028928
6.48828125,7.99218692041764,-0.003729130039376274,-0.6345546995025715,-35.73925576517755,0.23605222221007213
6.4921875,-0.921166011089731,3.6363617198444773,-4.897920109714706,3.1992234164871522,0.8908298439803045
6.49609375,6.172737857307935,-3.56547189173587,-0.5943091970939769,-15.032728624339633,0.399729225029473
6.5,1.1382541608724783,-7.3987086535027355,7.881914012770358,-10.779662413447234,-0.8089752561518787
6.50390625,-6.255301829457534,-0.4739729919546004,-5.929381327864924,25.319747537698454,-0.5002063484610777
6.5078125,-3.6581975750305866,-0.44631282382517573,-0.4297912155891821,14.719357411731142,-0.05537158364069492
6.51171875,3.0185012288234723,1.1895707843433214,-3.8459847653561465,10.904526429782766,-0.24320406518917767
6.515625,-1.228690156276052,3.380647575350329,-1.7725649582965488,-22.62781288970533,-0.7827804777966452
6.51953125,-2.458715401932303,-4.6015495779957085,-2.818360748821001,7.7957426419052265,0.23226041161308225
6.5234375,-5.8145249264522,-3.0976612535810943,-2.24043580652349,-4.576801146800894,0.12784001673708056
6.52734375,2.0111591461057623,-0.7344637278444683,-4.083277932395536,-7.151559658709697,0.6674619026139963
6.53125,0.6019510738293957,-2.781829061987046,0.08223215953573781,-21.191553222637168,-1.2381837528275526
6.53515625,-3.5044780169393572,-3.799995820595126,1.8788574701153813,-27.209445770365726,-0.6417116720109448
6.5390625,-0.5474803402020594,1.0634997215665138,1.2823428728155961,-9.508965167218161,-0.699376482264682
6.54296875,-1.2989618098068758,1.868408593312496,-2.7644046144117516,5.414951871239067,0.3463546385843736
6.546875,-2.5280530753302037,-2.3723370197564293,0.6455104565214098,6.596104997498545,-0.4449409593852899
6.55078125,2.2237815711168163,-2.4920801181162586,1.627521005340809,2.1319906044440904,1.0718478178607316
6.5546875,2.188812604410868,2.1758182813202085,10.57301887076852,37.8881062860457,-0.37408155946544114
6.55859375,0.31584018703390604,-2.138030953118472,2.9235300633361785,25.354280045393068,0.5220716994185299
6.5625,-3.259042115137026,-4.532810705185815,10.853923207762955,28.904222970724195,0.9167881199291774
6.56640625,-0.8035023129032656,7.444069941060579,-2.2691864240533044,16.97549715006625,-0.3353222145998806
6.5703125,0.6465644665148446,0.007257239444266072,0.7454607944558589,-18.60072450183617,-0.7067309352262514
6.57421875,5.920014907563183,-0.5188942143768532,3.6292970603365506,15.030737148671816,0.765344349415727
6.578125,-2.071872861687137,1.5840003290258327,10.05387856916597,-33.873905528691786,0.3820584535742905
6.58203125,-4.100806559060234,0.2782221880044464,2.5051508808203566,-45.788966470620345,0.23997871166358106
6.5859375,-4.310229248604273,0.8789192540787742,4.608874915757548,-4.106584802366372,-0.3590246548709333
6.58984375,-2.683642758363475,1.1248691817152798,1.61037323629042,-19.255269036876786,0.8484857477534342
6.59375,0.34749515346710763,-1.0283424308312048,2.005580490286629,22.5682543569204,-0.06114995528635193
6.59765625,5.124632778562851,0.16260412158910237,-0.039498163643685746,10.174993939847791,0.5497767767793876
6.6015625,0.9831695648489501,-1.0207132532802574,-0.5653100708532954,35.69013956671259,-0.434954927091372
6.60546875,4.203580742037012,-5.717538312379847,-3.003530992307704,3.3680272813519547,0.9244226362853253
6.609375,-1.9981655155033835,5.430561714903155,5.136975604456861,10.671880202603916,0.06945165065126024
6.61328125,-1.0726919718522787,-0.4495541013871691,-5.202806876124633,33.4666294627703,0.49121849980273824
6.6171875,-2.076036017283742,-4.0881705321994115,-6.508633035728708,-19.57802089772813,0.1271370964976157
6.62109375,-1.7994950624785908,-1.7668035929349275,-3.74136506116629,-17.894542509539935,0.8762561666042908
6.625,1.2171648489301683,5.055599358735153,-3.2805405957847658,-12.311372274092868,-0.13852445682561965
6.62890625,0.8834186009626518,-4.202317869257703,-0.9970636019609634,-19.012312404501124,-0.2480338265102386
6.6328125,2.997396741373204,-2.8878976394563916,-1.3380596781289786,-21.80351782906004,-0.3052504250644909
6.63671875,4.078075001622964,1.9699715312380288,-6.890852463488315,-11.842521209645431,0.4475551207034546
6.640625,-5.4796684227509935,1.9360035858881217,-2.2057555247237293,0.15245958975938212,0.8376709170388346
6.64453125,2.8959274435963214,-6.154400881679184,5.4363524187476475,16.791132440202432,-0.31095533357550914
6.6484375,6.653425636352916,-0.8321113419285666,0.627425236517831,-9.366718993276852,0.10379977232727088
6.65234375,7.094436016748761,0.6539932735235816,-0.3635110035515807,13.056314891078548,-1.0872034302496538
6.65625,4.620623544618761,-3.2443876609776376,9.291112744595257,2.4441667652961536,-0.9058034026453301
6.66015625,0.2716944408958585,1.6986660615988782,-3.1976993670259835,4.113010390008535,0.5029085893831804
6.6640625,3.697341888880094,-2.5279266436842596,7.592685410387467,-15.509290852696157,0.31147104737489223
6.66796875,0.058338467050295426,2.5418308078097107,13.448370016290129,11.691998224736206,0.08711857247096572
6.671875,-4.518295212908322,5.700417369954085,0.45148898338822874,-32.526967938538874,-0.762422100298048
6.67578125,1.2905281264484725,0.7459713507584456,-7.9966598975555865,-8.342980120064768,-0.5021799234286871
6.6796875,-4.1485912532556535,3.7001215625447577,4.5138411277052715,-9.747781731303643,-0.6332910947191084
6.68359375,-2.0472362387384857,1.8451049129244552,-3.142240158395737,-17.418574055638736,0.11437604411476777
6.6875,2.388613647815471,1.2636788992641559,-0.28169862519594735,8.100650604117591,-0.12001115461022335
6.69140625,4.62202481503426,4.001864853173835,-3.409940541396584,9.601224511208413,-0.8706251257012098
6.6953125,-0.46160328675292756,-0.15317598251210246,-0.877905680986526,23.642145765234048,-0.7119063117707439
6.69921875,6.55434290851445,2.897755460365491,-5.576959523598611,8.589926580920121,-0.8440658669998014
6.703125,-3.667543856027373,1.4496935276628162,-7.0336386589960505,42.72616454478094,0.5189550165698779
6.70703125,0.4923078691483287,-0.07419554334526218,-2.4650850782663576,1.0242856031512027,0.8736831948378665
6.7109375,0.7269840084275968,4.755978643929864,1.865459920451359,-13.473474863789107,0.1656526342867685
6.71484375,3.7158053351703857,-0.661595355558102,1.6488299235348283,-1.1569411440660549,-0.26188780459399186
6.71875,-4.339811612385264,0.29532760361305094,-9.232012784946182,-13.700823724715633,0.06040573201118551
6.72265625,-5.270043697742165,4.406401690738593,-1.9753307940368516,-13.201477320461635,0.650411788261861
6.7265625,-1.6335059334105129,-4.042637905458991,0.33357374564903586,-14.130796697791995,0.1614730573741259
6.73046875,5.819795764042584,1.127872997911692,2.4591658818298425,-24.729873717205564,-0.3761230380829553
6.734375,-9.07138415458582,4.454864846863172,-2.1329661193581133,22.402136226882465,0.6312611795288933
6.73828125,3.777067446272206,0.0849975583803609,-1.4037413956779803,36.09271272659964,-0.027309790688532804
6.7421875,8.228865639174082,-1.142538149319413,-1.2951621688531691,36.23422251159486,0.9434239131228417
6.74609375,1.9131524308844179,-4.6393248518763075,1.1089666174208814,29.287071878773066,0.08563958421934
6.75,3.725653042718864,-0.2609629086218589,1.7604708083722336,-7.951219950415209,-0.062211984836005985
6.75390625,1.1255558992576453,8.71843261484341,8.276410660611525,2.3008714088452535,-1.1608108262616748
6.7578125,6.699581571245233,-5.194359888292796,-3.6485189887692737,-14.025726875303022,-0.12969429086096873
6.76171875,-2.383092377683307,-2.145766339600048,0.9395624910166764,-20.413527017988507,0.29455266242990275
6.765625,-4.39530713791858,-2.8552072988500963,-4.938513025329893,-17.69494675304621,0.512363373686911
6.76953125,5.798392635372121,-2.3063709372594667,-0.6360463186817302,-11.43268609313936,-0.18607744455751804
6.7734375,7.8011955793351895,-3.187608144984177,-2.190897977093658,-12.092586465752886,0.25896226408291384
6.77734375,-1.2728648189229144,1.4653096008843018,-4.392720111280798,-0.37827328959670226,-0.29328395750647346
6.78125,1.467650729215685,-3.5441751822733947,-9.82325634313628,38.14548384799408,-0.1381984236305731
6.78515625,0.38404849018898063,-1.2962898168824282,1.2671195402137783,2.0864485492145306,-0.32725758272558264
6.7890625,9.090903079394852,-6.468607748375524,-2.319301905717489,26.670262158737724,-0.3013761609840282
6.79296875,-0.5226382986778001,-0.12708620523983624,-12.41105755145162,-2.8291792100392614,-0.6173971460590759
6.796875,2.221320002822014,1.3678393510924443,-4.029992528754827,4.352648626071147,0.424841960531156
6.80078125,-3.5133894705561484,-3.037978269079798,-0.12158443612426684,-9.72912157868964,-0.3358649308183216
6.8046875,-0.9730379346192184,3.186308102652324,0.08116557511961808,-2.945855399655713,0.5775084556745828
6.80859375,4.120163935723753,1.3566966675937902,-5.649258946991493,-27.9213778979589,0.6844995088283737
6.8125,2.7513024033742717,0.14027490664150846,-7.495758918427629,-33.31969315001032,-0.986454390045593
6.81640625,1.295824211253276,-1.0246981051104258,1.9177711012488032,-15.687056483252242,0.3985544382623159
6.8203125,-1.0823858814419758,5.913630547340307,7.603703964784635,2.628936413948197,-0.5983265089809525
6.82421875,-3.3968035110129655,1.2123628534270627,1.6510735957072298,6.756988261576165,0.3535966200662422
6.828125,-4.374126073657822,0.6973627923414983,-3.0603805526596397,14.754193235397441,0.1609747773009442
6.83203125,-6.727946707961975,5.482564031404926,9.504353951617986,18.43222458989737,0.6135542798052303
6.8359375,0.807399703313145,0.10511934502188776,-1.6501452874212958,0.20639959118603102,-0.6046254526589336
6.83984375,-0.9260750468622148,0.6933672691308762,6.635664973406647,1.5453437935537564,0.9775602910903632
6.84375,-1.0576592214487457,0.7537347010505544,-6.908307138469587,6.758653300444858,0.6474786857925119
6.84765625,1.8215110369510994,1.6731021054707291,3.4609841993695465,8.204071985836617,0.07299401817149193
6.8515625,2.9224977179991,6.1005375240690665,4.7457789357411,-6.499287332045823,-0.1616735513740753
6.85546875,4.687985987813266,-2.2924828574536638,3.9354841248592987,-0.672171090861152,-0.7985267976182199
6.859375,-6.857152113440026,-0.6626427952673326,-7.410682242071173,-12.231669480041424,-0.5978236471858838
6.86328125,-9.480183395787611,-2.7005654421517606,-6.368080467340019,13.447792380350101,-0.1399881396531312
6.8671875,3.767630131638075,0.041612077859420296,2.211601730072293,11.848078972431772,-0.08215702377475352
6.87109375,-0.16137860544527072,4.68905604675347,-5.523408416842259,21.634199402030085,-0.491006763417705
6.875,-5.151549314143624,-6.616685134404223,2.9881685434960437,26.985937340338108,-0.5944723202598409
6.87890625,-0.140554271844998,0.14163078477831845,-1.3135755467257146,17.25162375681938,-0.4100903981209553
6.8828125,-4.071672945495455,-2.3440637027441804,-6.193033915958425,16.5378800050984,0.2778089514995559
6.88671875,-2.7842147167892985,-0.8432426769928031,-3.0354515734245715,-3.28970647553344,-0.17560564890985297
6.890625,0.54131088447449,-1.0782406256955968,-9.098567710911311,-13.138542192484262,-0.27579392113977524
6.89453125,9.481527006874956,0.841881792172589,-11.24710255035283,-25.798098447958544,-0.3497390044812735
6.8984375,-0.27965830366809413,-1.313872333553913,5.840412552138106,-9.9097035588797,-0.3875280135978763
6.90234375,7.217238953923805,-0.7708122495618821,2.2395541956825866,-28.494860188264177,0.007006865566999596
6.90625,-4.558287429771811,-1.526964488934337,2.7252549554831065,-23.298007534763563,-0.18150520562530081
6.91015625,6.171806558291034,1.7424437253516252,11.909438628351138,-1.0734255950485792,-0.10954727758376058
6.9140625,0.7586685215667733,4.468590743443989,2.892676400664878,6.234701508373588,-0.2668192572088749
6.91796875,-1.3727461599571151,-2.961343612984788,4.933841683868991,11.178212028283628,-0.17083539500736405
6.921875,3.612098857222467,-1.9011374479443146,-0.6375413000493251,1.4501740394343,-0.06217408872251083
6.92578125,1.6319606171307057,-4.571277777033817,9.723546471619724,32.302405722816495,-0.37093670684646607
6.9296875,-2.044474314850554,5.129692092131309,6.118346211711878,-0.7107563675091217,0.05839394034972283
6.93359375,10.934561686396469,2.450915531797147,10.00086380127706,17.867482582357127,0.13085407639576313
6.9375,8.540033768480876,-3.295070177638964,1.2647453753579467,3.2027895838735017,-0.08557213425011809
6.94140625,2.748419834615139,1.487934727105064,1.7356029398801853,-32.34911045650907,0.37114192087772807
6.9453125,-8.12446530101404,-1.558882667631144,1.4165748415290942,-13.521164729130403,-0.04976455817830736
6.94921875,-3.5505211603000877,1.9540487527646135,7.811925591020453,-9.85107708968851,0.6295720154704199
6.953125,-3.7727928196757117,-2.3388589056318168,0.2786444877597242,8.948179096903948,-0.1682846547328197
6.95703125,-0.8370035252156349,3.7950585756437833,-0.8088544169679517,-2.430983345619966,-0.33392141865498504
6.9609375,-5.215117742956785,4.689611544942486,-0.1255041322649184,-2.294231129146345,0.39735477637412675
6.96484375,-4.128764130434921,-6.137816223726453,-3.3834638309889087,26.8756354089114,0.3898390786069991
6.96875,0.9918830883042011,1.2265441791777552,-0.584242603730643,27.31412965071672,0.5583288194482869
6.97265625,6.195796959104965,2.9832421774816806,1.899541684231242,25.963398076109886,-0.6156348340912152
6.9765625,-2.111682250883926,3.141521133970323,-1.1308396004569228,-2.6403750004193363,-0.3763340406728242
6.98046875,-3.243960200112132,-1.0536726377902275,-3.0254205396777043,9.33525296295128,0.14060852439444418
6.984375,3.8168710802970987,2.137092137197112,-11.880034423065613,-13.864460544460623,0.6477986166845919
6.98828125,3.518652166394094,1.3562761740418423,-7.1109452531991035,-31.611191033471513,0.8787836246568385
6.9921875,2.862010878224454,-0.7852541293706575,-1.6371378360944968,-0.8871512054641197,0.5739055092109252
6.99609375,2.265758455438841,0.8077531715261912,0.2466457313240693,6.1742306112313186,0.7909316011366887
7.0,-6.480869030883726,1.7957211204072525,5.40497540091618,-2.497476834914989,-0.2078381492272467
7.00390625,8.137711321309897,1.837639556728872,-0.6623895631656024,16.507791222488976,-0.16859459209580965
7.0078125,3.778664634681781,0.21444833444296416,-0.6051795393734953,21.868330421810988,0.5500371276440813
7.01171875,1.7026926134957332,0.9958815353093953,2.7406919845568263,9.630252457784444,0.7555528839391353
7.015625,-7.859924405997633,4.8595822834801785,4.108387368293425,20.97658932654903,0.20683139120383376
7.01953125,0.3237135638740272,-6.884873705021798,0.38369754796628985,0.8429502041395285,-0.021685570717832368
7.0234375,-4.891001849572491,-3.6415724796520994,2.1269611037833593,-17.533955488210896,0.27799966287574734
7.02734375,-3.9378010260970653,0.7110109889467673,-2.914906498350529,-37.023342353392344,0.05696358324030504
7.03125,-0.10832845628266498,0.6280043338466476,-1.9929309156263453,3.3335582890733875,0.8123966823495335
7.03515625,5.8955282884959646,0.9517869636213871,-1.683369527774931,-35.56140180036726,0.17139528432290435
7.0390625,-4.252961587033205,1.3119411334599125,-4.139514732866883,8.55389218300645,-0.8359370011151432
7.04296875,-1.003384018614102,0.7259950712520391,-2.9073592104542714,-3.4979961440948095,0.4004170567828349
7.046875,-3.9225671791826215,2.0085583895120616,4.4472274911476335,25.921027955181057,0.6462670355140931
7.05078125,-5.827917862468036,4.312121496063207,3.485145017277751,3.1788484870672065,-0.269798189389882
7.0546875,-3.5709870826877577,-0.45184489231917735,-7.996510729228451,11.129188480469407,-0.18108587189546885
7.05859375,0.3473420576149874,4.204498656232533,3.2746732962566467,-5.603527254525002,0.6728696026250824
7.0625,10.507156160610768,-3.99986772251894,2.719199489932709,6.366813700866389,1.4557714892945683
7.06640625,-2.7944144384580816,2.246636636367204,4.597276858693165,-18.227788564706916,-0.05822671343879006
7.0703125,7.514449316537105,2.1924644386293384,1.3782598293992852,5.413720874406868,-0.028441610056824305
7.07421875,-1.1674984335326855,2.7377255940466223,-7.168744094321086,-6.692723607980318,0.281421307488284
7.078125,6.127440277733892,-2.0911706716338787,-0.9752110901917761,16.313707122882857,0.0974267010817567
7.08203125,1.0077858593078506,3.358099157877484,-2.8267060353462896,-9.02892511119192,0.5744676771844752
7.0859375,4.510952442296282,-2.669006449837183,-3.5645532137495097,-14.64820009750282,0.37610025684091536
7.08984375,-1.5739959015767353,-2.7666308325991418,-0.4966490461652039,-10.970151748914137,-0.48612374619802173
7.09375,1.7635659291974828,-2.283060192513605,4.794357116564969,-0.34671153478676775,0.6386426655245533
7.09765625,-0.19162206416879282,-3.8487093994872184,2.8673433062061013,26.955224132177936,0.457052222555305
7.1015625,-5.67238783178296,-1.848641075320314,8.043342503527791,38.87932024204254,0.36487013725857165
7.10546875,1.0672447314239675,-0.10802053393064698,1.5317875334173434,7.223094343175587,-1.3729926008092328
7.109375,1.0910505809429567,1.0178544621885703,5.284015217709818,35.72901153866634,0.4308207081862943
7.11328125,1.5871001435399013,-0.23529899411100302,-8.253365305959882,-7.874780339481376,-0.45189548713168765
7.1171875,0.053458689092487056,3.0779949026535203,1.7553251678670962,0.617669776477614,-0.30360418909971437
7.12109375,2.00359012878353,4.292973125055294,4.950462013195889,1.944553646211352,-0.40634703206936695
7.125,-2.978845721962921,3.519261175912831,4.97567321171847,-3.9266252570757842,-0.026434456177400447
7.12890625,-5.133865476541114,2.4231895766971547,3.6874012316561666,-17.588989175285082,-0.46326190566112957
7.1328125,0.9121446151599627,1.0800917244950052,10.959768155197116,-8.59895815543563,0.6874694127669004
7.13671875,-3.7520778773513817,-3.276379327034326,-4.142756246072251,1.297741068384749,0.8572195812512671
7.140625,3.0930899974989554,2.4245341975243067,4.862303439112618,1.8621176711950342,0.21421127992294678
7.14453125,-4.011271441660125,4.493043944594065,0.5632410399357506,8.251952392520664,-0.2511306117357812
7.1484375,-3.545262500773668,5.405917998496516,1.8908265772998911,6.489485387732685,-0.6919361296209809
7.15234375,8.283070575958948,3.325182112897476,-6.072350918765997,15.25800544415285,-0.23416691925054886
7.15625,10.718768005062541,3.6302507846583287,-8.052703099536977,-25.079932501263034,0.5569609655718363
7.16015625,3.2137526891394153,-0.8344082783039872,1.534172227198733,-12.340594967470352,0.35337382162868336
7.1640625,1.7126558522748552,-1.2300508236132455,-0.3871677139564942,-30.211971529289134,0.07364797186870331
7.16796875,0.9656856911870039,0.42166086569602,2.2742667258621783,-1.4932499649328062,-0.6733497043604179
7.171875,0.9246423516027338,-1.8226751976040074,-2.2179170203817478,-33.426846635496936,-1.024826975196986
7.17578125,4.142658206694371,7.799130141876432,0.8576265057615595,-1.5681251596931425,-0.41690695388500293
7.1796875,-1.6439500538092098,0.04750710950942806,-3.625672006662532,-11.01669614913217,-0.34056512796655813
7.18359375,2.495266030141071,-0.7829600086162196,1.1528840453493112,-1.958493314842276,-0.5001066740628791
7.1875,1.7171945856768918,-1.4141819795579391,3.5198171778413316,11.333003308566987,0.08876688212556862
7.19140625,-5.426710297322094,-2.7106857621376426,-1.7021494992135706,-4.0823617367630955,-0.8335059137989548
7.1953125,2.2436076701022785,1.0684920548048833,0.37838469407208875,-15.460151155635794,0.011404304686871734
7.19921875,-1.3843412836938036,-2.229561911685992,2.031512790574123,43.42953273847898,0.7408154456380751
7.203125,-0.12222111236387967,-1.6190814082708482,2.6113139659066453,2.0369443586709908,-0.09811601290120488
7.20703125,3.039757419340392,-0.60571569534093,0.7844875571619396,-0.05141705651382811,-0.11090655772150664
7.2109375,-5.512347170347832,-0.1640043802878024,4.957194786136254,11.96946333192254,0.2963639821711676
7.21484375,0.5159839548262981,4.0334352212162745,1.9957736402455364,-22.973317915078596,0.0988280914975099
7.21875,-7.698634541276605,-3.279028776018005,-0.2787570485660187,-44.484050269442896,-0.6587107487359953
7.22265625,-8.832869277977087,0.35252811206515583,-6.854934888993955,-26.715972683957613,-0.47621693764399037
7.2265625,6.699581022747742,-4.474054114129116,-0.3781880092644119,-0.8968656582990702,0.3753277599919205
7.23046875,-1.2112833930059062,-1.8008909620652835,1.8683530390793148,16.150841316841067,-0.021608067935523233
7.234375,5.351461830463597,-0.2110468835551712,-10.615004240484895,27.332350865688174,-0.2631966963949089
7.23828125,7.219918763119685,-1.0693664268113463,-4.46235158433956,-16.355176198551483,-0.007495477008509735
7.2421875,-3.963522961416079,0.7704095210096418,-10.169010710930761,40.492864931063956,-0.7460151807760058
7.24609375,-1.7966730588701538,2.7579076251897883,-3.510898723775991,11.322751554600648,0.21491823297114732
7.25,-0.3405365354053711,-1.2535101183288946,4.051693835169643,1.940217382643276,0.6431208687782652
7.25390625,-1.0457576808957665,-1.1712898158243652,-10.72873544772244,-33.23918327623667,1.3611536077506805
7.2578125,-11.357923982281198,-5.128603161024483,4.1551572728972115,-36.506889136325405,0.09107985403035468
7.26171875,-2.168551673369365,-0.9334820922663976,-4.516438574458058,-3.1196547316381267,0.6904020873173846
7.265625,-0.15798923462325412,-4.55980998849464,-4.104676418240929,3.6079262937343337,0.24062382802174628
7.26953125,-2.1793258571635863,-4.21196371253305,1.2061575085690732,-6.614011683830073,0.31369404337119816
7.2734375,0.10964356380607237,-4.060577600810128,7.0698938992522615,-8.256289159222783,-0.38341460674554695
7.27734375,-1.4023181742572817,0.8279615135808828,6.46128152647014,1.0503624945770769,1.5612529599440994
7.28125,3.1279200250788364,-0.6409195955244574,10.548779043064762,21.40689345674823,-1.4343202705436473
7.28515625,2.216027513328232,-4.788506502196821,2.9625912636978815,-5.00134409418348,-0.38902544916032983
7.2890625,-0.8888652801667916,1.7954567477918086,6.076509431126484,15.437018774917307,0.29263315324353034
7.29296875,-3.145788149255864,2.7798040613559625,2.8204484863757537,6.381390342966225,0.005279718372817753
7.296875,0.9661331798022643,-5.099884114851179,5.038685454937124,-2.7152604060879155,-0.29900518006106164
7.30078125,-2.713287957118529,-0.052825162534802295,6.079910756719514,2.983454943540087,-0.7455947903384763
7.3046875,5.62139409894937,3.8062796322181383,9.02928586375663,14.197581124728009,-1.0894186463142392
7.30859375,-4.230992510650333,3.0224714045940537,-4.815433969994828,1.3799728634750306,-0.03150156556315071
7.3125,-1.2056149224844626,1.444409779722493,0.3580432138610058,-4.648549703298598,0.3359514801220428
7.31640625,5.941767885095208,-2.4347917378563064,-1.0823901641019393,-30.551631450360382,-0.5301918671763712
7.3203125,0.8164280846453547,2.7334753765466284,-5.824944304059734,2.013297318202702,0.8234739671954407
7.32421875,-1.4856989140258754,-1.690982293175761,4.311328328467123,-3.8675127720306115,-0.8860328432347533
7.328125,-1.9906698114084207,0.21314342872334602,-5.629637614990441,13.943185204177393,-0.6777880401557687
7.33203125,4.45877016937558,-6.5670818240994615,-7.719672160573856,26.70302100349423,1.080173602516849
7.3359375,-6.719371474466638,5.4437682185893745,-6.367715852628017,18.65214804474777,-0.03563635838910035
7.33984375,-1.2182412446235478,-4.111696778208356,-0.6966352809007743,-7.086211788489615,-0.566749929100891
7.34375,-0.08683458294118532,-2.7135967433994765,-2.9105531559461673,-37.29496095645552,-0.008334007650708714
7.34765625,5.882268374014815,-0.6466900252644676,-1.129447715548264,0.7763519045069351,-0.5801934419187873
7.3515625,4.143049790311843,-2.6366703825375954,0.9535924933735385,-31.21661337272714,-1.1624559532610903
7.35546875,6.629102794871954,-2.942005694733815,-0.19352059785692255,-18.47838879416333,0.08464623403700602
7.359375,4.134244937637867,-0.05144409573571828,-0.9748873949331867,-15.341065907998598,0.4350737047620247
7.36328125,3.757946823813436,1.3380195212163977,-4.000895255624742,3.645747984683428,0.06419141140276839
7.3671875,-1.6704726376670929,-0.8899573005590591,-5.917133290011013,13.417027349197543,1.2354923824498671
7.37109375,-6.3762376049400515,3.700994575998572,5.863366451082918,2.995970687474083,1.1787451850104258
7.375,-1.717075887984067,-1.3076683035630976,0.5806140322623268,27.528381445761823,0.8806419161649927
7.37890625,0.03742422183590448,0.33115965489573473,0.28322941141275404,16.84976123479974,0.5970477169464599
7.3828125,1.7893571763436007,0.8039579230604997,4.937454198650317,-1.5129221897682141,0.14876003126083326
7.38671875,0.6244456380551459,1.6549484794408034,7.209853443269219,-1.1315201703611693,0.22340058704665025
7.390625,2.964587290397869,-1.2775739992759392,9.067523922812327,5.744213772957386,-0.348265107016128
7.39453125,-3.415436573080735,-6.376003850104916,10.721321001216637,-29.130162331330286,-0.4163294419331533
7.3984375,-0.38135817932531685,4.265307671248747,2.3350558383044833,-21.949045293782085,0.45842919855994557
7.40234375,-0.20003276220133584,1.2277388796739541,-2.4271573983268664,-14.235890224111747,-0.3584060260942705
7.40625,-1.1589399437553372,-5.182768606894985,5.793267903697359,-32.515336236467235,0.10707768725976693
7.41015625,4.862910118622548,0.23502131588834985,-0.2549117555577931,-9.888275714579931,0.5801003389783406
7.4140625,0.11389784813833478,0.8930358361545752,-1.7875150616702573,4.2211566910830935,0.27844317626244414
7.41796875,5.196820092719964,-0.1278248928166648,-3.9722357146469287,48.97933321092889,-0.25461306274800666
7.421875,-8.437592932432537,0.5089658255466593,-4.066279526149004,13.769611114269896,0.2761887761267109
7.42578125,-4.019594110847444,-4.594375420212021,-4.524411851822215,40.320307403085174,0.10064162209159465
7.4296875,9.509239393514791,0.7691447723638665,-1.8607099879989788,-15.579325146829717,0.7149202988905785
7.43359375,2.421193941246485,-6.368089546119151,-5.753327020908806,24.40297446733457,-0.20471066992960701
7.4375,2.068499351488986,-8.177078603013662,-2.3954302135557923,-12.47776400495622,0.3043649522959837
7.44140625,-6.49975953912542,-8.649843980290147,0.7838214600517768,-28.697763544704326,0.35150562144179287
7.4453125,-3.3830790292698247,0.5018578729188554,-4.901068525909891,-30.559011506612855,0.7225977635189731
7.44921875,-2.258816087677021,2.4415047676639348,-4.452150063486865,-13.184799005680727,-0.01957558716680452
7.453125,-0.474859890686677,1.610149426368771,-6.529432276888093,-6.663415478530926,-0.6036636619529409
7.45703125,1.3102652985315124,1.815484732707377,-0.7323030150606358,4.105159089739727,0.08714520412666843
7.4609375,-2.514945250213803,-0.8797110141073892,0.329411685450133,31.020432149126627,0.617830551293543
7.46484375,5.2326909600429765,-1.1362383442003836,3.579248240196123,-6.417453332421438,-0.1261154587545433
7.46875,3.4140379303091994,-1.4491614326790154,2.208661700203889,44.97841686730025,-0.5282112505989848
7.47265625,-3.6710729901845487,1.3868375065155452,-1.7161311392348262,18.14737645988793,0.11728051172448463
7.4765625,0.9569239753479627,2.950002281417906,4.050424479253082,27.111940276059745,-0.15440719673123834
7.48046875,0.061729014651793486,-0.3220193618814319,1.5403408280908235,0.3949590882864511,1.1016763304100126
7.484375,3.105844764260755,-1.1042736215925768,-2.4322949352170395,-18.490233404509823,-0.569869907814356
7.48828125,-4.632097423045582,2.067726154175657,-1.2860139237676655,-32.745379055142344,-0.02043822780005111
7.4921875,-0.8483648140738146,-3.1258318878586246,4.8296828342953635,-19.556994327582984,-1.1495772111633984
7.49609375,3.824552810185481,4.0006578292612405,-0.24061322080286573,-23.691172693666367,0.2426992358016604
7.5,2.231453805825007,0.16010311295697544,-1.4288841058045598,-10.964576241602483,0.2863227405560153
7.50390625,1.1760936177496268,-1.396888299105054,-3.2238698999764415,1.5854891811398968,-0.41386268064257414
7.5078125,0.4125743372792463,0.4655218287712005,0.013296287360796022,16.862473904179847,-0.15000530466196188
7.51171875,-0.07917627405675136,3.0399801071080788,-2.0791872282996016,26.461437933962628,0.1144680251736266
7.515625,0.30592558164261807,-0.10184163892130202,-11.538490914487351,2.9138400463126377,-0.19669550506329048
7.51953125,0.04391426823990077,-1.7624740598735031,-2.377713777226198,14.659178236813418,-0.48585064661259364
7.5234375,-0.7972371517533731,-1.7326999614936907,-2.0316418661850175,-3.949674743133615,0.1028442562503345
7.52734375,0.5697034107024485,1.184019635353709,-6.929845574773124,-20.650047438545403,0.44233696904401626
7.53125,-1.7578675056612483,-4.172942056254582,-2.9240868211741384,-3.7752578602482636,-0.10993128831630293
7.53515625,0.30115057542373175,3.4991319276268786,1.041423314564121,-38.48222256774211,0.2449380346965065
7.5390625,-0.6156626137864286,-1.7041625562761156,-0.396587482484265,-33.93383970675775,-0.31226474566486767
7.54296875,1.466459832767716,-0.15470852407516772,0.8199175147008582,-11.555765241110432,0.22914150840269906
7.546875,-3.3613675663575755,-1.1006134179063092,3.1366580028593907,2.439239189887166,-0.7712529086841147
7.55078125,5.937341659329794,2.295890630936369,4.704373065660796,17.70963758863354,-0.2595553379489052
7.5546875,-0.08181539712682814,-1.0615151828527756,-1.2679272984312009,-12.011596780987455,0.1517839101833662
7.55859375,0.4448013919496386,4.125078227282141,5.773659370304708,-0.4062925122843577,0.9574241089076616
7.5625,-0.9867101125104374,3.2735050859560726,0.34315696599153744,-2.29821632626388,0.5407468755646612
7.56640625,2.684272170445081,7.579444824675994,2.947287047633858,-13.775958900637704,-0.04017308532885371
7.5703125,-1.3677583867729088,-1.038341880549568,-2.60580733069465,-13.077293257135427,0.5110271445412651
7.57421875,-2.9653493215035733,-0.9983315560722468,2.7161613178983304,5.1720989133315385,-0.3327622711864409
7.578125,3.9100470337743007,4.5087547960393,7.395291604454858,-1.6134444811394122,-0.786770764137304
7.58203125,4.637926803539081,-3.8518202353306172,4.552427634411593,-3.6848053304432824,-0.6239478417123665
7.5859375,-1.990519734096267,-0.013896724501933173,4.835084647848358,-27.4388278899019,-0.23253462490757257
7.58984375,-0.26752311601989265,-5.84799500915348,-7.316028641998323,-17.727732194728294,0.24161468394444516
7.59375,8.201809297049511,1.0668542165423798,-5.974607128803084,-2.270244930947033,0.4006717212965712
7.59765625,1.229340950232591,3.1060795445981215,3.052363589145293,-14.31484289720312,0.6264689452434372
7.6015625,1.768916634060292,-2.391657947229138,-2.7864146125729494,8.510911526175803,-0.09789222879541043
7.60546875,-3.3355194566190254,3.1445861675333653,-0.8437299121889512,11.250622735070479,0.20410826812153934
7.609375,-2.040577896041769,4.805044132219758,-5.109354611924395,25.550110296689372,-0.35308569500596887
7.61328125,-5.54008472505994,-0.8396886062766991,-9.527457276757517,16.51358168545894,-0.4835410019747018
7.6171875,-1.4319393189837648,0.9573814540964249,-4.149998202672031,-18.300793094675925,-0.446844913482627
7.62109375,-0.1082373786121543,-3.2990328590497455,1.7594674220998008,-20.45892870636497,0.044677601651539056
7.625,1.1266901335296484,1.6986546389605768,0.09268525237503411,7.838294290494385,0.1221122668509798
7.62890625,-3.9265246266682725,3.225914598007901,-7.450508231250836,-20.427823319038705,-0.40842447792453695
7.6328125,-3.6340474925665758,0.7184088010642067,0.9756002895854199,5.1002809128418365,-0.17833574362631757
7.63671875,-3.628261140579047,-0.22851625469530834,-2.8277267602140266,-6.902241991367642,-0.108318870874008
7.640625,0.7777277168150718,1.472029305391945,-3.2369169779921423,-15.093858853886315,1.1987703662057634
7.64453125,-3.767429947259185,-4.218334609801435,0.07436428322925148,-2.5679996190754952,-0.43202598251865204
7.6484375,-1.8507653760562268,1.6947800568947842,5.732357291501967,25.02882518310732,0.1843662359196514
7.65234375,7.248428741423368,-2.0181221258524733,-0.9765198558857704,21.067924843662915,-0.14604925385188894
7.65625,2.9555379545707163,4.625865756228512,-3.4949489212943488,31.488601216962792,-0.3907577658478702
7.66015625,1.6501218163763387,-0.7320720258678681,0.9752707621490773,-1.8258374957172545,-0.6627189534835788
7.6640625,1.9526837758103186,0.0666817170221043,1.3097493346557956,-5.686973939508417,0.15020856206452535
7.66796875,-0.2881239274371033,1.5195660077754738,10.255400086882563,-17.35463237751364,-0.08027980681769376
7.671875,3.229267821836606,0.5861430111769932,8.014642146131173,-20.49881041868685,-0.28884813613412164
7.67578125,1.1698743956961,0.9733546520451988,2.5480562502043305,-13.865344812109313,-0.448281494101002
7.6796875,8.273242031460569,-0.7401507218944647,2.6946642328687354,6.2137228022977276,0.3310964708140219
7.68359375,-2.7417221837309635,-2.943555114353215,-1.5518662189235588,-9.311814945270468,-0.019522605804971827
7.6875,-3.0387826208363435,1.1544638857858045,0.6691067169151295,-19.684150381452284,0.1549358755074646
7.69140625,-6.624225145627317,4.518427065622031,-3.3143562960244397,25.653528730114317,-0.9449823454107096
7.6953125,3.357153524437567,-1.4762926283231423,-4.264765395006956,23.556446709721726,-0.4461815002472737
7.69921875,0.014786949966588175,-1.730827759292292,-6.104218077580546,15.800134170621405,0.6242584335185718
7.703125,-10.402556031297918,2.181642246525969,-2.1494189625446207,3.8917840721405264,-0.5216302793734485
7.70703125,-1.3743007357637718,-2.8266849264149347,-2.4484651808678293,1.4467379453684615,-1.0670612945101545
7.7109375,2.148147869813646,-0.8685254332960242,-7.245548672730091,-8.246213737733724,-0.32462638205529193
7.71484375,2.5743583073151486,-0.9152818219767245,-2.732618187752193,-0.984502695547917,-0.13114876480846605
7.71875,1.9508563488857085,2.5785865991371724,-0.8496583930386526,-4.886029388573759,0.22384090284018643
7.72265625,0.6126624978217275,-0.32381794235021943,-3.0595846709195285,11.66816111258046,0.19044640162736298
7.7265625,-2.241922371439911,-0.855962084963247,10.539295832070618,-19.682434856819025,-0.041354195765404625
7.73046875,-7.165534928645438,-2.216473687742191,1.2199632451145528,14.744759443254663,-0.34620926680521885
7.734375,-7.617358123763139,2.6354691967104382,-2.598817481325212,13.43929490398148,0.08931783106033929
7.73828125,6.944512274401493,-0.6293277816618441,-2.301849245209535,14.844417858089436,0.6867085334725209
7.7421875,-0.07276702402737562,-0.06825515171638148,10.648962014449385,15.044392688425281,-0.8997519226530796
7.74609375,-6.533711853179265,-0.4206059955629539,2.318062742288188,14.081364652226522,0.4656937564094843
7.75,-4.390566593978524,1.940502769554814,5.20308181337186,9.070431812941933,-0.2914341878820574
7.75390625,0.25395932689101186,-2.877108021719771,-4.366720049232359,3.290586184582339,-0.423607447559886
7.7578125,1.399645553371529,2.4941685790892527,3.918373383850371,-9.975753477059364,-0.04404167358417074
7.76171875,-0.5255003886532414,2.7955632916876247,5.294321007243817,4.079769277243681,-0.5868290723583341
7.765625,2.060983733841882,1.738969950504739,2.0903117155726822,-13.07021610679303,-0.15045585966098066
7.76953125,-0.556141900289794,2.2338079714146684,-2.003460241592845,-8.91370184704811,0.6191174530152547
7.7734375,-3.777723966777409,3.1394814931762025,-1.1116473875823414,29.809753647911823,0.634166409805595
7.77734375,3.632973434713346,-1.5208240000209035,0.06504791623001438,9.803987128666606,-0.6453536876148895
7.78125,-0.1054380130034676,-1.2277530757321666,-3.610882396630094,2.208407431622648,0.28616997453325477
7.78515625,1.4102882852365746,0.6347739922350254,-2.3077337050113567,18.113048614040906,0.06822605000685823
7.7890625,-3.4212211782869715,-6.150270712432141,4.833527634748356,2.512360844213495,-0.34849604930026956
7.79296875,-10.29646890202999,1.2717393641509105,-6.808077644758667,6.5875044978701816,-0.3451332971881013
7.796875,-7.508182316215726,-4.758375903532869,-4.450807981601299,8.895767038077583,1.0639353270434155
7.80078125,0.3329900553010359,-1.9474582649213217,-3.4275986548589454,-5.307554800483217,-0.05523294516820798
7.8046875,-1.2091766876264212,-2.284936455730661,-7.7575599342639805,-1.372741844051184,-0.8442312821217695
7.80859375,2.2934234141989114,-0.2026508833404398,-3.4456983608163254,-23.593388658123537,0.08638915539293661
7.8125,1.5703182039095183,-3.9491620208489127,-11.551870019115043,-9.20815919346005,0.813663568178655
7.81640625,-3.6330661377056104,-4.384475538242097,3.602923769168489,2.234699712004469,-0.03333263751728371
7.8203125,-3.944489205497045,1.7133737789327963,1.7998089266883457,-35.82483049959297,-0.05892252708252222
7.82421875,-2.374703985047886,-6.479242092710534,1.884882678624021,5.8934482377350825,-0.13080435328338233
7.828125,-0.3782400063381137,-2.315185629913042,4.963139084963619,31.74638724783413,0.01939998908145836
7.83203125,-5.244294474816798,2.368327385988226,4.577437904783382,38.028062204959696,0.12468172219509244
7.8359375,5.734442020183664,7.563469893082817,4.454584323099358,26.608020944512653,0.13449987762849652
7.83984375,2.9066136560244042,2.109872496717491,-3.235284908988013,-16.55931620988392,0.026078473115421223
7.84375,-2.759450960916878,-0.564000446436184,-0.6978648965311862,13.78758404061157,-0.23446014927022593
7.84765625,-2.5077526989912995,2.8174862253988247,4.848543445343918,-32.91447279365053,0.3595321898112099
7.8515625,1.873412499105928,-1.3878424191274554,0.042034387430662346,5.229925029864447,-0.45336998022717806
7.85546875,7.765647959063015,-2.0298349141946894,0.9455960097415057,-35.7116043185115,-0.4286847805788004
7.859375,-3.769525759621013,1.8514362253058976,-8.361188813786466,-13.317403285882607,0.20828167744339612
7.86328125,-4.956266847974389,4.048518256234144,-0.20869597703880088,4.359905138937523,-0.0840812967287913
7.8671875,0.4525291343847235,-3.0412073031738682,-1.651916635307047,-8.474630438990213,0.7149917202556243
7.87109375,4.261762060501751,-4.531954248660872,-0.28917919892702426,-2.1588126266936687,0.7115958884001983
7.875,-1.9317713088342428,3.970408359697702,-1.057606405769989,31.46759336685548,0.6400510000029341
7.87890625,4.57587065527592,-9.129930924578156,-4.074224607459158,31.47828949619371,0.36229063707860126
7.8828125,1.5805887682882607,0.05982399409467448,-5.794967818036556,37.441258806125326,0.1637903644084752
7.88671875,3.4124185564298806,-0.787826676240365,-7.466729872934547,-1.3824403699176822,-0.19950396754754976
7.890625,-3.2984452593200815,3.7379332303218806,-5.832055414697768,-10.65764972912337,0.022788905130993863
7.89453125,-2.4342207262178417,-0.8292982532516358,-0.6869524236415976,-31.320645761597408,0.42583594156592686
7.8984375,4.03970967400932,-3.8468378342111462,-7.234764677930243,-35.77667518397408,-0.31075387480834754
7.90234375,-0.5627765679075891,0.5503313842703897,-2.279561548301659,8.065934447670193,0.0848458457775451
7.90625,3.997699140107019,1.7438190412755836,-2.8382200271654003,-12.729528701519037,0.032968354229219295
7.91015625,1.4554022162411853,3.613264944602499,2.0959428289535653,0.049189684421281576,0.1876926246468702
7.9140625,8.005411660381526,4.504539499572851,0.1686214733622341,-5.103671056856511,-0.33741331237415567
7.91796875,-5.370294018116161,2.983631967319469,1.3024396593478982,11.904401694287955,0.3326705179303988
7.921875,4.057046456749671,2.4983801059788773,0.23375749402019563,16.892296143752638,-0.13324087912099847
7.92578125,-2.100742601657882,-0.6125032629332863,-2.3057098510449077,10.937307897463251,-0.24582896953000888
7.9296875,1.2828163916666238,4.008366310765565,6.743482903602073,-16.60974278997625,-0.061527030913987674
7.93359375,-0.636490529495294,-1.0857847001476584,-0.10877741566348043,-3.9722692003182876,-0.6358548473354324
7.9375,8.036056550572837,-5.3117427297337505,-2.918959765471988,2.9963824812550346,-0.6218038112009339
7.94140625,-5.787464813944181,2.232135107733842,-1.6595491988203865,-6.149132401265541,-1.0231323468616622
7.9453125,0.06653961635944938,-0.9302520130196683,3.473942445391266,8.180103220955205,0.38742173309436434
7.94921875,9.747618696301785,4.26105628012426,-3.4661871030478943,7.933172647520449,0.09680058772684064
7.953125,0.8098172403270211,-2.140502920894006,6.201693684606382,-24.261043227152584,0.2566252837407062
7.95703125,2.1406157053967796,-2.2807511368465843,-0.5663266465484057,-27.60294972518679,-0.006299084319432474
7.9609375,-0.935225161233097,2.493951821472633,-8.367267296474278,22.067829036024882,0.16656022950782792
7.96484375,-0.6284381850290348,1.2170721616639717,-5.049021096422052,-0.2126480541606881,-0.12044343421746927
7.96875,-5.133658065094098,-1.8024838770866976,-9.926408641281597,-0.9873321492449261,-0.21045223619461567
7.97265625,-0.6588025636522982,-1.6236771117334219,-3.402736217604661,19.861701256285883,0.163034034661157
7.9765625,2.5944771471411627,0.605178727214905,-4.507578709996378,-28.76905481677796,-0.25894535734689866
7.98046875,4.532135629259149,-1.9535884784976099,-2.786712970462997,-16.587893601272913,0.5705067705322693
7.984375,2.2820392707112713,2.9553411418623883,-6.7120499157291835,-11.840746595377498,-0.9789476841170136
7.98828125,1.2018067860084014,1.6838043129927773,-8.586926324357526,-8.630524453678103,0.16991656099120273
7.9921875,-1.986339405326645,5.112840845829165,-0.6158537939004106,-42.919348188622145,0.39744258903678853
7.99609375,0.6218581264822224,-0.8861324520439954,6.090370793343031,-3.0585360950601794,-0.7346652804262783
8.0,2.182540490986993,5.191860230761409,2.65433362162032,19.72142443131116,0.07665641361372245
8.00390625,1.4102383852846927,0.5588678352947941,2.2242324752174434,-6.517404973250117,-0.030660678476078892
8.0078125,4.32861035475615,4.698249344763465,0.9723973913649009,15.883909643382221,-0.2561545494382057
8.01171875,9.268175965730991,-0.6539420965210391,4.1927637722784254,47.336551522084434,-0.1980408932888187
8.015625,1.3320224823057247,3.202609734716236,1.23015827385345,20.112570854588128,-0.7085180890095729
8.01953125,0.30154529088319304,1.9881186157687476,2.5083915937770254,-3.7329324735873186,-0.13359787792238823
8.0234375,-1.2720452720916378,-6.131987724680119,2.172732325730787,-22.38285655838353,0.5400656230024211
8.02734375,3.3945463499722988,1.0435477088849265,3.7928703498376697,-8.559349590408413,0.4907339467152429
8.03125,1.5181005340675333,-5.108077697524952,2.677850871241787,-27.509963475130103,0.047730155790164784
8.03515625,-1.070098531162284,-0.9461861054996445,3.122659369385084,8.246913794167261,0.7006302857017889
8.0390625,0.04569461662392921,1.2414743139020636,0.532006862633039,-36.06499219590581,1.079088896560659
8.04296875,-8.933452893885637,-1.744987876610143,2.4168167496414803,22.005901558201185,0.5329170972541056
8.046875,5.9870627303911474,-0.7668043703029033,5.280163150143277,6.59214734781677,-1.3876233985142978
8.05078125,-6.377152128328509,-5.392743109552514,-2.603596756779016,6.511144110726692,0.24953859960449293
8.0546875,6.576053446586713,4.574222005106753,-4.86860022342084,-5.315695464572446,0.05456563911925429
8.05859375,-1.0985033830025943,5.209419133369954,-7.807751727807661,7.590459620758084,0.8116293764351251
8.0625,2.8504536909963027,0.4153545517772875,-7.640782101587146,33.92352846820934,-0.03399473914411568
8.06640625,-4.555178694801869,-2.300924536097715,-4.342003035306501,6.658815497803824,0.009033469386266101
8.0703125,4.929297884098264,4.639010257551995,-2.515656157117309,14.074050363567618,-0.22073741838544517
8.07421875,3.1320045428882555,-0.7854327126887399,-0.7969529675012472,-10.88450638415835,0.2627830792364391
8.078125,-3.9801339626486283,-0.7100876261522086,0.04509253841343064,-26.652977193885643,0.12824521485051976
8.08203125,-0.11723510825358281,6.570425459470858,-3.5238939690425317,-49.80705019773613,0.5356277547552192
8.0859375,0.9342356298480424,-0.4475453471779174,-2.6124121154956548,-0.31981304450766324,-0.5938071517684468
8.08984375,-0.6138504724668733,-1.3604332762748022,-4.577603598747772,22.650832492274702,-0.5827010160921261
8.09375,0.05071911034257373,1.5169572536676879,-0.4379387619722448,1.0387850688653808,0.06628474246422916
8.09765625,-0.47218570447197167,1.2717185765091943,-0.9982139898761178,32.306102561697074,-0.4030886560814723
8.1015625,0.09258136382122562,0.4478146513124967,-0.5119374945584649,25.93755138157318,-0.6510020277452856
8.10546875,-0.45358052419605077,-1.051449577165872,1.356431027015921,14.689438545283284,-0.19435201515464057
8.109375,-4.15781683177287,-2.2388560473087016,-2.717043228259967,27.74207091227044,0.346033862414198
8.11328125,-1.050512764553034,-0.10638160978623648,11.001660892261537,-12.608063565857211,0.4072285524047835
8.1171875,2.6387223959323878,3.1987115582157353,-0.05382124367170826,-29.35072983959339,0.4196871126849542
8.12109375,3.3747577602150063,1.5969064010146896,1.1340782606279254,-21.660160004432527,0.072849636639272
8.125,1.7335978824462215,0.4763873399239976,-1.3390469947923056,-18.20912800228778,0.5544768826391525
8.12890625,0.2865630207476447,2.4202811495032157,-1.8773015251698097,-54.96943024661425,0.5958755454814972
8.1328125,-0.10933615104251172,-4.418462550371065,4.933721230459993,-32.62764506305725,-0.9371670293043933
8.13671875,0.2616302498425264,0.6849139785187828,6.672254575721087,19.162473936031155,0.13883230246408362
8.140625,-3.0106548513636184,2.5878716815272425,-1.1516623622025495,11.338519607977018,0.2607464570793642
8.14453125,0.35776718401178664,2.6691535587938233,-2.455038808451743,10.802384127078312,0.14548264931641075
8.1484375,-0.11626015794221041,-1.7565524891551716,1.0722372923831607,7.75149325243975,-0.0049194441436931705
8.15234375,-4.004855199709853,5.044600611647868,1.734613781800899,15.345021285007231,0.6988384568084256
8.15625,-7.866675024237737,0.10295706137098797,-3.557444041258148,-4.935006992534975,0.1097559839186863
8.16015625,3.429114610190238,-3.435517729945758,-2.8060133369848606,5.711530931978552,0.31621558372791786
8.1640625,3.6035787656099165,-2.018187395963481,-5.010324960952007,17.063285129622905,0.654167014184013
8.16796875,-3.1209683091477847,2.5580130543409605,-7.24678316126484,-20.878707609898676,-0.6381926339092415
8.171875,-6.786261340154076,-3.041043371756623,-4.62046077226352,3.5074860377955144,0.5139770217603465
8.17578125,0.3195797031377317,-1.6569794768004424,6.1676188058042065,7.168018635663596,-0.6558044521866518
8.1796875,-0.6489416565575175,0.6542282594298884,3.643321681564175,-2.1806601834383286,-0.39399933460328307
8.18359375,6.624196993726244,1.0819779433519616,1.1558548791545926,-15.742993426362421,0.33473068821017715
8.1875,-3.3009973270324693,-5.120185862421405,-2.316602894541331,-20.04706595011787,-0.531633058608533
8.19140625,0.18777939088735227,2.2857796809303794,-6.267710011479782,6.660701200385208,0.02540542024231821
8.1953125,-3.1741286431486047,-2.772142148367138,5.672297782736893,28.09258667322821,0.21232810343538178
8.19921875,-0.11651338793215837,-1.6371136100633135,8.45254220228348,5.583897141741334,0.27225381425694795
8.203125,-3.3679008629010765,1.8658054015414178,6.195125361774474,21.58760997428364,0.45979443191738784
8.20703125,4.8896886354376825,-0.2511469998225729,4.654854344406255,2.7626136030893473,-0.3634654519427244
8.2109375,-5.097272183252697,4.441430041804523,-0.7836771024803033,-16.623118106979405,-0.3715442069534373
8.21484375,0.3889992929356299,-0.7656154960472273,3.224493023856641,-26.926998387742028,-0.04065466040804764
8.21875,-5.184976367549396,-1.1172291667429501,0.06909647053873469,-39.118808637713734,1.0132791929049005
8.22265625,-0.021143023718007116,-0.05978224253508728,-2.450860047327388,-21.711894683881123,-0.011089007525158063
8.2265625,2.3498942203081694,4.340110237567872,-2.779078464606835,4.548486969727632,-0.29463771751737544
8.23046875,5.08163897723527,2.336865647633973,-1.7603750718435298,-2.633170491251245,-0.7464005820642861
8.234375,-3.3935814812465095,0.08084316637964666,-3.8183833619423013,2.2260342310894696,0.7364744131171548
8.23828125,10.7022066763188,2.313471970051515,-1.4069445748202474,29.20064216588392,0.38661980638872195
8.2421875,3.416141342566746,-2.544415483976726,-0.6574517950610776,34.56822927145319,1.2097034346573536
8.24609375,4.54552640763703,-0.8952780317987401,-2.7805700565827594,31.604283357021437,0.013573406862579693
8.25,-0.35818676929137555,-0.5960855038480618,2.502761103120096,-11.928112188629793,-0.4963527479387464
8.25390625,-0.029354570084458086,1.4071942457968685,-3.957644301764012,-9.678757664260747,0.17986005990542134
8.2578125,-3.858585231099403,-0.19316410140390577,-3.792816554144636,2.979759436687008,-0.18722384580973525
8.26171875,-7.306495439697126,-4.241224951684887,-0.7576513213149341,-14.212848305449059,-0.21069548998545148
8.265625,-4.3487001204919995,-3.4780788997015293,0.9993173158374686,2.7132513118761956,0.10801619468107437
8.26953125,-3.029837266536401,-4.732271881470691,-1.884661380221355,5.680654860432515,1.1409262972825014
8.2734375,7.392880878100582,1.7328621715561097,2.3076465715988475,31.462633645422425,0.20925422188547957
8.27734375,-3.207981512413205,-2.194425588232741,5.373236426678661,12.783843154616578,0.166454588604975
8.28125,0.5417169123920924,3.4656488240801075,2.5787530007821715,-11.931394130489291,-0.5997618386564247
8.28515625,1.6329393900713183,1.4347142172312481,1.2782258024117454,-14.34169287854037,-0.040040824606803846
8.2890625,-2.8194830328010565,-4.551527843545109,-3.6489873016985586,23.249528351773257,0.0827496444154899
8.29296875,8.949419657973971,2.991688981540338,3.4809764774734044,-9.260934796694192,0.6467286605745025
8.296875,-1.912238665472449,2.246952833041718,12.216464639039193,18.911619793698286,0.671951364834005
8.30078125,-1.6897571037694399,0.5383018215020716,-6.228644709006223,22.506951278510538,0.9423467165206832
8.3046875,-3.888542431729027,-4.8196753215548345,2.895389461416151,-15.916783857556307,-1.023261157435487
8.30859375,-1.2475433673284246,0.7151783982626967,-7.058290081515041,8.093400028800373,0.7383710829142848
8.3125,-2.1560747238953923,-3.293302289783891,4.152065543199551,-2.530322669355816,-0.4032928673846147
8.31640625,-5.278547948947791,-2.8044428590600616,0.9224052546553101,-22.148148327454862,-0.07143450480384082
8.3203125,-1.2312761562865158,-0.09515567673363672,-2.2342998318423124,0.5974240624904952,-0.2621049313119993
8.32421875,-0.6615786077548628,3.191897313792864,-0.8508615977754078,15.058943910933383,0.865327120395683
8.328125,-0.620221118153267,1.7673923823163793,-6.543298587016305,54.616396359544666,-0.03836255055177852
8.33203125,5.133649763953104,2.3346240538184144,-3.14153726988837,15.664933419815231,0.2389647697398039
8.3359375,4.609878794845705,3.28642807349647,-6.350357580030897,20.75200178243999,1.0433618004879757
8.33984375,-8.678801381586815,-1.7409646862671266,4.209319006299281,12.009126297969619,-0.0005057848462223255
8.34375,-2.3059716210862033,-1.7098320412047976,-3.3554739938348304,-2.2129210694537815,0.887058095095578
8.34765625,-0.40831906892646097,3.464900895238517,-3.517994886864442,-26.295647745975728,-0.5522666323380219
8.3515625,2.763979116732382,-1.1078977077153496,-0.6943511826537918,-21.17052636389252,-0.3397728938941543
8.35546875,0.882569535896734,-7.487747291767456,3.1487039562630486,3.7217095933958912,-0.06883236493090435
8.359375,2.9470881172384065,-2.1397679537519467,-3.130680213773093,-17.87109173344853,0.19583422383219692
8.36328125,0.364538285698233,4.128009719227907,0.20437825998464337,-7.408636847212645,1.058994103408437
8.3671875,-1.237801024836007,2.796754214559151,4.391512941995515,21.675776061560647,-0.11031838378210315
8.37109375,-9.237688380939549,-0.28540917167899355,-1.1076780904494634,-29.48098522085051,1.0595346496150824
8.375,3.6685681157882275,0.26861437764837837,2.610890239024291,-0.5155378556936974,0.4284195360957232
8.37890625,-4.118233020490651,-2.129824874810215,7.028981194449225,3.14059781872432,0.6455023275922516
8.3828125,-1.690866528276975,-1.7267905206833227,1.1637918758342338,16.93098323993331,-1.0455401184281106
8.38671875,1.2763943966569968,5.160125407158237,-1.7080222053041405,1.2148781532043462,-0.8596404226663736
8.390625,-9.187671968467479,0.12364057599553266,-4.050019617740228,-2.682316850128604,0.27778815096841036
8.39453125,10.704440266587804,0.4999466368576049,-2.2246874157607865,-7.959429470256128,-0.1100907065834657
8.3984375,-0.5317358478284405,1.7099512204124734,-1.5536336916292588,-30.586321297121472,0.4137916210648956
8.40234375,-0.15371108297339203,-2.8911467537773357,1.9325868413300507,-13.183724952985123,0.09834745595836698
8.40625,-1.1019295084500838,-2.828062834758417,0.09930745377431721,-9.102861638219723,0.2830392877396217
8.41015625,0.8055138652437653,-2.2362780640798814,-0.04294034652016954,-19.708183362421682,-0.4500267913609277
8.4140625,3.8401744986170834,-3.624021437062519,1.1642554719815068,-2.987479502114068,-0.8544306288337383
8.41796875,0.1484190461886512,-4.080476691124597,-0.3862294198889378,-1.0061988417849985,-0.2705033054279609
8.421875,-4.7729509250278985,4.281165200122443,-1.4028843404054212,-5.377641642602301,-0.870001134616385
8.42578125,-1.5007099732937905,3.974398968246539,-12.09404660321315,27.725055018956834,0.5853979093560987
8.4296875,-2.5761814080132805,0.44837529091392925,-10.180439868593986,-3.8571474233449274,-0.061693135119896
8.43359375,0.25005669818309967,2.8513046605304555,-5.490892005428151,13.759306938048569,-0.17093790359792244
8.4375,-1.5915305795285681,-0.12655221555108362,-10.98489779052224,31.18455998730554,-0.0299856757009627
8.44140625,2.9078524796498457,3.822664908377907,-3.664072772963891,-23.371240757713124,-0.7589582994555067
8.4453125,-2.0660008528783838,-2.7360462416369744,-6.015222800987733,-9.793965387999725,-0.4592813022393324
8.44921875,0.14463019055996895,0.059711978978488296,-5.641931329684233,8.621864693573107,0.22614183067570695
8.453125,-5.66677542071449,-0.053959490428104454,-3.184097796921283,2.198729672965087,-0.14397701865369297
8.45703125,6.313248541947656,-3.2295807555700273,1.9421563544447737,31.641648033327737,-0.570466723065239
8.4609375,-0.43415993203829206,-1.5360891150909293,2.682431526367596,29.687879403648985,-0.1666824183383417
8.46484375,-1.9350841447980827,1.1483588187381644,2.3103584295161084,16.76742328821836,0.5698855691911943
8.46875,1.2296527954475145,0.4646934912004985,-3.538991696664873,17.466782238909417,-0.5126755870606666
8.47265625,-1.874934261942858,-4.56513095213473,-0.5986029576626808,24.099619344626163,0.4033283027543824
8.4765625,11.217944189821134,-0.5032853095125712,0.17026911239366171,3.2933684866999857,-0.1274380928484856
8.48046875,-1.9049067978301428,1.2579191466202893,3.359462359939578,-2.4729155749762732,-0.20828668609201584
8.484375,-3.223393379587924,-2.8572546217385786,6.0211676293256104,3.2909410241005865,0.35086112376190703
8.48828125,0.5601547234929132,-3.252058531583902,2.277419399658579,-23.42901988815698,-0.4280197706212163
8.4921875,-5.801072237258328,-2.0838744912932423,10.929755538129028,-4.431714277147283,-0.03591411426487238
8.49609375,0.25203153433667863,2.2012221568313954,6.010007122079767,5.438742698464704,1.0485746359808434
8.5,11.176044858782824,2.2778646144125023,4.9399760732557,1.0429013816481834,0.002763242087109532
8.50390625,0.22743790388729296,-4.5282002645909065,-1.221736712245669,9.908706059135458,0.8430217867237975
8.5078125,2.1072765716756283,-1.7076238696176216,0.38027014103733814,7.967648532347428,-0.8284701042916592
8.51171875,-7.211036380738537,3.376963361633435,-7.295534876242813,10.471920438725327,0.7597483701872473
8.515625,2.762059394021697,-4.62480281821364,-5.910945625384832,7.985080295013402,0.44437370042511404
8.51953125,-2.696557144564698,-0.6949088927197085,-5.605782941211439,43.182962973492046,0.5118759532664754
8.5234375,10.771016522509024,-1.454073436322892,2.063890109282998,-18.263453720080122,-0.6089101609095149
8.52734375,1.920519802459939,-2.1830122172134514,-0.0026141413163358607,-45.04086670606597,0.6054167467387894
8.53125,-4.3202722497638195,-3.2821570040536776,-4.83107583970048,5.508240235124978,-0.43425061457720215
8.53515625,1.997216214660123,5.342332432488988,4.605929878288501,-32.831817423953474,-0.07463652199624755
8.5390625,7.484890198906267,0.39219465357934635,3.5108196820576802,-11.894765737200775,0.17980838544502703
8.54296875,-5.300606894518579,-0.6130219201242142,5.913828019263322,-27.964129575584717,-0.2799172184079144
8.546875,1.5522166887271598,0.0729778756782165,3.2479132274432554,20.54330976359337,0.47685591242875297
8.55078125,-5.816520412320705,7.083073717422197,-4.724665469976387,18.356283341133544,0.702417814833949
8.5546875,3.9666264819297914,0.8641369785473438,-3.9242432000426457,-0.7059585652858011,-0.42762299151490035
8.55859375,-0.11188272299287821,0.06669966869706453,4.158141146074411,7.634855228075945,-0.5919136567835676
8.5625,-1.9453558455948445,0.8842784389934341,2.4466810179011835,11.82538806589234,-0.5798742027143832
8.56640625,4.145357855174793,-2.7742248010240274,2.869944461246903,16.062073908636414,-0.2575125023629651
8.5703125,-6.636139755568895,-1.8203333030054836,12.97118491081382,7.847482043802658,-0.3704793185594162
8.57421875,7.032099899237359,1.4138830064368477,6.933702012746263,-5.63116802695462,-0.09074100285097651
8.578125,-7.568159861501333,-4.035149795356946,13.602184641994993,-26.565837945851314,0.007927130319690757
8.58203125,7.559752521095312,2.5865932154458227,5.73913690481236,-2.2604854294043104,-0.8504541832668215
8.5859375,3.6800047523431556,3.308856119271197,10.84633687281218,-17.680212089871446,0.7996222397189234
8.58984375,1.3251289490262927,2.167101748458359,0.7223165050988927,-11.697851210581023,-0.46848953584005515
8.59375,-2.953282651348845,0.1480229072137659,3.3399316089583997,3.3589753603285075,0.09458766242617944
8.59765625,-1.7819751458572253,0.13194509872860638,-4.3598485571420005,20.4572663070849,0.20021284644470147
8.6015625,2.430365284120867,8.013783877008846,4.223985665489627,2.2848991342305034,-0.5067879330260662
8.60546875,0.47729613055986947,1.0604740322414117,-1.0566457604732404,6.198415341000636,-0.12622044255191703
8.609375,6.505007050644651,-0.708457450033854,1.5335789670476285,1.9862342375541617,1.2319547333108027
8.61328125,-2.136275678021373,2.6079714174916733,-6.761580852010059,-10.780121798145107,0.06348698092206113
8.6171875,-1.0487212109223867,0.09976781779451083,-2.5995505236023058,-35.78404158510596,-0.443134252001535
8.62109375,-3.9479770224996473,1.460509783046425,2.283245861474958,-16.708580118973373,-0.574285154068482
8.625,-6.7195891525569955,0.13741398468074006,-11.571019487822586,3.9584437595546973,-0.06486148086639486
8.62890625,-1.250904784353025,-3.2031928493466104,1.2726503461779892,-1.8457732605806676,0.20975162784476598
8.6328125,0.18741164057833748,-1.5908663831802783,-6.223893009485888,-4.000520607531588,0.34916303612288324
8.63671875,-7.65749209318127,-9.552161598929661,2.1873913831595964,5.597542282505978,-0.457102244963852
8.640625,-0.4781345040726141,-3.262999875418515,-1.259554714128205,39.415876169303864,-0.6376762631952623
8.64453125,-0.16194549317209309,-3.6416103670394615,7.2596908211852025,42.637251582867385,-0.628676346529258
8.6484375,3.524766295353198,0.9186791235499008,-0.16235858920658908,11.876656224880964,-0.377496265950676
8.65234375,3.0509559965919157,0.6866757278502942,4.918907963423003,31.370939916993944,-0.3213466229911998
8.65625,4.523873662668138,-0.6547739615881661,5.276451755819584,28.29188286445708,-0.24387842835357815
8.66015625,-2.9917526850735996,6.933064725726878,1.9317383026676056,2.2652853393427446,-0.2992299086172197
8.6640625,3.727678091678935,-0.5456017645783364,8.861463131776347,-46.14713671340998,0.5615640222823993
8.66796875,-1.9482481884997418,0.18969740506181604,-3.4779306673890176,-31.520451002420746,0.04929366893993954
8.671875,1.8976413176144051,6.925612740351239,5.686101627895113,-44.05010989940393,-0.49965449212678376
8.67578125,-1.6855001997743322,3.0415309534516872,3.9515076440434664,-14.386111289254515,-0.2298376346577821
8.6796875,-4.7729443708257975,-1.2094090123003352,4.716919716290071,-23.823759752036885,-0.2553692883945885
8.68359375,1.269084037755792,-3.2732687802312443,0.4849587374651585,9.09938212937384,-0.25370111458331573
8.6875,-1.716383993200155,-1.446918086835535,0.6660423157697706,21.298761362853234,0.3400606417781161
8.69140625,3.504899121188213,-0.171237057633857,-2.229456456766644,3.171498901948956,0.12597595311884643
8.6953125,-3.352841333867201,0.7734154250714222,1.3572284889624022,-19.47904468692542,-1.3364683431756572
8.69921875,-1.4845307538879664,-0.021221243297783705,-5.992712510908556,19.389212878949806,-0.14935817411242444
8.703125,0.8134654904968618,4.353475041350453,-10.91844789819124,9.530610518101621,0.8840147989776521
8.70703125,-2.5733731895959244,3.339624322783169,-4.592347125391586,18.59191467063538,0.26584001331188384
8.7109375,0.6205653290148461,2.818175976932914,-6.770062219541675,-20.466990366235464,0.19376372145809007
8.71484375,-2.0744627123637085,0.22676219904478676,3.24975885655652,-4.815566631549837,0.2704318799082977
8.71875,1.5454700266011185,-0.5484326934992547,-5.162065849666014,-6.369936011132673,0.6472304262535977
8.72265625,-0.1509264139406736,-3.6336375361805433,4.122139803523496,-9.713353829287296,-0.024951473408653654
8.7265625,-4.668720718427272,1.9450475449937237,4.6539741285727025,-10.209580272271946,-0.5946561105742787
8.73046875,7.307252642289629,-1.109051568617925,-2.8130679960402825,31.195358357805954,-0.3767968445022132
8.734375,-7.386122839339883,2.0893674227564993,0.6080852858463981,-0.9585010044128897,-0.7954706882195536
8.73828125,8.645301856399845,0.4632047695507363,10.229508672489674,38.70331754029055,-0.015273948750098998
8.7421875,-2.3800847557549067,0.9405174146664599,10.424070459880339,0.800698781496628,0.6360353337813027
8.74609375,-0.40193940710728476,-4.424503746622214,7.090157292400063,2.247266284776047,-0.21981833298727965
8.75,-3.276935068137548,1.9065806134961782,1.1839327952329033,17.876242586083738,0.03811855558273928
8.75390625,11.033210751917808,-3.7771465057430196,5.640837949768544,6.225392474746513,0.17906096261727042
8.7578125,1.0256809976888854,4.2130826199464835,1.9649209779778065,-36.69784515797093,0.48181598288741767
8.76171875,2.030030807613655,0.13718262683984417,2.3880964673784257,-22.188143124372772,-0.18810780239345384
8.765625,-0.8374412968981976,-4.144971259203521,1.131332872472008,13.419148273839221,-0.4505456315071893
8.76953125,-4.560555376293589,-0.8743920017898824,3.9127692674680046,-14.515312992214298,-0.5803857032316467
8.7734375,-6.719994670003286,-0.5337476143382361,-3.440509388077352,11.451672146608256,0.40907917207806227
8.77734375,-0.7996926818636755,4.774479334350181,-4.997638545901745,15.474153591277853,-0.04669647213655519
8.78125,-3.986462383531909,-2.154612927706143,-5.967431804993977,36.418018140867886,0.31649961561991813
8.78515625,3.564059724243681,2.7887167870058853,7.717675402831574,51.975371368999745,-0.2710955367829218
8.7890625,11.17068357562173,2.5871455193767536,-5.940555357470004,3.994217235113833,-0.10715006834591817
8.79296875,-4.331378303593485,1.4935660803490052,-4.498619320725256,13.131222548357835,-0.7052246126004308
8.796875,5.124494754226591,1.137471058544864,-1.186334394715332,-8.13535038357572,0.544579897364669
8.80078125,2.2317382485759367,0.9051417126207983,-5.768211634755693,-29.336946231357782,0.7382744021984469
8.8046875,-1.2484771855103634,-3.7233050649048685,-7.75625728798016,-26.21023039061432,0.32373705801340114
8.80859375,1.5900650250042523,-1.1882410674532666,1.8971114930055735,4.808154880523263,0.6835219525322379
8.8125,-5.971084382991036,-1.5155679086925273,-3.7835235603382027,-26.803541828801087,0.6999704197311397
8.81640625,7.185857410163889,2.307523634514309,-0.33426712551229437,-8.067433957461192,-0.13638198014600145
8.8203125,-1.2045760199135616,2.161422658006061,-2.133701494704626,17.735606508135994,-0.3909656717233131
8.82421875,4.140104912180351,1.0806319230250059,-6.732834478916068,6.671383538858052,-0.233530723010475
8.828125,2.7371018617126786,-5.555926791558226,-0.751204785171697,10.432075926495394,-0.6688801263943227
8.83203125,6.306205452983827,-4.832903547503589,-1.6061688924966586,15.111595877290783,-0.09912269924783526
8.8359375,3.6045357078639544,-9.590514910699032,-2.8851596975361273,4.194556642431409,-0.1799256899184071
8.83984375,2.406052467880157,0.38363449636070956,2.828338068150099,-0.09671214325565636,0.10108349960163805
8.84375,5.318894637546082,-0.09142292257566398,7.617605097703351,-13.813648322509794,-0.10821304896521033
8.84765625,-4.9517958831685345,-1.628772674263812,7.319906729857708,-0.8919683077192708,0.1404884837969316
8.8515625,0.8737629750888571,-1.5240351707765352,-1.9202146903062172,-32.986142664055784,-0.6809641857526469
8.85546875,-7.439628925157416,-3.726648572463275,0.5773914835215286,3.738158675994395,0.4443576164453095
8.859375,3.3222569071450603,-1.5140515546772582,-0.08265110585158097,-3.8209646841412557,0.5721693755990613
8.86328125,-5.334211292860435,-2.3079098533550693,-3.9527430834466863,4.553221823892237,0.3029285242585154
8.8671875,-5.391849233074249,-5.2501951676349154,0.9006176080102067,21.205836517037575,-1.1700399000516788
8.87109375,1.121507516708728,-2.8449297377638496,-2.625397432513888,27.010104450093998,-0.009965561401292332
8.875,3.5776817245512333,1.544182403373446,-4.788425981371917,16.64443785072899,1.005997120090661
8.87890625,-1.7443577044423946,2.2541636674804706,-0.9942391980175793,9.942366723941843,0.3846682150040817
8.8828125,-7.602984601127057,2.421287730112974,3.038477704955676,12.136145056047987,0.18266940407491297
8.88671875,4.3370177361595195,1.3276546623510581,-5.603360257861187,11.566798503912556,-0.4272896292638604
8.890625,5.006644699130689,10.715098613668887,-2.2862606918445905,-1.650634986761629,0.1817513353165087
8.89453125,-0.5578063944551993,-1.7646855643200094,10.628959555548107,-17.480647027560014,0.17398390221567517
8.8984375,-4.352990080584317,1.2275109980922079,-2.2556751362086698,-27.97227399367296,-0.18309268194623185
8.90234375,2.3280495872644895,-1.5488046320279112,-3.684150229736814,-11.396240344854437,0.02831194171203831
8.90625,6.597056226652999,-2.11059574162683,-3.8656766699553162,-19.40963725936644,0.3583791678838381
8.91015625,-7.580895842753078,-4.410128529546183,-3.41891120130893,9.566954578231977,0.11430834659497546
8.9140625,2.6067421713062937,-3.132069005929824,3.9844666293276143,26.957955059273566,0.9254865600046258
8.91796875,3.2990531736174393,1.2181304761134997,3.384884377111722,-11.707730053004095,0.1472296579237943
8.921875,0.5618693971577954,1.4542619854989514,0.28550610766050477,18.052131592011442,0.04022911730247023
8.92578125,-5.145816163524287,-0.7859237465355556,6.452781756434769,8.001432068665899,0.1423782402041292
8.9296875,-3.8524871715811173,-1.6398583948142806,-0.19010320211627585,-6.031370224403257,0.22402396379331568
8.93359375,1.6405548564138372,2.08174439097571,5.2426829370253945,7.904789061067564,-0.6332278482560022
8.9375,3.6329300473931316,-0.3182313399523759,0.12405090557475207,-26.472966580302113,0.021637999379978623
8.94140625,-0.4201996301637867,3.0558422823111213,4.892231155028131,-12.980650247281693,-0.43310436378403966
8.9453125,3.530239385173484,-7.863478865101192,0.2998786039302981,-7.788356645759493,-0.16155228310021483
8.94921875,-8.110804951082775,1.7860256977113793,-4.665434349289148,0.3082371574516447,0.30964869261544326
8.953125,1.3165833079549567,-1.4103873783655632,-8.4206266092276,12.457509555395688,-1.1166413436127443
8.95703125,0.39268804179331196,0.029278980498648934,-3.9597263428362384,-10.205669359377644,0.616512433681942
8.9609375,1.2650941703496548,4.733310157112623,-1.9093257702515318,12.606259311702605,-0.16331869819371267
8.96484375,0.08242441923700898,0.5322360586210324,3.09530354660906,59.969011963068695,0.7009971901501721
8.96875,-1.4851432268775386,-3.145985398989189,-0.15190208182587916,-11.62878564074136,-0.34068866954278704
8.97265625,-3.386320743015792,2.813583401814534,-9.65635350391613,27.820990799871634,-0.7104877376728808
8.9765625,0.5394571412445149,-3.78880757775015,-5.7508609422562,1.0872593522743403,1.3936812914565977
8.98046875,11.074069291593478,-1.2339104892895716,-7.085805553092552,5.225533290246694,-1.1103948732143303
8.984375,-4.996358557682169,4.755918091378137,-3.728293740692492,-6.437444888755435,0.20546571094110438
8.98828125,3.2110757384025104,-0.17631288944347448,-5.883288808920107,-23.45297464021707,-0.3281603319361321
8.9921875,6.467297182261823,1.6479992101558283,-2.6050229994801937,-19.80113624880947,0.3267759535275698
8.99609375,-1.60969442559335,-0.27711928309837386,-0.5646031835313451,-9.168705016543136,0.18930527081081192
9.0,-6.381203432640032,-0.05380771165226167,0.9181333060481883,-17.102583773946613,0.4382547217133666
9.00390625,4.996330246163937,0.8782906886201756,-0.8282085768305733,7.8324109740099725,0.42056674532180766
9.0078125,-2.9471686867457607,2.531118555692805,4.076869630716029,-8.659336628517362,0.3616235306321626
9.01171875,-0.32711190610995294,-0.8636434599371954,-7.746668055501834,6.804836425720481,-0.10989037906861011
9.015625,8.152617221239218,-0.9288211150515875,-2.278741844558608,-3.5609376580815457,0.040617172902184695
9.01953125,-5.767281311981594,-3.200117644515813,1.7157074652863897,6.372633098501204,0.08414345267846692
9.0234375,-2.4375156068178905,2.02745823350896,9.603156057464606,-0.8362682415128112,-0.12502288508960122
9.02734375,4.746686689460214,-1.9744157024973341,2.6352745583201895,-4.292106393434842,0.2858092909663112
9.03125,-6.606303998098567,-1.22259682755082,4.6076088823924675,-25.01082527055228,0.2786723904915814
9.03515625,9.550785511252634,-2.504266729317529,-3.642969909336275,-35.93958273993735,-0.4114264727807626
9.0390625,5.5411343672466185,1.2537084072790867,-0.23705400482034844,-5.383287989676153,-0.6025173218264476
9.04296875,5.332862745222036,-5.090464292000265,-2.7496296431372103,-5.962212266685974,-0.1532794211743431
9.046875,-1.1803292640133052,-0.7067606664710984,3.951181452619413,19.210113239647498,-0.3547117224969702
9.05078125,-0.6171470602076552,1.2168870234401798,-8.67616734934833,-10.60938260990725,-0.2947847702577492
9.0546875,-4.626319865712662,1.5880658551446127,-1.4002456646269195,17.36806164197767,-0.05471891070113458
9.05859375,-3.0112207427879616,0.17848102490707263,0.04370828593093856,17.69056378047469,-0.39819985564748617
9.0625,-4.50378814048416,4.196520997607822,2.3340602789760205,26.9347434099059,-0.40657078075905034
9.06640625,-0.35244612993360014,-3.332199317884794,-1.6976813002125524,13.981230787638614,0.22043923564859497
9.0703125,-5.344432004702448,2.7118111341809765,-7.569718926362404,-22.354857947658434,-0.27336804936492076
9.07421875,3.448156716706723,-4.717440222540067,-4.868054483353557,-11.20751866939913,0.2711244231588939
9.078125,-0.6625803780349089,-3.1694495956804882,1.5783328294688528,-6.138234711132019,-0.18394653036716166
9.08203125,2.7426728109268668,0.7860896881962308,-1.9092115517054742,4.408623849319689,0.4711701361393244
9.0859375,-3.9449773571418087,-4.395083881630388,-0.32556134993054386,6.54905822951031,-0.2981977637693518
9.08984375,-0.8200539588888447,1.8558161026459388,-6.070064141152821,-8.840013531074607,-0.15200129327384723
9.09375,4.455000738356601,5.036118693410956,1.1560035844847336,-13.521622414242723,0.2764724136647855
9.09765625,-0.8080053363551766,0.5933792684321165,-1.0806621519776218,25.139631797455003,-0.4953711401577413
9.1015625,-2.116151249565808,-1.3031480425797741,8.13326900599003,-20.962124529861107,-0.7010043800844152
9.10546875,-0.8761014675920662,-3.9142765179242147,11.39664412177233,14.373847168541367,1.041168356353686
9.109375,2.208085557887171,5.265717261112143,5.236174059084101,6.89748023431048,-0.05661298554616369
9.11328125,1.3525521821276132,-2.6166022081635347,5.657165033852113,6.912886490414932,-0.17711446403831413
9.1171875,-1.7924610821983304,2.712704291414516,0.7967283371004239,2.1489032780042736,-0.0886981170446589
9.12109375,1.0673060411601694,4.786981729785285,4.526875770186177,-15.360281334780375,0.8837070680929348
9.125,-2.0321098748449065,-3.640685872414948,0.09601396608878998,10.403428241128061,0.38311849994675956
9.12890625,0.6979021754186192,0.642219172346332,4.021445925415575,-26.087950400871748,-0.09716733641909364
9.1328125,-2.1628833459784493,-0.5985249553186032,4.387151760091917,30.50394785800762,-0.19320356579142303
9.13671875,-1.0709916181787271,2.6327404957486356,6.961078190765292,27.35696728836661,0.11826981433580686
9.140625,-0.7148860539574929,-3.4008948255419282,5.103670590864227,-2.5776305096735683,0.6262808837524168
9.14453125,4.335195737488056,1.1132532981453251,-1.9002232266876935,11.559618509789678,0.195167946441695
9.1484375,5.1244580296682365,-2.738842860977499,-0.2525696724932964,-14.90118099242463,-0.05685569453936619
9.15234375,4.597407844361927,3.8006147802470034,4.630150037384792,-0.18828182407857064,0.7935576140478655
9.15625,-3.919468443319035,-2.0899098038312807,-10.120574843560707,-38.92124889450173,-0.6961149502803196
9.16015625,-5.261381532986058,-2.2916718577119943,2.3234834351057123,-6.563661687431873,-0.6483302944824559
9.1640625,-5.121895795493472,2.1642932315046837,-10.925478903523707,-3.2179224705607803,-0.9201025521286245
9.16796875,-0.9076846085526922,5.132633540035935,-8.661201166337774,-12.57201429426185,-0.21967772174785632
9.171875,1.061810933528945,3.540462606635182,-7.001268121534753,4.886791124713934,1.2164351992861098
9.17578125,-3.3789158755684694,3.684575627509853,-3.7087346592860895,12.802932982727912,-0.05087677352077666
9.1796875,2.773904527423309,5.8959847307981175,-1.1103779885214247,16.545003922107433,-0.27407121082657054
9.18359375,2.160135537865801,-1.6084657738912211,-4.312737591622173,19.231751111033418,-0.5782300449152162
9.1875,-0.33579742300986437,-8.28061238493866,-1.765263893077131,48.702342328550586,-0.17723862547254052
9.19140625,-4.320655633284615,2.039503593516464,-0.3218412951766294,8.164365951485944,-0.5334506047452438
9.1953125,-2.909400155697529,-4.116104575699591,6.5558235906228814,21.179818730679315,-0.03515291483725197
9.19921875,-2.104106871924008,-4.490622397812278,5.432414044448992,-3.85884065812248,-0.13050015313502097
9.203125,-3.2754831791187615,0.09863255569174503,0.653653667041544,2.4933681721075693,0.3391323703069856
9.20703125,-5.775932053106981,4.886942570289534,1.64626416033903,-3.521536321275792,-0.12847005448690077
9.2109375,-2.7716563640623333,-3.4534901193422103,3.623213514580491,18.790199163845053,0.18497517445814252
9.21484375,-2.075837549906168,2.6943324077996587,1.4557516113100994,-32.08753977668118,1.0171665630558804
9.21875,1.9170048925238556,-5.746758356746698,2.420860206119113,-32.72422001516366,-0.16402858141193605
9.22265625,-0.8416602144912662,1.2538217803011065,2.8822074415038994,0.6892043017238763,0.4595855640295207
9.2265625,-0.829632611835013,-4.080130553666043,1.5545269917269966,-3.192400756351022,-0.15342607427027216
9.23046875,-7.505703488345806,1.3423441292694478,-2.931397677567028,12.748125832984934,-0.33135217076515966
9.234375,1.397826288476613,3.3680571258263368,2.7718386480403705,-14.202924086679502,0.4689646191898894
9.23828125,3.771908852721945,0.38581562045811096,1.7507913767074452,13.470254449872458,-0.49127290763514314
9.2421875,6.524951582031085,-1.3074006042639745,-2.1125144781222396,35.39760380934039,0.428234618018221
9.24609375,0.22133372849646113,1.013173631050614,-2.690576064510148,9.08691171530494,-0.051278140190060224
9.25,4.4005855524135224,0.11781697386114695,-5.228277599468569,-4.4930002577336685,0.6264406045382397
9.25390625,2.571268809984098,-0.34458465853594616,-4.153351203721539,-13.325686380133398,-0.04140214339305461
9.2578125,-3.972139332423707,-1.0771521094082461,-3.402562787860082,9.691375492798574,-0.1948252465270027
9.26171875,-3.123466214774355,3.5257009104969583,1.021254136268888,3.1770335349663252,0.4558956124288544
9.265625,-4.253603846784071,1.5814363463439247,-0.18478186532925522,-5.433626217182421,0.179421914288413
9.26953125,-2.964045506257622,-0.06507275594238648,-1.2807621784224332,0.5687369536701734,0.4570127932367124
9.2734375,2.797646525244591,6.527130900158689,-1.34144565209917,15.284753902248031,-0.21481205045965004
9.27734375,4.129772333640207,0.3663398993958681,-1.6252324022832423,13.93197558962612,-0.13412287372370518
9.28125,-2.539003243547128,-1.99568609200819,-0.36796111568544454,-7.7993728952936525,-0.38756803361189207
9.28515625,-7.663428859185873,1.454290536013896,6.970711616528555,-1.5877694512523295,0.02348116928793252
9.2890625,1.3904895899936354,3.394009533446903,7.603647750531364,23.87085003719016,0.12311039019570778
9.29296875,4.088602826400294,-6.771355879405595,9.150075578990098,2.144485002666617,0.10145542483313673
9.296875,3.834013312380214,-1.774871372536658,1.2806623471534553,-7.803790754461794,-0.3380604315862971
9.30078125,-2.310897516518026,2.9349306451109514,1.7152598166865918,-3.614416740563472,0.4952897465373609
9.3046875,-5.72666843354615,-3.3956567152285673,0.4265061922107447,0.5132398519212131,-0.025196021019726414
9.30859375,0.42621781823988514,0.0876605743422065,0.4138681806824558,1.2167580973212146,-0.43518878696862257
9.3125,-6.792552901101742,1.5720694956670025,-6.503464846387418,-6.856823793876089,0.2816131461463305
9.31640625,-2.6976261234914465,-0.15316291277091737,-0.3463187135365485,-22.65869103688427,0.12401099977752314
9.3203125,-2.982102594323291,-2.910271031093077,7.737223977261979,-10.733104699653389,-0.5357023121024627
9.32421875,-2.520510783851124,-3.616276333319656,-0.9784826063618554,13.221748953406545,-0.6058235645217519
9.328125,-1.1253232323086018,-0.3214631123320502,-8.598302761022778,-4.221635993546528,0.3485245676607279
9.33203125,7.7302727929577575,-2.626048994211753,-6.462393678774654,38.95313648024458,-0.525939448114012
9.3359375,6.575341481089831,3.9799764823422246,4.7666630388352615,-1.5134259158821894,0.2762054417010332
9.33984375,-5.471290167450328,0.2355099671371314,-1.8733761684628591,15.962659036822785,0.2038587155922842
9.34375,-2.1945992233934115,1.7242295134927204,-2.922355287302764,10.352780253140175,0.389796673015861
9.34765625,-8.12307944497148,-8.816082066777877,-6.012745706695847,-0.9091681935337643,-0.3316827713971013
9.3515625,3.1558355927558797,1.7709382627206822,0.7036186384259704,-1.987051098253108,-0.0382990973877185
9.35546875,-4.788876226722155,-1.275874634310239,0.45784177200720144,4.734196497298912,-0.654312734158056
9.359375,7.156702115769419,-0.9140923501571461,-1.240345618581907,-18.014035721995718,0.03777199191899633
9.36328125,-2.510434807501449,1.6883834879075172,0.23463259198532854,24.473089201654442,-0.9995308503522725
9.3671875,-4.5473044426432585,0.6661636303764481,0.5204337426634316,12.861759511973208,-0.18182442522427064
9.37109375,-0.6239644113339349,4.3050754454119815,1.961444806156059,25.700108157783077,0.573539523081451
9.375,-0.9220826410782994,-1.1784800962654816,-0.11816949473630167,11.760965842330826,0.9569265268089477
9.37890625,0.5195109383724182,-3.1419678155499793,2.7003676133824253,32.44750814281951,-0.343218088872784
9.3828125,-0.5746019442371689,-5.6368927052578615,0.63144979549558,13.294993369133852,0.072634117739286
9.38671875,-4.4052886986661655,2.6253869142360347,2.4216216627987297,0.8342689399597467,0.16065494131098854
9.390625,1.0443115581496476,-0.8090228055345905,5.22398954490534,-6.728350223733662,0.5990764344265906
9.39453125,6.394230901704701,0.39734385045345644,3.7690816548710573,-18.79423086110185,0.5981943798341132
9.3984375,-0.3697870901585015,0.34089738838145994,3.9145596358358867,-25.29377499185395,0.6427172319965492
9.40234375,3.3618992190890866,-0.9641982034048988,5.132621922279143,18.941996375639462,-0.3993801825717692
9.40625,-1.8574603205371267,3.308574506951283,6.40188643476785,2.5564248005231,1.5793945352831609
9.41015625,-6.316245240774741,-1.117864470923287,-0.010410997163035923,11.181341639481012,0.3048312729503701
9.4140625,7.609719830673165,1.5898114924529576,0.2973134998872371,15.505431608192364,-0.22062590964235257
9.41796875,-2.08493036133771,3.0266374221835513,6.306013288684378,11.323226159876034,-0.06352476354923424
9.421875,4.730323028883949,1.6662983443466413,-8.050163174777209,18.147713659259214,0.4702037312670868
9.42578125,3.718973210600053,-3.911969210083993,-1.0062189415560663,33.943063379479895,-0.47187055247193965
9.4296875,-4.493593858804735,2.401559865570501,3.438940208443922,-12.116800348523453,0.6747826791068156
9.43359375,0.727712198452115,-0.8349586374525565,-1.6962805652415047,13.083406601738838,0.1461857176802675
9.4375,-2.6191654924823387,0.16672350680660913,-3.385166992349438,-34.639770668609614,0.4216184741584032
9.44140625,1.9562013200995263,-0.3848909042932556,-1.207376454792572,-16.59696541312184,0.03761273711594231
9.4453125,1.8483602002970425,0.5147321593579076,-2.7679652373723895,-14.622387321729311,-0.06460706906920868
9.44921875,3.5020372530009682,2.030891564346714,-2.5503275481060816,-16.180698884878023,0.6170766078608728
9.453125,-4.101652692257358,-0.01430571954279012,-2.319100832379084,-5.162247026896274,0.9018939711027576
9.45703125,1.313543840001993,2.179175036795801,1.1270652611895131,13.182938761255354,-0.24427011594495487
9.4609375,5.128284080676353,-1.071090918876678,2.246763148278449,21.787289032194394,-0.12682248056974035
9.46484375,-3.2098796888936296,2.5097728492738836,-0.6742040948292072,39.157845814966336,0.1814533272669231
9.46875,-0.08152437914464289,3.9242348172325148,2.4163906511319717,3.284121748637453,0.3854710916897617
9.47265625,4.011905168909819,5.421342281058488,10.911344384530693,14.973105079404618,-0.7387732331730559
9.4765625,1.6361766848844654,1.8087709219415948,2.6988091201520614,-4.931523261339647,0.30047379129851226
9.48046875,0.6666069346411246,-7.900476217175721,-0.7423154757583466,11.203029263046176,-0.10905370792328396
9.484375,4.53886666992269,1.2048030788472741,8.067301990586806,35.16905237729177,0.5768245502063449
9.48828125,2.586692062586521,2.2217837282758346,8.159246596713436,4.229576778070117,0.3136527169712202
9.4921875,-8.098520490195568,-1.5475338875122884,0.9692067406926894,-44.795213022756215,-0.2420686911145935
9.49609375,-7.040362342836372,3.3313528106044976,-2.5262268283130798,-0.7848837937976754,0.5202519979456325
9.5,2.4803932716430643,-0.605813520178978,-1.3466961520484675,-13.546829353294122,0.06608910287782208
9.50390625,-5.905215814725929,2.459690747473453,-2.3688185267466633,-6.163461550595844,0.994540851207579
9.5078125,3.6526284788997265,0.15945551188380477,-7.228794772808394,29.69123573542911,-0.09300860096408774
9.51171875,-2.750077431803786,-3.0299344354586584,0.19956700932829374,1.444623428079721,-0.2643721337421401
9.515625,3.6749371331549927,-0.7809822382589131,-3.0664187602452815,28.652334117717032,-0.06293548716710454
9.51953125,-1.321825804127006,-1.5493978164294346,1.0168268398534668,3.9698146454701275,-0.6119263497980257
9.5234375,-4.237275534966597,0.3169657806150407,-1.8676868481923492,4.424204577269739,0.4759854706545881
9.52734375,0.1907615171657446,-1.6965464678925386,-4.917674111793293,10.397404349954293,0.14494588935620262
9.53125,4.2755146975881875,-1.541043923133703,-0.46517319721317874,-22.04248813638072,-0.25296090919101977
9.53515625,-1.7563124778677046,-2.3752448043861505,-4.64098533683195,-11.434007406656072,-0.22361740505610408
9.5390625,-2.410006505249406,0.9601208744519716,-2.1125713127400294,-44.896450338373974,0.31266138256894827
9.54296875,-0.32664704924780563,-0.2608075230666135,-1.2527118389656096,-4.939699893396026,-0.9191162885524071
9.546875,-3.5207509878967502,-0.34557749101376,-1.4603935298019233,-4.333096859987066,0.06180007007814454
9.55078125,6.086986726271783,2.359010920347149,3.3952134591567544,34.04919556020201,0.2255915421098765
9.5546875,-2.2008366122088954,-3.1363242249359278,-3.748836133139525,14.778076709236908,-0.2745866244871795
9.55859375,0.33399896816443075,-3.913135543653304,-2.8152250968468904,10.471628007685897,0.3918061672189504
9.5625,0.9580496053177433,3.4356759589644676,-3.663767718182224,-0.7663771369180274,-0.05984089388697723
9.56640625,4.7309941917948715,0.47525507031198666,3.092593943130239,2.8496422479655665,0.05355114731675018
9.5703125,0.146045352907796,0.10313114560133102,8.41167550174978,-20.998930012481395,-0.9297262107230753
9.57421875,4.183088617397659,1.0828482717060288,-3.5418527516868363,18.846263585360866,-0.32358335891489665
9.578125,0.3076907506201051,-0.45987872326526474,-5.755655575675059,-27.976538242001528,0.7780956731291911
9.58203125,-6.319461141358148,3.4132910041860596,2.2714312727355264,-26.839794253436033,0.4571904396269293
9.5859375,-4.188052617666894,0.971834899817645,-1.1902311344730259,-22.749825651803157,0.155845879544709
9.58984375,-5.60235771256352,-2.5642399426995897,2.591430670792035,-39.014110742048516,0.5297606094115552
9.59375,1.1105724923435156,-2.6935993784216614,0.6319447366860259,0.9704301522077659,-0.20891885068338972
9.59765625,-0.12225843909896487,-2.3364077408575366,-6.429099032341649,7.983426842841458,-0.697888943294048
9.6015625,6.151415961174148,5.724299946528133,-0.8571222178793731,-8.870205974162268,-0.4387402320332274
9.60546875,-4.121979884810753,-3.6616639521541936,-1.1810367372200692,12.616301448872562,0.2864029135136772
9.609375,-3.9157544143098977,-0.009646531849378527,-5.390649626047441,-2.90247633464152,0.13148785639662264
9.61328125,-6.3240974241426455,-3.3402845360633293,-3.0635035764538583,-17.127194417191625,-0.3927940633737202
9.6171875,2.131805788052661,-0.20156291210221947,0.6307718967931537,-3.9470177833971243,-0.3934337037525971
9.62109375,1.5908457601698884,-1.368526371808184,-2.431940619048875,-19.863662720021075,-0.2691649181556473
9.625,-4.557099421610203,-4.878960856289038,3.0556371414526318,-13.420607003442107,-0.8254130302881013
9.62890625,0.783366670432368,-3.7124758078007996,-0.5932309768813074,-1.5452311899863655,-0.35274795526634906
9.6328125,2.2430490662371048,-0.18626069894622158,-6.406231899864075,-8.907620946488398,-0.07664314272288124
9.63671875,3.832382662098957,-4.155643303074263,0.08293746409099126,-5.0411663694986295,-0.13654475255644574
9.640625,-0.20350972010441434,3.066755358626981,1.9620439102332001,-12.505752818540788,0.30491456053520927
9.64453125,-0.3557507339616782,-4.910837951982143,6.202227381999171,13.825561606767797,0.1802187876624349
9.6484375,7.37293169539191,-3.441999379750703,7.995420237615711,-34.47290707892972,-0.5154637701213476
9.65234375,3.3482597981857958,-3.0353359172395615,2.5232671901819574,18.812017257860827,-0.7246997759990079
9.65625,6.540343721629162,-2.057276856507683,3.1405972893257963,-0.824233287834371,-0.41192269343603355
9.66015625,4.835969327398097,5.610408349986803,-3.109638470459507,-7.907127750420356,-0.9359185675299929
9.6640625,-5.364967855332359,-3.732135029328667,-2.8789844607329798,19.599692560809082,0.0971059205745168
9.66796875,-3.6708929745226877,2.854539523667273,0.8050316928880079,-23.100481292394445,-0.3783474420858247
9.671875,1.1817370064532051,1.73507121802427,1.3132830586351067,-4.006556279475211,-0.20516989256346965
9.67578125,3.556926054064324,-1.5973045378719943,-1.7674956919615106,2.410860158809138,0.30285145966763766
9.6796875,7.8349052450956,5.725128954311704,0.7270984665167314,1.8085870533876447,0.08127599310941451
9.68359375,-2.916283002724066,-3.9086266972962758,-5.308633140372769,-10.235079957389758,0.4648142876569304
9.6875,7.4642873702643735,-1.426852555224798,-8.400960466960214,13.18855543431493,-0.13416478438500895
9.69140625,-0.005192991005905512,2.164880470558875,4.185245069752087,15.748071527829579,-0.21050710177721693
9.6953125,-4.822457725806176,-0.5295408724018313,-0.13482437572803452,-9.08170702109695,0.08755959879732726
9.69921875,-3.026128378449994,2.784527199202972,-5.293954122690493,16.51576436771785,-0.9304276026253301
9.703125,-3.016941231135849,-2.5714277742963816,-4.99197858251559,-3.4321929586885287,-0.9175068686827588
9.70703125,3.943599471610692,-0.13544070683158946,-8.617770704069724,-21.038120699400984,0.04650358732699892
9.7109375,0.6969208903441246,4.64867779758819,-4.226634340713324,-13.144718836993478,1.03879425033918
9.71484375,-1.9476029836560258,3.617346708342012,-0.057012113842666245,-28.300959014920192,0.09497237634922845
9.71875,-0.03581587307232988,2.9619581162603223,-5.172492987315219,-0.16540333580768873,-0.15658494651599503
9.72265625,-0.026679653427242916,1.2423521680715077,0.05325368480397319,7.476308779847333,0.43267276016759926
9.7265625,1.4320674738210306,3.2095554939022377,3.7013074720902512,20.97375085649978,-0.3550022486700621
9.73046875,-3.548405277844136,6.261894419123402,-3.327528955012136,7.571481186385048,-0.12075407659139557
9.734375,2.1212218179538724,0.06415794058699724,4.280601750127278,15.003442106256571,0.43733693041537475
9.73828125,0.796749252323028,3.076439395941245,2.9213856545410763,-15.563662441885775,0.2763866869461195
9.7421875,-0.6773433895793107,-2.864879607730653,6.335736555701659,-3.024033474454841,-0.2860273383847944
9.74609375,-4.395331136746678,-2.79360625218017,4.855490355074858,1.0481796407976267,0.250302790766819
9.75,-3.196233989962323,0.24988863237170517,2.98683936727161,29.344321598448424,-0.7659806171817298
9.75390625,4.325848307950213,4.6364544320770715,2.9103534494888628,-16.26009641156403,0.27785299599421415
9.7578125,-7.477040827829825,-4.033872884098299,-3.484269035370355,-20.678799859003313,0.21853939951179083
9.76171875,4.466303843868685,3.2879389821579905,6.322566463110945,-21.681076718024393,-0.6217029281290235
9.765625,-0.2941211177754218,3.7821708833311147,1.6003873332022402,-20.237683219996413,0.12083318506457233
9.76953125,1.9635039961861422,-1.4360568922830725,1.284976931161311,-6.920223042421157,0.5033047317827972
9.7734375,4.005389210453367,-0.0931372250685581,-3.1044258559872833,0.8802307124347835,0.33326783200687454
9.77734375,3.785006466918241,-3.0769768417038783,4.033726943622453,28.02068713754175,-0.4264934713224839
9.78125,3.102687029885283,1.3799810023600323,-3.918687616120901,1.04351612414324,0.4280771492971799
9.78515625,-5.961499937212569,0.48888080774303827,-3.322600053539575,-13.0874973349925,-0.3727472705238069
9.7890625,1.4010826193015595,1.756280557310701,-3.4615673674487204,5.662536480456756,0.03940187015197745
9.79296875,0.12704254832924744,3.0329860077921538,-2.0348041603006664,11.547597482606106,-0.34483085607454333
9.796875,-1.6719990877382105,0.923923755540907,-3.053270577750637,21.61223476835269,0.281082882202026
9.80078125,3.1398617153580113,2.3245503692564577,-0.7489140154793006,-23.048723808999647,-0.11508664325080356
9.8046875,-6.334088275745179,-2.2285189348497467,2.990872860286717,-13.473502416049174,-0.17292623923360392
9.80859375,3.5693295428373744,5.001524239238929,-5.811499740386523,-20.330353048378775,0.015160523679308566
9.8125,-4.156120579035342,7.086231278794056,-5.3291549703968375,-1.4231108362852218,-0.09449494625819135
9.81640625,-6.47575703684815,1.5773875199161445,6.463542295148365,1.0849376097233079,-0.04340253367430192
9.8203125,-6.734111736281838,-1.5141288618769981,1.2449401043328119,17.199170299211236,-0.20064289884267236
9.82421875,0.49092429574000623,-1.0608387208973273,2.181034560403115,31.798213045169256,0.18432385999261663
9.828125,-2.8539659597059086,0.5787352333326574,8.189824884448864,7.760254704729953,0.44463439808575217
9.83203125,1.4052070393713048,-3.2422751033650306,3.932116321452088,-5.3261959734352935,-0.48493291260044535
9.8359375,-1.7247666573476146,3.401173951749753,-1.5117487175038473,5.983501262023873,0.2154711188001526
9.83984375,-5.244664534413758,2.371874401607203,9.510340725807081,-30.785198441053918,0.11050988387988556
9.84375,2.7313858759312515,6.456114503216504,-0.3412196772707201,19.33150481437308,0.40494330373171633
9.84765625,1.4052941414974733,1.1814617070087863,-3.253430055256442,-21.17961189210772,-0.11015432490930473
9.8515625,-2.067732248842167,3.0745509808904816,2.930526988158588,-7.576170674403305,-0.5327685649013586
9.85546875,2.832655969751177,0.44750388568190225,2.6945990553103902,-3.730717687219961,-0.6254854788482607
9.859375,-3.1127353346405644,-2.1171295316249648,-2.4696468024422837,28.224444123589404,-0.10300230612112674
9.86328125,8.247272991287765,-3.27323885405768,-4.9990763774447675,7.91177451407056,0.20861689390148985
9.8671875,-2.9883207920257697,5.613078830831329,-0.8579759824669464,26.97992248760564,0.27110016900611156
9.87109375,-2.8201809250967376,-1.4076850053484007,-2.3331152518818667,-10.384155291736539,0.6487474278746956
9.875,3.733744576968452,-0.2336133426926654,-3.255870246411738,20.609657397851713,-0.09062742836771594
9.87890625,3.724851777523632,-6.586492410353685,-8.163211353287144,24.474763310792365,-1.0125700744321133
9.8828125,4.422500999778107,-4.610513287295767,-5.58282781577271,-26.972659288274173,0.9155443550854541
9.88671875,-3.584411203350061,-0.56967612026885,-9.392074619311229,0.3539533825539528,0.13194522672693385
9.890625,5.452961209839519,-0.5343149551322167,-1.692542251677347,2.3554493963251772,-1.5199853323432204
9.89453125,-2.780122533496504,4.99998105994451,-7.6810255952230575,-45.32360377460827,0.05905477420993107
9.8984375,7.048579795034487,-4.870361147197629,-1.3275229149379388,3.999546089544152,-0.07835773829568574
9.90234375,-3.589045225292591,5.641797786905853,-12.697299038476615,-28.0845727631252,-0.10437966708953057
9.90625,-6.491002086611762,1.2284853560696165,-1.4758984501496695,-1.927624685365505,0.6715376087043262
9.91015625,-4.126658138822315,-0.5166827840133186,-1.986912373106872,-3.2780972380381845,1.2298505643711681
9.9140625,-0.055919581827118134,1.2224489097036588,-0.15788584259279959,16.4294238751444,0.023442405365953156
9.91796875,1.9752599161981634,2.8568073668788947,-4.572599884532907,0.13560696908611902,-0.6163862557470955
9.921875,-4.647088977047148,1.946030188310699,-3.553964512914619,28.85567457042552,0.25343053278067407
9.92578125,-3.0248527075662146,2.382835730166539,6.143804482180306,4.571552891042468,0.33885225863318524
9.9296875,1.0641632093552482,0.5230286893291307,-0.01730681662155442,-15.11417980842842,0.19609357265551344
9.93359375,7.329887998462584,3.4964504944204116,-2.182775661725647,-1.9621924161053257,-0.29651107960011464
9.9375,1.1161550121848172,1.8910052632668946,3.084065249500918,-17.378911140411095,-0.5146336001183855
9.94140625,-1.7426829210690362,-1.243886788929024,1.2996354868688664,-27.148586644534394,-0.584853862331827
9.9453125,1.3316811485507396,2.1191824067582514,-0.6863037563318635,-11.315199519613435,0.5927799101143646
9.94921875,-1.3795059204761606,-2.0240591799750773,-9.572548101951995,-11.996992457916324,0.06710364704134389
9.953125,5.49727356263944,4.451095492077723,3.6815860533857276,14.01800497124269,0.29988145758796453
9.95703125,5.625967935674406,-6.3628797839510485,-1.8153267654394847,9.865264476700862,0.4812343423780214
9.9609375,1.5259178283405304,-1.408979394103196,5.9520343005958205,5.7418978166142765,-0.05921736961273
9.96484375,1.5312238791607011,-3.797068291739449,-4.754351331728144,5.130186091482113,0.11708755265481538
9.96875,-1.0847226769693379,1.2170861925458405,-8.29507266777491,4.024570378109004,-0.3787732590323846
9.97265625,-0.1852975208229022,-3.2224594042321275,1.4815735416662577,-3.745111378015771,0.2984226760655472
9.9765625,-3.9960776758190812,-0.7902135857028494,-11.80262787412307,9.168623541983191,-0.13657761219406686
9.98046875,8.121338675921855,4.728311573201245,-6.056407640054473,-4.355940250678427,-0.48882749044287865
9.984375,0.11267227636217879,1.0807350274418939,6.2285455034713655,-27.721082373201774,0.4487980247698647
9.98828125,-4.888933832684123,3.523549417660205,4.3521830542613085,-10.7568248972146,0.44287747364751967
9.9921875,1.8651123286512326,0.7646500564459024,2.9888879520753244,-6.957606992967786,-0.24415602189175178
9.99609375,5.317147269528147,-0.36295896442299114,-4.583210851591723,-15.377758091245358,-0.17978677902180787
10.0,-0.49041577611842735,5.720254420932549,9.465236983034663,-29.758240395165135,0.7289490855440206
10.00390625,-1.4781325648019887,0.8506109912403832,-0.9238661028431883,18.126402557384484,1.165182503469291
10.0078125,4.063929854065717,1.1465501637671338,0.6290508439467738,6.953230778152948,0.4292606397845893
10.01171875,2.2778623957076856,0.0565791514063437,5.524584621829444,18.792168793637916,0.07479052518260149
10.015625,0.50053608760007,-2.5512453124750882,3.5435676702307033,18.3494149629856,0.12473858943637417
10.01953125,4.00872080814648,-1.9498199139267007,4.945268488935643,26.49086255496296,0.4127317399464281
10.0234375,2.106841766025591,-1.1513582404809575,-1.0339469798609526,-3.2967332445976316,-0.26081268984596523
10.02734375,5.680972765876649,2.9727232548893108,-3.5650738201913885,6.634712936957413,0.16960194897247616
10.03125,-0.7038722584983408,-0.23579505790074592,-0.1309220358876857,-8.702428674405699,0.6951184525551524
10.03515625,-2.640444776563024,-5.601580094952373,-0.7041658262098149,-8.728549937437556,0.21163877524394983
10.0390625,-5.158620369636173,-1.1191946628710185,4.169959753920839,10.031676306225762,0.3021437453063814
10.04296875,4.250920621935838,1.7715914832972572,-6.708173431921799,-5.234866766788284,-0.45342092872893797
10.046875,-5.107475218970112,2.2393361729337213,-0.4356604965164834,-14.73296553795878,-0.37606075050989385
10.05078125,0.6763622776889189,-0.15589716660743075,-0.8478326504649625,-9.136437563407366,-0.17998793920944287
10.0546875,-4.971278601708025,1.5490539785831903,-6.812301716856431,27.999954187261796,0.11128816497030214
10.05859375,2.746417764427013,-0.6775623947633078,-5.64682926273814,0.023237850250849235,0.35975164175442365
10.0625,-3.9866479843334837,-0.7626304374017687,2.5164257846645635,39.60468543900241,0.06342685748414127
10.06640625,2.065870017336655,-2.8780428507214197,-5.238033660115844,8.414403816585548,-0.42771713127223543
10.0703125,1.4456562588809965,-5.33947291601407,-6.4243156685872265,9.676011527983633,-0.7263301991278928
10.07421875,6.293689245376241,3.1089810062808705,-0.041473731402869696,17.565869104125774,-0.1834688366470249
10.078125,-0.11975550092231181,1.3942684050974172,-9.473796763995326,-20.51035218522069,-0.3216316901071812
10.08203125,2.916795708018984,-0.08784487879574099,-0.8989620520908115,-14.246640607776785,0.2893581947561345
10.0859375,-3.897627409597485,-1.7304398104693814,-5.064746984414153,9.783675824594145,0.6632540529926595
10.08984375,10.154948562133711,0.7192847752455517,0.7085075287955117,17.25514742714626,-0.2251999235946569
10.09375,-7.184261593013597,2.0492952680967367,5.777316396269839,6.348568109294661,0.3092725283212393
10.09765625,-2.9676972616661645,-2.037736425469553,5.307704944025357,29.230693425395494,-0.22608519098187532
10.1015625,-3.572485584515257,5.681088834665762,4.629580005480957,-16.689529019635383,-0.1388026365592757
10.10546875,-7.28798437164056,-1.4627817191646086,-0.3556002809088583,1.2242369614044222,-0.6178960196745821
10.109375,-1.1024167018594502,1.3183477063706102,2.4596995016399132,-2.8837340760883325,-0.4858271180923855
10.11328125,5.452678854628854,-1.9896014078195137,5.642162473248465,2.044590098018565,-0.8425384940222282
10.1171875,0.5398087405974046,5.3694830000356095,6.299368307666399,19.451087818671372,0.5726399353923425
10.12109375,1.2682485219297646,0.7457943193666096,2.2157427054805163,-15.033073530810881,0.1562647019750312
10.125,0.9768138787951989,2.9276972650557074,11.970108161062827,-16.88818681582935,0.1449785523663268
10.12890625,0.18251529000351882,-0.9679149859819149,-3.501364593091659,-21.89523613763145,0.15600982089156926
10.1328125,4.027100257592401,-1.76429373008808,3.2859016791177718,-6.227501158726014,-1.0516954836760573
10.13671875,-0.544359628230219,-1.9922282535463358,1.4110993525798226,11.233642442734688,-0.9573201782429885
10.140625,-2.8236234651918433,-0.3255575854986666,1.612023508095243,-8.105048991625907,1.144226950024283
10.14453125,-3.3814905065381358,5.602177413279663,-3.9954383617205567,7.230299895873463,-0.5555181704830034
10.1484375,1.7275997178103,1.2607410240998291,-10.800806965780934,38.66080873372353,0.8709965943521778
10.15234375,4.686092642690514,-4.877438249300994,-7.757603575747947,26.381017967797924,0.002264327976097611
10.15625,1.7603739727080223,-1.2301432728106252,-5.006494198968125,27.60219751854374,-0.24273028310282874
10.16015625,-1.4055578988865953,1.1329541832150447,-8.810738158638774,31.843388849722476,0.7635990059468425
10.1640625,-3.0307844778606476,-1.7889372714597491,2.391553328898519,-28.3500308899632,0.16033342608767795
10.16796875,-0.704186283146487,-0.3490047730488653,-1.12837569642306,-15.960893167143215,-0.5632239664833492
10.171875,1.5533755363571242,-1.6321656370104547,2.766085816603982,-18.756181202365156,-1.5976769480060231
10.17578125,1.6687820155648607,-2.8874387145336704,-0.3040661525987822,-13.125266313546737,-0.0531575572113407
10.1796875,-13.596104983942732,4.559693264539519,1.143363833278118,6.535117590543651,0.1302695622811624
10.18359375,0.6006396228761494,-1.156146278053346,0.4217302867262966,17.31889770693724,0.005348075792635001
10.1875,0.2979659038501432,1.371226637360822,-1.4831876274905587,11.953537304551784,0.6263581451296871
10.19140625,0.4696874680288557,-0.3116162408972703,-0.8749827192819657,22.79783679256566,-0.3357485911831603
10.1953125,-0.3282247839012858,4.24792767199518,4.983887583759014,11.469760736189455,-0.30118499302741264
10.19921875,-7.453807137715509,2.9313322828690564,7.927396075504861,27.476537026578466,0.13990962860612915
10.203125,0.18503522036095763,5.7597548907056115,-2.2699847059997404,9.478074174554887,0.316139968320414
10.20703125,-4.819689236516848,-0.7256640758327575,4.924545440087239,-12.195015658872048,0.6065018894402884
10.2109375,-3.9215900695982655,-3.99329104442182,1.933575347314803,-5.171293313853066,-0.2085906147907855
10.21484375,-1.8753681308598744,-1.9920414227508219,4.174857551725777,-37.060843866910716,-0.39897919014327154
10.21875,-0.9728443088828337,3.6867160111574266,-1.6682424154828832,-9.723976543783028,0.32768373573373377
10.22265625,-2.0916670329885956,3.0079180118929343,2.586848445593051,-0.0857997990743602,0.3716125781495528
10.2265625,0.6555220070164302,0.39431255969860585,3.6994470766761003,9.512241339255743,0.65874243468357
10.23046875,-0.8578874336285858,-3.2777840025550247,0.8119172320259552,7.131381912018023,0.705344028091193
10.234375,-1.539488690496662,-0.6976166147488797,-4.629146473037105,28.87386514938814,0.8189549436462441
10.23828125,-1.1529369172382165,-2.3999464279432536,-7.14767337088227,16.493362187212767,-0.28645606234841176
10.2421875,-3.3610691916903033,1.6410443451412708,-0.5294761475937575,6.575936080918085,0.020136898001808703
10.24609375,-3.699835891524526,-0.2421282018449844,-2.244427632363072,10.56511207897487,-0.007032830394084644
10.25,-3.278523622489913,-2.3719412340226724,-6.447406929643734,27.452267239412194,0.33180332375303395
10.25390625,-1.199245046443812,0.3906402518049915,-6.914680036581,-15.683955493813578,-1.5366001579184516
10.2578125,2.3787466076822947,-3.5025210506506514,-3.1949265748448186,-14.417234668693881,-1.2191628610383733
10.26171875,-2.8457465562278976,-3.4673283259269327,-1.8548642274361615,18.203280323731043,-0.06869997455562152
10.265625,2.6817039496552106,-0.7190983529604468,-2.5607439375216057,-15.43489309314492,-0.07487880189758728
10.26953125,-2.5369241347257607,3.9159150374367178,3.6413639109873395,-5.14463849614394,1.1453309031189405
10.2734375,-0.7341239215777868,-4.174284192543155,1.4985762343097844,3.836332412128312,0.46300407054879106
10.27734375,4.343174007364911,4.8285118316652635,6.042822425446623,25.173797417103735,-0.145887217356834
10.28125,-2.340598768972822,3.978104960573317,0.18887449562604974,-8.342702776751821,-0.00036374917470305656
10.28515625,1.90058981643556,-4.682194488426777,1.715140939730423,20.50536617841029,-0.09390159876000577
10.2890625,-4.7790240612374495,3.233566007354944,6.521238754778771,-21.074387427949123,-0.09296968865674674
10.29296875,-2.8590788294944716,2.9804219139517074,1.9814702350714097,15.00709375494138,0.15279388717642228
10.296875,3.302759756788687,-2.0768090567029307,-1.936580828292564,-7.470776299291458,-1.2098877252846993
10.30078125,-2.7469440473902638,-7.257587402583325,3.7189263871083824,2.4078991756007486,0.24659578024735435
10.3046875,2.6566225978958102,-1.3780727519164726,-1.47471782970227,-13.123840382208009,-0.26002048156196944
10.30859375,4.485438559991274,-0.6158316674822885,-0.13765007417584063,10.291881414287012,0.2863671685159831
10.3125,-6.79582257035656,2.37413596514529,-0.47362160476433113,-2.251097598259654,0.0821926821264048
10.31640625,8.94655117490981,0.38246104419639915,1.6925843111052716,-11.462145768192958,0.012464779402786813
10.3203125,-1.853105269861508,-1.3417015171440534,-4.872483362981564,0.40806019290415474,-0.26443939600320276
10.32421875,-3.5896801790421042,-5.183332756112624,-0.8212293075291658,39.345492760231195,0.09474250058656883
10.328125,-1.7141106012428866,-2.4351966275540846,-11.191161360975803,-0.8306827572525464,-0.22439714592614635
10.33203125,-4.628439506086716,-1.480035229447234,3.4902525112024607,6.097147024539772,-0.33394566998187747
10.3359375,0.7793977925930542,-1.192728797429988,-7.93317063209325,17.714769791133623,-0.3047740122370074
10.33984375,-6.518124346909195,-3.6713993884518716,4.357918163940036,39.99480409923085,0.6617471663627926
10.34375,2.216616957447633,-0.5460837062152735,-8.478718047005884,-0.715156724536266,0.22114025295981143
10.34765625,-1.8820325258805017,-1.7940988964992834,3.7282862217937742,-8.661696357266104,-0.03889713495466
10.3515625,1.017412140434556,-3.0307473041756126,-1.7392693255990985,-15.531068064551373,0.06409612935066335
10.35546875,-0.1168423551937384,-0.30438474102802593,4.906700209775801,-6.429251659355949,0.2348354440357581
10.359375,0.7261665149581564,6.20835353722204,-0.9028458299156673,11.525151447071739,-0.14847538792425083
10.36328125,-6.480075748626422,0.28773424839768535,-0.596105439083327,51.18871702102078,-0.23444207302799527
10.3671875,-7.587149584165823,4.489536984049462,3.0185763279839706,18.727653830370667,1.0835174315845377
10.37109375,-2.195728664330349,0.9642524241444149,7.316521093722471,45.064663156860526,-0.8183958693773857
10.375,6.065661623693805,1.527217139414418,1.1529221746289005,20.951183773768022,-0.09753071451875646
10.37890625,-0.6454044493368233,-4.403389521991244,2.1441718332898008,39.258610959658434,0.22378216670948023
10.3828125,-2.319768879787235,-2.9900157472335636,-0.4505978075166768,23.102497201008354,-1.1746166094947077
10.38671875,2.127702837617899,2.34261787459011,4.182231343557326,10.168209616028257,0.06991261652864493
10.390625,4.658627105314389,-4.188167581222393,-0.5527395465465759,-11.346772160071204,0.2792632500088656
10.39453125,1.8516716062000702,-8.677366029684565,4.410030685988061,-45.670518560726585,0.1839238557462668
10.3984375,6.396084698769141,-5.405715089535372,0.889158374136306,-20.14717390160881,-0.008438776718678926
10.40234375,-1.642944454825501,-1.8986061317782217,-1.9149976656470487,-52.05723161470573,0.30443346573764246
10.40625,-1.9941896992621249,-7.381773857339006,-1.0391267139003377,-24.60041576524906,-0.5645832453924792
10.41015625,6.011828317450652,-6.92091387104888,2.022513320073494,-22.53819140046134,-0.26314898575442264
10.4140625,-1.5513497076943052,4.236443768196265,2.201541887016199,13.571885900250928,0.19770320490136506
10.41796875,-0.5768713389189773,1.79833776772971,1.2646466230727076,5.582024080969787,1.1148117041769483
10.421875,-1.3661440318978042,0.5676967048061342,1.406016282121218,12.745802315743981,-0.3955358789645992
10.42578125,-4.172854617160755,4.054002507707862,-5.391642914749513,13.067194693580742,-0.12385203333314486
10.4296875,-0.11513825634558793,1.4599203031178538,5.253013473447496,9.46877758261368,-1.0508125829130552
10.43359375,2.4872094675272174,-0.34622615352081654,-3.601768047390493,3.7729545930934045,-0.5012327254734167
10.4375,-1.8258794564446987,1.142127966761914,-9.875985661082177,-35.94688467703432,-0.1713973769960305
10.44140625,4.157260001915672,-2.3291963560827442,-1.5344047737963178,-19.208767147387736,-0.21576338815292365
10.4453125,1.802172867352688,0.7779292528672217,-1.5810361177212002,-36.1564005683548,0.9579780277545114
10.44921875,-3.7455151968918172,-4.823687145049066,1.2724006629947038,-7.7142067132981404,0.19324070565987994
10.453125,-5.406763672821883,-0.40449770210821073,2.7716245008599034,-11.81701983805594,-0.43077580096513574
10.45703125,1.617860533764848,2.6748851257040798,-0.767672076902736,30.886281784542557,0.08454721406442287
10.4609375,2.1003677757846293,1.3398079094460564,1.1289796230918259,-25.81581885852185,0.23520709499099715
10.46484375,-2.46666574846614,8.029345373586944,-5.483047936440276,-1.1763530727467089,0.1819485555699777
10.46875,-1.7651003942280274,-1.0859572298483928,-0.22412884300980407,36.872595273645075,-0.6518522761767502
10.47265625,-9.669639516402999,5.475019469200509,8.017688770739337,7.5892523729628065,0.6278680814184132
10.4765625,5.889462166245274,-0.31571715676373535,9.642213056910773,11.538861643237546,0.9898633457965283
10.48046875,-2.086220799772864,4.108532804574529,-3.016704609795092,-17.177486807415185,-0.028396428989215496
10.484375,2.856881954574663,-3.800912644196939,7.41726013454579,-22.957551108215704,0.491879349832917
10.48828125,-3.9844098509839387,0.14260571196794597,2.2154007128502506,-2.746141444000914,0.4943825821969125
10.4921875,2.2005912505690475,-1.0154710346922233,-1.8063026732728256,-6.659309234163516,-0.6145418836962225
10.49609375,-2.5083760789864478,1.210022165380138,6.183971132602503,-7.619886979660033,0.7132483578634692
10.5,2.403521409349195,0.03204821655864719,-7.300074477523913,-0.8251820667173426,-0.4243318795118891
10.50390625,8.95650819029378,3.481266898664071,0.5882164216772707,0.017336493909533957,-0.2765450801316885
10.5078125,6.2456699796299615,0.9528586261563259,-1.8579073649662567,8.211324404123857,0.30866708868326137
10.51171875,-0.5869204071922764,6.198562054550374,-6.263156464182451,24.181572877422305,-0.3838302882041603
10.515625,-1.9716695911085846,-1.5516353455995688,-3.380128150591638,12.08149588813245,-0.4453587053723119
10.51953125,-5.055166727123843,3.9328349252638333,2.2952690898621255,8.372564821405467,-0.9046509497701724
10.5234375,-5.1384278768525755,0.8586693607221201,-7.668956975145602,9.578943046842058,0.990188182106537
10.52734375,0.9304027221930375,0.7019580693465495,-9.158071574813423,13.192896458687809,-0.7568273957111482
10.53125,-3.837814973446772,-6.121440047735653,-8.490037055818853,-10.369031813351505,0.005225179820119805
10.53515625,-0.7578905490650086,-5.544580300642457,0.8442188850273729,-6.765800719866878,0.009091583356185536
10.5390625,-2.9466723065151155,-0.47441072572501586,-6.643890033864841,-22.825285388685586,0.047745347830377954
10.54296875,0.2052030383137548,0.002436264286791156,-4.479158749852106,-4.611373233008815,-0.7789097344830048
10.546875,4.237107711312903,-2.4322618950394697,7.96502943319521,-7.314942902559677,-0.10890165186902487
10.55078125,-5.325459694969196,-3.177033123945786,0.6761243700937756,-4.293167799156857,0.49019014806085537
10.5546875,1.9437989221281076,0.5043089496092042,4.796079324394472,5.478809377001573,-0.604401953728906
10.55859375,-4.3586922641875665,3.5784379228605543,-2.806522801574785,23.654507513142526,0.1714570579697407
10.5625,4.464287609867296,0.7949370019353351,3.366517011136949,13.86489644506495,-0.7445809084297781
10.56640625,3.0143561184667824,2.6629641396249717,4.220470845606689,14.86205579331886,0.610535778786572
10.5703125,1.9233817232887913,3.4064512829575575,5.768194372455216,-6.0129496280112145,0.10134593542176776
10.57421875,-0.5352566068493807,4.322217466747268,-2.277895253397487,11.904362156047307,-0.9483475975567648
10.578125,1.8478263641260635,2.8065902568916634,2.205423740138353,11.681520777362802,0.14563214845567693
10.58203125,2.600113723801284,2.0591961082352976,2.9805921197743124,-36.418240236030016,-0.1137327170944394
10.5859375,-7.3436887807264535,4.329678647598188,-0.25393818812355673,-15.349571132690262,-1.0283430929225594
10.58984375,4.93814825251852,-4.078254876166486,2.827730685336726,-20.896312375526836,0.045207955034824554
10.59375,3.259497250510561,7.182484048397429,0.8977344238601024,14.889243169698226,0.09537062820446886
10.59765625,1.3585527699749553,6.853073945617448,-4.805232394543,-3.5815606667609146,0.0029206437438438464
10.6015625,-1.7096293116948984,2.0913422138122035,-0.9901015181356088,16.953430875763434,0.05120857303669877
10.60546875,-7.078746586114199,-1.8177630961172038,3.416478830719453,-14.209580312110084,0.6272704483926219
10.609375,-0.9854834503768104,-1.8494460847488785,-2.6993069222041286,15.992386223373892,0.04277594049250708
10.61328125,2.7294744455819844,-4.792255851594746,-6.354736214182761,-14.916413028876608,0.15544711009976805
10.6171875,-0.6579730577383689,-4.5706124944442,-5.465647836151469,-13.889606768491099,-0.1441028460732751
10.62109375,0.4362606299015984,-5.326479837115379,-7.019807843842447,-5.381262082528966,0.5551068240411786
10.625,-0.6594566847348923,2.386665366354279,-2.303041943709336,-28.719642801114386,-0.6276839161627076
10.62890625,-2.351621040335247,-3.9777098218798876,2.0598627743672386,-8.308854732817686,0.7386016984682561
10.6328125,-4.032512731843088,-2.4604045072935508,-6.3915843536630605,-9.45163962482195,1.3873371225692919
10.63671875,1.1858259789063872,2.534376445780337,-7.794971321589793,7.98726665320932,0.5446569354686494
10.640625,1.829622804502334,5.709971148555865,-1.7304851503580687,-4.333239421731934,-0.3910154946038023
10.64453125,-3.0201310209032965,-1.9654014613997521,2.6280028019352244,-10.959003571862343,0.06311909399203824
10.6484375,2.209352472591941,-1.3468336954053899,4.603450198820925,27.8304504066547,0.04647868189332174
10.65234375,2.9573222351141957,1.1361871943598052,5.420714489168011,-8.185761251639052,-0.5800446581245792
10.65625,-0.7087990399786376,-2.092238601243563,9.344065083597403,-29.760304732017936,0.36429281787535545
10.66015625,-0.5668021271713322,-1.230520567029688,6.003792740041973,7.005574833228443,-0.7573712905029452
10.6640625,5.102131986419925,-2.362405267993347,-4.897567866764501,-16.278333152098767,0.7942053591539319
10.66796875,2.3709092543773216,-1.889479324210927,-1.561661794061357,3.292829566210818,-0.10616990911526214
10.671875,1.844165324092241,-7.817839782545866,5.922100968554199,-4.578439249547904,0.748679962509749
10.67578125,-7.747702233247697,-1.0922629215535309,-2.098048188101115,-17.993579461606483,-0.011117971400604864
10.6796875,-0.2039176255973455,2.808978669003112,-0.16733865360486,-38.54269172742437,0.5214525903013874
10.68359375,-1.5439679063166256,-5.340518119965892,0.16735114671353662,-8.78205147489934,0.12891366239189964
10.6875,-5.268406795591175,-2.8655649925640496,10.138052700175825,9.176917961353658,0.8216197707184176
10.69140625,0.3280136483227908,-0.3596700358384131,-1.4905585406101618,-16.430330650762492,0.6451868089429469
10.6953125,1.1208473054210373,-0.29093561005626234,-6.119624015021766,4.276044048222593,0.5233371057063697
10.69921875,2.315886065820152,1.7488562601798694,-0.7934051011105256,23.287504454219288,0.12470820823212857
10.703125,1.2343306849626687,2.2904706470650744,-9.614978302334617,-24.858677304273996,0.6185280446909872
10.70703125,2.5261042770359086,2.5687418406800773,-3.1490120951342044,-11.525296971033477,0.21529037270059298
10.7109375,0.8146894965280413,-6.57472762069673,3.2747311194135644,-13.227737805214964,0.33030171159016203
10.71484375,-0.1400832932925514,-0.9582883852355979,0.8488852358631132,5.733124424405876,-0.6655865387370852
10.71875,2.5795086947781884,-5.164105872089514,-8.402248795675193,-8.8300278681731,0.5499410374239142
10.72265625,0.3872377081800894,1.7668846016367135,-2.534911684793985,3.3551438053223013,-0.6931698003366289
10.7265625,-4.996956549268415,-5.518474351997863,-0.02404631508097932,1.2098807860299576,0.08502494097413799
10.73046875,-8.491353220999615,-0.3576566536540896,6.5601081035720235,21.24357689501917,0.5319710523426724
10.734375,0.6760265472628395,-0.6339131961046859,-3.8311858910120367,22.17402346594573,0.18526596933862194
10.73828125,4.8390442360029,-1.4361571683140282,4.579008066364039,22.418288498189064,-0.11880228429283786
10.7421875,5.552423365830973,-4.363037365664831,-3.3871209087901057,5.1684401761116625,0.007966578940596642
10.74609375,1.351813667748608,0.2585430004051599,6.55948641479675,-20.141983995168466,0.7548326516891727
10.75,3.0140883509534797,3.7493962728207553,4.526667156121254,6.828107626871198,0.22675882297556355
10.75390625,-6.910280347149302,4.412175874476366,1.211053810109111,26.86037929348028,0.5353769530211503
10.7578125,-0.685058660905875,1.4369487848411722,-1.7390425147826711,0.25188835242100716,0.7101384734751233
10.76171875,-0.5808637866867068,-1.156064425626078,0.13627232177425608,-14.488962027985481,0.676045207633925
10.765625,0.5809598250714358,-3.0910288368031775,-0.26363829588917964,-16.588491483151667,1.299370885146361
10.76953125,-1.8303882372333842,-0.6155691578441399,6.358942655225389,-21.637973647515313,-0.47866907076308823
10.7734375,-1.7279694651819602,-0.11429433880887077,0.7453978138190916,-11.734477573913967,0.11344503233399357
10.77734375,-2.1847330303567456,-0.21259876300841074,1.0448424958237963,-2.7610573655556614,0.5177562542201276
10.78125,-6.251872353650017,-4.321308407188881,-2.863135532125626,21.436551676147158,0.21324925901964087
10.78515625,2.216648618522639,-2.3900266699848918,-2.4434352785141273,13.113082088972682,0.20938794100284375
10.7890625,6.863189935122583,-1.8994908010073281,-0.019743091252232947,20.276845247623537,0.5668513219656816
10.79296875,2.5346667557725966,0.29428270075892043,-7.76056125172298,31.02863137504837,-0.06171349343620922
10.796875,1.5524131200146873,3.698751548345095,-11.520312627303953,4.428200543111163,0.07369852755394644
10.80078125,-12.22368536088373,5.630637052586088,-2.3477598395179626,7.248128172860845,-0.8290649293374174
10.8046875,1.9005226322632707,-2.961221617519259,-2.6290701997608554,-24.249094382907693,0.824350832794884
10.80859375,-0.5001527540059438,-0.23035522726679014,-2.7986952522637676,-48.60435659023088,0.08203044188908379
10.8125,-2.6077742719268437,-6.9411400173200875,-0.5123856104818015,-27.89196668896954,-0.932125537907398
10.81640625,0.43921469471151475,-5.800978858659796,-7.6963269494715005,-4.946916796573759,0.21620242022258318
10.8203125,-1.115809164929756,-1.0322962548832204,2.575181028082486,14.766188190175939,0.5601075879540711
10.82421875,2.9089746759991186,-1.7146448658608469,-2.528738373032971,1.8425144666052642,0.5144231565177287
10.828125,-3.8703895404409066,-3.451291110146555,-0.6830842700880542,0.14248796443557943,-0.057188340814417093
10.83203125,-2.213574717373698,4.71805110195047,-3.885001868237949,36.33171661164589,-0.07383468082589005
10.8359375,-1.5075340446677719,-0.79258743739873,-0.4921996399620179,-12.18717721093477,-0.9296584811499929
10.83984375,-8.211306081531921,-3.180093123263398,2.8107015663808728,10.721064108979757,-0.6774644590351565
10.84375,-4.104240949381698,-4.909843021923087,5.471852079271256,-32.759048754142846,0.024541113930870214
10.84765625,-3.911423247049847,-3.5070804481181277,5.029525348537798,-21.895676157126545,0.1289500703056657
10.8515625,6.040068284364554,4.183450283517244,5.4715282245189645,-11.16007219205498,0.54943721448583
10.85546875,2.4304246528544424,-0.6445827578581012,0.3530228074291899,-14.904995348162446,-0.007645999080134225
10.859375,0.7210797403461323,-0.21701718427696173,-2.3652407730584946,0.9549765724276646,-0.5473944645583404
10.86328125,-4.224678290681822,-4.923041205171548,-1.938564292418779,17.129805671072354,-0.058713362966213864
10.8671875,-3.486837844860819,-0.2584248532687284,1.967506125788879,-18.38908610488554,-0.11226025972872158
10.87109375,-4.693565715589345,-2.1312189593152935,-0.7807832604385504,19.999568308152394,1.0067876391777766
10.875,2.7394670302837665,1.4407147982449144,-1.5331082497564177,14.732382067990796,-0.11769187114100262
10.87890625,7.941486605606555,-2.5138089370617314,-4.434529924708096,7.272518077750218,-0.0744093330834795
10.8828125,6.25785800138568,1.2405637434325294,-6.508294924828042,32.604347167013714,0.3146231535865865
10.88671875,1.2065366961507562,-6.213746561473354,-4.394570633485254,0.5931002504980265,0.5023950447232851
10.890625,1.3483518663773035,-2.8459782881335958,-11.681571061355722,8.069485698112771,0.027903234919545963
10.89453125,-2.828790194723288,-4.816632876201098,-7.648282621564388,-30.99025048482607,0.5439412146374849
10.8984375,3.5985678338546836,2.6622345127033595,-5.392545765280444,-12.988582224933594,-0.8160187739215977
10.90234375,8.644143509863786,-2.695962200901117,2.86449425430693,-11.409394356595733,0.27730524758227504
10.90625,-7.329560985994925,2.020066698481216,-8.521428702539378,16.95365357602543,-0.05885183774499679
10.91015625,0.35701602065477445,-5.954401235716709,1.1998235854706016,22.485502146803242,0.4886324169961365
10.9140625,-6.15484150970163,-1.6875351254325113,-3.8588116359717173,12.872031016960477,-0.3323392597261823
10.91796875,-3.4314227201172596,-2.5269085923914947,-1.4762200320411187,34.68977964749346,0.7234245289416424
10.921875,4.719134323700839,-3.141162594252449,9.613916838887397,21.102639993320608,-1.2930461643166655
10.92578125,-1.0201568890740467,1.2388403010531663,1.8127868033194705,1.188868461641336,-0.6331694845886586
10.9296875,-0.738107965511162,-5.186244181690709,4.7770840606956195,7.450744443489132,-0.2763600454936859
10.93359375,4.684469353891938,2.782347576022602,6.243963738958836,-8.048262454489182,0.47084904332032007
10.9375,0.42384161871535414,5.121980884897227,2.6961346530134422,-11.332112917307478,0.6900055256408413
10.94140625,2.0783057467269814,-2.57439663285792,8.02370778579796,-31.483076902828074,0.001848530198194851
10.9453125,-6.146629122350346,-3.53705342557841,2.6831847388084307,-5.131330950683587,-0.638352686327531
10.94921875,-4.636166604541553,1.2401522410546402,-1.938058291275763,-15.762121383925944,0.09974664414863556
10.953125,-1.4248610089715914,-1.8301148630354127,-1.1319269991313334,-1.4719854068863931,-1.0480519425582977
10.95703125,-3.1305055095650993,5.976824924538615,4.1839149586451185,6.754692639710569,0.23799081831768434
10.9609375,5.022342296775822,0.8227137448571589,-1.0775848002069008,-1.7764883772436555,-0.2954338164741626
10.96484375,-6.946023984631355,0.2682558682107793,-4.476924374178098,-7.469985696689481,0.8492440964908031
10.96875,-2.4684272466704855,1.7294280312297476,-4.013957330575274,-0.7314851743530557,-0.21899612869268395
10.97265625,6.4306657708328485,2.72540812368312,-0.9693860699831542,-19.47568043622924,-0.2869194761388433
10.9765625,0.3117713225124009,-0.09444508091563342,0.47048418051170104,9.542292083216372,0.9766473195822911
10.98046875,-0.4694174059214949,-0.34901395157352366,-3.0290336940131324,-19.562464000889136,-0.5390326672451891
10.984375,-0.471878181126506,0.28356661942979394,-4.338163036859604,-12.583529499724486,-0.46579198000048094
10.98828125,4.330675435879099,2.5629227147451648,-0.781291044018446,-3.8547060644949624,-0.5026985863733681
10.9921875,8.893814730549614,4.345406988848892,-3.0147503831440203,18.099456137715535,-0.5645145400904902
10.99609375,1.2157811901025035,3.441245353700407,-2.886115018134682,-10.031745757592681,0.17397761764344444
11.0,3.892852836559319,-0.3153537398331766,-1.0583416978644118,0.92115801120209,0.6270715026151782
11.00390625,2.1751629931384935,-3.0160157811995894,-1.988547052920563,0.7983136921517522,0.9633178467804593
11.0078125,-3.909235566292372,-2.78894317413853,7.213305184411601,13.413925523056282,0.01694702059948816
11.01171875,-6.652423806519256,-3.580291803136313,-0.2490309594372726,12.474097829577522,0.12530344226496637
11.015625,1.8915448080948174,0.6175645800244564,4.174800468364254,5.980897902846301,0.38243449464800533
11.01953125,1.5486310603572861,-3.683013458214337,5.13662842360584,-3.96429920998468,0.19622713242370168
11.0234375,1.4201927306761875,2.61443979165058,2.1605349507166496,-4.85886566428744,0.3527357202854326
11.02734375,0.3834326652892215,-2.318696766270379,-1.0706382106062362,-1.5827096643576741,-0.10915062099389783
11.03125,0.7456480169448093,1.8834007910497668,-3.7039669953937544,-35.38915017230798,0.129956122376109
11.03515625,2.038910971183375,3.578833856500461,0.8210789327658587,4.42266582770616,0.5891343867869424
11.0390625,-4.255901307514549,3.022914985101857,1.7993941243478666,-11.976096279209447,0.5719860548394333
11.04296875,0.11112044068773726,0.6178096610671807,3.063898952683032,-6.300003082958118,0.5943633479923183
11.046875,4.773955873628544,-7.122274056753498,2.674678179945212,15.37601673750461,0.5276093261172748
11.05078125,0.1314178980323858,-4.019491153549825,-1.6995257326960878,30.091823813854226,0.7599362627549388
11.0546875,-1.0719886807843333,0.39722809889207544,5.941733373845224,10.01904748185204,-0.24033495993085544
11.05859375,4.132023579573333,0.7265472497136125,-5.490335049768377,21.98691018645244,0.047703862929057116
11.0625,-3.51014100914097,-0.8703815774282857,-2.5509958838417064,40.660906698257406,0.5433284491315132
11.06640625,-3.5375498088813,-0.2142646371800797,3.0915838085193963,11.167719479360828,0.002902875642716781
11.0703125,5.4727118314643155,0.25143240437588993,2.761078215294015,-20.43335215038522,0.19817567713097797
11.07421875,4.392741669004589,-5.937594439331398,-3.133206839244647,4.14782624986495,-0.31068663100397675
11.078125,1.1748094740212731,2.6372910691530063,-2.4801054290826974,-34.0977425867409,-0.31168261950488013
11.08203125,4.550457947487802,1.7256648359068298,2.7880915486063254,-34.38025592974936,0.09286900106892806
11.0859375,0.8742072764307591,1.660499764737758,1.0044954234057908,-38.265146361486174,-0.24222578465335395
11.08984375,4.012697471945895,-6.983890605703948,-1.832150000646267,1.7330430449737189,-0.42711820823511965
11.09375,-0.5405301677514011,4.549585086952217,-1.9646928033842208,33.7176419999047,-0.44530537434504475
11.09765625,-7.80770962100539,-2.5948054576615354,9.178366054483432,21.99562660772842,0.15774062998412253
11.1015625,1.6276507009902512,0.8003678706423543,7.50992087024599,22.039642138024707,-0.09126684296954524
11.10546875,-1.6843952142293694,-0.095755134473958,4.34822724340383,16.3498511405897,0.3077131780455526
11.109375,7.6614277447532695,0.026417702500264158,11.033154197565237,9.457051612941953,0.6115585391936043
11.11328125,1.0922059404452273,-2.1218234740027917,-0.8847402522721448,-23.634466319440058,-0.2308434224334126
11.1171875,0.8645738791856139,-0.38171695268827965,8.12384370878636,-13.58952460166883,-0.4792438270482723
11.12109375,-2.120256696158724,-5.701475528894262,-0.3562811344592367,-36.451958466104514,0.42527410960139556
11.125,1.6612007574936054,-5.167210720668475,9.78091090938086,3.227147457604687,0.7608339700250005
11.12890625,-4.792667858665248,2.543348826889872,-1.1623544441320417,2.670047130909424,-0.601347019656531
11.1328125,-5.122327042873766,-0.15133243212366418,-6.771934452379043,-25.208598300430225,-0.15048445583392123
11.13671875,-6.0345563043469665,3.045518137578971,6.520012660335067,33.42674416432335,-0.5714910832889035
11.140625,-4.38232873599703,2.380545488645314,-3.547661788345102,15.317356727369656,-0.05503144568378062
11.14453125,2.029621227074873,2.7502492245380963,0.814830306061856,19.98754245591591,-0.3004991492738394
11.1484375,0.08542369885052821,-2.3527567838404373,-4.5200341349152,-6.382896120007267,-0.16134251402493785
11.15234375,-8.581587531166607,-3.2428239659942184,-10.522993529770938,18.407993370973617,-0.18985403352601035
11.15625,-1.815929300606246,-1.3949657288224988,-3.4770695059058743,-15.239081481432468,-0.1823447284429297
11.16015625,3.6560851337729536,5.426250712509741,3.234355527240227,-2.427270104863575,-0.18435227441104463
11.1640625,2.414083536674415,5.447558360983254,0.09798632259691686,0.13548011069205224,0.150517011061526
11.16796875,10.861132636877647,-3.884007622404204,-2.058035332507317,-19.89261857868744,-0.38183574980865576
11.171875,-0.17806815723422578,-1.6462077351829874,-5.710383986377668,-19.267166637498494,-0.27418533550309954
11.17578125,-5.37460777130544,-2.135864295441749,-9.135516348842339,-23.117748541303342,-0.2945779791414693
11.1796875,-3.890082464248266,2.717602747723788,0.7605373023455422,-18.24549411024766,0.3265946656675721
11.18359375,2.057869683147278,0.13357603464431908,-0.3323048973528523,14.202246041559206,0.12772657308273203
11.1875,-2.530890814886593,1.8467408651629407,3.475571055548785,-12.401052177108772,0.625230244890356
11.19140625,6.442321647997533,-0.15216413736320303,2.3001858114855294,-0.2873943319141752,0.21034833433159988
11.1953125,-4.134884248382053,-0.7974839837588021,2.4866328959829596,23.639165869500133,0.7382160694221411
11.19921875,-2.2653166111479788,0.41347958925704975,10.020881750974091,21.11101976247063,-0.2650628380775765
11.203125,-1.3710903254994946,-3.8681419080859154,2.523342065808691,-1.0930779582926093,-0.21338915594227267
11.20703125,-0.8134747545875661,2.1321505136954935,6.421591206641397,-16.959094452164265,-0.17218339652620393
11.2109375,4.803813955974087,5.157150075318794,10.33737704703393,-16.396582078475866,0.7720433541049686
11.21484375,-2.0184903120836686,-1.7218556350605256,-4.185314121140604,4.587388156308153,-0.645190535427266
11.21875,-1.1505604990343234,0.9367696694917313,-2.8308760481903583,-22.00760134194612,0.16907838545770573
11.22265625,-5.778179611954612,1.2496851246632208,1.9802037803374355,-24.268262263221917,0.24123007569814717
11.2265625,5.4136137382793805,1.0258333967397624,-1.9338471188814823,11.973019977036662,-0.2941618280381602
11.23046875,-4.337556375397964,-0.3412491840778395,-6.615861015082407,28.751824936336092,-1.0160046541017358
11.234375,-1.8505277848186097,2.639851593101251,-4.353965009531414,29.125895133781295,0.00561985542127153
11.23828125,-1.5903030424911286,-1.6826407806441526,-3.4418244632089623,38.13365552287254,0.5523468702057875
11.2421875,2.314000596023352,-4.395497100275147,-7.719140575451133,5.175360275038856,-0.739323700139811
11.24609375,-2.510868924202396,-6.042444836749022,-11.21249635486852,16.575490877150507,-0.22985319526323839
11.25,0.11747827959430962,-3.8566991934660466,-4.521440674754581,-16.917350208162734,0.10281634685180095
11.25390625,-1.2110426404848487,1.7855061201341307,-0.3068385504580444,-42.59947292125429,-0.1689235477911672
11.2578125,6.789797916919737,2.008640398999482,1.2551783198376083,6.943096535411296,0.9524965172908955
11.26171875,1.7065406781731776,-0.7777120961025266,-1.6767819010809792,-40.570603325329515,1.0024675081795595
11.265625,5.291410931638191,-1.0840253913190603,-1.0940729397738367,2.1454336635810343,0.4233701127645699
11.26953125,1.8845780174853088,0.7415803252606602,-7.264498977158642,-3.5788058901956656,0.03455822077338551
11.2734375,-2.1420403017226,2.7155156745087234,-7.682693509654478,-7.451924978833619,-0.20529379182359794
11.27734375,3.4335288252301854,-3.701599896812241,-1.626849351329233,-5.133110175685427,0.5811276144567555
11.28125,3.4197318285477314,-3.8586320919234707,-0.78114468469794,-4.0449727607932715,0.12075341952107534
11.28515625,-2.742224417491414,-0.22524570644602054,0.3306171878599926,15.249186137686099,0.17591505892518738
11.2890625,2.614806052618542,3.6290850890315554,13.23648006777913,0.8879385489292311,0.5987051579296545
11.29296875,-0.8268158697972552,-0.2981326277515436,3.6759549622067245,30.212302946465407,-0.0689455876362367
11.296875,-0.6227346236530629,2.181676941422584,7.739257286050861,-2.475120819890412,-0.5658179102018179
11.30078125,1.0041256880532234,-1.6035328369963666,4.0799843887067775,-0.5875903495059163,0.07113597656861662
11.3046875,-5.275482642630666,-4.601240899958802,7.062148318950012,-9.22174231147712,-0.7094096561669176
11.30859375,3.618760736245576,-2.1742683317657914,-14.904374433991842,8.941341572828732,-0.6702186007394101
11.3125,1.2751605074155101,-1.7584875536058082,2.0074512865422216,-11.894522871825366,0.02560413346607856
11.31640625,-10.371770643253548,-5.266097696599095,1.6071369239633213,-31.398134033963455,-0.14019585374966925
11.3203125,-4.033809663093854,1.538777238847958,1.7529489535632725,-5.32856039920048,-0.6468734879297198
11.32421875,-1.1007173721912793,3.8351792610209507,-2.9179344927022837,5.1643814345215695,0.7748117544646983
11.328125,1.4017784594097444,6.0609930696843595,-1.9668829654467155,21.72299800966632,0.31315798050292026
11.33203125,7.754144951443541,0.48724766619568466,-1.0294253113604193,18.160191559085447,1.0888823794323153
11.3359375,-3.7187134969084306,3.941829856243086,-2.4969098029468246,11.016541336330505,-0.08724772539317247
11.33984375,-1.2137743355732262,-3.1219478165747887,-3.927336682074409,-9.375097358199936,-0.8075321275588804
11.34375,4.647021561759369,-0.6789689718631154,-5.343238521204492,-18.63447374343656,0.08436302829470399
11.34765625,7.573509592797911,1.479273908887556,1.9459150669342762,-15.468527237542535,0.6773316584559577
11.3515625,4.3912691586872645,0.5221811890567182,2.704650685593236,3.7681784297517655,-0.6774089102852399
11.35546875,7.242029605605133,1.4065778025099087,-3.6114405392394255,-18.357182631907012,0.30302823845831145
11.359375,0.3707443726351912,0.8747583820133044,-1.4138060651400117,-3.4932124126246435,0.13674984904777676
11.36328125,-0.33870270197717156,2.2381914407810686,2.473784428280419,-11.450677982263848,0.11045075332171966
11.3671875,4.951316106093801,1.598257150312023,6.748676582325612,-0.8761061494301599,0.40895643087883626
11.37109375,5.738179385622705,-0.511701546074032,7.752230346864459,4.942982661835804,-1.0786083476647004
11.375,-8.26743329204478,-0.39489319238110077,-5.65371085609895,32.442926109043405,1.0048617114615657
11.37890625,-5.276599630647283,-2.475996017478071,2.0894867300142446,22.89012223997277,-0.2117838482236629
11.3828125,-1.9977646337749175,0.9445328000557557,-4.955598994163102,0.12673514172711275,0.9047881236191987
11.38671875,3.2212084661778677,-2.605020587782752,4.219569561062236,-30.27586495523336,0.050859357987914765
11.390625,3.5607508734086832,-2.5579250510913605,-2.388141652580445,21.62989510731336,-0.33496453022983724
11.39453125,-2.746982300898047,-4.65043822828417,0.10228391801280923,-29.578838414294765,0.5237831407975294
11.3984375,-1.7543132717538212,0.4893492405246543,6.690411537819015,-9.625030776576706,1.010949427641046
11.40234375,-0.8741753839358757,-0.28541261252092576,-4.250713793569637,-26.892120151650527,0.4481701796194675
11.40625,-0.8575995660627812,4.550938668435188,-0.2966866748220742,-17.257905084948398,1.2054131661928489
11.41015625,8.663618843285347,1.9450027171422761,-0.8224622258325336,27.26366738158106,-0.3880539221880064
11.4140625,-10.006327713666659,-2.3660777304746,2.6713248060160257,18.62908607468797,-0.155725953232787
11.41796875,1.437514006134986,-1.3485092219217982,-4.176955806401575,27.65744431376818,-0.7743141348900372
11.421875,1.0091978823875445,3.781181743375721,0.7341230888037615,22.12708497372904,0.9706777203764024
11.42578125,-0.7600940125955726,3.6281748603096906,-0.38189287403758376,8.288194613328216,-0.36500400163892854
11.4296875,-0.4415096723808838,-1.1686569887335228,-0.2291456646016079,-10.705576314211296,0.8494135123734581
11.43359375,-1.296911252779173,0.7513780117389337,-5.840096143193871,-14.061063514986706,0.6708151189277389
11.4375,1.5465460821214176,-0.20705155554487634,-6.318990113606091,-9.01605837307719,-0.06530761828315067
11.44140625,-7.115573003668209,2.0535843966677345,-1.6089410425649988,-31.661627509875913,-0.1319904871223725
11.4453125,-0.872761141688417,-1.3612007976536886,0.06162355027436606,-28.893197192501937,0.30809960342005616
11.44921875,-0.7586797506807227,-2.3792070955574403,-2.7057767566771345,12.758553807818142,-0.14446335766491536
11.453125,0.2624723986932877,0.889536427882575,0.7473348209531028,16.353904877780266,0.38222122796100017
11.45703125,1.518073271285825,-1.6630554505872301,3.4906291084656114,-21.77238958739605,-0.15793365667645107
11.4609375,1.297852130175641,2.5758806543995476,-0.41883485862994396,18.81058780556993,-0.505662715335449
11.46484375,2.947845203081443,1.8290007517427938,2.82712414551536,14.325297854663656,0.5759330040310914
11.46875,-1.1340411159073265,-1.4772916430692353,8.241527776005592,8.792973050817821,-0.5774363634191246
11.47265625,-3.022965168805905,0.6820054244267526,2.6906587413281344,-10.046125084251365,-0.3387254097130063
11.4765625,-6.636798462309008,5.267817209902031,3.626758250820975,-5.829304810363645,1.0964607093014398
11.48046875,3.711627308819366,-0.10580930414597954,0.7740305531113036,10.485842971598771,-0.3445102056662549
11.484375,0.0872853127213818,2.0177559293590592,2.1209548440775934,-27.27007051410488,-0.10335644955025505
11.48828125,-1.0044524133979107,-1.4759254413726137,1.7455226086305982,-25.70654296823186,-0.39236702541180163
11.4921875,-3.651719333728424,-5.680461713349146,4.590127294980158,-32.8429422457996,0.28982288868026135
11.49609375,-6.604863061519685,0.5914175723199486,0.8317590386753839,-5.623001793602853,-0.34465958059899177
11.5,4.413496845335869,-1.8012765377526008,-1.57670049895523,11.931631412882714,-0.060064935909330805
11.50390625,-6.716564794441692,0.21752083003277958,4.313678826643616,11.432398572025189,-0.5851930835633674
11.5078125,5.4168115278899345,1.1496743480258123,-5.673643814838937,12.369054356376004,-0.7363231818946787
11.51171875,1.3240905661220803,-6.916879055545104,-3.474722630148359,-12.53317007535621,-0.1851351428497993
11.515625,3.584174687437729,-1.6796175320201843,4.959702481939736,9.346972717496035,0.007732568801383655
11.51953125,-2.400359801844885,0.044070239991584687,-4.070657924126036,9.795825462172,0.3145788424667652
11.5234375,-3.8582670955114025,-6.282157523665431,-1.9189125596707797,24.111253105582918,0.4971755447225071
11.52734375,4.310494980551609,1.2983843572570124,-5.080124727812057,-25.805377076775855,0.9588651322621249
11.53125,-1.700332535518281,-4.027115259710329,-0.0924169760922875,-10.827443944684187,-0.006846948954098174
11.53515625,6.079208567088037,-0.9533357311735033,-8.76558576668386,-29.45273433203309,-0.36172653025940876
11.5390625,-3.764115422260132,-1.3267123933983005,-4.187718786745207,2.771465440499915,-0.3439347055750826
11.54296875,-1.0876053856322976,-0.2615413115292229,-1.3784433700686913,11.073845472297965,-0.30888234967712164
11.546875,1.0062245685261424,-0.6851859580980062,-1.0420026844869517,43.56897411405903,-0.33061457698419877
11.55078125,-2.924916152400012,3.0834197781423787,1.3770308091795465,-15.813568368727513,-0.5970251962875416
11.5546875,-5.35953405037772,-2.0098560497435525,6.924889155426225,26.410941413464045,0.4232393166687285
11.55859375,-1.459986162024205,1.5903982040155535,3.4154185183430625,19.193414523989112,-0.007258686249700626
11.5625,-3.3668357335029646,-1.0326580356370516,0.7617518314083016,20.487289090103992,-0.162198773901214
11.56640625,1.7017055491332846,2.9593555039287254,-0.5670352977950723,-4.007581344934599,-0.21213660992660482
11.5703125,0.28681142305530166,4.850425987688459,1.0234485597548715,-17.904000548708225,-0.9649942201832447
11.57421875,-0.6375564815090166,-3.5486345365634637,0.07954658253209024,-3.5267350995215816,-0.20673123345022892
11.578125,-5.23743915356649,-0.5669948856346333,-3.928602598255075,-27.70449571512785,-0.8263263767374867
11.58203125,0.6235825778189675,-4.725999538049744,1.3809244992756213,-15.115331975416353,0.7633799214477299
11.5859375,-1.678460640307739,-5.343648241256591,3.990850103263853,-33.56041693163983,0.24404588990274298
11.58984375,8.301874210625908,-0.5747586636195032,1.6135440160240322,16.936972762116852,-0.8849001332637085
11.59375,-2.6246844425511715,-0.2789048462402206,1.2279423784201433,39.87830102800835,0.0904499538375217
11.59765625,0.8022631076628816,4.278019556064294,-1.6704799059078874,29.68024332121516,-0.5311548469732438
11.6015625,-1.8360505478424278,-2.681451498393571,2.2632932440461424,37.85735598134797,0.7948999830532594
11.60546875,-5.420659505971876,-4.048220895293548,-4.7014544220386565,23.275531512653664,-0.31956285733486456
11.609375,0.9215646670904687,2.5937569817722013,-3.135712388434542,-5.672793240726016,1.0757211836806138
11.61328125,-4.426211058579223,0.9774247099060702,-1.8922920682054956,2.2491505712144857,0.15843247191279325
11.6171875,-4.390958507307988,-2.763683651431987,2.4008358344458434,-14.86218441816533,0.2978872387469926
11.62109375,9.038567258137213,-5.908647717823632,-0.9359122674906761,16.915901497798274,0.4327572705544729
11.625,0.8402696289320433,-1.673994755641085,1.853290357641058,0.472662222470035,-0.443525038484308
11.62890625,-1.8196403771058431,3.0943317828179144,-6.398217913577136,-11.488160346743582,-0.5379974436040929
11.6328125,-1.1409940829001284,0.527620762111477,1.0982189432869935,-12.350754964784686,-0.09463623952856683
11.63671875,2.78518772094552,-1.7987217778674616,-2.2892458530856916,18.734305394229008,-1.0928676398206476
11.640625,-2.6043662826419722,-3.17371314522228,-3.4738941353854402,20.19557306348733,-1.3112420441809134
11.64453125,3.1436711666862016,1.924483358438138,1.600891124099658,14.903909387718953,-0.3065832268309989
11.6484375,1.7789397789512655,-0.0027551218136647685,1.5669789379891164,30.62717806915839,0.5738344880216507
11.65234375,3.1619244687882393,0.19717457361121138,2.896990861301611,6.156484808482885,0.2989662994118519
11.65625,-4.156243705278422,-0.34870690413937666,-0.636376799467254,13.63997114952344,-0.09055652454890675
11.66015625,-1.6533025135326336,5.815306157463995,1.7726297686144634,-3.678593492800741,0.7493131328043735
11.6640625,-3.7252363924248035,2.1855483049942146,-2.5328358446324297,5.126992644297053,-0.84091688360165
11.66796875,0.07019398443018242,-2.145954249929292,0.0885887370049816,-3.1847603927150008,-1.044595613905285
11.671875,-3.4810881181663547,-0.9020761718123139,-1.3927520850884079,-26.155264604968437,0.025017246495358178
11.67578125,1.651413355057508,3.48274130485523,0.31968595109723275,-14.005506194689413,0.165548849898154
11.6796875,-2.1083621478777133,-1.7236210686526992,5.836828088566183,-5.031305600793289,-0.40402896997300747
11.68359375,1.3720813342180276,2.4693917459130557,-8.212669594411624,4.489744684495456,1.0606935868564402
11.6875,0.12669502156596035,3.7250678099538312,-3.063736761458747,-1.5605836429282132,0.04523657539603334
11.69140625,-3.535504009806194,-0.45867268449925724,1.0926617650602175,7.098966239669406,0.4898257742749811
11.6953125,-4.795950158186069,5.11153279843257,-4.9502706575191135,40.77343126335748,0.055473547708929066
11.69921875,2.8372910632047637,-3.220203331923612,0.0029542964818083384,-3.890051102513807,-0.3070110281850682
11.703125,1.5105174645663875,2.8575299591140877,-9.336361589827794,5.581714116761968,0.738962240738525
11.70703125,6.095304014751371,0.578935895021336,-5.041982933075518,18.807613057562804,0.8615908036461292
11.7109375,5.482898282875131,-1.772964541701705,-3.8690743251236155,-12.941771949279445,0.6766101117223113
11.71484375,-0.6562183014194436,-2.347651357083562,-2.3454475917145263,-38.463630127059105,0.6675781613572518
11.71875,-1.5173461025754418,-3.881431473542423,-6.916492829574265,-3.5952606464794794,-0.28348043912842724
11.72265625,1.7806758502023567,-2.2517332425479326,-4.991757938539679,-10.49495714212338,-0.3226805016663067
11.7265625,-5.312239154270272,1.2161898617085565,-5.96291802567392,11.903056185111142,-0.4545827927725809
11.73046875,-2.0816137896714544,1.6670938694984905,9.005856006220483,11.43368018525834,1.143541847605698
11.734375,2.9161767169651847,-4.390807661547745,-1.526800385110606,33.78423832184748,0.10203611215360421
11.73828125,-2.4752360256689965,-0.8717891249218794,-1.4970298025492692,7.539860195075471,0.8575073226131618
11.7421875,-2.641106337644502,-0.16074402302907567,1.7762042383649683,19.35224099515941,-0.5273655751128222
11.74609375,1.385382492164445,0.0024158274785288265,10.668217395650311,23.776924241088313,0.881637284122676
11.75,0.9323808668695728,-3.799394907481614,4.693139238166983,5.336697903776361,0.36046413163687346
11.75390625,0.5435529716350321,-0.04882034081964519,9.343104477974492,-15.311909718559576,0.19466741975659438
11.7578125,-4.841699609976079,7.740508454396813,3.258208724028979,-26.408616883996295,0.7680659280819679
11.76171875,-4.887272281032788,3.421989315467379,-1.7757012747078122,-1.3916902598052765,-0.33096288782867334
11.765625,4.410218561661913,-2.564011373185188,-4.465370425059392,-47.41421490112174,-0.668669811528804
11.76953125,-6.655470926076578,-0.2026654039494063,-4.7512115977401725,7.195246642757933,0.11841000534565949
11.7734375,3.370509511371476,-1.7020947175160375,-5.922848352297511,-12.346827075714657,0.501248692407367
11.77734375,-1.9260912414303333,-3.486574734785154,-5.766459928165574,0.3397908640249865,-0.04442692918602857
11.78125,3.199658951678386,-2.4095360736246363,4.054201165778865,37.254052553078054,-0.3722870602905204
11.78515625,5.208101987170391,3.479565539982696,-8.114495311795121,31.95699922496244,0.21774682717889635
11.7890625,5.823909158067208,-2.5166970921127056,2.3785647198225277,32.692675397955554,0.29225754930895365
11.79296875,-4.504284219812857,-2.9146516817143366,2.8188114150702854,4.403869577518276,-0.40257768594576515
11.796875,4.037743946264332,0.02867815151412236,0.6366067986497099,-21.856739425572833,-0.5231686733678566
11.80078125,-4.70647669940206,-3.3957936490915652,0.441338011003932,-11.531147170969826,-0.05596752450214032
11.8046875,-1.1217562157672385,-7.418319509290884,-1.1446003573554508,3.630872802521729,0.32860661350854364
11.80859375,3.8355054779615148,5.800042758688981,-3.9908235024151315,-32.14846627595709,-0.059951144338197225
11.8125,1.8965590912479946,4.910545016993713,-7.571849988492518,-10.474511045351761,0.12449566022477011
11.81640625,3.762639099476556,0.7371465334611842,-1.1112996937932,23.936862289313396,1.1259945657666923
11.8203125,-2.5759841793174303,3.184346142433836,-4.267611598767665,3.7227612855212695,-0.2783277297874575
11.82421875,3.7899627975564796,-0.2602777547794063,1.388960925030752,11.880462213088965,0.41384071261193206
11.828125,0.6580359160041293,-7.814768495036676,-3.439046904939673,27.931275453792907,0.19758482742677336
11.83203125,1.4804634053175492,0.49451793767821706,10.152073903443727,32.82734179759727,0.4446938859178243
11.8359375,5.018392823339949,0.813624759862887,7.418997079913122,8.60980403858099,0.5490817708282268
11.83984375,1.9663678401770575,-6.606535472688272,-0.44175500337432805,7.728577077408671,0.18002377398124303
11.84375,0.0774393701026226,-1.0796539535323644,4.323970542249283,-14.940026614792245,-0.3389690106655058
11.84765625,-3.3435378796250856,-1.0503195546467778,3.110798653329897,-61.5535013143473,0.4434977797341358
11.8515625,-1.5811929235946953,3.6708365281003013,-2.3620012237308927,-28.803511672121466,0.12994013588139233
11.85546875,2.835502868885194,-5.655612188656818,1.0332508940766205,16.869287361403654,-0.5496510969934318
11.859375,-4.976921526536242,-0.6672451785462021,5.279922307573484,18.194451242073356,0.3714623567826568
11.86328125,1.6026030544814838,-2.864079484873942,-3.6736858256769915,-13.66248426163139,0.220142337718115
11.8671875,4.656074076385468,0.738147951675005,0.9395880578174972,15.926785952250036,-0.6520384854230222
11.87109375,-5.685984805712398,-1.9500606322710108,-3.995049878963423,-4.076626855739796,0.3682167878059736
11.875,1.084385569654753,-0.007739560202578459,-8.9993053624452,10.170516945057887,0.5791554770165082
11.87890625,0.36832914931369354,1.0068883772494903,-5.8727861918139155,26.119710234451247,0.4399592182028658
11.8828125,-0.30326603669183266,-5.760910756995822,-2.0357718080801117,-4.330712239621724,-0.13388870952979298
11.88671875,6.376322494752581,-2.505813015818422,-5.665157723036535,-8.422217680794905,-0.844031515571147
11.890625,-5.370658456806359,2.5368369562708226,0.738881531120434,-26.618252835405862,0.23439503091193203
11.89453125,8.043566726603798,1.9331326227986962,-4.637076948040164,-13.293071414959687,0.34673008324702204
11.8984375,1.6864471887167412,-0.24729938115536726,-1.9927766283450434,11.967187462299963,-0.10289296694769344
11.90234375,-2.1441130080164545,5.077151902675094,-0.707142995048574,-42.36061517160514,-0.39721755046871415
11.90625,1.131608506870087,-0.3985930168575853,-5.345629082443912,-4.990079544655225,0.36279805767553547
11.91015625,-11.459523834404916,-4.615233291107019,4.478616709640545,24.521794161886913,-0.36557960292795444
11.9140625,0.8717346932014293,-0.18588877918167457,0.5737308204283168,-4.936167553583065,0.6884914733562849
11.91796875,-1.4946465587329307,-1.1170102552763042,-0.4612399765108428,15.79105732842157,0.18248502825715146
11.921875,1.0109362525418741,-0.004947940673329251,5.105603938858081,12.33114334481674,-0.7481765904840159
11.92578125,-2.098589990101953,1.6375088056729363,0.7760923166411089,6.264880772008549,0.7058826459226222
11.9296875,3.8006661320242014,-0.5918414845331862,-3.199032410721833,11.455945013209963,-0.015198095180593955
11.93359375,-0.28942385539267873,3.6871689246310018,-3.9975937081155233,-3.0252434293710984,0.09760870300399686
11.9375,-7.731162792391718,-4.145698372182674,0.27560760023718567,-22.829304524565995,-1.1271906676742118
11.94140625,-5.697206253536534,-1.6962283421074713,4.42860808037436,14.270818687049129,-0.2575667320926559
11.9453125,-9.460977842383262,4.198211200058591,0.8922290070975061,7.176946883710647,-0.5095165908249737
11.94921875,2.121141929784876,-1.159188381446815,0.5137420561311467,-7.76481566514693,0.5715585333412133
11.953125,7.7210349169930845,-1.6231767517527484,0.9788835864898743,-5.93013947932962,-0.11570845322850944
11.95703125,-2.149800735481279,-3.8051596989748964,-7.199747847502157,17.841059339393897,-0.3078053650049582
11.9609375,-6.148050328887651,-2.06611815035851,5.2498154886709525,-7.425924156997567,-0.5494443013410912
11.96484375,-0.49615759326852693,1.4821002916778634,-8.014530094426158,24.334418706529398,-0.19731583258943064
11.96875,-1.7661418232266646,1.2772792455171307,-2.527727584894783,40.11203856472187,-0.7431419056642423
11.97265625,3.4562909252299736,-4.2849662148426795,-2.7880928195995236,-15.558709932321033,0.39564408953303554
11.9765625,-5.390757192828831,-1.2294241138147606,-6.6856712980002,-7.510453450248818,0.9418184040442866
11.98046875,0.5200001573534531,-1.052919065010556,-2.209784551922634,-19.69978137160699,0.41719938501301435
11.984375,-1.9808114120091833,-0.0027865294850273033,-0.5630227492016506,-30.793435518274443,-1.1167193265423998
11.98828125,2.3956561911854055,-4.674928022409464,-5.753039856509526,-39.127726724063386,-0.6615317872026759
11.9921875,4.482886534506452,-2.687563038805944,-3.7170513077287874,-12.994808323767103,-0.015851062295077885
11.99609375,-8.435939863944766,2.1583492034236738,0.5535037174054607,-24.27626905438074,-0.7206974141275183
12.0,4.8657697870136145,-0.3213731644956867,-2.641544330335853,19.97516446381435,-0.05622567955351758
12.00390625,-3.6914695220893865,-3.616481013094254,-1.0322691373898965,-5.294195855136886,0.3668077108644207
12.0078125,-1.9631184720656312,-2.1994808251745455,4.088423240929734,1.59404813876575,0.04694088134880136
12.01171875,-5.827000811692551,-1.279625227241322,2.0917676349048926,18.552531003403615,-0.24489370696012527
12.015625,-0.9339544613793757,0.3284078348784522,-1.0070958256742029,22.13102705916203,0.13701496137167576
12.01953125,0.06057102167754418,3.3828809965171454,9.636443812297891,-28.55804025284505,-0.21184254567295688
12.0234375,1.4562241867662515,0.20972421301741606,4.954747841066285,13.967032083387593,-0.21019213197861072
12.02734375,2.8506372714515487,2.982936710144261,3.6978116438377437,-12.313070942612889,-0.2906370570342027
12.03125,-0.7075831669129422,-5.636283067057828,3.31729021577426,-19.690904353333462,-0.08260166946479712
12.03515625,0.4723687852683177,-0.9494052392530867,1.6981910924888473,7.950341207649011,0.12012531635123952
12.0390625,3.5094889641542832,-0.9733523769170802,-3.453951706933666,-36.123437461178824,-0.3685531758453492
12.04296875,-0.743253760657481,-3.473268564749667,-6.758795497494374,-5.900668800563552,-0.7392752461481592
12.046875,-3.1059075177292033,-0.7380648130424362,1.0970092782266438,-2.2256520615499555,-0.41974902409257686
12.05078125,-1.2891167876157117,0.9999133757981709,1.9793153632794958,-24.18262961848937,0.5323684711316556
12.0546875,0.2839199653345264,3.0253052331043597,-6.332458387284932,2.440700148261133,0.7538180771869981
12.05859375,4.594315586307009,0.379341948248313,2.1865608265173444,59.95486477086722,-0.199744377515307
12.0625,3.458367257216251,-0.3011780311279753,-1.8567522910541432,-6.986228915644393,0.6496345331996929
12.06640625,-3.456751695093653,-2.077388078123364,-4.100043650093964,15.214104099819698,0.24364576146064645
12.0703125,2.3815889158502195,-3.5356746115070603,-4.736201524729648,-21.470723382860378,-0.1812463307948644
12.07421875,6.942191977699225,-0.35489556930450283,-7.277740705462315,-18.998183532903564,-0.7007122624544485
12.078125,-0.6464306423102889,1.4856262289559594,0.08794646967452646,-33.74320249726157,-0.16439995503665802
12.08203125,2.2115416096316274,0.7413208882104372,-1.3125272854136625,-17.193246246007448,-0.09531370011899157
12.0859375,-5.88668522451187,4.364712923572689,-4.514545198934775,-16.680364347586362,0.4163499110338093
12.08984375,1.0696787735883535,1.4074552245345255,-3.3285206696844885,1.1765005462591214,0.425776559199769
12.09375,-0.5556526584834887,-3.3129931347662307,-2.621231734081149,-10.287354305746057,0.532090183719529
12.09765625,-0.6402730075480172,-0.8627301216895567,-2.859504642682788,14.948651560564812,-0.021310551849863205
12.1015625,-3.424290843558711,-2.352952626107796,0.7993920403762902,15.127534383489348,0.7739030520769861
12.10546875,-0.5368806175878553,-1.9179088979698102,-0.41941361702125546,-19.318459199850157,1.3007583030846057
12.109375,-4.677285112243028,1.6245314754645603,7.153337200569963,-3.9913790882292117,-0.41190037556042874
12.11328125,-0.37027082942297257,-3.53840955632612,4.588516179171145,-12.350163881817679,0.23182805489435362
12.1171875,-2.31160234468311,-6.679283522052919,4.582962927649449,-9.375388166946385,0.3619257974681116
12.12109375,6.654557038852826,1.9271964606551517,2.256357920587714,-33.537138987568056,-0.0800319747850929
12.125,-4.356478561349342,2.249260996745943,-1.8048481901768825,-13.500327822603566,0.0020764973946865123
12.12890625,-2.1171007228364855,-1.7570520095130413,-0.17880680669210447,8.905692230713889,0.11325870395350278
12.1328125,5.468448589419891,5.428620783734328,0.7320587373071993,-26.07348332814905,-0.4640052252442
12.13671875,-2.183647754265307,-4.197650915123512,3.42586771873578,11.390846552159301,-0.5558270213060658
12.140625,6.3320428585342565,-0.7879123157778971,-1.1297647692945205,30.03659369749093,-0.9332601745892876
12.14453125,-1.0205785516647654,-1.9900882208331838,0.7862150952376439,-8.156867614350732,-0.16216819863505696
12.1484375,-0.30879586665253667,-0.03732908905613297,-2.882443088351502,15.886052382369659,-0.46849671710050245
12.15234375,-1.4945156321127422,0.12990991734834245,0.008653761495884815,-1.6427262338956456,-1.0196655113613113
12.15625,-3.6398210362243963,4.046482540173436,3.2806363258134206,44.73368301374356,0.402619808861045
12.16015625,0.25443469375935845,3.9050938554129635,2.88107190291779,20.941416754064253,0.011771796904566735
12.1640625,4.9045734202375035,0.18353664405012066,-1.5231642806521493,8.002997221777905,0.6439766833995612
12.16796875,9.311327443040716,0.19382738735370092,-0.4125388291884162,-4.111049103303307,0.0418939662838406
12.171875,2.205578203233922,3.5936671754302454,-0.673652946718454,-4.704878212001603,-0.1174373358646958
12.17578125,0.2832544993692333,5.738813114048267,-3.0530561038417074,-26.622157410006082,0.6481373105617164
12.1796875,8.81311728059644,-0.6620666170298743,0.6657478337794933,-18.219060154187982,0.24119243464582382
12.18359375,-2.04480231153085,0.33058204002438873,-2.4411042052709266,22.28673915750847,0.6613128417411013
12.1875,-5.678255854618262,-4.213638173150159,-0.08889649070982686,36.69154996051929,0.5933911645946472
12.19140625,11.060732040640014,1.2114639235037608,-2.97416143982866,43.38788672760964,0.25281674758118894
12.1953125,2.122280723748443,-3.2751926823896134,7.756417344921197,10.074145875615315,0.36300916662084654
12.19921875,1.8960851326208155,2.5014964127441104,1.2304529812153853,-0.3436221964806414,-0.025100621381176563
12.203125,-3.0467736243386025,-5.368215825200009,4.884978086605776,42.99084054131534,0.15309151579264113
12.20703125,-2.077306723454732,-0.4097040173415789,3.934298327260844,14.750345435716724,0.20569361934870506
12.2109375,3.560479247186961,-0.81860226189362,11.705733749469108,-8.49210855897654,0.31239397428401716
12.21484375,3.123883706327765,1.7817165629929954,-0.7178159399658846,-45.3854304695317,-0.705925957490733
12.21875,-4.995043479781218,-1.2106702516084042,1.0965821297432483,-42.53267688622151,0.2564505269854163
12.22265625,6.240412980901508,0.13076306257053372,-3.558876311395415,-19.520448514671756,-0.436073031510184
12.2265625,-3.4667003365829494,-2.795644085916806,-1.4279699404462847,-3.936192078949042,-0.5854099271069808
12.23046875,3.1425423446349665,-2.130811422859581,-5.0184775082967334,21.73715508380385,0.2589429186981972
12.234375,1.1730954040093824,-0.5969887735478874,3.297054836817946,-24.72578375487212,0.2897718296502808
12.23828125,4.996318463604004,1.8776787676146958,-1.7758848652468067,-18.286497724005145,0.1966363887976955
12.2421875,-4.988388626470901,-2.345718280655971,2.824401203272909,10.896798833262864,0.3874506998842541
12.24609375,-0.28081045257200377,-7.5667339225514505,0.6669596523891679,12.206370267776343,-0.10423776807141934
12.25,-5.210540192202459,-1.3995988034096654,-2.500537865100453,-15.28734152089227,-0.3329158168046125
12.25390625,4.57770018802096,-1.0825746669761243,-4.9575554064231175,5.990966643449044,0.638410056441225
12.2578125,-2.693203361247145,2.092127025793683,0.8952827605323819,-4.880973586428055,0.33043430290586107
12.26171875,-2.519626295961357,-2.3645050070389844,-7.189897771095336,13.381292158991183,-0.22275991179905238
12.265625,-4.316358549102974,-2.9189386163820275,1.9399455603761941,-33.956499606722716,0.21858604514106367
12.26953125,-4.821136372331332,-2.970098520215271,4.742541973994889,-8.673736621980607,0.3490284433231148
12.2734375,2.2629757282331453,-1.7271424687157246,6.978207832264924,23.616915448571245,0.5791969762365567
12.27734375,4.506503482527277,-1.0072017248945226,0.8126069710723557,10.158445002300907,-1.058709689608604
12.28125,5.149853310788625,-2.4030683783035256,-4.902940807822936,-17.899271692611705,-0.7359833763089708
12.28515625,1.2940167058574625,-0.16854950226245347,-4.414603204178597,53.93254434596032,-0.32077920941530175
12.2890625,-2.9804866823489835,-2.2005743777337963,5.87493436156433,2.084035104188155,0.17720824203059138
12.29296875,-2.7785091041479295,-0.5003925615008804,0.7508626485370797,21.82737678289048,0.25852157451572877
12.296875,-4.318979991665087,-3.6284504378959683,-1.4504340372278497,2.4381694331119474,0.04059887577066942
12.30078125,0.8114131779503406,-1.2731601055299269,7.227023655791133,-40.892712760158986,-0.6655989088255548
12.3046875,-1.0997135210258113,1.1109337985737167,5.678923570852035,-31.07350587681838,0.6891261266193107
12.30859375,-3.917318578062481,-1.2947061843781151,4.445854363325468,-28.714444361966297,0.7214247225535515
12.3125,-0.34446852825762364,-0.1318882383105921,-1.1534269089639095,-18.55335731281639,-0.5068992894866295
12.31640625,-2.1558906366289694,4.0629189482343735,-5.915569202532469,-1.4902887552450743,-0.2851434182265133
12.3203125,-4.659639261876221,-4.8533322907164695,0.8200238746548805,-9.484044280396956,-0.5198815314342939
12.32421875,-0.6195826223067199,0.6306610442924491,5.437110913579305,18.258740967520524,-0.5761224468445915
12.328125,-2.3692613940186438,0.8475631958996437,-8.983038833964144,22.708011455166158,-0.7564596787984162
12.33203125,2.3847920709214385,1.4621707966746385,-5.596796349502784,1.9617280994795667,0.39105712317384
12.3359375,-1.542156995231708,2.326108679192343,-7.436451987686772,8.260651696044855,0.019504085162280707
12.33984375,-0.7954584296206719,3.0532952674048746,-3.869733123279401,5.235019230346303,0.22740150102964785
12.34375,-0.6061659296380673,2.230182815425013,1.0128026884019277,-4.308670024847534,0.0055856554619129984
12.34765625,-4.177106917717569,4.228576803796319,4.032678311903039,-6.273475261473677,0.4347402150336345
12.3515625,5.305965605560428,-1.2176353580163575,-6.293468183887223,21.622538154679564,0.32045799790766416
12.35546875,-5.961828987577219,-5.890939340566846,-0.06991841844747815,-14.33657758810672,0.7550851181188578
12.359375,5.009509367357211,0.16480047203353154,2.4617396547904686,-12.13396526459692,0.1614292185603664
12.36328125,0.509479298542657,-0.09934424764510749,3.207386558384644,-20.518697575717557,-0.6350461908878736
12.3671875,2.863827302411479,-0.24220701872577183,2.656587117732146,33.516630644182555,0.20688037105979676
12.37109375,-4.934057635491191,2.087863056789682,-0.22389120265659535,2.7600331871518904,-0.2214432502528452
12.375,-1.8642620219803803,-0.684706750909358,-0.21697474726121335,28.001913494129546,-0.04833201082980909
12.37890625,-4.206043546933745,-4.156839303338028,2.869777155335023,18.667308693829327,-0.1296066454624869
12.3828125,-7.8067289011857115,-3.593433500627455,-8.336465427796064,-0.29224903964652427,0.5550427186394914
12.38671875,3.9524014303208626,1.1442633989665127,-0.31667422013127666,-27.002946570374085,0.14271444925723803
12.390625,-1.1566062624160331,-6.904442724111156,10.379789766815794,-4.702424887880452,-0.7520271892399446
12.39453125,-7.265551981372103,-1.4137766561597176,7.627996656438741,-40.68770227236907,0.09734206567341884
12.3984375,3.9391317325135176,-3.5606406649881475,-0.2578331696240932,-20.18383971768145,0.3840781387134365
12.40234375,-2.9716956978938427,0.6935613825135492,-1.2539967918231696,-11.629864840881648,0.05826771645146223
12.40625,-8.480025368921938,-5.160113775734443,1.5683728999256936,-23.626118304515767,-0.42448833272533365
12.41015625,3.107372096220631,-1.3627911597212932,3.6557836497406684,15.637679691523637,0.10237581026281593
12.4140625,4.313251711405892,2.7618117837920666,-0.13346378907383805,36.626130938943426,-0.1526338838901981
12.41796875,1.683762151823916,0.4746693104311065,-0.9332532495204647,2.836051214453052,0.5481356668474177
12.421875,-0.23914417370333904,6.039126204910744,-5.406613578439494,-4.838274182030148,0.11566022468382464
12.42578125,1.9657177743845866,2.5657826527558987,-3.6079187986709114,10.78773428382104,-0.03665430861947814
12.4296875,-0.4562141822636205,0.2935954379605964,-4.295377064937521,-5.808022341125441,0.1963258699659587
12.43359375,-7.2216878702084095,-0.7927308916832703,-2.721893975165822,-29.065536508676693,0.36109495242433115
12.4375,-1.1421023168719686,-2.4988323507463863,0.7051392935733043,-15.267433820059718,0.19292872616253304
12.44140625,6.780045661161035,-6.13001736200872,-2.8401273027021325,-0.35162861640093546,-0.5253534947865118
12.4453125,0.5671803352010392,0.16877515391118153,2.092067976578723,-34.27109279667762,0.6281522019837301
12.44921875,4.772892231212258,4.323788578287378,-3.233454955832815,-11.804284382350655,0.1710206510012349
12.453125,7.132050130932634,0.7827629007339016,-3.1603056253083563,0.6302213732775099,-0.12947983125202173
12.45703125,1.932895303555361,6.344192100341038,-2.1459144553958223,5.403244036277542,0.09683168302377573
12.4609375,-1.5296767064142458,4.94690229075936,5.759401127362851,-5.971013092659577,0.737706908762675
12.46484375,-2.027570601511278,-2.085669285223115,5.245443989389479,-4.775510806248789,0.36703448333079314
12.46875,-5.460909293977713,-0.6786224187428576,1.2461288557534764,19.088506903879328,0.590108287030832
12.47265625,0.5672870892459897,1.3983177745525825,3.6544693490792963,2.0566930695477916,0.3416539337008246
12.4765625,-1.9457798861517976,1.036016997040961,2.323608587743675,-5.817007783519177,-0.040271028245320944
12.48046875,0.761998438329023,-0.06236386778269436,-4.79073638726058,-13.835021494310588,0.4244174465449642
12.484375,-2.9988352484056553,0.7515792434010311,6.356976094534211,-26.727639542747283,0.6171536700113025
12.48828125,2.112434965018651,2.950177313862899,-0.10224707678759293,4.736438393161944,-0.11058944806008529
12.4921875,7.484077359625939,-4.010542262995697,0.9548794597710687,-6.443047167097686,-0.10983983865424046
12.49609375,-4.056693036886719,2.0081173370245002,3.3488962809217204,1.9253798495680572,-0.0221035833243179
12.5,-2.064808891629405,-6.074057278228824,-4.711570631065386,8.346405610734568,0.8906605521740317
12.50390625,5.933652313326973,-0.9655197254125776,-5.61818099216682,6.960293813319671,-1.1788511732760947
12.5078125,4.157056734975727,1.9720006291641394,-3.1091911694798187,8.530724928570807,-0.5265385399347483
12.51171875,1.5025723546471423,1.1546611751679434,-3.4261134506884616,24.80721860026679,0.3004702821453994
12.515625,7.026523576688644,-3.008981610817499,-2.7267817380112813,4.787458033925331,-0.12501775342209415
12.51953125,4.022173465803493,-1.8266394292189185,-0.6451149856379108,-15.745810885197098,-0.019587392823538306
12.5234375,-0.8039201050450528,4.06551444066792,-4.568492274818511,0.5560435516996494,0.40620720000396643
12.52734375,2.212755608447288,-5.686994010674132,-8.913318150260146,-10.01476735470497,0.164933269541945
12.53125,-3.3194912280731907,1.1874875180222717,-10.911006145787708,-14.410682864140943,0.3174932004278951
12.53515625,6.356228016074325,-4.116244761664477,-12.68872273573182,1.5807314611526504,0.5822748561917827
12.5390625,-0.057138128669522614,3.0965434341407176,5.716469955642866,-30.152760049780404,0.28205038825034484
12.54296875,-2.655092933037639,6.374783547150409,1.6530226493245752,-17.54859251964334,-0.6057345915658855
12.546875,-3.1685943330365935,-3.56207460881959,7.498080843980141,24.59874187874348,0.19347312435511305
12.55078125,-2.2036735920441446,2.149624306459877,2.11238182193427,-3.7660884882898014,0.6360676139882406
12.5546875,1.605613105558515,-2.4679417412490094,2.844399351476282,14.765766855367497,0.9110659774860458
12.55859375,-2.4841396961990267,-1.40982416955312,5.023075360180263,0.08728734052651177,0.46501129459551854
12.5625,-2.5994073482027065,-2.753533812839193,1.5967277445576797,14.380525402937925,-0.5015463607264598
12.56640625,-2.793499247908497,3.0616253761143692,-2.9845544118148872,14.75521418712911,0.11096971418784007
12.5703125,6.810447672510884,-3.734961338495785,-2.2380109631205936,-34.95861487348521,0.2384041562325118
12.57421875,6.83092450606394,-0.8806601469509923,4.940304727572013,29.81403744261285,0.09907597927142525
12.578125,6.0444648768650096,-1.9311877589914448,6.416510431666403,7.210867201168323,0.012181962352520736
12.58203125,9.188379854734794,-0.25683168101757486,1.1983080121295946,-25.8553089008241,0.15362548447831406
12.5859375,2.6634272851843037,-2.295903855439995,4.135632825773728,-17.282024012002722,-0.055506432691474795
12.58984375,-2.9863732302966093,4.91523917271909,-6.337552091803826,-4.786449081006592,0.09437411727864466
12.59375,-2.7829497789987023,1.3952955289840312,-1.8968624449003977,-5.149538277625206,-0.7026803142103406
12.59765625,-1.2870370171964407,0.624929367456478,-7.971581462175048,16.348093058574644,0.4520511518007029
12.6015625,0.7957040604530555,-4.143186583161475,-4.896263456498902,14.787809622497239,-0.07522726777583649
12.60546875,1.5316293302664263,-0.12660268784772089,1.106796458360746,14.68854074141312,-0.023929882101554216
12.609375,-0.5183575126694112,2.335484953362959,-4.771386524230117,19.330879570674934,-0.22561139314188083
12.61328125,-2.4644662826741643,2.3590875229743844,-6.432336518259248,-25.135205234874586,-0.06798395862234892
12.6171875,6.36480067718155,-1.0582429538395948,-0.9609956014817562,-0.4043662148007465,0.6746418070088344
12.62109375,2.7800813175804397,-5.763579419546826,1.4035034821032033,7.981200146951732,0.9698795737994522
12.625,0.320489954603008,-0.9216161737129944,1.31280427988515,-4.3304325807424355,-0.26775727333483246
12.62890625,-2.69807146819556,-4.351255273080976,2.851469410217902,-45.67030035936763,-0.8944705562934466
12.6328125,1.5244145087560188,0.9513133078326563,3.337429851954104,-24.759504882831433,-0.7333236910213496
12.63671875,0.6254345310768376,1.3245512444338408,1.8540932958759515,2.8394732052798006,-0.7200823109522327
12.640625,-4.424461295937996,0.39326763872995346,-0.7165055379339295,-6.306011277522198,0.4270117487496245
12.64453125,7.410124820919564,-0.14761896609170938,3.0535779965296745,26.138811104412156,-0.04112622746327054
12.6484375,2.946179199504948,-0.2641551281480854,-3.6813143455327486,-5.150473657421143,-0.08408022045592564
12.65234375,5.158637385264989,2.3692736148650217,9.816379849268106,-15.581200555929417,0.5439389218743156
12.65625,-3.2442183681567953,-2.0988679798052146,3.407118573032264,46.91419623666905,-0.51995865072467
12.66015625,-5.933840608789863,-1.9412864404389785,2.2898589171166552,10.256672637811327,-0.954599004261072
12.6640625,1.0801019442711073,0.11329836244864995,4.199341996193575,-3.5525112509092835,0.5637274067426591
12.66796875,6.032658619172158,-5.081504014577362,4.9179124488054775,10.206498524857347,0.35462886101004965
12.671875,-0.8104195861004557,-1.922745577990286,8.401574170366125,-42.418657594120404,0.2703056169436341
12.67578125,-1.6873699151664618,-0.8331599799473534,1.2707573692793461,5.118064468148276,0.444522774149136
12.6796875,-5.035421344258695,1.714723509947853,-6.8247333503246566,-7.752167458907927,0.20211434129719447
12.68359375,-3.3703751846023575,-4.6628908690194795,1.6209730303725807,7.600637273822921,0.28797159635736075
12.6875,-5.537982476629421,1.21338252475823,3.0621777567338833,34.25748904346218,0.2239694942967231
12.69140625,0.6209717901972682,2.6899748542396784,-3.2718556751981476,20.886739865378964,0.8459628816631128
12.6953125,3.1394180388502706,0.5005722955474242,0.9219333344965417,7.731405203042517,-0.3144344008636849
12.69921875,-2.0407852539905003,6.807733113514085,-6.030277816320391,-7.209225135863722,-0.1789978439886442
12.703125,-5.407213669886578,-3.4244506543306805,-2.3563834198872664,-8.195082393300165,-0.6596312701250047
12.70703125,-4.584856264530517,-1.969673537553712,-2.270598209524298,4.969377309935801,0.21963114115978305
12.7109375,-5.34018526506481,0.03573450725825212,-6.699582915778166,-0.7864977995227704,0.665768137160111
12.71484375,2.2242867405782727,-0.045496239176188086,2.9871277769740767,-30.138705372853536,0.4619636794297792
12.71875,-1.992642460705389,-0.0036269649551902883,7.818433500128402,2.6008310207212197,0.6321143430662878
12.72265625,3.9823888788567,-1.9071093738870344,3.4315994554401485,-25.33020949762298,-0.7976091747206431
12.7265625,5.095610134495772,-0.1538293857720942,-4.279596272595035,-8.606279789927314,0.44471739641029645
12.73046875,-4.163897780718171,-0.6653002511390451,4.777716464392224,-2.21147462081068,0.006911028424134383
12.734375,-5.5997367512420375,2.6170351285547557,-1.4277277131456416,-6.1872661052663425,1.1782470055564018
12.73828125,2.1007599408246,1.4419374039940447,-2.0148935271160635,40.55117077010467,-0.6428463914720605
12.7421875,-5.281606338738705,5.04539865206702,4.123960275800646,7.80900737484385,0.11787694049938689
12.74609375,-4.604444360275159,3.277078211067849,0.6661404398386463,-25.32578967227223,1.2809251365373708
12.75,-4.568628656774901,2.667841344343017,8.570535563507978,-4.775002054261312,0.7073855152327748
12.75390625,3.8736063650177006,2.487369664719427,5.025296886991235,-23.878321099193187,-1.1822281876507938
12.7578125,1.1828841140865856,4.56688391439641,3.344127686756543,-10.199033176612415,-0.13803546425006
12.76171875,-1.1912971749517414,-6.464846636072874,-2.1961275943481278,-43.803980977438414,-0.6142599698560001
12.765625,-8.01787058868498,-2.332894102744078,0.46660872798950315,4.1635919129089665,-0.3353763847928921
12.76953125,-3.8124468420540567,-1.6225815819732423,-1.3413843462808943,5.9862704654644885,-0.5577917422921602
12.7734375,-0.8525900937344398,-0.15706451246663583,-2.5716414458613492,-0.4448846780941986,-0.19350818673104092
12.77734375,-0.295078187144376,-0.7261229026577094,1.82266828977501,-22.94636297292687,0.8154468204646532
12.78125,0.6410932029528005,-3.466230950969733,2.8149274780103513,10.46428980424996,0.8447810380279976
12.78515625,6.94291765837289,-4.881110262267822,-3.8505142121831204,-14.570680046479634,-0.1642057184623647
12.7890625,-13.202028567054219,4.612718027564552,-3.2256164915685113,-12.440496011071335,-0.5644936397012896
12.79296875,0.9774287512097087,0.42299709756930726,-10.124945757189732,-18.932612434025238,0.9523780244651454
12.796875,-9.6766180701443,4.452043589231635,-2.085553254329727,-8.371429976481231,0.5515407307087945
12.80078125,-2.7572971244130815,0.5426703829043641,-4.889064173765094,-10.58021787502773,0.40911126908548195
12.8046875,-2.652398761767201,-2.3749672724333637,2.1304803473201304,-9.815371798242438,-0.13035065365208529
12.80859375,6.652210137809066,-1.026258992501747,-2.7869148576090215,-33.4967913007936,-0.24518628869344103
12.8125,5.3791114608797805,1.0868721191824617,-2.1438072906676577,2.5827974821728805,0.32942699726059366
12.81640625,3.633341990728015,-6.71459574357371,2.2199786479907564,6.211694164397668,-0.008212718770902017
12.8203125,-1.4019309311236146,2.968919044483708,-3.9327377844002567,1.5146878753209752,0.8178999397526703
12.82421875,0.8348963358775883,-6.094450160345927,12.171731051514167,16.41731804566134,-0.3151219625892228
12.828125,-2.627728011597122,0.43287715676119154,6.116491675022621,45.10635489246653,-0.09073731667545529
12.83203125,3.358913195468322,-1.7665235358677693,-4.275341631353836,30.02044205254215,0.7662462320523138
12.8359375,0.5637712333983066,-2.9342437956636944,5.728127130759434,13.816094552673404,0.26952740004096454
12.83984375,-3.6586063454286335,0.606152414230901,7.221203375960719,17.8048801532883,-0.2671624846876517
12.84375,2.31160028238507,-4.0198762809237625,1.9526708996578053,-13.721946994732974,0.26909580680902073
12.84765625,7.744503551974149,-0.5983107639092603,0.01399931352744277,-3.845739481948276,-0.5911458753427871
12.8515625,1.528774100051017,-1.9305911627120156,3.294971800458325,-18.21537844981551,-0.004437432012750376
12.85546875,-7.303384434280576,0.19944711794462316,0.8453443242033725,-17.519805223545006,-0.9588673445887416
12.859375,-2.296983829499175,-3.6248965352591593,2.8393658347825674,10.356255416369539,-0.4179714236985447
12.86328125,2.6001877356871255,-1.0217900196169107,-4.31301290742028,9.397207857032125,0.33685269345475505
12.8671875,4.980007167365584,2.9643980152036993,3.0986791888791023,-11.250966355773581,0.49128357497382674
12.87109375,6.142626663118431,-2.1678627807393482,-5.066614396004243,22.535930510697554,-0.21428620547224242
12.875,-2.3368829196486907,0.2937633748994378,-2.75339637786921,-0.7110224900364095,0.5577720857079465
12.87890625,-1.326106248306967,-2.8233603039804565,-4.211606788657027,-24.69118001855109,0.1225919025947062
12.8828125,-0.22496698022402686,-4.586715345745423,-5.578927099026184,-0.3038044120161709,-0.5634974088472106
12.88671875,3.8862887809191076,-1.1296917903105421,-4.571422967735784,1.2743940531964815,-0.34075367833458986
12.890625,-4.70349065542278,-1.9796649848409653,-0.7680225851134792,3.5244531237098293,-0.40789622668633296
12.89453125,4.736327723388426,-0.775992142435226,-4.532130432203742,7.202671776612986,0.7358878057945452
12.8984375,-0.23270087855147858,0.28393848313784165,-4.329922521371781,-44.65138109778283,-0.056524511203369196
12.90234375,-6.905950632122684,-3.8486467354740825,1.6819681716804369,-4.16380665628035,0.10982357539436366
12.90625,-1.8547664860766298,-1.0273587944109417,3.3105975509970067,-19.226402990048093,0.8757244541608492
12.91015625,3.4081303467334862,-1.501842490964131,2.7404641224335213,-6.943742744619622,0.02425612293798117
12.9140625,0.8092489547758465,-0.7021372696274236,-8.803749823678707,10.225922382372962,0.21466951671036544
12.91796875,-1.1247292945069667,1.4748143176859614,4.7950335784166915,3.2261108332432524,0.45913378847914116
12.921875,-6.114135980883717,0.18512208467561184,7.0759264181624335,27.322017667775658,0.37040851889758897
12.92578125,5.220777742751816,2.5152133757343447,4.75140327140309,8.018587511893418,0.21780468954761045
12.9296875,7.048623756053286,-2.394739193165818,5.263250931779497,17.77075710612532,0.3888134901300199
12.93359375,0.5551992420443563,-2.5023596073289402,0.13389656511566095,8.559602040822284,-0.17822665533026782
12.9375,-2.7123057625785396,3.0833791597283042,6.77237335506892,29.500724600329068,0.06682484918841168
12.94140625,1.6650128833163367,-2.628907943994847,0.33132471714062417,13.137652420383207,0.43805457085697797
12.9453125,-2.762543591580515,7.310836475040187,10.375879393302082,-3.9610582999106185,-0.2772971098251034
12.94921875,-5.999417937703379,1.226382862568733,0.899093931453983,-16.014510248052925,0.4711532387881542
12.953125,-2.072717490330218,0.7694897422072222,-0.33557391304807416,-31.558691428135006,0.2670193866457021
12.95703125,3.7722440043116774,-0.5436715471051037,4.613897464946903,35.3280271506512,-0.17795773773424492
12.9609375,4.5342261528399685,10.092724964060771,-6.167865973571438,-19.884958465690296,-1.0411747164229859
12.96484375,10.146102707147932,1.6452527843638416,5.8100028302853435,20.256078235053746,-0.43028809217461633
12.96875,1.096682448528743,-3.0121863090416285,6.040292294474305,41.7666244546338,0.11067404254948365
12.97265625,-3.8018235365830306,-0.06488130242317933,-1.9179902237786264,-14.84467320492018,0.015917362081362792
12.9765625,-1.4568058596225333,-0.6393896713565673,-5.983233698562842,-12.933815777833408,0.07689602481081087
12.98046875,-5.59191398605274,1.1272834557032145,3.414838320903055,-12.332212543462806,-0.039091633565593566
12.984375,0.8482474661336811,0.9046491885246447,1.4564399837291377,3.427137732244258,0.9642186489881974
12.98828125,-1.6839019410351093,-3.7086261365704773,-2.8618432590319673,-42.63447077091812,-1.5361276580336827
12.9921875,-2.512323720470228,-0.7952139725031665,2.7069485565134257,-30.84323878951085,0.8878852838611079
12.99609375,3.912378512193618,2.7915739903053556,-2.2957550837894116,-0.12606752184086822,-0.41591933268919795
13.0,-4.793488414107207,4.1722194922042615,-4.640966194565262,15.730640021723227,-1.307812935280456
13.00390625,-4.581694637126178,-0.005276357949115589,-5.283138180784851,-2.180826147091807,0.044662792374654724
13.0078125,1.870271225509326,1.6265670546736306,-3.677324936044612,51.955568219455124,1.3302856038001434
13.01171875,-1.6942807895066785,0.7222588280015179,1.5443065262802365,0.6608346917312282,0.5553069487732456
13.015625,0.1924018105872619,-1.947649088428487,1.53870310606025,30.59287045441699,-0.41365677813089186
13.01953125,-5.433833448455903,-0.06878245251088061,9.91117783135002,27.567340470442083,0.9206629998271957
13.0234375,5.889534546990334,-0.2848880269931381,7.437543934344903,-52.74879591989684,-0.6928418142052244
13.02734375,-1.2383122036056133,4.298271022955748,6.99950124821046,-14.803077671323567,0.48828234406013016
13.03125,1.84871801288561,-2.3095076237312244,4.554627888460935,5.690782647970812,-0.4096739424682425
13.03515625,-3.5938165358358125,0.8587707934766227,10.38862714528152,-10.964756911032977,-0.37219946981562496
13.0390625,-4.562136454715364,1.1791723188210774,2.3926169746502404,-39.10878832936437,0.6087974332317576
13.04296875,0.5759193417870769,1.0642909635120699,-0.5749177370807423,-14.978491621475824,-0.24260150087701882
13.046875,9.968236303245344,-1.623968456663412,-2.1392021604512643,-0.8821426166931499,0.10123508877920777
13.05078125,-5.745402447482198,0.3105987602204596,3.0507526435904837,12.401180424496975,-0.06494404507793673
13.0546875,-3.4572800868316587,-1.0705814180188524,2.348174579959127,30.531349979675582,0.2308562433094876
13.05859375,-4.003300631823853,3.8016387553467164,-7.480476323450524,35.51098704723279,-0.8009597411127884
13.0625,0.011017927844256606,3.6153974356945113,0.44087571931525593,9.884724248132745,0.7857154443428445
13.06640625,0.6384398888881662,-2.7425142152763513,-4.079583797329222,24.408450689880794,0.7014060368520377
13.0703125,-1.663953047324066,-1.7328259885802735,-7.0150544620747075,-11.605991492422735,0.19828259489932
13.07421875,-5.852186293863143,3.4925376543329607,-8.376381498880544,2.5512512676289347,-0.20724796558633493
13.078125,-3.0799907955428063,-3.162801848948832,-0.3085289364120052,-14.89211518102053,-0.3713498406754576
13.08203125,-0.5380223048537406,1.1826710756362293,1.9738274905520456,-24.462214487310206,-0.3899856977021444
13.0859375,-1.2451025527655515,3.7146006439550696,-0.8830497728093656,-20.371043597638817,0.19419727904915007
13.08984375,2.9207301801152474,1.9135497189233521,-5.612668823948635,8.293439140643171,0.27618532332422585
13.09375,-2.4309941595822346,-3.1874640417650024,-1.5575172197869303,2.5897616816532856,-0.11660806734073889
13.09765625,2.7240272312158718,6.109349718234374,-4.214617827524739,28.226582121016136,0.470608322028298
13.1015625,-5.101374366268152,3.4688656421871027,5.352935173974552,13.955987769622864,0.0930849228326776
13.10546875,3.0178780675360883,4.295447150905871,8.108884927020057,-12.501948499102939,0.22514783020126672
13.109375,6.58206327929558,-3.174930321694002,5.032622107145274,1.2940885303628606,0.6675703301312884
13.11328125,-1.1194058804924625,-3.6115719614942847,2.914353345180404,-10.265338258199199,-0.1602375211196358
13.1171875,4.351486958348163,-1.093233410671249,-0.0485517018024586,-4.994066128545424,-0.18434287228195803
13.12109375,2.5496690974099017,-5.849002433538221,6.042053878191442,-20.724436834018213,-0.4605783072677363
13.125,6.003472662196219,-0.626754578207633,5.010137937477913,-28.754937317623497,0.03648423916249027
13.12890625,2.342175478983532,-2.4513901850674396,-2.5715986981320773,-5.735324021209049,-0.3715082846711698
13.1328125,0.015160597488795684,-1.2911931534822942,5.522254304529368,9.224729171089344,-0.38776676475381233
13.13671875,4.637804367813637,-3.5243042603718546,-1.570044572987854,11.706349666340667,0.32350651674796177
13.140625,2.2038189856478527,1.4582347506022812,-0.5778482371397714,21.823900946440908,0.1847134717580724
13.14453125,-1.235620489131182,-3.484434190096989,0.06384944574918561,-0.07386499712777983,0.03435009369061537
13.1484375,-0.9244531089136963,-4.583797417075784,5.4784156348865585,3.5568568714886055,-0.5317942913592149
13.15234375,-1.4980123860658607,6.82653037804303,-7.36110623598106,3.633436286909574,-0.4609723531655395
13.15625,4.279784974094357,-2.5378581143435714,-3.538319774169247,-6.9665502716198615,-0.8565871901910066
13.16015625,-4.413659635817494,2.625277803934604,-7.677572242894706,21.30475091811065,-0.10928574590435748
13.1640625,-3.8832654182378143,2.272459671844853,0.2218610860559056,-1.0765822317272127,-0.4311824524447903
13.16796875,9.079862245859202,0.6914402399051716,3.148898835869513,-28.581130210669365,-0.4411789151011488
13.171875,-3.3409114800950968,0.5419428794514114,4.06402561016306,-26.60384625308176,0.6082537093840644
13.17578125,0.8198601527359812,-3.35515079385579,-0.12710056172125195,-5.983268851655972,0.3449631503829765
13.1796875,-0.06513031125888673,-1.4352958543565077,0.2054916963138163,14.63150704358241,0.23971497764957195
13.18359375,7.215371720757838,-0.26914990948556416,-1.052811140641841,10.014751082101764,-0.12350153762086472
13.1875,0.9134980879414999,-0.5832035944555879,2.0252166375659364,16.482642893386235,0.6023465216862107
13.19140625,2.540237243898495,-0.5061563301601462,3.5667712717347193,39.01682474495017,-0.25335486107727256
13.1953125,-8.092588030834802,-1.4692125383333838,-1.7251595121376546,2.05219000371795,0.33650303634266554
13.19921875,3.0987750434074757,0.10284392286554891,-1.4988802255063014,-0.6737550173582765,0.004569691595342685
13.203125,-0.9614222495206938,4.315735118235588,2.7778914041458647,-11.531343664906135,0.7476782336298092
13.20703125,2.3099497240461013,-5.366125212159482,11.03096168071913,1.559568170223816,-0.0200806540947258
13.2109375,0.8988938840440065,-3.4731699044280298,2.471622407264664,-22.196142033513723,-0.005990410703960797
13.21484375,4.036382676946019,1.95570924527673,-2.8627196860379067,-1.316161268242686,-0.28474171969657125
13.21875,2.9038955341458683,-2.7173287702475974,1.2882928368006539,-6.479545940525568,-0.4388980793691526
13.22265625,6.847286837659538,-3.3453235865759092,-1.0282095659499044,-2.4326208790120223,0.28844904631030044
13.2265625,-0.17355042691559694,-2.67436459824334,3.452545837069083,3.847409154309532,0.6752942370870003
13.23046875,-3.171358032423151,0.8370686331885426,-2.4294792835751102,6.22491621857558,-0.3061446298798809
13.234375,-2.773608502927448,-4.006262512100123,-0.4712708758072994,14.940072882635539,-1.0380842957435723
13.23828125,4.311707934010724,-0.7927069257487228,8.398623295273326,26.46802145690483,-0.05296512344340897
13.2421875,2.573869139713431,2.43454228481762,6.725077880880635,18.53606899626711,-0.15591285823981946
13.24609375,1.8523423885325052,0.759212842908443,0.6900863120226641,-9.416790624279821,0.7671787932804865
13.25,-9.947695678182614,3.6218979424657896,-7.914188781846096,30.30985037897888,0.5777792187569984
13.25390625,1.402044261457104,2.6928924286451146,-0.2940315050292148,15.646410278073695,-0.01584224998639066
13.2578125,-1.336071356899502,-1.7520761979080894,-6.673668994775909,-8.036705632911282,-0.07356147786984588
13.26171875,2.3600967466735923,-2.7112203969656474,0.20732347659938943,-17.761539498060703,0.0817390854495338
13.265625,-1.2270502601246824,4.610995421691192,-5.872631630982745,-4.441692996315884,0.3833240669992443
13.26953125,-2.63111281461333,-2.0850777542552663,0.6039564971613646,-19.241485976241062,-0.35403710419914236
13.2734375,3.5088544967298083,-1.671913071162672,-0.5536617983903636,9.446819549545431,0.16426335145540485
13.27734375,-1.6948250716783901,-5.2575953921878815,-4.7249225746429655,-20.553103565344735,0.17432875375312615
13.28125,0.9233188474310682,-3.958356265537809,2.1553647200476806,-16.216621644445265,-0.04278382636297261
13.28515625,1.9157154798417726,-0.5974659739854175,-2.638937080708327,-1.421222385810868,0.26412741007364715
13.2890625,-1.500746685778224,-0.5523851936292066,1.892114287174011,25.887037865987516,-0.49509825190251056
13.29296875,5.284880518202881,-5.895806348624338,1.1966851350142027,2.3301096273236594,-0.3504834838658197
13.296875,2.096308380711549,2.363262660876841,8.212563990628036,0.7013379331227387,0.22507686308088262
13.30078125,-3.731233069270143,-0.4183017340849603,5.6984816338433255,-1.0988893557624717,0.02843970339872797
13.3046875,-1.1610468632916289,0.04997936301997288,5.51514402666459,4.303783251344395,-1.43762893733396
13.30859375,-0.36615492907569064,-0.9546861669672372,-3.2244658282148193,1.7371462757272962,0.18459839869994485
13.3125,-2.083986617379873,-0.9622682120045097,4.727570681590427,21.59015099355439,-0.049579377891942854
13.31640625,2.5624571868047,1.1540983338876794,-3.0862214695009205,13.13885688538625,0.8408332749914266
13.3203125,5.400185932190008,-0.4463351766279803,-2.1770004781870513,17.85043939209831,0.549661152269185
13.32421875,-5.442757974838897,-3.640856460709503,4.0750082704164505,25.421284611607895,-0.19291459206244074
13.328125,-3.381729278854221,4.848140678718557,-4.919858829263902,12.490089230118757,-0.42203559017584363
13.33203125,-0.5109536576208968,-7.233351421214567,-2.8168737669456525,-4.4264208929331055,-0.05293574715417833
13.3359375,-2.653747479276413,1.3211032818912443,-5.201478618781651,6.085134825896065,0.06971054108637113
13.33984375,0.7078838990152592,-0.23546675023307256,-9.287359865845863,-15.492521470718646,-0.7524217573058799
13.34375,8.906232997290056,4.539783310608325,1.1680686085083343,-11.514259336507667,-0.29687512356564144
13.34765625,-2.1537915281928464,-4.1258696057321655,-5.087405359289202,-1.6014621718467126,0.1701710111648272
13.3515625,6.398632162832217,2.0627255608704407,-4.510760119285878,-26.428388299046482,-0.06380067468485333
13.35546875,-3.376633211757986,-1.019826856935416,-5.596677995445021,-15.452224482228276,-0.1388236769909391
13.359375,-2.254017460131839,-0.04382998179613511,-1.5733835939616694,-3.322350899944353,-0.5901194351843433
13.36328125,3.6755003672697586,-0.6920415621048511,1.1843894151779808,11.924341609370128,0.14086484845670197
13.3671875,-0.585524355830055,5.546017127447373,1.7517820884405513,15.032780913656865,-0.04358475610886885
13.37109375,3.137357261459816,-1.3525654158673215,2.4817765026841894,-5.52970176276995,-0.9685163600220533
13.375,-4.594493546978477,-2.6636418165760847,7.414437026260288,3.0376897047261906,-0.7099000504313764
13.37890625,-0.3886743845766439,0.687210714088235,4.453207076908687,-1.4714019759408945,0.5778457318380402
13.3828125,-0.8932256887600049,4.505259026800877,5.509671788906871,-1.2204328914866256,-0.6804866986328071
13.38671875,-2.400817337345788,1.7690606765465087,-1.513506009036691,3.206977172120167,1.4054917911184888
13.390625,-0.4652393853082654,5.184084395451249,1.09943825970664,-17.711072754088807,0.23562798910622088
13.39453125,-3.762854536265331,-2.435686926857899,4.435156819202922,-12.313090043126426,0.5291428440787568
13.3984375,-2.8038874979243347,0.6574751642526586,13.692617900062253,-56.00264906315712,-0.050670385498344836
13.40234375,-3.2811355921910805,-0.3295080951042099,4.776768706446268,-20.85792823321279,0.5585297001388798
13.40625,6.339498062515418,-0.34260561686826096,-3.6842534451016,34.71987253248191,0.14484806138086223
13.41015625,0.3121928840954751,-2.206016071363708,-2.431702973773681,-17.00054202222205,0.3205323612396295
13.4140625,-7.672957374572282,2.7670586156556616,-0.059373730821280835,26.791140192913726,-0.7217194446829208
13.41796875,1.2979342170490034,0.6274398697727804,-1.6322332443746383,21.59642425740043,-0.295912917725112
13.421875,6.960952706352457,1.423768857428171,-4.732806679675678,39.18110807175481,0.2751397940158029
13.42578125,-4.138102087466608,1.7105394962632947,-2.5546253175150255,15.739249001018997,-0.5625747718539476
13.4296875,1.6515970329926097,-0.0633536910998211,-3.4172925584545255,3.996989344559026,-0.6099772742645456
13.43359375,0.876300430036019,-2.6817393585882874,-6.047276825113016,-7.416205621664433,-0.30246513501995387
13.4375,0.07036714118101173,4.949111508030798,-2.5159593278028427,-14.390159182459241,-0.3295865101600703
13.44140625,-1.0696554136021161,-1.5227516753660493,-1.2851250013351425,-26.814630012646912,-0.040632980387000264
13.4453125,-6.392319167082627,2.3100896900724575,3.7850771951169735,-14.452618746292169,0.7354586718463306
13.44921875,0.15308594374069423,-1.6525234991526083,-6.8938421067243985,5.400234481279963,0.0702168835587053
13.453125,-3.2193290302962456,1.0380443363837477,2.330877564132377,9.452996605598898,0.3280634766733254
13.45703125,2.8698271154735764,-2.4185477355410345,-0.07635234635904764,16.820326934735355,0.4103155238097227
13.4609375,2.404071127233356,0.10061240687960774,-1.6125947505635718,3.713097187864628,-0.7674383583109401
13.46484375,1.6743576008263141,-1.6649962506641447,0.4496217951026531,-18.37045538639366,0.566639197016737
13.46875,2.770840357712809,-5.273103480160859,0.747095390166264,-3.396407615980749,-0.13137788446193363
13.47265625,-2.163099356166397,-3.9249951909623593,-4.305827528927931,28.055664054254624,-0.19681668898519739
13.4765625,1.1318111336689947,3.1938123905655607,-5.847785029108666,-39.486819587257706,-0.07633390060690515
13.48046875,2.2790128869821396,0.9229791130082803,1.6017320824168118,-11.003619584664293,-0.06190072273705279
13.484375,1.5401374406366688,1.2910786104122636,5.994773823549179,-6.848740902749717,0.3325684199790044
13.48828125,-6.318428433838088,1.144723977642847,-0.1703061808725117,-23.54407735128313,0.7094706637070737
13.4921875,-2.806635327393136,-3.447709839605573,1.728171648458125,-14.7960252412964,0.1377249865491681
13.49609375,0.32681451355738783,-0.0879598185804976,2.296586490354814,15.11768316767703,0.11863470601826619
13.5,-0.18052307284201197,0.9145472271740751,-1.1866018999615655,-8.3296571766685,-0.27374470164934983
13.50390625,-3.1073322665591836,0.7802777738533242,-5.124548451310722,44.27301897118244,-0.5669883187550169
13.5078125,2.9330431934294126,0.06177181297996032,-6.343242627107498,-13.060149383340267,0.46906350811369496
13.51171875,-0.7289466827231756,-3.812229228565143,-5.582180561511718,47.53327655667692,-0.14323317363467508
13.515625,9.372395653233632,-0.60096782306339,-6.796226155349349,23.239457913914155,-0.6752464204711123
13.51953125,-1.3091001287318529,0.32107464030460314,2.3191733333029654,1.536101722047622,0.6975355399187648
13.5234375,0.845408987157162,-1.021872527604057,-6.476393161259793,14.671765713299227,0.3716902719116088
13.52734375,-2.1220446378578726,-1.5039726432959961,4.679023546904961,-8.977975580291998,0.3989148658989319
13.53125,0.5374346873247811,0.4151989607358618,-3.6585803908304753,-25.57458752751498,-0.7355215350695122
13.53515625,-0.19985398617764216,-8.779899987100064,-3.319610765518081,-17.465884615284995,0.3315226485743732
13.5390625,-5.1094164159063,-2.503003178738287,-2.581129786599379,6.720407321252916,-0.6535700029732439
13.54296875,3.3451560107667127,2.6014484680914003,-3.741927924247521,7.680590228131879,0.658656309089171
13.546875,-6.729246882047122,1.7648228351989137,-0.9487387828943481,17.43223729575182,0.6087557782763929
13.55078125,6.775009754673446,2.8733472354599856,-10.747862310287253,5.651726692213002,-0.16767795033725813
13.5546875,-6.311673084075863,-4.96360491144055,6.329173058154932,13.811288382277707,0.5257342519341653
13.55859375,-2.8816065504372057,0.7008605920639236,2.3762906952901366,11.221088117523202,-0.041468680332528624
13.5625,2.121764598452587,-0.6810401007495444,-2.7261658063463607,54.24110010906648,-0.11834230941132844
13.56640625,-2.0097707599421484,3.8489823637400087,5.657400148183001,19.66892648813091,1.1375074703607087
13.5703125,0.08875578306799525,1.4778837561204052,0.686898663536117,29.327483972489343,-0.22691354641093547
13.57421875,10.7215362235371,0.10738694905759376,-0.3157012998900206,-36.45523235718126,-0.5336139795254949
13.578125,2.5189998169726477,-5.4895028344784755,-0.360059931540738,-15.581773654600315,1.0883069487469705
13.58203125,-8.377862691792771,-1.789485432040392,3.033102547373397,-6.321939747421298,0.050795289698658146
13.5859375,-3.7690893104219607,1.759965547479255,2.2001634374676913,12.32834904334969,-0.15212369197808506
13.58984375,-8.141479753370893,1.9485811540464213,0.27857512073090995,-7.011055668485056,0.44408956043745307
13.59375,-9.632817856543861,2.272884191331188,-3.2186274017871104,-9.275299483205924,-0.14051738568120786
13.59765625,-3.7450219706222945,-0.07605396138392644,-3.2312552446998897,10.00071274396552,-0.1257636396640643
13.6015625,-2.18647464878691,3.9840820174212173,-8.906446730748385,-23.909597105244256,1.0313857095660068
13.60546875,4.894379455223446,-5.08837947183988,-7.197961594689214,23.67763920169798,0.08057724578833887
13.609375,-3.07226228047491,0.4350532079030336,1.1142332582027135,13.81166720169788,0.4960419428990063
13.61328125,5.759772988200364,-2.4377348965699053,0.5081988289480375,10.257255984091692,0.6069527109955382
13.6171875,-0.2745646855060019,-0.03075477883979573,-3.6279453617319706,-5.805695269657145,0.01913549942808523
13.62109375,-2.4053237205942093,-2.704961005253966,-0.7192746145350035,-2.1118222703182443,-0.7985218221682823
13.625,3.1704762330823977,-0.4265036329686013,-8.038622196442914,-2.920123799445385,0.27488451851147966
13.62890625,8.718555465342238,-2.149376254449299,-6.0927663592393815,-22.80833140265125,1.06930980611089
13.6328125,4.608007717815101,-1.8336403114292756,-1.3984146924173388,-9.40841207923602,0.05642942414694752
13.63671875,2.305538071349217,-1.3247404041030233,-3.7733830168478986,-19.321133397532314,-0.8608215134881876
13.640625,-8.375410199097814,1.8946801559251885,4.6443860413504385,13.052088067291644,-0.8979358357136962
13.64453125,6.529038001155599,-1.317546269194708,4.92101608148322,21.962237998519015,-0.5044932674086233
13.6484375,-1.2140358798825601,-4.582291621864099,10.099049890846194,-2.0169561971664667,-0.23735562978418148
13.65234375,-1.1054053084859214,-0.25901137141457065,3.770400468367107,-13.886217543208883,-0.18083871859923306
13.65625,-0.4798564635391376,-5.337815976620982,12.538963146777272,14.369589510074265,0.21458314527106861
13.66015625,2.8893923926586984,4.567336776189371,2.367097048059243,-19.08976065780756,-0.2569094174408202
13.6640625,1.1729550871814074,-2.1591420225515177,5.113108405441892,-17.18666888567886,0.04016064935068381
13.66796875,2.7701919086384543,1.212384227278497,5.582160963279607,-25.679988899645227,0.3940013496138668
13.671875,-5.9533595950443905,-0.21749565564322995,9.3064280055346,-20.397488812181518,-0.25163160661829315
13.67578125,-0.17372819601459852,4.819051561473574,-2.164957912750803,12.353479602912854,0.1940529272423411
13.6796875,3.509509607968646,-2.1436065689796155,6.324577030608184,8.860964116026393,0.37843093782887166
13.68359375,1.7743932179441586,4.763220474948587,-0.024002988312165907,-4.186496146637844,0.06467392522920663
13.6875,1.092256545114458,-1.3291286560408475,0.6579379754366006,18.83110151825221,0.42923445595582926
13.69140625,4.944970751243639,4.196250399673447,0.05263537883285818,10.357406574015512,-0.499468389745131
13.6953125,-1.5716900186897458,-3.3029570807440303,-6.327725981576327,10.338807123558208,-0.07551251440607187
13.69921875,3.648754682409338,6.022006820156176,0.11067141482073062,34.804814978280206,0.4486006334369083
13.703125,4.862622313552251,1.432006038433137,-7.554560876638318,2.9647600150839564,0.21474123699919084
13.70703125,1.5814971484607874,0.46329782568756966,-1.0514400752645727,7.285817512084576,0.4898770191746117
13.7109375,1.4470173179417851,0.5994222302929334,-4.5449806336587795,-6.7460570797186366,0.1879776414407747
13.71484375,-3.3154744528954794,1.6874603668966655,-2.0096180703733983,-9.580997439088646,-0.2525660574541489
13.71875,0.4608305156543866,0.06415610277771283,-0.4922746040481649,-3.7573459039699486,0.30874005347158173
13.72265625,-5.920472847008531,2.4232936032625627,2.100349074695136,4.579772408089331,0.5876764050502388
13.7265625,2.892211976642161,2.0724534987512397,0.9198042239555951,37.19780246714332,0.7609174503590227
13.73046875,-0.4580626862255767,-2.385679551095641,3.6813444240110584,12.518977192323312,0.038391261945005806
13.734375,-1.3480726082345746,-0.8464693580230667,-1.9392916010204524,30.941125002562064,-0.9299235667495839
13.73828125,0.10667554030642636,0.3318212472195651,5.42916783178723,15.55476431913258,-0.287022828396622
13.7421875,-1.3470303999452844,-1.022921841779392,-2.241574674414447,-3.225165033613928,-0.5327312937195162
13.74609375,-1.1948842218430844,-1.2776614050244455,2.4465743327494485,-4.978088682287197,0.13671148797962476
13.75,-0.1511923179454157,-4.244285097561837,3.491848721632416,-15.545149971410927,-0.008236038760237555
13.75390625,-7.3493883351218905,0.30209376378497543,-3.1757772585133797,41.24000464927982,-0.8681436218501258
13.7578125,-3.408932369399828,3.503531718111954,5.004915225596756,-15.168854579672027,0.6578804911992941
13.76171875,-0.3699687031585135,-0.7665613377305892,0.7584482807374506,-20.55796138567338,-0.010120405217735712
13.765625,2.6893918940592925,4.285068364225291,2.9612784466245845,-5.4807799695387045,0.22001916354116405
13.76953125,2.3683697991685952,0.5833658796101766,-1.9915467307979946,-19.627724781051462,0.09190343873822301
13.7734375,4.934898817093372,-1.1419178911923709,-4.599091849558299,8.11068329500774,0.2156073215213255
13.77734375,4.133011863837404,1.4823038937099278,-3.9008457648269523,-2.074242911054805,-0.43968966970790296
13.78125,-1.889007060597224,1.8585951208905978,-5.170807743661001,16.740592427818264,-0.43869597586581605
13.78515625,-3.614753917194699,-1.1270567997248242,1.737790572260851,28.19095538034561,0.6147867750466753
13.7890625,-0.6873199578197404,-2.181009160105511,0.5216275242291974,36.40259328584976,0.40369146668928474
13.79296875,1.6403067026369813,-0.3005042836199697,-1.0873090576729623,-6.508268372614866,0.4469001733948553
13.796875,0.2668726897767389,-2.572527991315998,-3.340740480419212,5.0252415806632165,-0.049841449750348724
13.80078125,-2.940673234761055,-0.6155705364455776,4.327805156976305,-6.949424307837526,-0.2938558046580024
13.8046875,2.2458001896893798,-3.5284549301993775,-0.740308777946818,-7.601323639929039,0.31322368240116727
13.80859375,4.446724005470996,2.584330550256908,-3.0573235409130968,-17.550683442033616,0.2082365297983038
13.8125,1.2747569514232306,1.802417744264884,0.6453179204562949,-19.72777873671533,0.4902820238661324
13.81640625,0.1417032360978624,-1.0000047868128181,-3.227546217538674,21.607603702855382,-0.08905029947513668
13.8203125,-5.020426133888547,2.644251297894285,4.384694257720289,1.3923566630358533,-0.04784929046051342
13.82421875,-7.071341081434377,-3.6256315153131515,-0.6790598301335107,-7.4924267678746865,0.6612479717114852
13.828125,1.6112364026553017,-1.6773894581235531,-1.1338561124613264,-3.832718186875372,-0.1022067386386913
13.83203125,-1.4670716540479105,4.735045592808607,1.9943089036191066,17.441830529329955,-0.12025104816148476
13.8359375,-1.9698678762451316,-3.5215210142062343,1.201606966635078,-0.3734982110483287,-0.03328854356534494
13.83984375,-0.21673432348295163,-2.128589366025594,5.919642262826031,-10.309711270248668,-0.3779816646496075
13.84375,4.020406771973506,1.0298454817522105,3.179726045745781,-24.188356223317506,0.3232083216482323
13.84765625,-6.96229425502101,-0.575838372639959,2.172637614659278,-15.02297719582509,-0.48583081643992054
13.8515625,1.836024351988953,4.3718505221368105,-4.12646174775669,-28.89701739366826,0.27797249340886937
13.85546875,-0.8220898706694999,3.0761129761400197,4.784738487351805,-32.52488847735752,-0.11100590568224118
13.859375,-2.091825799348718,1.2817878122385977,1.923227873748871,-1.4034085582676177,0.40094417041896996
13.86328125,-1.020358889253827,2.9112302092579183,4.059395451367378,-9.099894930089562,0.617808161075417
13.8671875,4.872039810516241,6.631060598719479,-2.2294305295760077,-44.91525946934682,-0.14283675110523486
13.87109375,2.0488793021831535,3.2034150940039203,4.081874244795293,-4.8876367663467715,-0.8402173444688504
13.875,-4.420534308362843,0.4598195756038044,5.399279899098119,-10.312258781792622,-0.3317656999347935
13.87890625,-2.5294295096494257,3.0913377606814163,-1.8201551480702212,39.94837048356444,-0.20301024604750903
13.8828125,0.34012589035650004,-4.575763690831208,7.9849479541146025,41.330650018200046,-0.6971236459561332
13.88671875,-2.028690453773581,-2.884791990521167,0.17481346696493993,-18.844678381552185,-0.4484688261241966
13.890625,-1.1587311855420497,-3.016928821040038,-2.231734770666538,-18.528253775187864,0.07472028000807111
13.89453125,-0.1140853881393433,-10.678030385440634,-1.2362180263679015,-24.43060201851677,-0.34594307277982284
13.8984375,-1.163623914292774,4.813994784306116,-0.3322996288657345,-16.679821015694742,0.3218743526367914
13.90234375,-1.6327816491083587,4.451340626007309,2.8684371149233194,-20.358015415628145,0.31744441458203926
13.90625,1.9148089759854852,-3.9849279756920084,-3.1884355456576317,15.12189314235269,-0.42718926897960435
13.91015625,2.6996215176973855,-0.9837846671623591,-4.61221002356902,-6.9196158059432005,-0.27308582029536377
13.9140625,-1.9111617592004622,1.7736407453710825,0.6859198482481783,-6.9859261076508865,0.3127059400670431
13.91796875,1.657511646145474,-3.633038875916675,-1.6151000666674875,40.79401264779341,-0.5359285095656708
13.921875,4.715973049341485,-1.771543206146073,1.6911548675757615,12.391610509349755,0.022507260193152603
13.92578125,-2.901061126487398,0.10875181889520484,-5.736302304372181,-7.358151335761356,0.1531852777046524
13.9296875,1.6471158357739784,3.8536757383486444,9.7016745708356,42.51255287577696,0.5995268211325723
13.93359375,1.4342773687545263,5.643406004590478,0.6032422982480194,18.989645984946492,-0.014068562203939441
13.9375,3.150415064449367,3.073843297045746,5.439416390642593,-28.368101136320547,-1.0183926397572125
13.94140625,-8.615402558339234,-1.117768957494994,5.735902220284455,10.88617753688744,0.06636488804593749
13.9453125,0.40662609034463365,1.0402103957277595,8.728944742935488,-3.8680527314532203,-1.0131824953215698
13.94921875,-1.6405297246805697,-1.0034479448484217,2.962005027589884,-11.615844662741729,-0.29266302888856366
13.953125,-2.4391270991335605,0.9260917192318787,-1.1720326284897098,-24.397848845121093,0.045754788215948375
13.95703125,-2.493821534293197,-0.49411800483269497,0.2485313373501047,33.97104113988203,0.3622867163603265
13.9609375,2.021084077514119,0.7098530635206256,-4.058661631585551,-0.22693716615420456,-0.04657283817630624
13.96484375,-0.6068166817621706,-3.5208429031030546,1.5974575964042588,13.618632635746717,0.05933630440699889
13.96875,3.797181457929137,3.697134912094657,0.26025899060551305,10.433117711767702,-0.671589538825415
13.97265625,2.3878172340622434,8.192268267831546,-4.771842691112074,21.10578612863949,0.6641453191499228
13.9765625,-5.636495877780614,1.3644496455008803,-1.762537975186562,-18.255239232963447,-1.265902214728305
13.98046875,1.3170041644962673,4.6252633404525305,-6.835662724059334,7.257703574779103,0.717634108143607
13.984375,1.9304575917984939,-2.3798650029318384,-1.4324851578866935,-36.03974104893928,0.34863458978893064
13.98828125,-4.295581795070348,5.455847715396909,-2.296699075630425,-21.799247922998955,-0.02602248387313637
13.9921875,-2.824749129939483,-5.726311141798507,-4.463660102402985,-10.753551275399188,-0.11826207534780865
13.99609375,1.9408231970548397,0.7777937893702369,6.440840903938429,1.3432494439688956,0.23083987920052368
14.0,-0.5662142802055127,0.4415799430202245,4.94047785242325,11.289878139156393,0.20298476471121807
14.00390625,1.4888960339309492,2.3956775448032537,1.5389605774582242,19.83503927869706,0.16734456265085487
14.0078125,0.7886849797071646,-0.03062168840903108,-8.131782484798816,38.41365750951317,0.1663396619014033
14.01171875,2.995434270960209,3.5072387908236067,3.9828373011663083,11.480595834834464,0.0011553191652620516
14.015625,4.135625093943333,0.5001500248329291,-4.8319952459902655,4.018011219168348,-0.22575413296347757
14.01953125,2.2191659352806083,-1.2732005052575814,-3.9003207687765995,-20.87506412151675,-0.07941944302179069
14.0234375,0.48500769903987306,1.281874075094661,7.379168769373415,-11.845544527575706,0.20561425102248806
14.02734375,4.017266874784435,-3.8148811325578853,-1.965700821237804,-4.099188300337575,0.6350480896801596
14.03125,-5.001232216586401,-1.329373868031455,3.403720657362851,8.965148161883455,-0.11622315645626274
14.03515625,-0.8520807794933625,1.881090011135206,4.594209621131968,-11.276090304585317,0.13982587331334875
14.0390625,4.340767959055629,-0.041374914730251976,0.5484856727337442,-6.625849805433532,-0.17634956490340659
14.04296875,1.4920295602846025,-4.149372051018073,3.302063498850539,3.7046817323424923,0.5057075886966519
14.046875,3.463640419918659,-2.8356979206862154,-6.020135829623258,15.98042938706384,-0.3035904525150804
14.05078125,-4.686134150892894,5.536962441645791,1.7407309457629618,5.162270460524544,0.2940597496251759
14.0546875,-1.9825331804228588,-1.0375715724223373,3.4973490912910092,45.48943667026741,-0.4461794285374062
14.05859375,4.2595351098921705,-5.537980735824693,2.3892803392495394,1.0756562521179571,0.21469694300714587
14.0625,0.3403757417212594,-0.9391807479079393,-9.190432350888127,11.568124600604637,0.2029171761546099
14.06640625,-3.335259932374901,4.9234685733498615,-2.2735418411104624,19.81009578410137,0.8354188316333657
14.0703125,0.11375583276757083,-3.0384352614377588,-6.298417464864043,-22.611435426928672,0.07085070919230298
14.07421875,5.66934808151028,1.3403416833502673,-1.434702794892624,-15.402054492672054,-0.17000837245003642
14.078125,2.4418028287458267,-0.7049962184162425,-5.17872705044841,-2.5296462705149505,0.8639981636583534
14.08203125,-3.91503006465424,-2.272859491368845,-1.4596935016341275,0.030683112926398692,-0.17443002272404573
14.0859375,6.738742523611528,-0.6522219558688414,-1.1341311598627453,-4.871588628269082,-1.2356456839360648
14.08984375,4.687803171313756,0.7643624589084803,-3.371453569026604,0.2247491286807186,-0.1399603517511437
14.09375,1.0842004375674297,-3.4662986370935993,0.11876484917439234,-7.597255474163912,-0.539807224912409
14.09765625,4.4684992126118095,2.914915088449507,5.825287008993045,-0.5873877232781375,0.2708356899022805
14.1015625,4.291860034488517,1.344117431645148,4.7497657843420225,31.24385395038287,-0.4920336233479772
14.10546875,2.5811571459797262,-1.7382521345474815,3.1372191286733866,11.731134533657594,0.5755081408535686
14.109375,0.09329790691938432,4.808499350077915,6.426337493680757,54.710794719376445,-0.4777853261976015
14.11328125,-6.176468154409995,2.6939318753591683,6.67715550428465,0.6473466841321297,0.556639947654813
14.1171875,-1.1842739341188975,4.968043248116034,5.3133704380114715,0.686813454984728,-0.5070924250827914
14.12109375,-0.16254200096029806,0.7880309256921283,-1.6165368314088897,-15.59894930759302,-0.4024980272263958
14.125,3.806620020452131,1.0516376055628283,7.620500345611783,12.367074091981678,-0.6971230828073632
14.12890625,-5.221623004710556,-5.480915665282687,-1.7907533148232821,-0.38500586884723376,0.3226530748140871
14.1328125,2.2639371254151572,1.4148469814951934,-1.5326176653097978,-21.020872153327517,0.022949193783054538
14.13671875,0.25425468463433243,2.1072442574080954,4.3278013605917,-12.345748930277999,1.2876817641592133
14.140625,2.1864594607448704,1.3229143350489379,2.717385234810619,24.45497441847126,0.9149564991495894
14.14453125,-0.7645676997779507,-0.5269540107611863,1.2020662687453973,26.8059768900502,0.5138537059470704
14.1484375,1.375055408817849,-3.8018580639941515,-4.473571346588336,-4.0629371519560795,0.08632858496296011
14.15234375,2.0082562361964773,-0.6449020047766242,-5.560374251015109,24.14843496521874,-0.7043381756791027
14.15625,3.777691652440476,1.9667299394842563,-6.569509553433134,-2.6649692285656013,-0.42719134124721
14.16015625,-0.6191575765102791,0.44322123724567775,-6.507467061830267,29.18805907704115,0.7753689249964271
14.1640625,4.567627597804612,-3.8890628463360293,-9.412089619823147,-32.51795932136366,-0.7033476706565316
14.16796875,-1.0915141617824433,-1.0646249752933832,-2.601232919270065,13.060940462552976,1.0280439199056146
14.171875,0.3045304042319943,-3.3183308931144735,-3.461415051032846,-9.025745963428491,0.06676581129230193
14.17578125,-3.500993885476182,2.9531324574540005,2.623538342294977,10.091858608563568,0.3326859624526085
14.1796875,1.2765475195074565,-2.4475252568415966,-2.022491049726023,-10.833905931173522,0.2211911398526761
14.18359375,0.6045997508107764,3.0561388547649644,2.0369768040137,21.74188211170684,-0.7076561359410649
14.1875,-7.960377744792185,1.0586734498052675,1.6348403425334386,3.684602844951111,-0.3722928457353069
14.19140625,-1.7579432793460137,-0.40618500184123874,0.23477098099722715,7.6652733856341575,-0.5842314877569725
14.1953125,-6.183657374006773,-0.848181217985607,-0.37180986796997084,25.71691069021066,0.30632638037335774
14.19921875,0.8874043673122597,1.0343850895867688,0.5694333129996125,34.725918958702344,0.1393851020409476
14.203125,2.3413804034575136,0.30128912796774643,-7.08620034605332,-14.52698772684805,-0.3257133044460343
14.20703125,4.671979427031252,-0.37021786074608776,3.2627646443389358,-2.829411947435341,-0.09143161774195323
14.2109375,2.137912604894732,-1.7765752937358887,3.3473217397139665,-3.985731416867039,-0.3940931793123467
14.21484375,-0.5019012556436717,0.039374772452963884,7.455735495690478,-5.260779492236333,0.03233437954972326
14.21875,-3.4470150837635245,0.9111934675421753,7.878498537548765,-39.41007829906398,-0.07308022038569119
14.22265625,-4.329803425547845,0.1284948310248315,4.8145206415855135,-5.200379754460743,0.07498325275970466
14.2265625,3.1694521741654365,0.3471928725637943,5.911249893152995,-10.309532291550294,0.5044093565533255
14.23046875,-2.173516735554518,-3.800856347661977,3.4930210917383793,-3.7765810893620477,0.11718371715503045
14.234375,-3.141990873965605,-1.879817975209992,-2.7349921847325387,22.888573246693973,-0.35359771602100837
14.23828125,2.2032623393991333,-4.295890565259726,-7.640406471362997,6.74382535824733,0.4751823979391417
14.2421875,-5.917317534146997,-0.6503330475601574,-4.881064421603094,-27.300672870735525,-0.17103480563084283
14.24609375,1.2764322129528518,-0.45479464503381023,-0.6482006673448,-11.035819579930942,-0.017875778830179285
14.25,-0.20524403087819107,2.3096226169989813,-5.0741183508709895,17.362418098773084,0.10502993217419107
14.25390625,0.6070494927365215,-3.0918660980735133,-2.243485623326887,-16.591851081057793,0.0951419532682109
14.2578125,1.7148990018790735,-0.9019769220664666,6.76437063111913,-21.870454846598427,0.029466434150344428
14.26171875,5.5417540077878185,0.2592401651086952,4.658965002614626,-33.87801356517794,-0.10831964723861992
14.265625,-2.7444911296734253,-0.903334209107741,0.6694514352796672,-17.01725505901624,0.10226802887033487
14.26953125,-3.4915815367411347,3.003887566249978,-7.426789638302881,-6.114852408678849,-0.22466272835613732
14.2734375,1.6080361610783376,-1.6161075063186683,-1.6972788888011523,33.51482889770779,-0.9596808332464877
14.27734375,2.35666610060309,-3.315564439743321,1.7443961722242518,23.437050669573104,-0.3264736402827441
14.28125,1.438874761983807,1.1928373192794774,5.498118164650378,16.87661990550282,0.5261570050866148
14.28515625,2.943490795068481,-0.2711681937739646,6.530016409863408,14.970296913394046,-0.3195696883154997
14.2890625,4.496798863664613,-4.95997648979181,3.1726848187118466,22.757128905951767,-0.2543482543781396
14.29296875,-7.465475526927849,2.4246251559931373,0.2830985071608363,-10.134451453497842,-0.3682692802459905
14.296875,-3.055788893900476,8.159063316609744,-2.49091252392686,0.21700510048835842,0.2290777190600786
14.30078125,-1.816827112221119,7.004529040736898,5.190851058047331,-21.388051884645535,0.10813265477233819
14.3046875,-5.420938614531285,0.5368447843312597,-3.7115043945152677,-24.88735584895398,-1.0370212546502626
14.30859375,0.5789967871419207,1.338097626699167,-4.952907420972519,-0.38743776729980794,-0.8979175553231167
14.3125,5.682313489963841,3.6561721373462155,1.5170619700109298,-0.19719142894371622,0.3278525092355928
14.31640625,0.6814261929430309,-2.584128051819912,0.6854724864633422,-29.91250621316144,0.061064488100616224
14.3203125,-4.915020695991308,0.26911255744526563,2.5631117190278774,8.373731480215104,-0.15030279884569447
14.32421875,6.142974906407634,-3.118238215059064,-4.994520386064773,12.961460402862787,0.5275057276844579
14.328125,-1.1831509149478239,-3.279745407820897,-5.239531125056418,29.735232483227435,-0.4614654887763844
14.33203125,-0.29149437198166733,-0.07413852547759672,-5.214024181958987,9.378970586697232,-0.0793541547877923
14.3359375,1.3363626047108619,0.6362591046488163,-2.941197410238199,15.897267283865212,0.07516397051608081
14.33984375,-3.663615235454867,-1.5453452752931303,2.9518000644373905,-11.913494984070201,0.5670150673785612
14.34375,-0.9368226243880119,-3.5731932738094105,-1.957381501877955,34.11491076360064,0.5787690037122064
14.34765625,0.30590418482632165,4.229314862606064,1.780408464132833,-5.217271754233573,-0.6454234423536348
14.3515625,-5.018078566337536,-1.2003179747641566,-4.240739293268567,-23.28593269239786,-0.7567044949719617
14.35546875,-2.1417739626081143,-5.8001161310046445,-1.7853657074252038,-38.8046706259305,0.08545726222770841
14.359375,-8.064282185319845,2.9829283473517014,10.301666870656282,11.550432555794584,-0.5805366665610597
14.36328125,4.365765773474391,1.7196088247789505,3.3627465299924753,12.562616391434517,-0.8612070062159264
14.3671875,3.4543681158091535,2.065538761365856,4.3209306488877335,1.8214980858065237,0.029913438140686904
14.37109375,-2.2246427096984243,0.9743496854972287,-4.0715151365635,11.116879161438902,-1.4282239367790386
14.375,1.7722352146751077,3.6200428783453384,-0.1707020037645628,38.64676108964204,0.6391718225449271
14.37890625,4.167649872040836,0.5869723295114723,8.613140697819444,0.9296274551357939,-0.22377487163685453
14.3828125,-3.6999775321006676,-0.10939262896170596,3.6266712272394805,21.900736165661726,-0.08259168038041946
14.38671875,4.300400597813179,4.923941568343543,2.824272496232417,-6.89502715461744,0.43233587700925896
14.390625,-0.22180165303701166,-3.0325077687864788,4.1451961311130265,-5.847554741941293,-0.8330124870674106
14.39453125,2.2792132391438873,3.690144149874114,5.653143982833971,-16.091667799883073,0.0223245570268001
14.3984375,-5.128929205314636,-0.45105848530106374,-4.489670504124159,-47.258284736314074,-0.2139217535620535
14.40234375,2.967522634297798,-1.9839092415706474,-1.5225453848766262,-41.10192194657217,0.6106725379631873
14.40625,1.5673988304056496,0.7947006238348372,-3.090026945691096,-1.9117522009256716,0.49267880166268246
14.41015625,-3.378033635356676,-9.992373474841115,-7.717233614250541,2.816086135307141,0.4415870937406765
14.4140625,-0.5367631127563215,-5.102768416360242,2.8740546332990315,17.584315907428763,-0.3599526440451439
14.41796875,-1.7858872675438968,3.795151294401781,-1.9273755852945134,5.323651973545015,-0.4643660458484691
14.421875,4.620726176884671,-0.49396233917236226,-6.594688845501279,5.852723094939803,0.38675064980555224
14.42578125,-1.7272312530064822,-1.29870679876766,1.6612420655656726,-0.5810120730532375,0.23454743849815773
14.4296875,-0.5432912706202128,1.652201591034268,1.1373426433788474,18.38503037993292,-0.5925167184394491
14.43359375,6.404869598460507,-0.4714187604199284,-4.7585435779378225,7.732600955973286,1.0389834654607593
14.4375,-1.6379252790085865,2.889010497226143,0.5717156815737527,17.861263294757332,-0.24428948521382304
14.44140625,-0.31864759520423014,1.1179231702624106,3.263875937311127,-9.147303759139072,0.3797774867840154
14.4453125,-9.382952592298889,-3.624299500334298,-3.0536355359723553,-25.966001730089545,0.04230892530971271
14.44921875,-6.3858875867279785,-0.6850623017673665,-4.374228316872919,20.520100991806274,0.5985160858093302
14.453125,2.1191324788226464,7.423799867388722,6.7188369096323495,16.21421401305412,0.06114685923830258
14.45703125,0.6374293765092721,-1.8593289901664745,2.113353114007827,-17.34292898083303,-0.05918240763685458
14.4609375,3.0353058109111637,-3.0964635905910445,2.677798721307574,25.34961891544586,0.020600906148271435
14.46484375,-1.4004726973553285,-0.25988703859537254,5.924632555805602,-3.121013313716249,0.10029879512692069
14.46875,3.4025906720780976,-4.164054872894228,1.1669923776420466,24.672251419941944,0.5221779583552909
14.47265625,0.8590703075010332,-2.235922137396484,6.494508866692497,7.587968014969758,0.03840120262381477
14.4765625,0.482174519975673,2.455199613823772,1.5385104858103003,11.393637436032629,1.0459488355878501
14.48046875,3.6530993273365047,3.246814037344109,5.412574450610585,-7.433816256032441,0.7278138247802337
14.484375,3.2518606567447677,-3.8524219205219064,11.348880031187615,-30.98698182786221,0.31027887706865337
14.48828125,-0.4629546621985807,-3.274909963696645,7.702067098032558,2.6029457680635275,0.1086220326902559
14.4921875,0.39103403392358727,-2.7416909288766194,3.7713509597267496,-25.05851740745171,-0.19528943324825102
14.49609375,1.4543667295578635,2.263403605658195,0.05672221810597444,-19.555907552154412,0.5269816757067685
14.5,3.187781350937034,-1.6734546609056393,0.6725181676794272,19.65972199517743,-0.7291410824544151
14.50390625,-4.261184105328859,-2.215602134268927,1.3065662038674182,-2.6719813907182237,-0.20105276656509238
14.5078125,-0.2487993218717414,5.572187048494464,1.1215925233857265,4.192387729797819,0.029212887604081368
14.51171875,-5.728176851609301,-0.4410460468259495,4.076091501491469,28.563717382637677,0.580596999662383
14.515625,-3.021249191771056,-2.6366645655618406,-7.098376608093632,25.7184952810359,-0.16760141100892662
14.51953125,3.462517592159349,1.4674745600526067,-1.8733749337250678,13.116966248276862,-1.2682938808333826
14.5234375,-1.112895305838131,4.530225109513902,-9.082641342147493,23.828479786310105,-0.7490359144215457
14.52734375,2.0888151111130093,2.9027448759830206,-7.229882524366474,-9.895341830358284,0.08621586572067245
14.53125,3.816494325292578,2.424580990962676,4.6596081456119975,-32.375013002173276,-1.3631207220985095
14.53515625,5.983276340822049,8.260191597830033,-6.688016269480585,-4.702306230497692,-0.5366883450536799
14.5390625,0.7083971151557407,2.961726667491262,0.1878031629050665,-18.686920656322243,-0.45391444626520333
14.54296875,0.8926078876611974,3.1434810325397233,1.7238827851487826,-11.736729291596024,0.12784515285253992
14.546875,2.539938152503829,-0.17558216893431175,0.066357083176595,-2.863226800686498,-0.47090298041787
14.55078125,-4.724313846612232,1.513416335705065,-2.446307896242211,-12.488644425101171,-0.9374506467200003
14.5546875,-2.488996789020313,-1.098871901597943,2.783116358230087,3.738601511794247,0.025961179079286172
14.55859375,5.376395210272906,1.7118540373741364,-3.88225231223209,35.92330408444504,-0.6944333909015029
14.5625,9.434088426081152,-1.1764288735974224,12.449055956862155,8.393087085203646,0.2450532828304041
14.56640625,1.1716040737087832,2.9488413738373116,2.565108305324024,27.891728658345567,0.49534083470071044
14.5703125,-2.4215343072104107,1.0761350312365814,4.892844720261714,20.581373835431936,1.1719599901649997
14.57421875,1.6004172620216308,-2.8487273036676113,8.466023836683357,-19.43718404235603,0.7674281974001884
14.578125,7.517313432019844,-1.3163544947447772,2.1860401919564385,-30.280930853987496,-0.03994724937633156
14.58203125,1.5527015621122668,2.177653787648196,-3.7098808824625706,-42.59752779536455,0.05040089523345665
14.5859375,2.57041694380004,-0.16970748647852885,3.560317346630712,-24.916212649498505,0.7235061588997163
14.58984375,-1.0017872333991287,4.626818523646271,1.2029258294278358,4.069953763838612,0.7364913004666347
14.59375,10.135330922816616,3.0940934586216695,-2.6001112466347447,-15.880325997409578,-0.49049220524497916
14.59765625,-0.45232995558469946,-0.26430353529591377,-3.8935746265107,3.312717942696035,-0.19501088340485767
14.6015625,0.26129961888643494,-5.639026796426721,-5.7527879477688515,20.886508676620398,0.7191413468349453
14.60546875,-6.851098273671216,5.394749617482754,-2.1127174722921107,-17.456450562534013,0.03159504295836604
14.609375,7.060661570729301,3.1484648369272574,-7.429711171798015,6.525010681694539,-0.840851011449686
14.61328125,-0.16345876809826743,-3.5576752292798655,4.81140403294939,-4.692436832334476,0.09311935734464814
14.6171875,1.4174562809482094,3.887464812370683,6.818456076146781,-2.8398795580256206,0.9384891718498777
14.62109375,1.1124372135723477,2.5633028336130708,-0.5997417594346524,-11.243876099757475,-0.2941361896525465
14.625,-8.847006207568777,5.074788677271268,-0.384521220084556,0.8814986018370128,0.6469750566217785
14.62890625,0.5095041780438265,-4.153326499607376,-2.1870631183360896,-13.028792937894139,0.07027707029373362
14.6328125,-3.646576835084111,-3.825649209731365,-4.10696413989429,-12.048502368057875,-0.442116296612475
14.63671875,1.1782336636217126,7.313696180843829,0.48309819280202604,13.279244370884754,0.09945829765314736
14.640625,0.8902633492498309,3.519529831497379,1.1541800231482853,-25.2339216213162,0.34839222463360153
14.64453125,-0.19898939884039596,-6.033647220405511,9.404444065414983,6.311137364097614,0.5577611732328605
14.6484375,-2.8724175877427904,-3.744395242313436,-3.832406148644545,7.802285564162734,0.04426474288698847
14.65234375,3.1875231857071262,5.659638405422326,8.354904638433286,30.180292395994133,-0.278798047724284
14.65625,4.8763326418268536,-4.484915258142968,8.573148150097968,-17.187867673102616,0.9084745466483113
14.66015625,-7.563517245905866,3.212631756083297,3.1829492695884394,-20.229017344272773,0.46610620786436796
14.6640625,1.8627230501888454,-1.5660989859164567,10.2935694660204,4.459743942402897,0.22395906744737876
14.66796875,-6.045649789372674,-0.5644969241974181,5.020549640855246,5.128743122271905,0.8172128503737116
14.671875,0.6470819834624346,-4.319160542733875,6.215758898563517,-10.581421171392428,-0.7371879164485367
14.67578125,-0.014287234077509418,-1.793572784770617,-4.067919872162179,-0.0381945938406929,0.7159659682539373
14.6796875,5.298786078152074,0.08616320525740857,0.689198659282402,0.14735960675366666,-0.8088231092816834
14.68359375,-0.45411363488748985,-3.3305362437918635,-3.572205183761323,15.060688133123032,0.3615330384839683
14.6875,-0.8152506004407803,-1.8659806652402857,-4.23037372076462,24.97678765254745,-0.2354228135802822
14.69140625,-7.44926413283051,2.2967427209936258,2.5053520249001435,-9.035239185085905,-0.4436295764093885
14.6953125,-0.5615255599831754,1.8239201867134578,-1.9445847508685623,11.089530837717248,0.1908233155771448
14.69921875,-4.121771594649142,1.0682659752933839,-4.816677963403989,-21.26305490161661,-1.5094738202539795
14.703125,-2.948927797495312,-1.4491996413461057,-1.4361336349066474,-26.852979743091467,-0.4717636673812618
14.70703125,3.437652361185197,-2.8477874530973226,-10.575402784650144,15.03138077373976,0.24132978540041033
14.7109375,3.5720298257060774,3.827204628199815,-9.125692532055696,-16.625502269375776,-0.22049001120660175
14.71484375,-4.181674697331168,-3.0193461791721896,0.883102421091591,-16.167727447326307,0.02327365579942095
14.71875,-4.463541712148235,-1.2430900586053182,-3.93785310620805,-36.98161471852876,-0.318107804412174
14.72265625,5.83332178409105,2.4010895274741157,2.352921089478545,1.6062133335229767,-0.06578555411146836
14.7265625,2.5258243121728077,3.858473212548028,1.912983914573903,-14.792297431678481,-0.19680618769694178
14.73046875,-6.845983693277831,-4.47574041446085,0.43735888842929727,-13.44600154667873,-0.25237675628243245
14.734375,-1.7674789275513967,2.82354433635666,-1.34741703482984,-21.820696996887413,-0.07419115738838712
14.73828125,1.502469161695445,-0.03685225575071753,9.813749670268905,10.715175251068429,-0.38094008989358186
14.7421875,1.0967819842804238,-1.585803874883935,2.742845279884866,12.619668123740283,-0.3670000788369761
14.74609375,5.565405889068207,-5.064301352178768,7.527989942184516,32.997009771941066,0.25656652042151246
14.75,3.6115541310428148,-1.7143724449782822,7.169889317780259,14.770624252545879,-0.32683000876082063
14.75390625,5.143166736941741,1.1732262068153867,-2.5477938257485833,12.500496282421727,-0.6463511280581052
14.7578125,1.631990139217373,1.7266490322222774,-0.24515200809738769,-8.611560988390654,0.37099098906376216
14.76171875,2.210449963741561,-1.2644676892763622,2.8557157061611806,-8.804268610767322,0.03160059625061122
14.765625,5.347176763393234,2.453871893841639,5.286898137457941,-13.65786360586469,0.25328755816668674
14.76953125,5.447028040240507,-4.994288436884908,3.456725314477638,-35.90753671630388,0.01918933362415106
14.7734375,-4.492889058933996,1.586424537786851,3.501852197587797,-5.06450542756985,-0.3260641520547066
14.77734375,3.7910606015214516,5.556799359786947,-2.0713310992122724,3.5021677818770014,1.05232887193843
14.78125,-6.023192915807796,1.2371099924059488,-4.286534746732226,11.27274403580953,-0.06042139723993746
14.78515625,-5.635569795163202,-2.089061814984348,6.200848204446996,-5.619323821129932,-0.17417626970300992
14.7890625,-1.807299317742584,3.559765037682934,-2.3446375798596164,2.1398845099256256,0.3902032348218539
14.79296875,0.2412775278784434,2.6035785834082192,-2.1180852711604254,13.530282191249093,0.5118661806159326
14.796875,-5.6760445178848675,-2.615782249632795,1.7862601218046832,-15.30066128281257,0.07716157822289253
14.80078125,2.734324830705766,-1.885086726246665,-2.1146702125519687,-9.470993931966172,-0.4031969669818813
14.8046875,1.9569001359519733,-0.4140623408479124,-1.581350522533977,12.048736440803696,-1.2899935363705806
14.80859375,5.609175003098589,-1.3631899882103145,-12.04164093190798,-15.447894848546431,-0.4436712490439552
14.8125,-0.34939238319948657,1.6475199168691668,-3.423139281338559,-5.273543434463214,0.09019087581301523
14.81640625,1.7315920249064,2.313849428471035,-1.3342112939849606,6.4963171356827685,0.32574392904497024
14.8203125,2.882748172677432,2.8969256993965353,-2.3306877290639343,17.527049132151177,0.03412942355041255
14.82421875,5.056403217075213,5.364053076983728,-10.454600090324636,31.64899730548988,0.36238111393898786
14.828125,3.230553203057695,1.0855485723397404,-2.440253837710305,18.04288257836243,0.5374785221070582
14.83203125,-2.5490542198893977,-2.326547319210544,4.272335575022623,-8.45872452665594,-1.4989847347622633
14.8359375,0.11137122159695291,-0.6555026497388277,-2.6588550135760043,21.363058031161422,0.06446036727523927
14.83984375,3.2851858329056074,7.160217963907643,5.390717218669279,2.8285369610227953,-0.8407720289408742
14.84375,4.140963145703979,1.4825420784300403,3.198444735064426,-39.10427736661418,-0.9239715602321275
14.84765625,5.789989300575705,-0.1456111375417589,0.12140279402675658,-34.6242410382102,-0.4773291384997626
14.8515625,-6.601502633556766,-3.3997725293134593,3.6061753802817087,-5.069677993935052,-0.6138496684826018
14.85546875,4.073167557209011,-2.3515864393484476,0.5924101305543297,-11.447354651242074,0.5205740207028218
14.859375,3.371680925760302,3.6302177597490246,5.655193643969632,-22.48203658571586,0.06048225576783684
14.86328125,2.12926016399583,0.9991393817772082,-2.4647407057046764,-9.738715323775438,0.11657380917254517
14.8671875,2.885470138696696,1.407500278149363,-3.565684978913527,4.134810190982015,-0.12447859671504942
14.87109375,1.5167296684534224,-3.241802792442143,4.657808690873773,-6.635212521799154,0.044114539106410756
14.875,2.7041669043619176,3.3708361797453934,-2.2867034398019497,35.302615134451656,0.6927161650956887
14.87890625,5.3682665681340636,-0.1387779289116179,3.612391642347015,7.083923766193718,0.18102935747190366
14.8828125,1.92174187663217,-1.4226275100200219,-4.937922507084018,9.169920377509769,-0.3537235881375633
14.88671875,0.3163735039617229,2.814475513390996,1.961004183530545,-34.390226743443264,-0.330989348744504
14.890625,-1.7729353712847487,2.0708169338398017,-9.282672591849023,-4.646807182000547,-0.6133449598617454
14.89453125,8.305929278242838,0.24783399092438263,-8.476778408605078,-38.16307169689462,-0.4947674731460634
14.8984375,-0.45127724084514415,-0.21256570443716888,3.2091901006644523,-15.29855281603501,-0.7574078101290996
14.90234375,0.6871573118839073,-0.1651273148734822,-3.7332682231565104,-23.191332425648675,-0.8078977992140278
14.90625,9.08180087490597,0.3990021918515635,-3.8549179688468316,11.893496855712725,-0.39721718190202443
14.91015625,3.4875352879750405,-3.4518448546492433,-1.6651061854901892,-11.879882014493973,-0.03144036958170136
14.9140625,3.251253785554711,5.073641511398668,4.081310633462442,8.930113105092824,-0.7516737183198865
14.91796875,2.280921973545223,1.7009604506272473,1.0345144569833007,25.526606103348453,0.43189303228120274
14.921875,-3.3036063071821697,-0.8926569454562711,-3.992968258882268,-18.215862846448545,-0.5359481342111718
14.92578125,-6.026546339415947,-0.6368194885237338,0.6697897098945877,15.03352012183543,-0.35220083806383345
14.9296875,-1.9198666829428381,-0.9112702360734222,1.015069548025203,28.48510316378594,0.5649581989688627
14.93359375,1.2633890461627082,1.7614152706076682,1.9111167456139,-6.888038889232757,-0.17308956615309035
14.9375,7.374389923947297,3.5637881972092975,9.087034614918716,-1.2793279783132352,-0.3653339401486576
14.94140625,-2.205720347311521,-3.4069645176152235,1.0693997843466567,-1.7116782786760911,-1.0271612327690587
14.9453125,3.8768475480030924,-0.38735488409531965,0.8060292824019715,1.2736284255084893,-0.17418567433310028
14.94921875,-10.656073130776406,6.128486641612952,8.87294523470845,-6.080506517749443,0.30143766528099164
14.953125,-4.645430102404905,0.8556139571332941,-0.07324421083870652,-6.557313426653774,-0.6077142316440146
14.95703125,-1.727777660153473,0.4994593417707083,5.382752621083436,14.778876818532384,0.7580962212277902
14.9609375,-0.1891149222875272,-0.9355553428455049,3.8729233020681857,32.7123589960361,0.42592077950034074
14.96484375,-4.6556853093945385,4.119960925716617,0.1296960511892804,38.36489883550312,-0.863306914434542
14.96875,-3.1287894378633108,-2.6003756482927343,-3.7695486523632193,25.142418161004077,-0.8887595389054583
14.97265625,0.561405848438547,2.4543094738687294,-1.3528839306348268,-13.555589473779209,-0.2665773378008951
14.9765625,-1.6264046471369378,-2.612030216021263,-0.4511409317999675,3.1064224688287263,-0.9894906761087849
14.98046875,-5.488842254315058,-3.4226006761765335,2.072054152849469,-17.658412509828402,-0.5993824649008619
14.984375,3.635573864257049,-1.9881682277936077,-2.8058349899403643,-12.711241404046282,0.2516114593836453
14.98828125,-6.924662252912934,-0.32212911240775033,-0.040150597932999244,-19.130405230667396,0.33254196789490337
14.9921875,-5.792449017526624,2.7374923082819036,-3.00826185123075,-27.57193682510696,-0.8366798240461956
14.99609375,1.7053794675138982,3.4447691797259394,-0.8355428841523191,-27.036901325538125,0.04712372607644442
15.0,-0.39594979452602014,1.707369275819655,2.395143896759669,23.225094071514768,-0.006947675682318358
15.00390625,-0.945218058656184,-5.149326877644028,7.5029432497700235,16.679814534039465,0.6837874771486938
15.0078125,5.600184549568094,-0.7922395115067582,15.802579837343718,15.448923435495903,0.2280532650321833
15.01171875,10.495227786910519,1.8370745932990822,-0.5472454619146987,12.65607701180431,-0.22861304027855153
15.015625,-6.878131449855326,-1.983612381874594,3.7981451270665625,18.850175857634042,0.3551186119188566
15.01953125,1.8838602491518381,0.3754896873010167,2.7123555276064684,10.391195146531835,-0.11959523649516152
15.0234375,4.504625087720568,-5.729997178224965,-7.154399950402816,1.049637315082571,-0.9349176231719297
15.02734375,1.7448535513791619,-7.2680407259069995,2.108295480466247,-17.756436880170206,0.3946097668451118
15.03125,-2.213553983188495,6.819075431487978,4.725596215555443,3.077521835552112,-1.0074836565401726
15.03515625,-5.690405308671418,3.1335784836513687,0.08678766587901898,-19.47177897879462,0.7894320689322691
15.0390625,0.07117650586128148,2.537312040072808,-0.8344588513451754,-7.496233903250753,0.4408674180430451
15.04296875,0.6933391538004143,1.7022442118082397,3.0648026288614156,5.66704957470618,-0.014800934845278566
15.046875,4.194983438002534,-0.17581985965441474,-3.0724401856175994,29.841596588309894,-0.6375395009823344
15.05078125,-5.518389614853454,0.3779108185570422,4.915271029596008,10.228526722320039,-0.24758099777812856
15.0546875,-5.7676415288351945,-4.716905083132266,-4.0420336320162455,16.40777673433909,-0.10048078423265168
15.05859375,8.216318684305834,-2.437593906909941,3.2912914909142623,-1.922562708204218,-0.7987298089777424
15.0625,3.127747320841666,-3.9171664359730913,1.618049074438177,0.3102328330116446,-0.5833640373972989
15.06640625,1.3482828354990641,-0.09583259403660199,-7.994075136784029,13.677915632220822,-0.2134554682086092
15.0703125,-1.5254159763086963,-0.05630013177386935,3.5769249930319913,17.331509804777394,-0.43471361486152643
15.07421875,5.420880605152436,5.175826392320701,-7.475242415169559,-5.544173871643979,0.27170524146393443
15.078125,-2.65386654175593,-3.4923051125506843,-5.403832494973473,-15.273382951916933,-0.36447983642270493
15.08203125,-0.6301717108196634,-3.3044839549943683,-3.2495594861554764,-33.128396951772395,-0.32506717498205595
15.0859375,-1.0138752138777058,2.985609111472148,-6.158441278321748,-25.652303007634856,0.10054363964940602
15.08984375,5.6268281973581615,-3.9163977657027695,2.2775164566375183,17.907868264786842,-0.8147681577171756
15.09375,1.559856212569552,4.017223599926966,-8.799248571287894,8.44890544332697,-0.6948475495180888
15.09765625,-1.746988673806768,-4.28941647643469,5.099816239628262,22.429012572284144,0.10964495110771368
15.1015625,2.491527814761875,-0.9797065441032209,3.688056549845971,40.501588961666954,0.7972950528858509
15.10546875,4.702756995348176,2.449499720269854,1.9258355717490214,21.085987418912815,-0.0015015883820670302
15.109375,4.037623146665244,0.8757725508940937,4.010028577014523,21.699342384488716,0.26412570554643827
15.11328125,-4.401158166306233,2.0983231747722897,2.075139377807175,-10.325428873318199,0.343876255204743
15.1171875,1.9864817206562844,1.6613643752113212,4.376732130844992,-27.519263104983622,-0.19471162262257297
15.12109375,-4.844425203853098,-0.1461593605400211,-5.7691321912656495,-27.47916792961378,-0.10008413623899459
15.125,-0.8719699260833846,1.8664201878222237,2.2728175951658565,-32.0191408444303,0.036362236543877324
15.12890625,-4.036453968133042,-0.5626932853171368,2.7437019854513798,-10.631449538497165,-0.018154296535346424
15.1328125,-3.662512512534409,-3.5577485482811912,-0.9970317497308021,5.987471453571477,0.6889319209159303
15.13671875,-3.515596584355971,2.6920661906491605,-0.38144322168150074,-11.605463146467244,-0.5100510371914321
15.140625,-4.269937958726302,6.638921722835528,3.797904741261644,8.998165529693614,-0.1213129894400082
15.14453125,1.469566027777794,3.4001755752151173,-6.431303429175462,19.66278214099857,-0.3355974511138811
15.1484375,-2.6287444076951236,7.914335828352806,-0.4536221833557572,37.25939683746407,0.5765890038887254
15.15234375,-2.2390863140271633,1.1851192512087096,5.904150647028675,11.24422958706463,-0.2834734462665692
15.15625,3.4403851312964093,0.9637855646571363,-5.165310852161458,30.023254169408432,1.09013850190066
15.16015625,-0.7473560318829987,-1.1674770193752122,-9.545045089884763,-18.555843756797266,0.2576897679578922
15.1640625,-2.0064991714767895,1.984939483985126,-3.990682195120554,9.584769588830396,-0.3293983514470464
15.16796875,0.16512809948329082,3.1616062656346453,-8.25911647430836,-24.867825106061098,-0.04994901779778362
15.171875,-3.027147979005998,3.0291314749828655,-3.282542285494669,-16.783277245372783,0.06805729327165784
15.17578125,5.559045964103924,2.9503777148809895,-5.256029712299195,8.86633480056467,0.2686831416729846
15.1796875,-6.492741456542355,-2.0642056740917027,0.9385013211471083,-25.3248764410786,0.34534162925214523
15.18359375,-2.349448846771784,1.1195413275963102,3.2032651838303217,24.464041284787772,-0.007261985509373667
15.1875,-7.234508006884371,1.2874995043558786,-1.889269972356486,2.867563998585122,-1.4074543668353319
15.19140625,-0.6839534185335483,-0.6192371335649571,3.602941639734713,26.788823424960825,0.218018989474107
15.1953125,-0.4828847790065347,-2.8622843250209886,6.043811362984739,19.40168455037344,0.42088260343290423
15.19921875,5.690151017514971,-2.1396100522570096,-0.8310773946076417,29.6633048907324,1.1197189685547093
15.203125,0.34736258758029614,3.2386598734633476,10.364772559200071,9.56315794487261,0.09866701297663974
15.20703125,6.261627714369761,0.9238983681614475,5.582094876903987,-16.26800497364309,0.537226971216164
15.2109375,-8.716587618913454,-0.287465888770561,7.142977213652554,-26.134368594416117,-0.406885425502945
15.21484375,3.9993484253573226,0.7151231876242519,6.871286422696912,-21.28198857486446,-0.4257810293128824
15.21875,-1.4928514561235189,1.76920110998127,0.3012673734468234,-21.9811769764774,0.12100409598139282
15.22265625,-1.5314497098377733,-2.159085995041302,1.9653241502592333,-36.138413937088906,-0.5201820716584595
15.2265625,-2.509650225065943,-1.4392472958316456,-4.448522800710187,8.627608432079425,0.575261039080552
15.23046875,-8.072665516386426,-4.258058266012485,0.7553127503027584,6.0152068578877635,0.03812158796556515
15.234375,-2.0048125326356736,0.7691460553313528,-5.804949376594717,4.069564097018345,0.040623834575263126
15.23828125,5.272106346268553,-1.014950488334721,0.3772031381574181,10.06777518770583,-0.3803784959152945
15.2421875,-1.7069059682497552,-3.777406236478264,-3.347258598075548,4.6122313099432075,0.06619980533004703
15.24609375,-0.05811518601884212,-3.100588043669245,-1.4599299954424823,21.364567853292755,-0.7825379146046498
15.25,2.308561246184468,3.0014440992030726,-8.221182582608815,-11.142593364479225,-0.16229275772495044
15.25390625,4.068718925814189,-2.7932922014639416,-3.99910998445426,-10.627704151947302,-0.13507581078954237
15.2578125,0.44853592486818933,3.237320788302312,-2.882928129278576,-7.753419930276855,0.26209264884223726
15.26171875,-2.1003665193868826,1.3629561198047389,-3.0786755232024055,-9.192183431382556,-0.5531637370841839
15.265625,-0.9324708633729024,1.1207971311220164,-1.2765194466584684,0.8696642568496884,-0.28122545262009224
15.26953125,-0.7264152234395932,2.882320677807087,-5.39394896756884,15.998848450174272,-0.5155945466915927
15.2734375,2.6210960392800886,-0.4653136072332041,-4.897521858472758,30.436095410366555,0.9634529322342031
15.27734375,-1.2881206268077108,0.744446356325291,-2.1413652952899094,-4.640053263275453,0.026202093040245414
15.28125,0.8993327810220452,0.8024148890503299,-0.8623342150254885,12.303023340751961,-1.0511775692900576
15.28515625,4.8713991552892635,-5.022251486371146,2.041982290171125,8.430419628786764,0.3257810611699581
15.2890625,-2.7297312101009465,0.6527765780204557,3.6646514845577354,27.519277905495535,-0.42100014954022535
15.29296875,-0.3826416341799842,1.0611944349657412,5.766497121481245,4.012225057163191,-0.9284188436567249
15.296875,-3.3582482098947426,-1.7854786588151412,0.5037519845601861,-29.25272240110687,-0.17077149554792903
15.30078125,-9.392663203250804,-0.38040856599919015,2.3624325243195203,5.817122898997786,1.0452415409040021
15.3046875,-8.166151791901205,-2.0742062570138806,-1.0320743566625539,-8.097041397643917,-0.928376168646818
15.30859375,-0.3084524798095811,2.7618756374521594,2.9976926676619327,-3.4965505940985526,0.5284640456016367
15.3125,3.306510283428001,-6.809851254210042,2.1102923866356016,-12.661524012317745,-0.03702876742059682
15.31640625,-2.2642332882160523,-1.4198101789300468,4.773583682988134,5.378537777620704,-0.5402088100973456
15.3203125,0.24401218086492638,2.8035519694285327,-2.2159492020955573,-26.96030707197108,-0.034127400718799356
15.32421875,1.0089892042300697,2.9926383801457486,-3.3877873175860564,16.307364836983638,-1.0961631459500232
15.328125,-8.515014317748978,-0.44846505602104925,4.56433397507152,29.409218796878445,-0.33190951409348035
15.33203125,7.511299778160119,-1.1259130430778013,5.50055819341992,6.623801895216326,0.3537465058912017
15.3359375,2.831820487269632,-4.5201857808275685,-3.2468363853299445,-23.102361496511165,-1.0521794157035522
15.33984375,3.744882620001006,-4.0833999974500035,-3.335071747915553,11.132062825477307,0.34831525182270756
15.34375,3.5983254384969436,4.322727756219807,-7.931098423318265,-5.41064441805456,0.5654810412482795
15.34765625,-5.1709067655177074,2.618909227600703,-5.226116206475361,-10.037614128478697,-0.08540458689015536
15.3515625,-0.8461713679473215,3.0482819242045194,0.8522828858702325,-12.729086858013947,0.8180162900937449
15.35546875,-5.468354338021301,-1.9489829845841706,-1.4347290222297466,9.37634106690878,0.588355169717223
15.359375,-0.545316164124262,-0.05656925154475817,-6.000794756959922,-9.767275551210227,-0.3057776037352129
15.36328125,3.259321843671329,-0.5897029147620395,-2.960771453980997,-30.65159688383992,-0.12315231472223115
15.3671875,2.3390242447679257,-2.894896950531624,-5.031865780056742,-9.737355332914987,0.25220711788735123
15.37109375,5.752678099893026,1.2583926839609108,-0.7681649920492681,22.23829689602603,0.8526089137140213
15.375,7.285084929629274,0.452648889387437,2.462919838134888,29.887207158886063,1.0246854984651343
15.37890625,-0.8436707226908952,0.35219637997490744,9.58378243900194,32.51431562224082,-0.2706004331477216
15.3828125,0.08722635229025806,4.684797672686674,2.17342762587145,12.121524510815792,-0.113119881823955
15.38671875,-6.531971823323242,1.1538771963460936,5.113149322830607,-15.870463827391134,-0.2274939023526108
15.390625,-2.8699874026811028,-2.017978945574934,11.688965300658571,-38.00062976487315,0.351807845587718
15.39453125,-5.016270776409124,-6.901153574353184,4.478698366513323,-7.465785749219134,0.27718028433174935
15.3984375,-7.8064900147683085,-1.4582192650889707,-3.8527549856830454,5.674859685158838,0.07930528504396575
15.40234375,0.6309083451866117,-5.51396083501403,-1.6635743038988067,-24.352220627036203,-0.28292697318390825
15.40625,4.457429953194081,0.09122689648361003,6.943918394315318,-16.661103890967805,0.39471413460598
15.41015625,5.892888959916771,3.7912337120547503,-1.0439098725742837,-6.822844267069891,-0.46030014516128104
15.4140625,-0.9652613301055482,-2.5648533744895534,3.8806060043578174,-11.349105371561308,0.08853698936093499
15.41796875,-4.622353379938134,-1.4947997723798911,0.8982802654769007,-16.696585758968965,0.13670679452005877
15.421875,-1.9425499547279068,1.7181114686985395,-0.9845993108464364,25.07049404210189,0.44842460956960695
15.42578125,-0.14566368857601367,-5.590203882008563,-3.3769815386764783,11.525176801354874,-0.9653272530553589
15.4296875,1.0666880963665282,2.031671486336489,-0.4357011765805603,33.71765949769757,0.5625702698565438
15.43359375,3.399991140503466,0.2992408544079028,-2.0819886060201283,20.773569259092657,-0.740714242129464
15.4375,-1.3037046776415557,-0.850579015702854,-5.495036448870276,-23.493730878341168,-0.8444922635049379
15.44140625,0.9615589535825537,-4.499502409674447,-6.577401616460482,-11.799660641594256,0.5947269594710614
15.4453125,8.292897636919399,3.639272315303158,-4.551886601359043,-14.35787450447538,-0.3307296701604091
15.44921875,-4.109220401543595,-3.355867436792008,2.0749060250069533,7.020581022759856,0.32012608784558233
15.453125,0.46762707703037004,0.5736019935360719,3.2825367178202405,-20.188709832486158,-0.07059029920135813
15.45703125,-0.499362251208324,1.194933588462943,-0.10189940992303903,35.32974710808999,-0.4985174196651491
15.4609375,-2.914037869987568,5.585198045569201,-5.363749001167596,15.385803983134679,-0.4918832373467942
15.46484375,-5.099424445299547,-2.882593577662924,1.4765009161652176,25.879264140026116,0.18057806276324473
15.46875,-0.4565291432926589,-2.515730305035767,1.787052724912276,21.87683495812974,0.040067659715530994
15.47265625,-0.019081688477818475,-2.583120911115886,-0.3608336829968404,18.016667395581432,0.2457236694743757
15.4765625,-4.132192061052963,-4.784812592235657,0.21161511847314562,6.164530975462451,0.03225605831385535
15.48046875,0.5526158079214961,-1.0085797650006034,3.5934421577693025,2.660493931088361,-0.059345984636445644
15.484375,-3.537443707623516,2.9091169313573517,4.961343372192392,-0.1454243977224028,-0.14687011689495597
15.48828125,4.722560758555333,-4.363779680040809,2.581235768705042,-11.270949099563419,0.9579588799764436
15.4921875,2.4087470257354813,0.2025236121342133,6.042191288658585,-25.399540295598257,-0.03636955428562727
15.49609375,1.9605270225233071,1.4973187953696718,-2.404673711530528,-12.543359462664554,-0.11809011728162896
15.5,0.9934972801293769,0.46752047180568734,7.6584709209478685,-32.253496650548975,-0.3634635420677006
15.50390625,-2.274932888118307,3.6954398452923387,0.4362780523180281,13.12826928729858,-0.4961570547954203
15.5078125,-1.619188762298079,-0.7572643061945332,-2.9705227873104154,7.612879509613932,-0.22221284377927014
15.51171875,-1.6527816617941695,0.06307938423051343,-4.512931819360549,10.29502030928048,1.132122295211453
15.515625,-5.526960853899498,2.5320402410162806,-8.641670212146593,-9.32986187660595,0.6810377590587838
15.51953125,-2.9265651050937898,0.3592989364398878,-2.270722705376106,2.607963401109623,-1.0606827784596378
15.5234375,2.9801686035598953,-1.3997177756968757,-4.570505297269551,-18.77953091911095,-0.40704391584801786
15.52734375,1.2662752954923369,-2.284802052407942,-1.4601365120043404,-22.139645495531433,-0.24341121448274378
15.53125,0.8805002257164758,-2.705836831077203,-8.852311201012952,-3.2981413339759698,0.9826793847776725
15.53515625,-4.397647100483908,-2.7164450160152906,-6.35867327957284,-26.83235937834604,-0.375547375846187
15.5390625,-3.6199797334008514,3.1731302305306617,4.490010157241983,11.214651424704588,-0.1995764579487472
15.54296875,4.271645352701656,2.9226336751862263,-7.884766040619208,-36.804626633693466,-0.15840441530680807
15.546875,0.8204723506480484,-2.6141613665477954,5.222743351432776,27.281401463348406,-0.04507650498038548
15.55078125,-5.33575980138215,-0.3655157146610762,6.104498085326558,34.77844096591909,0.805081308068331
15.5546875,2.306469966547578,-0.7217740665848621,2.4259501058425763,27.34729638690944,-0.7094263146647674
15.55859375,5.552139334020182,-1.7074707007275856,-2.633568100110412,8.387796524732114,-0.25249832640612846
15.5625,0.9935842717113245,0.33981603390247683,-1.7785359038580437,19.812006901155577,0.8835163081438233
15.56640625,-4.304066462230399,-3.008442333175009,6.005555155898387,-4.9289001903522,-0.5828150558692619
15.5703125,4.552014422999958,4.459932833859998,4.859554429986499,21.733867553396596,-0.23220491089708006
15.57421875,-0.7469089588414244,-2.304761546013288,-3.0573099267550568,-0.10949642673241655,-0.25528656023972096
15.578125,1.4692799582238496,-2.802790307028812,9.439267298627628,-15.352474916044818,-0.39684701886912965
15.58203125,1.9345631492044288,-3.1061423356985216,3.210311555133633,-20.234785332683046,-0.19735474104178757
15.5859375,3.030503521594112,1.9831266606591105,4.494050423362338,6.156445545620466,-0.6589034292944613
15.58984375,-3.1033616361518797,3.5284825956044266,-0.2987002338411739,-40.291314475415874,-0.6501634313235752
15.59375,0.37522444201147925,-0.8180909096879225,-1.398188614874667,-11.803011058383998,-0.2683964686418895
15.59765625,1.046294743130932,1.9421173248016341,-8.808365734475531,14.469505445895573,-0.7540659907382778
15.6015625,0.06837775022167991,-1.2214465340340257,-3.213941119926136,18.93273715628704,0.34817281160730884
15.60546875,1.8711253600692115,-3.248140765435764,-4.558614823444081,24.400793166144766,0.5809394917985597
15.609375,-1.3478727316054828,1.2140778875004226,-2.7480699746474353,-20.280090498811283,-0.3744734082643901
15.61328125,-1.9900222990644554,-0.7412095628603627,-4.675801459910689,-3.926373314690724,0.45981200700317587
15.6171875,2.5236133683388537,-1.6369851055812363,-4.335295847541982,-9.207649588521807,0.009085245783782817
15.62109375,-4.443149342203028,-6.326107243789595,5.9664522078607956,-43.570524447216116,0.023654846556635523
15.625,-0.3489499474377982,-3.7109364705890857,-6.4750572939402815,-19.367494227294934,0.07499634197576337
15.62890625,-5.330984510772691,3.504467167801833,0.8904679120478918,-3.7912919826245552,0.1265285801253543
15.6328125,2.3900610746274986,-1.6134326911565986,-1.924230449886312,-30.453498068756094,0.011821229782220506
15.63671875,2.1837058111686245,-5.4599875502665896,6.18727831323213,32.229854199826846,0.4081016392078224
15.640625,-3.299700449308993,0.12765808112792543,-3.3673812746314367,20.638057991166544,0.6616758302087081
15.64453125,5.4309256282775475,1.8769557737667095,4.350170498628301,23.287193192082682,-0.6711352444305401
15.6484375,-2.391873012872681,-4.015153014638087,2.4868650012455946,9.547035356446683,0.5157563348354849
15.65234375,-0.4899414008458972,4.1377524605605025,-1.1205678528444296,18.18969917550743,0.09165557492225808
15.65625,-3.610245295537771,0.7418266305416581,2.377412115037289,25.202830985963903,-0.13429411513311185
15.66015625,3.319416793275063,1.6189240168316044,16.937829696945386,-11.508011667440542,-0.3905112944263154
15.6640625,2.1548655838028385,-1.1481125856751486,5.227721059014106,-2.006805999345696,0.6119203060139463
15.66796875,-7.116430236536954,-0.5539200635168446,-5.15973717569662,-12.735557503966403,0.24405358011188574
15.671875,0.3622219843371974,0.015737841543114407,13.30642129274941,-8.032756083094,-0.44589937409312824
15.67578125,-6.3584134863706385,1.3216813509327432,0.8506630425475541,17.3761444895096,-0.9769073813274582
15.6796875,-2.2977631581402025,0.21546743427954002,-2.429467115006892,-0.166092275849143,-0.3583753336971037
15.68359375,1.8509081881993696,-1.4511197623234129,-9.104548452440454,-16.014459178252963,0.4785570291186762
15.6875,-2.5067999296366064,-0.26626545971263166,0.6937038932571418,-1.8686468718575373,-0.2342242725643667
15.69140625,-5.927292839493604,0.5084529320336344,-6.302395128951436,16.765949176338545,-0.11137271636535204
15.6953125,1.123588135083799,0.5710491148795626,2.1719190672543762,42.9452506745729,-0.6528616223017055
15.69921875,2.616527798303034,6.954177206443612,-7.216418728598368,13.431573473009605,0.03529571846926039
15.703125,-3.7920808930806964,1.5475684640051446,-3.770995029181477,-2.9975798333778956,-1.0639955439688698
15.70703125,0.44274908123944234,0.9324037295601315,-1.7995786542749366,-20.538168462246738,-0.28218021354815276
15.7109375,3.985341666385336,2.9680059912877215,-5.250429203075105,-31.57152600419312,0.35527062655741387
15.71484375,1.7398741334829602,-2.858577945117383,-5.358160472141476,-17.968735921465296,1.9183938576819224
15.71875,5.016413151919027,-0.32608743937457296,-0.6065802778979772,10.818803428050327,0.3160442960519071
15.72265625,3.1135850378443086,-0.88984980404478,-1.2855943953436,-11.506704921797636,0.22601617472035765
15.7265625,-5.938875766501524,4.611340462020253,5.374456546707535,-19.639075429009793,-0.5042802768440956
15.73046875,-0.16581093276355294,0.0956941832904987,-1.9170325201122846,-0.9522062597330745,0.06387922522901436
15.734375,-0.8596548083368594,-4.1874158927139415,-0.15827767413802296,-8.678785360435102,-0.4390956191771462
15.73828125,0.14044014896590462,4.652635676427585,2.201834596156242,40.8525904745542,-0.2648052293204506
15.7421875,1.5186754973603291,0.7360366787347623,5.555649155844719,6.9772385204681004,-0.72885174747106
15.74609375,-2.531291241983222,6.733515168725565,-3.170590312641986,8.84320179661792,-0.31545935817597437
15.75,-2.012699191331935,-0.8738405871700495,2.1322327193005592,-17.03657918941339,0.12190696516172467
15.75390625,-4.4296490179479315,-3.355557074731472,0.07912872498898782,-2.636854386989264,-0.4790773432628937
15.7578125,-0.7754740785723239,4.899139104980417,0.7433350967303791,-18.29938560602754,0.5800946916747484
15.76171875,2.780297246856252,3.9133323522873447,2.1905512655032764,-4.30027044939782,-0.7098416542304679
15.765625,-5.50535023962622,-0.07473633827864591,2.024281754236092,-3.7711094288714566,0.8246543470615002
15.76953125,6.043725223267407,-1.569728774122833,2.1351460732756875,-17.546696081492602,0.24550471430190754
15.7734375,-3.9701197000994943,0.3227714376813503,-1.8985711074284914,-1.8052070463257905,-0.14827685866497758
15.77734375,-4.693477563411864,0.8469081243779575,-3.4809031600196336,-3.9709815952538747,0.18560104545052436
15.78125,-8.98127030735583,1.3387902833253313,-6.606386772015585,-4.970849329378609,-0.13369568563648088
15.78515625,-0.7472980737233956,-0.8545771336282447,-6.541503298940572,0.6321203196697294,-0.7563918831659254
15.7890625,0.8938008918912941,3.2136859182788147,-5.730297014430931,20.195261906213283,0.042778177896663605
15.79296875,-1.4469949761436929,1.6983760717281169,0.12753409070787836,15.510516219448023,0.07869460606081144
15.796875,-2.4727127496148076,1.82412871197204,-5.97775672943461,18.012893250171192,0.7149195145717399
15.80078125,9.17767178568216,-4.367946326232125,-3.6047185890468003,-26.155367676531633,-0.42808604998506716
15.8046875,4.573036459487417,-3.859860178534202,0.46260729702330217,0.610536572105449,-0.04138176422088005
15.80859375,3.062314999625992,2.318331312887854,-1.132763415364923,-0.5007502142809948,0.14874838489632575
15.8125,-1.949479446253952,-6.181925087777507,-1.553220580854652,11.006323747320899,0.15501343549463129
15.81640625,-2.52302956005926,-1.0071552967492658,0.44122445096732865,-4.508039778954035,-0.04556046163849735
15.8203125,6.858576561786187,0.24052256850735787,4.298279976825067,-24.321469016336785,-0.18111481393501142
15.82421875,8.175211831710978,-5.336487303621715,-0.2840918666309342,21.52486393944904,-0.5773843027662341
15.828125,-2.0905409002718947,3.956069855636282,-1.7618064417370969,28.09287271188869,-1.2331793024467252
15.83203125,0.9735378532596611,-3.654368823115129,1.16025892277028,16.97881469289661,0.16762784954390045
15.8359375,0.2224638414207393,1.8757749355095434,5.71049121727811,-26.302649825344375,0.7366814052653257
15.83984375,-2.873148378463839,2.2114526805380312,2.0486057485255706,21.910112307646354,-0.07884168899424383
15.84375,1.6114760191278048,-3.868345226128162,2.587556473694085,-9.407017222033437,-0.062310811908649955
15.84765625,-1.7992347729724418,-1.2473610662969816,-2.687567053883007,-9.304281414163682,0.34998207898828404
15.8515625,-2.201115429046289,3.3076693511177333,1.8731641559320804,3.2145913343798203,0.1863493984611982
15.85546875,-2.3419601547613174,-6.437119739412794,1.1376435723100617,-18.590374157906712,-0.01858443906377947
15.859375,-1.227824572597273,5.769303438810603,-0.8715691482049797,-9.627898522936839,0.22197185095310948
15.86328125,0.688067440957851,-0.20131986534441948,-3.2478244173684465,-40.771015594097044,0.08481205427549324
15.8671875,-1.9424641809720717,3.4424415247651092,-3.6635889666873496,-18.004732323761772,-0.09425893666519318
15.87109375,-5.50064764783694,-0.5743343547807919,-0.37747755430811925,31.37566127391033,0.053101195313335924
15.875,-3.1956231552274597,-4.3255307812884665,-3.0271865223203336,-12.136806047853074,0.3757313446405986
15.87890625,5.681790334456063,0.9608414071927327,-2.194440505493779,30.298548178720445,0.2518938118765381
15.8828125,1.6967141578300706,-2.0593569855626868,-7.216899029105106,4.839898151113578,-0.09364973572767357
15.88671875,-0.3350547916220477,-0.7200751710666361,-6.457469411537987,-18.802754243673512,0.34970663345755615
15.890625,0.2019059274234612,-0.8725748405035799,-4.533110817878953,1.0220757973947325,-0.034463317149508496
15.89453125,1.686603570085558,-2.3190367612013243,-7.445655967325142,1.8757404757758582,-0.7700398286085072
15.8984375,-8.774121136247945,1.0745007622445772,0.5482727838076094,-24.38575128265227,0.28086951560015805
15.90234375,-6.342925024359263,1.2391853554353989,-1.9698969938444941,5.175127095415247,-0.30601249095155336
15.90625,-2.393593290852314,0.1633425889253044,-4.663355298499942,-11.44226280195224,0.9210288518641745
15.91015625,4.671618509122571,-0.09620382982373392,-4.979493634731816,14.069328564049417,0.3520959737512036
15.9140625,-1.6337941321068505,2.7724740476696423,9.582967720764705,-27.36089776156058,0.7653228936497398
15.91796875,-0.8525400406283121,3.4572727940214256,0.9728556991467883,16.80987565604427,-0.05609840483586713
15.921875,-2.2674880452774047,0.874923679227532,8.057354014435996,20.513561199530745,-0.5970238922036416
15.92578125,12.487776404168144,-3.5326210284752264,10.025051084582852,13.751433299764809,0.04861281919883142
15.9296875,-3.170397430674903,-5.49350900744209,3.3302882628585344,24.196484279882913,0.7370465469013707
15.93359375,-1.7810839328094275,0.2521362927134831,2.2503610517164754,15.088172331346906,-0.12318982845977183
15.9375,-1.5675682772598956,4.282406588546461,5.141842315085013,-24.85858036531269,0.8818586408796013
15.94140625,-7.6426903587538115,3.095957638116747,4.8579643620992625,-22.29509530043094,0.2307533611887797
15.9453125,3.5366255607140347,-0.7317999486829813,-4.556172371620274,18.239541113020536,0.09198113802188278
15.94921875,-0.2795423471413618,0.5059265500819841,0.7406185660161575,-24.66516668085818,-0.3338214137375635
15.953125,-3.8415225210876875,2.33079190733695,5.8297633136191696,6.717984950966678,0.03574252249631883
15.95703125,6.437718682209661,-3.5401335760761103,-4.6491377804117535,25.91303464751288,-0.3384476117769526
15.9609375,-0.36131052137054454,0.889423771756028,-4.668331905039627,45.43247086451136,-0.5542559383622395
15.96484375,2.8132951656132192,0.07842246211915391,5.938385854004739,5.392394086349379,-0.19101283273455633
15.96875,4.5166707266926736,-1.2249815606519505,-8.60234768932449,19.3494381496657,0.1303811684579264
15.97265625,2.5761133040509994,1.9882158598528485,-11.8272017143234,0.686307910980509,1.0478704493571112
15.9765625,2.28624239166762,-1.9690722068577273,-7.928217371552513,41.361607448685156,-0.4279713936045409
15.98046875,1.0781623859899505,-3.5425092974473467,-2.6297480936136917,-18.29175519954498,-0.6057305123295075
15.984375,4.404639853353206,-4.786878899154897,-7.059544945052004,-13.79319971135313,-0.2963567668493167
15.98828125,-0.3278574403203391,-0.07681802527237964,-4.623455511059191,-26.035716489054465,-0.2227384952554391
15.9921875,7.931022717131548,-0.6476903806830626,10.322909966472041,-2.9160942123280993,-0.9564196407389419
15.99609375,-2.892197752723487,5.459064542841542,-1.8398359973828387,-58.553232947818564,0.27664112371007304
16.0,-13.384619599789152,5.412963919427952,5.880494265085666,-3.059699509741313,0.2830879974586611
16.00390625,-2.3619583316846287,2.6294094899173697,0.048211435151723214,-1.83050636239604,0.9400407293097185
16.0078125,-1.9933615961569744,-3.6036243231203358,0.21573267525346496,22.568337066071628,-0.6217329075513629
16.01171875,-4.354554874289742,-4.461954057255127,0.8137847139441261,32.876096086620485,-0.34400673335806536
16.015625,-0.5599830815100114,-3.417214744579454,4.423634894968268,16.46484062607401,-0.5644189721572618
16.01953125,6.261288376358777,5.839740364996989,6.884025141110244,16.054150921055786,1.0558861333719558
16.0234375,-0.8901186120184006,-0.6588638722375523,11.26495043997921,-26.94573071870544,-0.47537837083785534
16.02734375,1.9262455150407278,-5.921990311016198,3.8160610933061134,-44.697456901589945,-0.035379680897428635
16.03125,-3.1196943078967445,-3.5841490939927256,2.429516334867504,-19.50796868605089,-0.4183409233942116
16.03515625,-2.9876086016065306,-2.145114718910503,9.208794237799681,-18.90145688194022,-0.11879136599562722
16.0390625,-0.038568328370337024,-0.7113675498490979,0.46125923974475636,-10.239367525429504,-0.02788170409468103
16.04296875,-8.16389133971034,3.2622371938600834,2.86700393801991,-1.1083258323294136,0.060007234362763257
16.046875,1.1696782228827751,-1.3755512291598122,-4.641909857680883,29.19205446117388,0.12515759609925292
16.05078125,0.780388496576661,-0.8666870594235676,-5.254933304600277,-0.10645967291547187,0.09397346720640934
16.0546875,4.169037625536867,-1.3670124049899988,-0.7583935388984149,49.9951191707205,0.1104342941016001
16.05859375,3.025972102889931,1.7306428390570203,5.328608800574788,35.67707047982586,0.315040019214346
16.0625,3.435021467892147,-0.6383177104456924,-4.994726182338458,26.407047183623373,0.1934402407822868
16.06640625,-6.407960004349545,-3.7384912233971637,-4.8509607553458824,19.49033082437158,-0.13453977385541005
16.0703125,2.3662154139373532,-3.2688290771633284,-8.135620913369609,-31.751659713504914,-0.007501492837706168
16.07421875,1.3563105935969182,0.6555110282096743,0.25189348053360394,16.03126572538749,0.24239867780578792
16.078125,4.430099198786104,-2.9401324391795276,-13.971837882106428,-41.872127532703956,-0.672560411730896
16.08203125,-2.443868746440565,-1.5264001172069257,-0.3525937518175326,-10.484269866551067,0.44088697188005366
16.0859375,2.027954140943353,-5.082176196223804,2.7454736718248585,-20.711043104241444,-0.24767341447865873
16.08984375,-0.6861373385265737,2.26750412289873,1.4680688896930016,2.8052962714334067,-0.594082940920453
16.09375,-6.064533823739015,-0.3920239304840524,2.440546563873975,0.1547613545309261,-0.08486192416763327
16.09765625,2.002809969308283,-3.622348922859711,0.16084611780725422,-14.78550202975054,-0.5098561508250163
16.1015625,-0.05842610063847454,0.9817440798972532,0.8935874820791181,25.572122500967644,0.10444943290512511
16.10546875,1.5453256213077173,0.7531068469766287,-0.007548098522200952,37.149954378618176,0.46876023105049375
16.109375,0.02277682953121296,2.128969719164481,6.115242737769329,7.852489606725724,-1.0606173758990889
16.11328125,5.018563708882072,-2.8548943558676414,-1.0637811513784792,-25.2153362871003,0.5565886155264308
16.1171875,3.223516351418518,-2.8618239972528694,3.161649383910917,-5.669268466435933,0.3578426166949394
16.12109375,0.4030932023569379,-0.3491818341112369,6.284860073661602,-4.132794897230483,0.5175069088105816
16.125,-0.9511281390202062,2.577951685725829,6.652170133055288,-41.99430581189222,0.10807822522337777
16.12890625,-1.8255396592749515,3.4029779855059337,-4.169449506223988,-5.769246742542194,-0.6162829911530495
16.1328125,-0.857678730325913,4.013629740232349,8.035269416881352,13.153142574627719,0.1915742435165059
16.13671875,2.6196526695278672,-2.2172931963595714,-2.9844371685914655,32.27735214760634,-0.20266491650185836
16.140625,-1.6652188399228118,-1.8414478162679642,-3.5455386851565382,-1.5427868890368073,-0.2770221667435633
16.14453125,0.8095024096748803,2.2869869543867294,0.22491654462409505,8.67882315222189,0.6418659264973067
16.1484375,2.1072868650288217,1.6210871808447227,2.05178244025607,8.32051208505344,-0.6453574195111144
16.15234375,-3.045106981473348,1.8494417139069452,-4.600414497853121,30.33692405562077,-0.10586410468855466
16.15625,6.790786086732589,0.5409263900227779,-0.6653061893399426,-2.8384843353713807,0.5435552537860698
16.16015625,0.07196807132464557,2.228460988858766,-9.579817660342805,-22.32190364793462,-0.17008930101456698
16.1640625,4.006007009484664,-0.7160396489378457,3.8623831651896294,-17.839416909142468,0.4848279442218298
16.16796875,-3.756933915843772,-3.290706522097231,-7.609769729648769,-23.496930477253038,0.411072104298182
16.171875,5.414109412636907,7.733238586704429,-0.8543957350137161,-31.35442403983186,-0.28784132487939457
16.17578125,1.4932862605847663,-1.9894157544635118,2.293696823008491,30.147726792780492,0.521137119702614
16.1796875,-0.8673436079415633,7.9709168913249835,-7.735117118768506,-29.019725224699712,-0.31961738330166534
16.18359375,-0.17523378430542927,-1.641277618247166,-4.235059710587441,-13.90343202516209,0.17440905295058454
16.1875,1.3030306016281121,-0.4961675694895411,0.43841055355182634,-0.19137975287209663,-0.43086278200852024
16.19140625,0.9899808423991733,-0.817732684125422,10.314707295271297,16.075658679432156,-0.16006703116268958
16.1953125,3.432290515515622,2.6155949561285463,7.078465150118453,35.96082744879449,-0.8024032609462346
16.19921875,-5.064121119037613,2.320045076149709,5.6142907156860336,1.7343980744289578,-0.4963362059341581
16.203125,1.152136582711307,4.058126534465334,-1.4100495247774654,-1.5444788351899157,0.019165808176463663
16.20703125,-2.3842879580801744,-1.2659062427293408,2.7905399566808704,-7.825146470351452,0.5167487794979143
16.2109375,-5.594413625239786,-2.443850240216289,7.156737164050988,-8.978413501615718,-0.0577397006958327
16.21484375,2.3608893634613195,3.6569211208270813,9.751918298157957,12.42331124453389,0.3849502319132926
16.21875,3.0573787895172493,6.284587993347586,-2.47651818143288,-11.925746828577177,-0.8058128317837135
16.22265625,-3.4094994103748535,-2.940962313212947,-1.1661305624582963,-3.704825071628198,0.8918032803536848
16.2265625,6.331477753539023,0.26145462397303154,-1.8968438610517215,-3.1352612176775407,0.26795071798475756
16.23046875,1.48240270971711,-0.14168537554168192,-4.426459861678067,-12.889463508955966,0.24644375910116773
16.234375,-3.095026330855143,-5.8346637160859345,-4.195991080695587,20.59041655477062,0.1882287236460971
16.23828125,4.021502277845388,2.091913273314421,-1.8771690522671896,17.962578451213993,0.09827373575819513
16.2421875,-3.9787949304805648,1.5683461641964231,-3.926116908559639,46.76400501101932,0.544348881328537
16.24609375,-3.18450118692471,-0.44079399236489225,-5.1258214912857145,14.791880548177595,0.6948470791066049
16.25,-4.8890246274242015,1.446940391217412,2.650918279505013,19.114087382771178,-0.6321371850340877
16.25390625,0.37561977062946966,-1.1992511339531153,0.5012611471498256,-5.854835804655231,-0.10461570305777168
16.2578125,-3.4780807170763843,-5.002675921789732,-4.611325200744552,-28.923925683837233,-0.7424368580663696
16.26171875,-2.1103673196356634,8.339516635791927,-6.28902800150415,1.872026800126644,0.08292666117453722
16.265625,-5.748812517427662,-0.8172815770258407,-3.5579354176562874,-2.235017894040526,0.8909498351094706
16.26953125,7.163385146521906,0.9984969792276694,-1.1633990102649312,-10.306162191470332,0.6992709142936446
16.2734375,-4.902952402150088,-2.3434490044686593,-0.7864370150446721,18.388353900195998,0.01572298263166562
16.27734375,2.6800344139064998,2.106260529233748,-0.41517013735958475,21.55837798708972,-0.5708167730858449
16.28125,1.169360543578923,-1.2043629491898051,1.2817386395702677,30.082042609490273,0.11391091609649598
16.28515625,-12.119753213473198,-5.093432577588515,1.4271271284175278,16.098332143678658,-0.05411680400184632
16.2890625,3.2147919004048835,0.434360932054023,6.104317448024565,16.745827087446518,0.6365945205737319
16.29296875,8.554923358370022,3.346432943517586,3.3683228537117755,-2.8566386798119803,0.5701235837531052
16.296875,0.7497676463767798,0.03267929785209468,3.7758210960954477,-10.287283894888276,0.30370909072639685
16.30078125,3.0889357549854886,5.157254925206119,-6.278575705420781,2.990406672769904,0.7766852329162413
16.3046875,0.7814546462543627,-2.5800517959812,6.851802139021026,-20.78513057284739,-0.38376563509721057
16.30859375,-5.790005592216971,-3.547608733150488,-1.6823194996919573,-26.096831362775482,0.5157607960282433
16.3125,-3.102760591867816,2.4339881236737626,5.997607532985683,-10.240617246246599,-0.7872857407092464
16.31640625,-3.1754823660174254,-1.8038391459910983,-1.112631891374108,-25.112873207016747,-0.3747415040671695
16.3203125,-2.479915344076288,-2.230134497554651,1.2869225315417494,-12.968059064565988,0.5733730438673909
16.32421875,-7.754885110867116,-1.9292727493499169,-3.0727161242320498,7.241158375021655,-0.6237666689309311
16.328125,-1.3844038105520933,1.6279762103369864,-2.917644091622992,30.192529991858507,0.6364864286265713
16.33203125,0.012480228555849873,-1.1599776931135835,-0.9811188007932217,32.7356507322192,0.04557734574488048
16.3359375,-0.09969279074852817,-1.3397007098525429,-6.5946517491761,8.943892846668284,0.09129922990208318
16.33984375,1.1096416695098579,0.1629956724106734,-9.768675483894835,23.304111706723898,-0.9280999873048299
16.34375,10.109504734667523,-0.0005348742838761175,-6.686951917625846,-26.936515373337258,0.49934327724996413
16.34765625,-1.820448810235067,-1.460086061182903,-7.164236903364962,-8.3686725319865,-0.21556501747664994
16.3515625,-2.178178143164231,-0.43824050837979706,-0.2162643396578745,-11.540873608700005,-1.22041127783907
16.35546875,-1.5822279799760974,6.3347969663648005,-3.7198309909532195,0.06555293289562059,-0.01850594710530236
16.359375,6.446988276366092,2.6295217675908376,0.0981620677897802,-3.01837577085156,0.7364257127989888
16.36328125,-2.2728898007029716,-0.002643305288862249,-2.509903275610311,-42.602168207507724,0.4393303348417279
16.3671875,5.533556691847171,4.939646986913914,2.9776572255827025,2.90593320278823,-0.10291688801271956
16.37109375,-7.24702604255626,-3.2116142764782305,6.203150177539213,16.42185721240066,0.9794579066072351
16.375,6.354291081186644,6.050531554745633,6.641861115965273,16.9987946812816,-0.37706344345804194
16.37890625,2.2597151516778973,2.0685278180650517,6.050783971618834,-8.344780013093798,-0.5662215093027919
16.3828125,-5.543193360171779,-2.894442310351215,3.2676204985902744,33.76577922419477,-0.2289465808760985
16.38671875,0.8881038740423358,1.196664235489633,4.40298112134253,4.732454906982567,-0.4490287498664409
16.390625,-1.5510436481416885,4.887367289090701,0.07294900125411186,-8.036095068912706,-0.8065433985259755
16.39453125,2.5588738013422216,-1.1055097233109894,4.246923416199412,-10.02186266567719,0.21879433273976995
16.3984375,4.071950520328175,1.9150120870399912,2.33483682542446,-25.39803407847578,-0.11567237198976038
16.40234375,0.6969575137181256,1.5835029187295648,0.985270120577981,6.863284951586433,0.11943523878219652
16.40625,-2.5498876585530965,0.3263145894543156,-0.37209356572010377,-15.37133060077295,0.17565738593415045
16.41015625,-1.835297760086632,-3.4480835859362475,-1.7499387927383252,7.550480473957929,0.2963620673813259
16.4140625,-3.5376674063786084,-0.4758310343375368,0.07481129335806247,32.366548219335655,-0.7896967564130667
16.41796875,2.295728332331692,1.5883713778142627,-0.14633949583274353,28.114492712674668,-0.0087385815741315
16.421875,0.7568064820839683,1.46547646448913,-2.0968251384732706,12.644094730024685,0.03153271257621109
16.42578125,3.6136978103064474,2.5265555700984508,-4.481734861897744,12.638297970530651,-0.19796722741130146
16.4296875,-3.6637012378576888,-0.7723142149957547,-4.136356252150238,11.903953474514154,-0.17526001842096472
16.43359375,2.0415107942548874,-7.276607863723077,-2.3497529760453566,-16.25938450827594,0.13511863680225872
16.4375,-2.5870569923647215,-1.5206744841775008,-6.400466958878219,-14.195030309233793,0.6129191999937691
16.44140625,0.07097133396270665,-2.893107726187831,5.78625724823868,8.024533803845252,0.7403275283449923
16.4453125,-4.083069290925623,2.6837265333290308,-0.8039410735235707,-15.18676114647166,-0.7573683177040328
16.44921875,0.571062862629972,2.859626130625323,-1.990771162585941,-35.650922492962394,0.25177467619363453
16.453125,0.5166647254474791,1.610372378114327,-1.169895365570019,18.975722500092676,-0.17854946507045066
16.45703125,-6.991353066283282,2.990367439783246,5.3435415227580805,-7.312895469154636,0.19708887986478993
16.4609375,2.6731751874583973,0.9741662039155035,-0.6990772818913065,1.9571010326943874,0.7342292246738946
16.46484375,-2.5807722073574206,0.4838196202088131,1.3433759592725303,6.689720586498987,0.14640071778809496
16.46875,5.038718098636017,1.3762748624807433,10.666736893748432,26.29798438836603,-0.8051858656893188
16.47265625,0.19873149099447268,-2.8358611808110554,4.199453419266318,14.179745613578705,-0.16523840844241236
16.4765625,3.7404005964094384,-3.5417354881013736,1.6745115480902684,-3.2298775851597554,0.46857279236371985
16.48046875,-0.48969974870638067,0.06814180094519383,0.6143069336553895,-22.95539294782764,-0.6279802585280317
16.484375,-0.8838923642899664,-1.336919316003828,2.573504589751451,-8.183408400609355,0.7241401945843369
16.48828125,-1.4074024141192232,6.939836919176141,2.6885932836283377,-14.729049662013741,0.2185733220806774
16.4921875,-1.5498727995472836,-0.11320721914384452,4.42283661252904,-13.808759925230536,-0.2055649486054784
16.49609375,-0.7399579053366205,-1.75926911510503,4.231633829313191,-14.48662341493262,-0.1644981925639325
16.5,-0.9565386019092613,3.742324481626576,2.301473032050668,-14.640255364005617,0.6486023384790313
16.50390625,-0.45666107800364414,0.9004705214071227,-7.353340073163737,24.23214985164367,0.7993125773712576
16.5078125,-7.998561453208373,-5.8464825782992245,-9.03805930650197,11.973506214519118,0.29081545155137034
16.51171875,2.957489329213468,1.4141231698981955,2.3261148801411844,9.576404310455644,-0.8852703222167088
16.515625,-0.772293006863196,-2.020289235174773,-0.32024814346644304,8.251655572279384,0.49066384141386227
16.51953125,-1.2523442404832292,-0.3816575945287728,-7.142552506794919,-4.426312313986843,0.27117955976802655
16.5234375,-0.29994072885195266,3.301304381675176,-5.6177610514839955,12.402348401032851,-0.8449550560225277
16.52734375,3.0428932030063596,-7.759837035002461,-1.6592715243352365,-1.626124582025203,0.4594254539655797
16.53125,0.1768012408553069,-1.760291594502152,-7.8518901573904465,-28.170851434351018,0.29335155132685187
16.53515625,-5.892811780295142,2.0425153040649318,1.0002794722370716,3.82458196533379,-0.22317415048491562
16.5390625,4.605996775079915,0.7334529782448244,-3.963651370610557,-34.03444635264641,-0.6815814612442785
16.54296875,1.4965884161655587,2.304862588207921,6.4085822533636545,-11.774467886077405,0.3567211057632883
16.546875,1.8939022152702218,-0.8734153505240414,5.8962174404048975,27.135774243066077,0.7152125469849343
16.55078125,-5.8533517332971545,3.1522398013556927,0.6209599394708849,-3.2352299965339757,-0.7721381613477974
16.5546875,3.312017239049822,2.9102103577229625,7.05563633104109,-6.3698695532747465,-0.3626641260082496
16.55859375,-1.9624871166080518,-0.9352458485852336,3.5720191019022103,20.866940407514544,0.10402391385914234
16.5625,5.389544572504365,-1.625739160351808,4.662514292452863,0.648236459609393,-0.09610373735737665
16.56640625,-4.212394524655485,4.784754812611132,-4.354794738430633,23.837671697054766,-0.2854400350241939
16.5703125,6.231942733920001,-3.2924582893893692,7.321836282765112,-28.84819212505838,0.9979045823286713
16.57421875,-0.9214255693148983,-0.903203409215005,-1.990321420040646,-14.718367733623626,0.04646035054500188
16.578125,0.4334742190939111,3.6151194565503064,5.90409364918477,4.876815731925452,-0.09670254801476036
16.58203125,-1.0636563589743355,0.28431272395642265,-0.8582246869699199,-10.914965070146781,-0.053676576078403
16.5859375,-3.3470981531991773,-4.276929530894282,-2.728727220952943,16.07611180395896,-0.3060866395176974
16.58984375,3.105129913791074,-2.723324026081003,6.448335446385671,-23.535781056253292,-0.13727226947950236
16.59375,3.0154959169907163,0.41540006623752845,-1.791227166124108,22.019170560270663,0.09885937771666715
16.59765625,-2.0257646635159614,1.933302505521481,1.941193514133287,19.36247548760784,1.0654454683223857
16.6015625,0.8398261458282276,0.4569993317754859,-2.1756070773336296,34.68682753546466,0.7691940564455401
16.60546875,-2.5308486217307107,-4.31700996078969,-5.530463190167443,69.65734756145193,-0.35706019852984655
16.609375,-1.6382271428318567,-2.8487988133495237,-9.017628782424582,25.818363433510623,-0.6251863315181855
16.61328125,5.0898348762784,-2.8510458243252956,-1.032701631820026,3.9938433057927143,-0.14758663815979378
16.6171875,0.9572613693601792,0.12336735993953901,-11.650171360844073,12.333566209756698,-0.8658067856026705
16.62109375,-6.744285570403681,2.5449304633437855,-0.5414354847741625,-15.09305246002401,-0.5918966538925196
16.625,0.6106933460728132,1.7194517866562857,-1.4397531578591312,-12.926101703721299,-0.4670890746770896
16.62890625,6.588712530891034,-3.190520071881354,3.8344379602262384,-11.711481025663245,-0.1752546663167144
16.6328125,8.676985735671478,-0.5138444073059668,0.5915298385764369,7.596949407678307,-0.388276986942235
16.63671875,0.17531375566716026,0.02550440238053317,-0.17905274281519323,10.218075851347685,-0.5309859447651102
16.640625,1.6069926035514908,-4.820775698214959,-3.07766347637304,38.75056047157422,-0.21414860896979201
16.64453125,6.516313181574929,3.133551693389519,8.760153384171797,-12.758413904093231,-0.4701173493818317
16.6484375,-2.7030944329518856,3.2551390099443207,2.792495603894678,1.3156916134366377,-0.133400229144346
16.65234375,1.103149316049714,3.213518577656526,10.68719328121298,11.450439335243036,-0.39122014818186784
16.65625,0.334144513752707,-0.9653070582745416,3.6601231023104766,29.990438867287153,-0.4978721716558863
16.66015625,1.231722215947562,-3.4101731646321305,6.08491694814453,-32.114443739204475,-0.0417552496486374
16.6640625,-0.7649953610883944,1.8037968328530978,7.52988887541691,-16.218015572490845,-0.3079452290066488
16.66796875,3.4333977167544703,0.21703569340434836,5.838297984620952,-10.448221590325169,-1.2028599186827453
16.671875,-0.7586886763113427,2.7265829341258714,-2.02337833568458,-28.860215393156622,-0.8057817651682828
16.67578125,2.4194440472442547,-3.3516546061679415,0.3839994232865497,-34.85758957582564,0.44752873146110583
16.6796875,-0.31162697625308783,-0.020581194816844752,4.213746390557118,-3.0360980223953913,-0.6863922582750132
16.68359375,7.037042270646215,-0.8470054747114757,8.11229422668455,2.1051978928292376,-0.16124369339635586
16.6875,-4.484093148876192,-3.0382085796532023,3.0032296443813697,19.424174809770385,-0.15108136867506633
16.69140625,0.8734313749166136,-2.6746385997757773,-1.2375552163564962,19.79638573642442,-0.6549974894726514
16.6953125,-3.6504999899811788,0.9032188980646569,4.030671452161264,22.55132432124145,0.7776714170388871
16.69921875,-1.5788369927921642,-2.0140898028325678,1.0983327422102809,8.278140960430255,-0.7124512088007238
16.703125,-0.30804508998899766,-0.7207446179879391,-0.9935332248289812,5.746047832849083,0.010311258870903636
16.70703125,0.6533000212789114,-8.312976484478998,-6.626669718894989,21.907641864438446,0.1805916713668606
16.7109375,-2.4895586704037425,0.22537585276158795,0.41840544183887074,-16.856725661593153,-0.4111812213039575
16.71484375,4.871558654099647,-0.17670800322738728,-0.2480944126798068,-25.168188418670134,0.2065051335386907
16.71875,-0.728998334077908,-2.5680693184413346,0.4410237638554868,-25.108141458987113,-0.48177426080393043
16.72265625,-2.499922556638378,-3.2143491409779092,-6.25706304490593,-0.832812309175071,0.37793688133995856
16.7265625,-2.148673868138609,3.2009699360989172,2.231159712163625,13.594175012562454,1.163311856416824
16.73046875,-1.8190105092741413,-1.6402554691158937,0.41752387971171057,28.33076804934149,-0.234340468696077
16.734375,-2.525339525046081,-0.20878687384160802,-2.727980562537131,7.296438651467992,-1.076888964391153
16.73828125,-5.185459298653024,0.40350411864551217,0.007073822428863341,-1.0394945491796967,0.30359036140943046
16.7421875,-4.921516727631656,3.33582076345436,6.4911574936418495,-18.330652285174146,0.23890146238521054
16.74609375,0.4880687478813993,-3.090815671427912,6.3868858143713325,12.432591536761482,0.0026933261809516788
16.75,-4.9922725324737,-1.605620456437101,1.7180313718464395,-3.1278596147679973,-0.3372574001094625
16.75390625,0.3977475838298866,2.5550822665056567,3.8615840039839746,0.05242554721991688,-1.0062791202574832
16.7578125,0.01162727520860322,1.1489696812909589,0.8151798002250001,-12.1279618128535,-0.8025026215297018
16.76171875,-8.114307716956748,-2.877029523452635,-1.8937678809742082,-49.354052991713246,-0.27876388766790533
16.765625,-5.047882037303678,-5.098733027924668,1.670794002817086,-9.42761167804152,-0.10009255601545422
16.76953125,-7.185289358590174,3.497707873356077,1.8121969238267506,-41.197245397992184,0.7853015637868176
16.7734375,-1.7863870138283655,-3.2233042908434637,-3.4216498646843942,-16.482478273101943,0.620499909831085
16.77734375,-7.9236891164312455,-1.223957444081698,-0.4919725533429986,-8.608806347432363,-0.09578644570614567
16.78125,2.7442040374695056,2.5991057096725316,1.7823089209780592,-10.716838405748897,-0.3496397682235538
16.78515625,-3.045168757872963,0.08034342565982298,-1.968950294723848,8.222771887108784,0.3050896492925078
16.7890625,-5.908270946830553,-4.5196332580094465,-10.941729025213872,7.14591291577416,0.5546874167297539
16.79296875,0.08802847504738731,-1.2243555666302266,0.8031644984125514,20.31744387568982,0.13246533502481742
16.796875,0.6120297831881378,5.642161707217067,1.7290528596191082,21.55603392199885,-0.22244383216860403
16.80078125,-1.810216133573675,0.11773872132333696,-0.34681682328357644,-20.297926050691466,0.16925803973119924
16.8046875,2.3121872153114347,-1.604504404703234,-7.121831064085989,-5.700864146211243,-0.08364640794790888
16.80859375,3.6174822280419403,1.3386345955243104,0.34435251490299557,11.319428656622842,-0.6262731968437703
16.8125,-2.1126231052021622,1.652328693161643,-7.077816931104028,-3.4105127449743957,0.23494594864392454
16.81640625,4.684005783861837,0.04852515257158908,-5.695627304530266,-1.0487417141131132,-0.5994205253693508
16.8203125,-2.0440882064887953,-2.6865160690363763,0.5142418769465302,7.030351191895827,-0.07586178637014591
16.82421875,-0.596449555503036,3.2173043225019944,-0.08656400108560791,39.859009120869494,-0.18094943426814478
16.828125,1.3646373672202177,2.151276409052017,0.1796194824123416,-3.242498707603051,-0.04176358315074243
16.83203125,-2.911886493783595,-3.7147617598986313,10.662171632993115,17.020165563435317,0.03211754785555546
16.8359375,-1.913276425984993,-5.0177866829434254,3.2915754517760996,22.184528757060434,-0.011079835337451507
16.83984375,4.175059984781005,-2.806171500235879,3.118705238328834,-16.08258946752158,0.7123613748058593
16.84375,0.2882161176716196,1.6245069251745292,-0.8033189249992878,3.6589525826049947,-0.09348980048854867
16.84765625,-2.1968894674252266,-0.2718497333483372,6.960684831197836,-14.883734824463652,0.3586502699382862
16.8515625,5.5097800633155005,4.9970076977608855,5.007661682731449,-44.98374620029831,0.12193471506540456
16.85546875,-6.560673609722912,-2.869723229415614,-2.3232473239422755,1.9069720718214302,0.316316913067919
16.859375,-3.509476737412006,-0.5139139145845302,1.900158006104029,-5.254967311926908,-0.5002630426337266
16.86328125,-7.948142353568101,-2.001136702848754,4.504616409281905,-14.631031781193297,-0.03671177305168872
16.8671875,-1.808605137743863,0.9316663280460379,-6.815850175542618,12.201530047729225,-0.3452381647317604
16.87109375,-0.806283232619948,-0.32614747809885836,-0.2441962312732271,31.06074976930165,-0.6480827602746971
16.875,9.563351782603762,-1.2558795289964655,0.3192327802264088,2.232871600466085,0.5730474811819433
16.87890625,-5.024261836059565,-2.7337190879133524,3.135172030099853,11.911117567107748,0.6905993177789194
16.8828125,6.777672400302727,0.28693323679147564,-1.2257324215167393,10.628358689501319,-0.4152014897204601
16.88671875,2.871500008721866,-3.5542212890240372,-0.2668189113351014,5.416827636151848,0.6367302873598497
16.890625,0.058442566896917146,-8.295255961757817,-0.27771608510810175,-3.939882592169729,0.16433213383861245
16.89453125,3.789796195197911,-1.8612521356105576,3.328454004406319,-25.577160422075707,-0.2927821595274435
16.8984375,-0.3512796858444539,-1.6269556454265057,-1.9161073080327913,-23.869107720996972,-0.8556822057659944
16.90234375,5.06339641461598,0.6033374803032318,-6.938825476183352,-11.287963370209082,-0.26533656081199164
16.90625,-3.6374297855439663,1.005437897035613,6.887596121708933,-7.6206998791482246,-1.0318871127119098
16.91015625,2.2309504492820627,-4.325858977486094,1.8512596027728592,-41.80350632091337,-0.3590546691590919
16.9140625,-0.9458526438526851,-0.47802343715710915,0.4356926957755759,22.96168858611724,0.5614152164408612
16.91796875,-3.0347867658396983,-0.13541275100216377,2.494812851015585,6.837050751335729,0.4373403526202768
16.921875,3.4782503355133527,3.9074728177627307,0.19101876913868132,31.439254743822097,-0.29741432785419153
16.92578125,-2.925222328367002,1.4874381367474905,5.323700346246438,2.850132688489066,-0.2708358396105403
16.9296875,2.4874370453893175,4.581314762378508,0.42046502632682836,-25.116783689689726,-0.23984940735606283
16.93359375,-2.923738448991226,-0.5055719559484625,5.985459253339642,-6.316959616667409,-0.23311914288975338
16.9375,-0.7045732550250138,-3.030787947578389,4.745555558301737,-50.37023954022584,0.478228775642851
16.94140625,1.355348104381514,2.9346747957587107,6.248979410093695,-51.488445661500734,-0.3669172370623203
16.9453125,-0.8758306461974172,1.6862522163074933,3.187403849763467,-38.6934668600008,-0.782619577834733
16.94921875,3.4815386261547716,3.2191508643243285,3.801606042269228,-6.357347787041795,0.32967050077702176
16.953125,-3.1582503249487193,-2.289115106332989,2.486563523121593,32.55657119922432,0.174849111166182
16.95703125,1.97104250083729,-1.632912418509557,-0.8673809850608394,14.22117767233424,-0.5256093399821129
16.9609375,-1.0451857714417836,3.0219649856248045,-4.458013063068673,-5.337459972670331,0.7733944315274736
16.96484375,-2.8090739242922242,1.089922597803344,-1.1034910744051882,14.024616109153287,0.17973616009121618
16.96875,-3.3175259932296015,-2.841651465173682,-7.931801509099569,-10.730714827440227,0.3960347607189969
16.97265625,4.717757012835425,1.4665369082676014,1.9092319626176657,9.624667412887561,0.1075293455032196
16.9765625,-6.073739001798196,-0.33989589138503784,0.5243154320380361,-9.915494653925016,1.0290292387098816
16.98046875,4.138168703513666,0.789190851098902,-0.5969193174158427,22.30435802772063,-0.1895070223688465
16.984375,-0.957563350539573,-0.3439421543258975,1.6197943297516995,-32.99990478149477,-0.360521982566958
16.98828125,4.711969530301934,-1.0078619841039167,4.646768240541146,-11.664527710800545,-0.09660894645373687
16.9921875,-6.578948541839617,-0.12447517922464295,-3.1996753928797976,-28.532368597065158,-0.9130581162867852
16.99609375,-5.303575558934233,-4.336404853749089,-1.104015227367058,-24.04886404910585,-0.3299796760096659
17.0,-4.951395624984446,0.4749919600900724,-5.011208666573518,-11.04017766797196,-0.02119914273978098
17.00390625,0.7512650444125365,-1.7788196514879069,7.331790596283311,-1.5414011648207726,-0.6063122849596816
17.0078125,-3.8127055903421563,-2.4042712834479256,6.479805283638974,3.551653092685143,-0.12059442993042253
17.01171875,0.5939771462299118,-1.5742628409948924,3.1412763451634462,-3.912137476801199,0.3984731779012451
17.015625,1.5654508958606903,-0.21176353440896797,3.8827085829730534,16.640035201172594,0.9318656014407796
17.01953125,0.7564475440387571,-3.3143403850685553,-2.84224520147522,-8.764495931917558,0.11614604574182145
17.0234375,3.7849094900112945,-5.834320780376198,4.586991519232695,-11.285169670042059,0.00989955387797766
17.02734375,-0.40167047001929845,1.0303252513055248,2.9530257508639632,5.987249264855675,-0.45156478760345203
17.03125,-0.3183839875905533,1.2322138467436372,6.269088329906872,-33.340137534766555,-0.23340478773512016
17.03515625,1.1041127368803296,-3.930446821183994,-1.485620300971249,-19.747813732803603,0.23418877917929878
17.0390625,5.06178690136548,0.39491724251056826,-2.852205036573501,-0.8212294664267503,-0.6766423400594108
17.04296875,0.8760689284423893,0.7102736251836006,-0.7480963665019579,-15.362453695548474,0.6677041846741507
17.046875,4.037006771261363,-0.18187796571062975,-1.6229783406543976,5.3524476766726465,0.37593213230225825
17.05078125,-0.3126771557442223,9.590807003741364,-4.905212577727618,9.252256398224887,-0.393171802272836
17.0546875,1.5316267083571726,3.0024569825667866,-1.2105601895106293,14.769344133914963,-0.3931720354613341
17.05859375,-0.5917010627084064,2.716912603664235,-3.2637519080372153,30.787879160854665,0.10151750337512087
17.0625,-4.449786957468709,-2.1784816254687804,0.9372265457977771,4.867086422442478,0.35552205250819635
17.06640625,2.7159044394996,-1.8346309708028967,-8.087732084943424,17.133257068072993,0.12625250172737648
17.0703125,-2.4338037093954585,-0.7289227776612233,-1.8679678418151682,12.832325619467937,0.2865149762020486
17.07421875,-0.08478169940073428,4.072139636320912,-7.790268226808497,-11.339485088307585,-0.5020831840046877
17.078125,0.48186444146478563,-2.1207337268380724,-1.2392274622255703,14.524874668057056,-0.6037702899465442
17.08203125,-6.494291331395189,2.733728833771295,-5.484593279894518,-0.38126499122012625,-0.05891861055565388
17.0859375,2.310829991208348,3.1388607152008374,1.7813847939772038,-6.991134743079856,-0.02017757503010309
17.08984375,5.697854008246837,-3.153249283512544,6.285210323050154,13.926699056755846,0.6415484260206191
17.09375,0.6140895645543853,1.3647646243354608,-0.05410627928172351,-23.748545185186234,0.016441243293360847
17.09765625,1.0438190887383831,2.0884318022650934,-1.4894690166134206,11.626541479737183,-0.7968797712993527
17.1015625,4.5776305477463,-2.558084935288066,-0.050467767170015776,13.877437759603119,-0.5179071162273751
17.10546875,0.3418584012449227,-1.7317333722487922,1.7604578898040855,18.942706419234206,-0.029963209768948867
17.109375,1.4509945769512835,-3.9522889162741146,-1.6705139898232342,-5.653929508903288,-0.37394011291366736
17.11328125,1.995817572485095,-2.3188530875844973,0.1874537732223125,-10.545281571771625,-0.7615269418516555
17.1171875,0.5834031011458118,-0.4188276141732016,1.6320294413984346,-26.649984753593387,-1.498440097667593
17.12109375,7.154320170689454,-0.7828891620929015,0.9899722357024561,-44.974496781081264,0.09070379980352924
17.125,7.5190999992614005,0.5140984884799562,4.174581312031154,-7.361482298952104,1.3596088631509793
17.12890625,-5.029840568194569,-3.801364741382785,-4.103385797367235,-3.4946294151290136,-0.057758139783643636
17.1328125,-0.5681929706660029,3.248981362427394,-1.7023311029742088,-9.405593510486458,-0.14284305561780267
17.13671875,1.3841117648823793,-4.997939559301268,-0.4946540140246134,22.694459047246518,0.04777045957163682
17.140625,-4.135973949442912,-0.01680734957433368,0.8268264959278787,-12.825827106125425,0.012774680608049174
17.14453125,0.9681011470656505,-2.0628841403472444,-6.061036785911387,7.333520346151254,-0.11800471947575157
17.1484375,-2.3679834090311944,2.7549658838883495,-4.292613374927458,9.656902299147905,0.018662068592159572
17.15234375,-3.784071670736369,-5.543626447620657,-5.275860672854543,38.19575194533978,-0.2664681986916217
17.15625,-4.615875137825944,1.8759739260103938,-6.573943671723326,18.50748232796591,0.3791600162987652
17.16015625,3.7133575182956884,2.1892712477462566,-12.154842039937119,18.523850288327967,0.008661377605400037
17.1640625,-1.7825579518655308,5.05713216817306,-1.9092457487607413,6.134016777570487,0.41540733826244786
17.16796875,4.049574127634227,2.5668337710565408,-2.852157895310939,-15.995809111010642,0.10208674543724248
17.171875,-2.9579068743986667,0.5382640764037112,2.7634856557697267,-19.427602175444285,0.8547354272570903
17.17578125,-0.843889945048542,0.7596238026411264,2.5102967883875396,-5.960304756131961,0.12920363651709263
17.1796875,-1.6227579699263726,1.1467315049441522,-0.49694583586724894,-23.57336716366121,-0.5906215169030874
17.18359375,2.6377607870089292,-4.362540081635565,-0.044178417064001885,8.887976579155106,0.19057443874766608
17.1875,1.1139122757083055,1.3525190544922878,-1.1554047259330162,5.938414627691433,0.05264148619573284
17.19140625,0.2733062841071524,-2.1109055629798945,3.8442943739246433,13.008598799944199,0.28275902310581874
17.1953125,-0.05599796860158853,-1.674210158289243,1.753135910034187,12.502749093053207,0.29158334836979544
17.19921875,3.32339135025334,-0.8003140734695012,7.9117961851813625,3.743832305795907,-0.4108163472806324
17.203125,0.4288282727126125,-6.117745609815433,7.188121311389584,-10.719859571844605,0.01571329477465735
17.20703125,-6.816032070658759,-0.42026166902867723,2.9487438696656776,-5.324032891952793,-0.0923114290713501
17.2109375,-1.9371264558557235,-0.09771713013818521,-3.384376424637568,28.903872602284586,0.7955231041921387
17.21484375,-1.863742121198165,1.9917623074584692,-0.3255577605192381,-35.26529218619378,0.6797591952854128
17.21875,-6.5867405841039925,2.138614524790351,3.32984510331493,-27.467731301314412,-0.1950877960352923
17.22265625,4.462655938182118,2.5747356910625916,-0.07969916298019608,-5.4715510419561815,-0.33328113390747566
17.2265625,6.1587577381747325,-0.3154981186604437,-2.0660904066057917,-5.37144001742931,-0.079445517855384
17.23046875,0.16616532349150573,3.4609259079772188,4.485537450948081,-10.425444922530406,-0.17879046817670655
17.234375,-1.02168583804499,1.982666640836174,0.9295968256205069,10.962887051493283,0.21172945523149647
17.23828125,0.6893934792831294,-3.1771163224678807,-4.154819211098669,19.76032938835096,-0.35133300370001275
17.2421875,-4.237184899916165,2.5891291129523912,-7.009228254530944,17.788550906761138,0.22644872351164044
17.24609375,-5.811981170070252,-7.021752970732792,0.17052619734344887,-9.612695341708786,-0.010368929255145997
17.25,2.1859121115616795,-2.8753027077789053,-2.992602584480483,-4.864091122941378,0.1915024986948692
17.25390625,3.123392335448527,1.9826717981880277,0.8432185564513999,-21.314997485507906,0.4692197086927864
17.2578125,-5.549894810675573,2.159341156535167,-1.3558333181382978,-12.69922057016416,-0.009312367262235775
17.26171875,1.6072333730333561,-1.9081294260887152,4.208494144155439,11.2183742710525,-0.8383321359960553
17.265625,1.675282102820532,-0.8545663699817873,4.645023146771913,-29.50070865616324,0.9832821613738792
17.26953125,5.934609856087302,-2.8012558342226637,-3.7321515153322515,-12.232176036808841,-0.27779401502751316
17.2734375,3.1692318336481433,-2.9588210975756866,-0.47133321669161826,7.402516635869424,-0.27867711414349394
17.27734375,3.628762257460139,-5.184028999825161,-0.9976361262166704,-0.4686064410076938,0.6303455317729585
17.28125,2.4537627903870876,-1.4082470713364241,-0.2069621845453835,35.515401696078456,-0.32384412119886047
17.28515625,5.189315047950601,-1.2553720400498949,1.942133226852471,40.08023408446153,0.030188097893990056
17.2890625,2.0743986755698702,-2.3882100421112264,-0.03944055383307754,16.433997350920336,0.645750896239242
17.29296875,0.47702665598690075,0.9230144755663355,2.595116185336884,37.124635245211735,0.8800162874352339
17.296875,-2.424792902472299,-3.7116219209298134,9.312710162130909,-3.546855718835583,-0.6118048498048265
17.30078125,-0.5064795837397644,-0.46478172424100916,4.168032194648763,-57.12875892348373,0.7768484547689868
17.3046875,3.11158140473007,-1.999394271287271,-2.647091918622554,15.760934121459053,-0.2397502732588789
17.30859375,-2.3082480942128805,-3.059056661039246,1.8622746940507764,-24.611876918801947,0.3595214703147391
17.3125,4.200672806417631,0.49609390881855553,2.5093260695332145,-25.55374990726306,-0.10452893603804339
17.31640625,-4.526002817494124,0.8745455612048822,-4.2169567238292425,-10.483971811642114,0.8347420291168428
17.3203125,-3.2841564643044205,1.9220210720225344,-0.9465910262090997,3.7870248328488967,-0.01680415698367099
17.32421875,0.5125797403083566,-3.0756860545870657,0.671522055854352,-8.65936719352212,1.1337692084810158
17.328125,1.4660409283631757,0.28993079027846025,-7.475929982534886,44.20012926722904,0.4273540044214389
17.33203125,-6.112539599517191,-1.7990010115406263,-5.484829504163249,55.457597787050325,-0.5346770619245493
17.3359375,-1.2185410592742072,1.7676772997290748,-6.25648311311025,37.956909843636105,0.10521021253544238
17.33984375,1.8121158268728403,1.0143912339438281,-1.7481957539515312,14.597837201794372,-0.3811185885829172
17.34375,-5.922277198383009,-2.8956591884192937,4.28338410839286,4.818822941845538,0.6342047750331369
17.34765625,-2.210549160209822,5.7140360088722435,-9.497385169107478,-22.539572573425605,0.031683089538340425
17.3515625,-0.2991355204116079,-1.8433816247623676,-6.048340916249994,-3.6969397192856874,-0.17732318509728595
17.35546875,-1.914176667147921,-2.8450929742314393,-3.0740452171633406,-31.71931153135553,-0.037437467727467644
17.359375,7.114563922124296,-2.085688621876392,-3.541964794492046,-17.561516239026037,0.5515478340642382
17.36328125,-5.050558559372408,-3.775303441362883,-13.64626488538658,1.7525040749705696,-0.8948241180316528
17.3671875,4.765800406796187,2.7815168207167984,2.088114626335001,3.2141547040720644,-1.7528998264545221
17.37109375,-6.168304224690718,-1.8368968952398073,-3.097773006904071,-5.494830370084605,0.21334765857786914
17.375,6.035948775060955,-1.2471046382430522,7.077759184144755,24.04197349810442,0.03261615116877929
17.37890625,1.6780564696541966,-0.7797063553372257,-4.060987643984102,22.91814089583007,-0.536225065840752
17.3828125,-4.0830114601620755,0.9538182588728662,3.3210448763143634,3.1205315240469425,-0.030281060299876962
17.38671875,0.07018003139797024,1.1512233568287233,5.478609751210781,-27.26488645786747,0.9506052141596614
17.390625,-3.0546897180448194,0.3067450397083076,0.5829359931275908,3.2598326057546805,0.055589898771095055
17.39453125,-2.2067970032909554,-2.930033553935291,-5.243954419490763,-7.275895990298143,-0.07331955102017487
17.3984375,-0.9306185707597647,2.6471681323448073,8.785157632624985,-38.950672705327065,0.0038634971167764995
17.40234375,2.3004285121046033,1.0344048332334355,11.897127636999892,-5.689926676515011,0.3855780081700378
17.40625,-6.139485176534052,2.079266527480877,4.150894881024593,4.8529340354089205,-0.18322428338286176
17.41015625,-4.393488283537005,4.931716964096723,-3.351605067875207,9.377485096997255,-0.4295452260983652
17.4140625,-0.5398646563902505,-1.9402371011242217,-2.471256186245405,14.706889339349923,0.2540758861106957
17.41796875,-2.1657625569209022,0.6372378314634841,-0.8943848542548528,-1.284948623624441,-0.5475118305780828
17.421875,2.265627277858162,-3.832366583681965,-5.7937072383491675,31.548696063403714,-0.15735347891835338
17.42578125,-1.7241269463787534,-5.341719370574782,-4.483408150703378,30.22714082171372,-0.20991706761191237
17.4296875,6.803778115739783,4.134302583285484,-0.545159526786946,19.308301556121066,0.45996400676352966
17.43359375,2.6202316850559138,0.9144148675624268,-1.0318760218463772,0.8879756547597921,0.5984264800929688
17.4375,5.109682189596273,-3.6217077007329177,1.9544006818876438,-28.461524321755753,0.21236210487307364
17.44140625,4.532883941499305,3.313405033409655,-4.331565871533944,-32.16473255634398,0.7995334450072181
17.4453125,-3.006113922882086,-2.587708303491579,-2.461261740015728,-0.18652747629209365,-0.4259837201829474
17.44921875,5.535287039377398,1.8082285246992773,-3.3832535662599375,-4.461736889524059,-0.8825976232983074
17.453125,4.085250073354547,-0.010598359804219585,2.1268865243364465,-4.750252080611555,-0.041403983936099197
17.45703125,-2.9536475093435826,3.0143392328043164,-5.006212224994405,-27.169728095629555,-0.4789078931376199
17.4609375,-6.22421143926397,3.0541902351227352,5.834849830908359,30.12371703669302,0.35271329965036735
17.46484375,5.865632416320944,-4.780312616736822,2.384367261530862,12.165417329210298,-0.2430508829484986
17.46875,-0.5257151015585951,0.289749573900881,-0.421565368553547,31.97956389180104,0.5000380459181994
17.47265625,3.4245714295934464,-1.8821198042868803,0.7329131665698618,-11.359837619491575,0.008178199358961705
17.4765625,1.7492433603240318,4.997386214387809,7.14928957588605,-46.70955561708826,-0.4557933240175064
17.48046875,-1.5150484385347034,-0.18752814702328746,4.887930257179976,-11.642577184008083,-0.43007111418813987
17.484375,-1.7704395541776201,-2.6630686434984985,1.1673956811661932,-12.297896820669457,-0.10634313005014841
17.48828125,-2.1581336506067075,-3.450140247121908,5.557536218944371,-6.558993867133928,-0.8613615850564766
17.4921875,-3.8071912399947765,1.0356075744026976,-5.038042701348337,-23.28869963820287,0.5531798363599795
17.49609375,-3.4765660585079994,-2.3305804893950786,-6.095681156660227,-9.97593111279562,-0.7535082488276932
17.5,0.4720395311665978,-0.38997557215315415,3.7734134360546046,-13.429471856008266,0.13610861613708425
17.50390625,-1.9302468988393857,-6.42774922176322,-3.909381324040446,-1.070753086672367,-0.21705529076580474
17.5078125,1.0796095228342533,0.7761896126936417,-4.4115682880098115,34.15219179957869,-0.3003677319628763
17.51171875,0.8390389020074792,0.7231294755564256,-1.6197875781806923,25.579113837478154,-1.004045355990927
17.515625,-1.9358675515017074,-4.940142435884967,9.593074728742696,-11.328903434649483,0.5117105025893383
17.51953125,5.085383842280068,0.3381985526105682,-4.149237330161604,10.580856759207192,0.3761678930955375
17.5234375,-4.639157306621145,-3.385960768266489,6.585014518103048,-11.641659465470497,0.19114082334023175
17.52734375,-6.215356520611375,-1.408183801934152,-4.110617654853162,-3.1669774489952145,0.1521840451269363
17.53125,-2.303616148580645,1.1885541405280466,4.835713615455536,-13.767850656724281,0.9058439065081085
17.53515625,5.954608184658379,0.13002109188389538,-0.5460608681526291,-21.866543382338957,0.07593387272489295
17.5390625,-2.374564119345445,1.0984346235416902,5.417516470902387,9.311493502882826,0.13441734051851173
17.54296875,-2.0334181790959884,-4.733959525669115,3.0998767676891594,13.49103949496719,-0.21312347399422907
17.546875,7.4591830476947765,1.4197323712903143,-2.5912163205838743,-1.3114862148723083,-0.026557563854600768
17.55078125,0.31939310836271334,-0.7854066283755565,-2.9509353076384546,17.668557106498806,-0.12019624396407139
17.5546875,3.378831966488538,3.430429328356542,5.73209398867991,29.132512873436305,-0.3089503235312991
17.55859375,-2.6839551157905333,-0.17169596336373688,12.038504737788045,-7.528313984683724,0.36261600427417817
17.5625,-5.302778208162102,-3.260790188619805,-0.7437767447769232,11.813554854901685,-0.15785526842355382
17.56640625,-2.6831196867045883,2.2165613880185644,1.8914549496636117,-0.05944856359725348,0.3789590031176415
17.5703125,-8.754046162449333,3.2025988891856443,6.7723051752170615,-33.23128758097578,-0.35513934332311964
17.57421875,-0.06166176450860447,0.5208440537199299,-0.7838555948662949,0.5454123187812456,-0.08220566472789408
17.578125,-3.437091329869259,-1.6579012328102665,4.983473539605908,-8.23208768534954,-0.4911355203166117
17.58203125,0.3053906058363337,-5.385571299558094,-3.6297282601151366,-28.01556911202424,-0.4353755998383746
17.5859375,2.133202065505295,-2.7319501617990243,7.703453656505674,-22.053350129119785,-0.9127343195725446
17.58984375,10.799837040643034,2.2976371651765364,3.290315602002644,5.035243561257953,0.8592498731397977
17.59375,-8.667529927534984,-2.3729561700922455,5.5861271921654625,18.298077273178635,-0.09200921450860586
17.59765625,0.935336361003711,-3.7001191264349105,5.571529258366309,37.875007723608775,0.3532696368788721
17.6015625,3.119838166086769,0.5564742370654339,-6.82604941883077,51.66950467017659,-1.0923531377016178
17.60546875,-2.50985029228615,4.503538209377057,2.7956140618423326,47.75979731498788,-0.42461869122592333
17.609375,2.0955217570506455,1.305550020637852,-2.3502239215705543,7.693597532078091,-0.5506965083069754
17.61328125,3.0128702141584083,2.413380800616662,-4.7240488338542805,28.057618834707934,-0.03908542931687508
17.6171875,-0.015403306923969361,0.8813774982082233,-3.1845894480812955,-12.481055702772391,0.7985231804665321
17.62109375,-7.460403220161245,0.650913090100891,-7.850508665959385,-3.9621663731713888,0.3147040257624888
17.625,-4.1919954252643326,-0.7820423148338183,-3.125150821810017,-2.936233246026436,-0.919827887052487
17.62890625,7.406183792469207,0.921560902415413,6.569489594169393,-22.424018520281415,-0.036820857891155745
17.6328125,6.237515949337493,-1.5584295199554652,-4.362563151122855,14.114839882972177,0.6692884797753937
17.63671875,-7.440006417531285,-0.049824578892876795,0.7258058419326286,-6.930511248941851,0.576269021178904
17.640625,5.900168381254193,4.537273526379068,4.521751746840812,-8.854215749567452,-0.827447604457704
17.64453125,-0.5401289744397758,-0.13503843703534296,4.096245307114252,13.485721886202919,-0.5070374444340678
17.6484375,-0.7887117335416067,-2.318187760183736,4.975358523150998,55.12063109664968,1.6084104938574977
17.65234375,-1.7876001353037183,1.8888686028934556,-0.09644926942382437,15.020367345563997,-0.35791824510368125
17.65625,1.1430523740140923,-0.565209306711815,4.067139509899635,29.793303959008153,-0.25857718399973584
17.66015625,-2.1362855481296026,-1.4390988137759857,-1.8857149858489648,18.208078753269785,-0.6862866433156135
17.6640625,4.341869970259249,0.03919184465814063,-0.951710141213876,-42.86559491940745,-1.2575165881846626
17.66796875,2.592968082152141,-0.294541744786894,-3.286755114230789,-34.568710169118404,-0.17097300409487387
17.671875,2.3392045015935508,1.3103133149751969,3.2301283105648793,-24.535398058584285,0.5761679459563539
17.67578125,0.7834532793792608,2.581202641000706,-2.0131212960093614,-8.617118954543523,-0.5590513774986111
17.6796875,-0.9236046305092243,-5.11508973269279,-3.0425370078456204,-21.849479838277844,0.133815188654528
17.68359375,3.0859018032352803,-0.6998368967825292,0.792852059913225,27.27864313921793,0.10082727141735824
17.6875,2.2330483921156294,0.29182339422869685,1.3345182435005118,-12.953334668976813,-0.39270887185684417
17.69140625,-1.8958277708213742,0.6820021017900535,4.808561605435598,19.509997299953,-0.43592679871816664
17.6953125,4.1397298292878375,4.297624006947834,-2.5192287496364196,6.938396216312263,-0.21764948044485802
17.69921875,-9.031330244978625,-6.253227268358705,-4.627359079135093,8.607100504171854,0.15245453985123117
17.703125,-1.502702899593559,4.058434526469229,-2.7921876147993294,14.874471040168132,-0.46433855209811303
17.70703125,-5.764135409895068,1.9919870767413084,-8.095382890603968,-30.280260015671455,-0.5030067393363861
17.7109375,-1.0042761722089897,0.8471507715010511,-0.9283577540631187,-35.78209069160811,0.22811675285338678
17.71484375,7.850125855372766,0.1894376981050863,-7.235088877083612,-59.867624180539295,-0.2302265814155139
17.71875,7.382732556465346,-1.6823001093487886,-8.258251794125488,-8.568412678442456,0.4887763460696973
17.72265625,0.7412918612057134,4.6690173803503185,-7.896736524727441,14.601501822490615,-0.28563245912998403
17.7265625,-0.9967940854515617,-5.2071744192506895,5.996817662483849,-31.95129651747254,-0.43150001122266995
17.73046875,0.40783800813831594,-0.043302078718886965,8.291132598280594,11.574548970017972,0.8086810366839422
17.734375,1.3241114013596365,-0.5230793546647705,-0.2777711276676307,-4.2231145176347,0.5640749062687339
17.73828125,-2.761118546446024,4.629124231635039,0.30583081147306435,-1.8598746975188885,-0.3035547979463249
17.7421875,-1.5740637805724655,3.463129880191117,2.6535504422908023,0.1188139929446912,0.13461148829461125
17.74609375,2.8979937743772317,-0.4068422277222632,4.430655326141493,8.681096339237858,-0.8397574269563147
17.75,4.843792021044668,-1.2897367735672653,6.057753741492365,8.827954806556255,-0.4378464380737173
17.75390625,2.3337918647015843,1.7563649524996245,6.714667455951807,-10.740182082959507,0.07027063314767275
17.7578125,-3.5911853728143566,-1.1087289758918804,3.877133807158057,-19.909178703076613,-0.15661224181543137
17.76171875,-2.972858996531308,4.896050958317163,8.816416950078963,12.733981461999491,0.5884685787668399
17.765625,-0.9910182062281375,-0.3040144932747084,-3.878001441167394,-10.656656268416546,-0.8160184807539178
17.76953125,-0.09608252099143792,0.5843995565283471,3.8747158079963766,-2.1216899814471093,-0.10433703862479048
17.7734375,0.15506805724634468,0.8843808381145868,-1.379283968941367,-4.369274102716891,0.5220639226637432
17.77734375,3.2774631195392403,-2.7395523465384497,-2.561363061497153,-23.657620104730434,-0.08249291548642604
17.78125,-1.936178883114505,0.21063890037743216,-10.93916502672661,10.43745229537065,-0.48435133343676545
17.78515625,4.024557079239765,0.037487292152237776,-0.13173752343404388,8.46095576664133,1.0189954879140626
17.7890625,5.068106755599734,2.6896449691378574,-4.225872604686965,-11.301645925883061,-0.48266781530772085
17.79296875,-0.8175588814114019,-5.580415174252321,-1.2021008315595,1.5044114923942455,-0.09950156667233503
17.796875,1.8297582267300776,-7.397079529773411,-7.4006544884720915,-17.678638286032207,-0.07172870117249705
17.80078125,-2.025268664182342,-0.5936301866261513,1.9944054825774171,-14.684057523785164,-0.2829691229941451
17.8046875,7.727703117550019,1.1318475793143765,-6.9573077912989305,5.2774694801505255,0.34803907733538686
17.80859375,1.8130512288677538,1.2430302615442792,-2.328268402627056,-17.441139587890856,0.4780645834473727
17.8125,4.654994836597785,0.8665961224331673,-4.7087958252973054,-5.712346495321722,-0.3356213845211751
17.81640625,2.116333317128536,0.42723370660835785,-3.4491973910033926,20.51938280714951,0.4890801331845169
17.8203125,4.878389552838087,-7.18220050313938,-0.5420361079575767,-21.56342185157942,0.0684639175672451
17.82421875,-0.3726366691339774,6.228667849000436,4.60284983265207,35.53464711675235,0.7225045284711781
17.828125,1.906869894872307,-2.478092161768196,1.5205554322524109,-13.593925326428241,0.1430976706959146
17.83203125,-2.1309746926612445,-1.0185385277254548,7.287223824162525,20.986660183773566,0.08495382591616052
17.8359375,0.4653437351523708,-8.248658760470803,1.2821865589384158,-7.545332464600737,-0.10467230192408357
17.83984375,6.3814106848419705,2.126653748146598,0.9709595928412225,-9.576565633573107,1.0612183228949632
17.84375,-0.4467060652362369,-1.2993609994356905,0.8116440171786681,14.624102301497588,-0.6788966151197074
17.84765625,0.36866512146773434,-1.5699536992528955,1.0377504204641603,-45.55851480748124,0.6741856274910548
17.8515625,3.6231352684780576,0.3542154975656605,3.6302566328266304,-21.736112988069813,0.7839446636241363
17.85546875,0.801128489013441,-0.24936228335410812,0.6562840928636332,-16.696648738926065,0.5210305428315536
17.859375,1.8575592566056562,-1.218513543324571,4.7125691974535435,-21.54158915753115,-0.42445249101898513
17.86328125,-3.632373216830766,0.0942097823805321,1.130322346954524,12.673458179744527,0.5558856309126975
17.8671875,-1.8992001421439286,-4.623514924489751,2.0851708003945886,12.023220775715815,0.9027696556765966
17.87109375,-0.676571272776813,2.7871507645374463,-3.003559294806907,35.362049982488855,0.6190126930574746
17.875,1.6394599761954893,-0.9471676094590809,-4.546286388683862,15.255070044210264,0.4418023020144944
17.87890625,2.5680800967673374,5.593391235042381,-9.02929550889088,10.3428668084788,0.3374561417678881
17.8828125,7.140198085513348,3.571769321185459,-2.148586179396036,18.85753397004096,-0.5410173437844621
17.88671875,0.278561798521013,-1.6053581054802821,-4.352275113277163,-23.10863639717512,-0.4922440705295774
17.890625,7.498463908572877,3.1367760215358573,2.9171095017992563,-31.622496669230046,0.1693077425205289
17.89453125,-0.5568509483477081,1.2097183099284268,-1.6455087863019395,-17.484067956854787,0.17624388245483505
17.8984375,-2.470074385952858,0.3135086517964149,0.44230111911096337,-12.996395906541858,0.11686025573533142
17.90234375,3.545329486304264,5.29840509340057,3.3611999244603545,-29.40536542726497,0.5059965409512669
17.90625,3.90118051081139,0.2670061374551694,3.6918742719962907,-19.407213345751842,-0.3650205968177944
17.91015625,8.722438961584425,0.6858401020026648,0.08590211560250577,16.491797925633932,-0.4472515582738798
17.9140625,2.764648215979019,3.8165430961504256,-2.000867348659611,38.373658784444785,0.5624039571509482
17.91796875,-3.2725832624036495,-3.92615906737295,5.870048681564953,6.524123489865117,-0.5320028003017426
17.921875,4.402604323203977,2.631919034046329,1.0209492220803942,-4.078607949068745,-0.11216353377258671
17.92578125,-5.788111607555013,0.9177449648832493,-4.190155439593877,21.99067669159966,-0.5454572498963876
17.9296875,0.41422583762690635,-3.44453784485881,4.131679033567208,26.049683950082414,-0.5849361511145666
17.93359375,-2.3011942819541376,2.9843187057806064,3.942673239017304,-9.870596410434455,-0.612583093727004
17.9375,0.5836972439459035,4.9431593285552715,-0.7976089055429392,18.581535463538344,0.4194179955233053
17.94140625,0.004111753155979197,2.2335108499287344,-4.840454354423696,4.681497823427584,0.23667430413510282
17.9453125,3.0550447290039227,-1.116495237086017,1.275533134814915,-27.17040696235256,-0.6852462356611728
17.94921875,-3.0579848545485016,3.92245891990933,5.578273717947901,-16.78709278767628,0.06788436217448848
17.953125,-7.790557016745696,-0.19593501531693777,1.1059553249494734,-8.442094147627653,-0.1117734033830115
17.95703125,1.825396009014522,2.252287239227376,2.8036211950483203,1.2708439338119644,-0.9009489857850771
17.9609375,-3.2307416808484195,5.014561026921463,-10.383150229028669,7.398550010506801,0.5806053836774404
17.96484375,6.451311654547508,-0.27085969594920045,-0.9871454976991942,21.317218076723684,-0.6319565064523318
17.96875,-2.3646444301733953,-3.9620883835534952,-6.071267983972549,30.384244184213554,0.1734775775893944
17.97265625,-0.3610550883972173,0.45069293197280413,-1.2836677789677693,38.410568901435006,-0.2107476697435975
17.9765625,-5.539718531267982,1.5226637647870473,-1.8317757007676956,-20.667305400665754,-0.07553595178268904
17.98046875,-2.1419729730234662,0.38074497479747615,-7.9195493123837455,-12.670605626236881,0.010821733507918593
17.984375,0.266858576729112,3.976248797144452,-1.0370900919076722,-24.605735577482392,0.25839215330615656
17.98828125,-0.8018045034338369,-3.3683987331901184,-0.9685752707657529,-32.36225610207587,0.2249498255485532
17.9921875,4.859174038906963,5.6493238064155,-8.224460015688555,-8.306370498783519,-0.2684567210722684
17.99609375,0.9320527854343438,-4.844786811483804,-2.7281959720435536,2.3469674453834983,0.3552221667245094
18.0,-3.791858717362289,1.1247722166848158,3.99871629010455,-0.37830961962286486,-0.1427268343812031
18.00390625,-3.9345337127850364,0.9447216245571037,0.26099256961607575,10.121655066585042,0.05696795954188048
18.0078125,0.27370544617572007,4.659619396469214,-6.6532150556569984,-4.069022452684814,-0.7353996349831732
18.01171875,0.8976692489201954,-5.21106009903275,5.5075581834571885,-4.821330403639422,0.9356796426408669
18.015625,6.423821986226035,-3.059933005766159,9.157522963498792,23.17111688841683,-0.25068243421301956
18.01953125,-0.6881039170674838,1.7033301145155213,3.743205807054647,4.708172769997302,0.0026935133274117104
18.0234375,-3.224099375826141,5.404836282580919,-2.7295925327359303,7.238570978344183,-0.29893145322661696
18.02734375,-3.306903101567794,3.4513244380221275,6.0073191921082145,-0.6734385939537288,-0.7586286844259238
18.03125,-5.382496514032455,-2.023803023487038,9.460136003138718,-30.190464660948706,-0.9629441748298904
18.03515625,3.7179504501244542,-0.4981830673296982,6.352134971216223,-11.633975896153295,0.13510305106601306
18.0390625,0.6239655468308848,6.216464502701992,0.7124032214013354,0.7034851181694854,-1.1485245036644716
18.04296875,7.082385516203875,4.27033807115757,-1.6072641091627742,-3.0904274929597664,0.737334862689101
18.046875,11.450184998944232,0.6077457123269812,2.3751519094333986,22.844384897789602,0.01833212958587721
18.05078125,-6.232487592362939,-2.962083578809298,0.7140243552604424,25.8152070782957,0.05182604890253368
18.0546875,1.6456164535265159,-0.6138456108643049,3.0113689086596334,17.988985530266344,0.401680082225985
18.05859375,-6.722212997989184,1.6887086694754436,-3.899624929559976,0.3850988276443612,0.5301715564073729
18.0625,0.9854545709977794,-0.09564539822623208,-3.9244959565908992,-4.592788634915804,-0.3898248901865401
18.06640625,-1.9949617903663912,-3.77468562603454,-3.350198307746874,6.879699966182558,-0.09650746024288122
18.0703125,-3.9197740821633626,-3.107535529892079,-5.835490088223528,-9.897823206365445,-0.43794933624024907
18.07421875,1.6233133573976855,4.385560717735091,5.179385338304906,-15.237697395299236,0.03703840103476124
18.078125,-7.0712552456995486,3.4254396349939658,-1.617213395732712,-12.104566859302398,-0.375229074570453
18.08203125,-0.15234011584164284,1.6505695332839583,-4.658367623750482,6.660931287406285,-0.6012688963544427
18.0859375,-3.723816508694729,-1.2770207524982455,-6.362949424038705,29.883984710358526,0.7466264582414353
18.08984375,4.673131138341551,-1.2232948821472795,0.1760898153126056,-4.4554612185065015,-0.28877929003827013
18.09375,-1.6314620436190017,-1.0391290879315556,-3.601503030827489,8.86364315455509,-0.5044057265203248
18.09765625,-4.02091611397172,3.797583086845178,3.6687463809959726,20.875898617537793,-0.0031071745851240055
18.1015625,-6.529551406953694,-2.130397254468112,1.8390864285497113,0.6712253458267732,-0.02900809464096402
18.10546875,-0.5105987394162018,0.8442560201559219,4.642247053836211,0.6838512491707665,-0.19317895014582198
18.109375,2.802870189192972,2.0566790844274783,4.394115917909687,25.36399656301724,0.3274857789076505
18.11328125,6.531331599749685,-3.623411228185966,-2.125862968953786,3.2372841138975157,-0.5023815425769904
18.1171875,-1.572607437621517,3.5417072574455943,4.452842382718518,-0.13910752894558964,0.40626732256190734
18.12109375,-2.3899463497587834,3.324348051895596,6.127176160190045,-3.0619697589698305,0.10095313428490449
18.125,0.8382389700385274,-1.3407042303302612,-0.5097581731673637,-30.90350469727789,-0.408033171892879
18.12890625,3.4284205436657778,0.6909038477302021,3.000061993816072,-18.747464968690103,-1.306663179408941
18.1328125,2.8162783224223404,-1.9919204541511504,-4.528406120554287,-2.761733244177479,0.02645280386599727
18.13671875,-1.2288639483664707,0.6117372776151744,-2.6153701615253784,-2.8439739994395374,-0.4248606242925707
18.140625,-5.183809268731279,0.046311652533930214,0.017676836405009277,2.5669320247339487,-0.17006604932668606
18.14453125,-4.342443583862853,2.3420720883797177,-9.914704148455428,11.787679230613564,-0.5069226570190478
18.1484375,2.476157285650585,-5.787157314852538,-2.71841886970941,20.420451392958284,0.3255545863798064
18.15234375,-1.4763565293678345,2.3480492805516207,-6.595033690375949,39.14737730508745,0.47369439188089
18.15625,-4.8585851860447375,-2.701108403720065,-0.5969030080802082,15.09277790839738,0.20079449194185156
18.16015625,-2.5580301038420004,-0.8947873252801486,-3.129071804852326,-2.470574276755174,-0.1601841906623619
18.1640625,1.802925017463876,5.421128885194183,-0.9716675966398685,-7.644070089011071,-0.43469642257464386
18.16796875,3.4203088486082436,-1.5355303741729918,2.080073151532292,-28.347280574657532,0.036320260571487864
18.171875,-2.8041034915524397,-0.6671499446738594,-6.196343365428045,4.978989694989215,-0.2706685311757874
18.17578125,3.5778549862849913,3.593773768133759,-0.47563870748855874,-6.124105917989781,-0.293140827862161
18.1796875,-3.8817492778914326,1.272427146340134,-0.8855394531795592,2.17078801099267,-0.22133405006890744
18.18359375,-5.085239482286614,0.0494432537913044,4.160423168521549,-5.9153813479399435,0.5993020769385079
18.1875,2.537893212838008,-0.7256225442879203,0.1761582673690021,2.851427263237442,-0.19381345323515067
18.19140625,0.01001680214800058,-2.0571830460578315,8.931518799231135,26.207888367874844,0.374746735277263
18.1953125,-4.327915818162203,-4.058081066785265,-0.027387383021043377,42.78923044823466,0.30484716347475393
18.19921875,-1.681920414542473,0.3000769656915292,12.325868752808057,2.067469016537574,-0.5619132500794224
18.203125,-1.2675292328991845,-5.802886202515982,0.6266266184001537,5.220650472944636,-0.07685459891353598
18.20703125,-4.451317280199777,-1.5486205339158872,13.927515513654592,12.354335723337751,1.2953247645856325
18.2109375,0.9699323666567701,-4.059155136872581,10.018530891113738,2.1758758662308413,0.7691910783094061
18.21484375,-4.997206280088804,-0.5882106659755035,-3.066957505740477,-2.756509019590583,0.232924284404851
18.21875,-0.08306618714813531,0.49982075937266063,8.613790893254045,-10.398355170734831,-0.386886491277197
18.22265625,3.6901197003341233,-0.3321300511506662,2.52510794646948,11.45944567474113,-0.727692878031049
18.2265625,-4.091472897798663,-4.587929962057639,4.076748403472112,9.085764960349527,0.43092707198768376
18.23046875,-3.571836783675777,-0.3083415299083139,-5.534284469067938,15.397784776582393,0.7244063365141076
18.234375,10.014070395782277,-3.0625974685398942,-1.5525093654732594,43.122150767583705,0.19221737464966562
18.23828125,3.9604563581478933,-2.48877566193357,-3.595786066772642,1.8422489727644713,-0.01985684876562053
18.2421875,-3.4384478907042433,2.5265698647090504,-5.744242686130471,9.264061511589846,0.6263882230519742
18.24609375,-0.2884463721149185,0.6642836329955698,-5.917594133408842,7.566954111530658,-0.2681825430711508
18.25,-1.0283529099078395,-2.4480730304200087,-3.746354473451208,0.3768782865720588,-0.12560436649099668
18.25390625,-5.720184513222306,-2.3400265527926427,-4.179262785634401,-13.927220298180885,-0.533175303810973
18.2578125,1.4861602306203354,1.2116784848144009,-0.7417669238528657,-10.800554931129767,-0.2837672326582232
18.26171875,-1.9808560847979473,-2.338573108035131,-5.093926395738704,-38.48575596877075,-0.7774618956517423
18.265625,6.657424218997096,1.1181859695833984,3.304588784384072,-8.458280922954913,0.18551695902501655
18.26953125,-2.728785312182598,-3.4581195290939197,-0.6602590158185144,-0.7160739686496118,0.42199989724739917
18.2734375,3.8613642345470884,3.6261004977978892,1.4894477262281285,52.06486967098517,-0.7420118596316957
18.27734375,-1.5432154784278158,0.5546477018177166,-3.7551889736796564,-8.645260577811921,-0.811565865749108
18.28125,-0.7520633740056245,-0.4736265070002843,1.5501261492061613,-0.9277675179517146,0.23193608541175573
18.28515625,-2.8319437065868636,-2.110486015289854,4.395856427155231,14.323026957893926,-0.521793974762664
18.2890625,3.471684849251944,3.038703544142604,6.764380766318949,-10.512046455474758,-0.18447437391803356
18.29296875,-3.770951527642601,-0.5738812488313046,5.965329616277781,21.751485338133584,0.5008398182170843
18.296875,9.594955541739752,7.054459267562676,1.4333919992434607,-4.803960719898173,0.09750752003992261
18.30078125,1.4586937784371339,1.2956948262068462,3.120755903880496,-4.262466808482814,-0.08862862512080862
18.3046875,-3.5175603616188464,-2.262719014424108,-0.931739897010885,-22.790295574605956,0.2986153352638145
18.30859375,2.0524086436818965,1.1955353010836396,-3.324888237601387,-41.88587891643014,-0.06583678149058825
18.3125,3.0132198482643533,2.6955754277608546,-3.381161383674525,0.43590315263860546,0.011629381506981461
18.31640625,2.843520367956329,2.565232392368884,-3.1912798970768943,-34.46652226897099,0.5221466929798569
18.3203125,-2.110790423290186,-2.9727834703569544,0.5841448985973036,9.873344359758931,-0.5498467080636115
18.32421875,-3.6376586517382954,1.91004917428102,4.079692232937191,35.72597713772187,0.010327396428637291
18.328125,-2.4236153304280355,-0.07613441435377523,-2.999604094610299,17.961893276376742,-0.2750456727510876
18.33203125,2.3419440999477743,4.6035113716144265,-3.2722240904695017,10.035785953471226,0.5064074089776744
18.3359375,2.8785447747102046,2.400638710768388,-3.5700409266495994,-2.886087514847153,1.0410372547614428
18.33984375,3.6717540249357223,-0.3421639174091852,-8.130525911076035,-8.025689595289682,0.02631956187930246
18.34375,-1.9624466884346707,-1.5295191674014321,-7.065330152123423,-6.724839751776232,-0.4697514905746092
18.34765625,3.098281858337067,-1.3063899825172411,-5.927540252954911,0.15936657390756004,0.038531189815195814
18.3515625,-4.848180026054455,-2.5286249896372777,-1.722742373561813,-4.948226185631114,0.7570320613686893
18.35546875,-2.5208990874920794,1.6949112606563193,-11.648609447823333,5.98583954626114,0.2435670930649776
18.359375,-2.957937170206206,3.4432235778790155,-4.636602078763003,-2.460699604161108,0.46089883186997377
18.36328125,-0.5368520345311121,-3.195238802909402,-8.799185111773587,-10.52390352254005,0.08650902651218381
18.3671875,-0.24950557552624056,-0.24563531651237203,2.653541268668744,25.5850981929535,-0.25392117418952936
18.37109375,1.052970304159121,-3.3358761907014043,-4.2123781418609205,3.7118983932645477,0.19212856841462003
18.375,-0.7968842066529279,-0.5047130140512033,-0.4577207896081834,20.964759606039127,-0.04548107200145026
18.37890625,-0.1262048001152069,2.0657590226314575,0.4715134743195173,1.6887585746930078,-0.45554991199635647
18.3828125,3.948642459449328,-3.424923030358894,-1.2265811910007196,39.67694712375923,0.44287582990774954
18.38671875,5.378211923543043,2.4913601112713124,0.9331477035001021,-2.743109540795075,0.3913097016122076
18.390625,0.7881113168579387,6.086762489345102,-0.5805004229975266,-28.388539118858436,0.636752793861349
18.39453125,-3.206842682162533,1.8595214107401432,2.020379002211939,-28.665914715036898,-0.7567204484937136
18.3984375,0.5104376713368433,-6.726763841675984,-3.0150083937048215,-8.382723260571415,0.6982237614269043
18.40234375,4.287287809081694,1.01867143010436,3.5804250733387577,-5.413964577787647,0.3821621435967104
18.40625,2.986093708276296,1.7468059733411483,-0.9044594317373281,-3.1661220069019542,-0.16207297136583626
18.41015625,0.8802601733716205,2.8630667312245177,8.38820243042674,-20.768251065894372,0.06952368991731238
18.4140625,-4.864820380264879,0.5168653458633253,-4.084827489298997,22.720420509521283,0.13243936053708555
18.41796875,-3.8913185366692793,-4.2160993878743955,0.2998109987298372,5.524972058235409,0.012887571665583183
18.421875,0.6335982033723335,3.5426539592997415,-1.039708106771185,6.687350679520449,-0.17570286840266452
18.42578125,0.4859665518883883,0.0055931122180685085,-2.347236920480265,50.9203871059646,-0.07058699855260538
18.4296875,4.0547507554389,-0.5430171424010993,-5.851625385918771,-3.8161093470573464,0.10515357232383335
18.43359375,-4.91076709142295,2.8555011798040493,-6.155371181449702,-31.362431412132583,-0.3946586649193554
18.4375,0.7943023060531975,-5.140864516807388,-4.1130889808421625,-20.48504285736548,-0.16211468890461125
18.44140625,2.345872036775972,-1.8759949018312507,-4.305139667946817,-5.757077258502586,-0.4852460219039745
18.4453125,5.551873692709833,-2.2031069438933595,-3.399971344348927,-37.01893710675917,-0.02675259881268363
18.44921875,-4.260737682807637,1.857695511765334,0.8408001507783349,-1.1251616467994872,0.06840644737865932
18.453125,1.8919704726905278,-2.456984410918182,-1.8105476652019081,-0.49123124378981275,0.5458322090533897
18.45703125,-2.5215308595046566,1.912225412888314,5.696229992174582,-3.898432281129983,0.24872619609801241
18.4609375,-1.7918404720729644,0.44292775422371444,3.6788451150210024,13.116493869585387,0.23666469087046904
18.46484375,4.548827320419581,4.259994016338025,1.7203256757077787,17.018662939810113,0.24504987139172657
18.46875,-2.9946366500452295,-0.5460405419849171,1.5522208733348282,5.060819199511084,0.25132842571146535
18.47265625,9.311427701245096,-1.0315087149678246,2.1130307896922105,25.647140421551022,-0.4217973905727076
18.4765625,-4.75909269875844,-6.404312876465371,11.398389707304972,0.24282572194039131,-0.3301123145281189
18.48046875,8.368273251192804,1.2395245759510471,1.2797432262181396,-7.317857855024162,0.017105843957300935
18.484375,-4.140559931651965,-0.5135709219293926,-0.5176377226525708,-7.722949929997885,0.07604854345607973
18.48828125,-5.144426906173807,-0.10420492820833763,1.1466527491571143,6.5468801920061335,-0.1611403463621634
18.4921875,4.586434030602948,-2.3278521641131036,2.142911345841337,-1.2815395106393002,-0.1066539835244682
18.49609375,3.671407303093526,1.5861922017070227,-8.457013694552177,-9.702733932423808,0.25437405015381215
18.5,-4.442986965398509,5.2800016199677895,0.5040283856885434,2.582229088626436,0.2053372473297267
18.50390625,0.7638291702282267,-4.55507324837533,-1.9891815706734342,4.611212983798488,-0.48999841550445017
18.5078125,-4.7563953401317,-3.611970269836542,-0.9747248467168186,-11.149111871911035,-0.43295724647007666
18.51171875,0.7153079632391631,3.9701884003673715,-6.423993622309882,29.673008746874796,-0.5134269504408683
18.515625,6.736178310017572,-0.9955731650454235,-7.1075961359840525,14.995440341454124,0.6370423947985944
18.51953125,-1.069929142618554,-0.38650722117101755,-1.2314879595644361,10.222209635213193,-0.511766046659162
18.5234375,7.390270685393029,2.730126519671111,-4.722210061100711,-9.045978495239941,0.670143151215215
18.52734375,5.4409146776513,-3.2100558650802493,-0.9006081375439419,-8.932064236751579,-0.27066288784495024
18.53125,0.45690660261556426,-0.32982750300318087,-2.0190727972414813,-15.136983645976915,-0.1683207685914127
18.53515625,-2.859652085494315,-1.1418453305830318,-0.7572107504735917,-2.55878527050373,0.3272823610334851
18.5390625,2.2204471436699618,3.615639252957173,0.8408292600522187,-26.81749237190242,0.07082211854476296
18.54296875,6.799667294804813,-1.7588543508767507,1.6559057134995692,-38.79728864994496,0.45444871594266273
18.546875,4.413942778403316,-2.8629930642347183,-3.8311049004425666,-13.58666354678985,-0.8491398806824871
18.55078125,3.379669383893433,3.28435257520358,-6.136494553438723,3.7397190378552905,-0.6775168570394342
18.5546875,-1.0516808487282987,-3.431264676967764,1.3310749420477785,-8.702522863293035,-0.5740216851105442
18.55859375,4.791483837819627,-0.8595272406590984,5.140867061017547,-0.8562830937955965,-0.09598362590172947
18.5625,-5.096096755757879,-2.7143171222846405,6.452452227483277,25.40234553854725,-1.1257154477602744
18.56640625,6.111978101358091,2.2524026686160563,0.3705653954011998,7.07459321325374,-0.3113244897224235
18.5703125,-2.8052739899230343,-2.957807167003785,8.889002745964763,-25.890220703051025,0.4769296902249887
18.57421875,-1.8444842405463744,-4.822040425193158,1.7151187255260252,-30.995243835989093,-0.35988179168957457
18.578125,4.443637563697244,-0.8032841997327232,8.151184749924708,-19.520302592407745,0.9899482324398607
18.58203125,0.042597431383622715,0.38089645645845766,3.0212341053726055,-10.691434791671051,0.10448053438001258
18.5859375,-6.921751874427782,2.435032773511304,-2.572460576676413,-34.932808141166134,0.03992046550806465
18.58984375,2.7712042758142768,1.6222404581061909,-2.538678813964346,11.44001145378454,-0.2799219367031975
18.59375,2.0428976954817752,5.828321080434678,-4.396211584398426,-11.231049942721352,0.050636725873587446
18.59765625,5.476332462351523,0.2614690786080674,1.84819793188756,32.123068883500736,0.5345600150263309
18.6015625,1.9751045521820803,1.995515673142684,-0.8496417787513406,0.8526262261685122,0.276924632919856
18.60546875,-0.03643568518051792,-1.4355092558634759,-7.291482676556108,14.638115191473958,-0.20850708895225276
18.609375,-3.2878419435661472,3.0992600662121546,-3.67348779057348,20.255727978327954,0.2594631221990657
18.61328125,-5.630674875812493,-2.4791919462454697,0.03314481422434179,9.767383868463963,0.35576319051056965
18.6171875,-3.412565244144851,0.0004385226062237935,0.12595535090458476,-17.714798274897227,-0.43732629820096214
18.62109375,2.0426291915567907,4.1858638513118,0.6455723018399682,-12.930409811578562,0.08084725418785625
18.625,-6.312725789881859,1.4019625982069546,4.162944488027154,-2.3316632059260414,-0.4587849684667087
18.62890625,3.849525636133687,0.8655023864047886,1.1693350085774925,-29.104629326603387,-0.3189467414799946
18.6328125,-0.6827766184198086,4.424009602593526,-0.18760832149054651,3.6079523539437677,0.40715910885817536
18.63671875,-0.45477537277289737,5.250722872327946,3.611074168697738,-2.261201630786878,-0.4012497693371666
18.640625,-6.8021201274662575,1.0445700698736002,-4.59436112811315,30.590172945839438,-0.5941428161972472
18.64453125,-0.5185793584158137,1.3636293354071645,-1.6291667273805808,6.718641644634062,0.47726538048834843
18.6484375,1.4993510331387434,-3.2733257028782363,4.30193962397149,11.122009780572222,0.49798148443859347
18.65234375,1.5709394221891202,0.5928804079094195,-0.7579038421033619,-3.9011056598371,0.12923346625427215
18.65625,-4.147978005880801,-3.0890063012167586,0.3825594940232615,24.67147216707875,-0.758694583643792
18.66015625,-4.761777538321304,0.21266615183415338,2.1213671816492154,1.9232858613247759,0.06880181267100678
18.6640625,6.295280170575796,6.004405933856743,7.629284558737542,22.844540897547105,0.6231968625429041
18.66796875,-6.589588440719669,-1.0568414005491638,-6.221307377713057,11.897351376267034,0.08797718284277961
18.671875,6.845982424670978,1.2788626648122436,5.1600168522976855,-5.160042799729737,0.00398805904981765
18.67578125,-5.519085426834332,3.9908462960686357,3.6226619662691144,3.600119610958526,0.16472919025125546
18.6796875,-5.092130397745319,-3.0742028614657615,0.8596689371052091,-17.479730169106812,0.4505826601216171
18.68359375,0.6161736367508757,-3.6538837610030352,-4.7097782842487215,-29.233057911072066,0.41569107853807213
18.6875,8.079113248347733,-8.078527055807374,0.49729281804558356,30.004639760564316,0.301743440730328
18.69140625,-1.5476680684812532,3.9801655320075224,-0.4648150464513783,36.00915198678055,0.018255245445905493
18.6953125,-3.230162104432713,2.206394647268035,0.16463794026555822,8.620789654310943,-0.7109649239725633
18.69921875,-2.004629342532345,0.12755257898783637,-2.5431213741748504,-6.6664860702687,0.5717395517286694
18.703125,2.343353841018823,-2.4425650578486566,1.8687281716353832,13.583860814483957,-0.4341163249482193
18.70703125,2.5724335208212756,-4.16285817202855,-4.8126946977007625,-5.966190259255888,-0.21905133325415962
18.7109375,3.0361347816784474,1.2770632123801677,2.4075611373912382,-30.672464084227403,-0.3782854074469087
18.71484375,-1.4349652522124763,0.6285134810691478,-6.011763199186679,19.50380122631807,-0.2800112146520228
18.71875,0.09611877654174728,5.231364467579807,-1.2791749309616285,-0.38839789636453226,-0.43328850679852615
18.72265625,-5.729802114941799,-1.1934791964633165,0.1742901195355382,11.103685143537602,-0.40688518568575
18.7265625,-1.8374812011379673,0.7004426040435845,5.665464472278092,15.12529956421219,0.3105580906590641
18.73046875,-1.2706554314398975,1.1564357558154954,4.00523425051896,-23.64828277794189,0.0854650958034532
18.734375,-5.68243708293048,5.088349316799876,-0.7883050447998408,-5.6510930737847875,-0.07155820619342902
18.73828125,-9.142675971552194,-1.6601547956065692,3.60331175364078,31.508379428086393,-0.08207953554851304
18.7421875,-5.409354697664586,1.705948420532314,6.308508044955341,34.37797814896028,0.42511761676808707
18.74609375,0.6003673052562831,-2.1400740500520166,2.0675151873579063,2.5330553250783545,0.2852039198717827
18.75,8.177020881528849,-0.48302475540936085,6.760903446891215,7.7749288989904155,-0.15661732597983416
18.75390625,-1.1927985537866355,-4.0843306091159395,3.549271132805168,-16.67118482851851,0.07816735612102561
18.7578125,1.3271477492385515,-3.544852652989411,-2.9095226250849775,2.320824324441233,-0.025543117699402304
18.76171875,3.802853299039072,0.6678973727325924,-0.5679412222367346,-31.18891863026099,-0.28965892155846557
18.765625,4.6087761228648,-2.752206169660469,0.8801566069823912,-6.362911231156362,-0.06207493231498963
18.76953125,-1.4613270447213698,-1.2594090359759786,-11.789055913001672,-16.48335395697099,0.15474958844244913
18.7734375,1.319981850052767,-1.1711701190026556,2.538390010686195,4.362289849491623,-0.08223479174190951
18.77734375,6.142726891623856,0.14347912296432755,-4.094443449568788,21.380450102381115,0.028071888182005972
18.78125,-4.512352586852175,-2.1799288733599385,2.723484949154725,5.842386696659634,-0.10998585429238443
18.78515625,1.374159924121172,5.930903628707214,-1.124845136562446,11.373735120349927,-0.03931922678154863
18.7890625,5.351093002191034,3.1935643371662934,-3.8893394784280293,-22.838679553899635,0.09881550507331198
18.79296875,-2.6942546687021887,1.8527510350705012,-1.9078228948589087,10.749033462642222,0.9276138066247827
18.796875,-4.255977941512015,-1.1734158119682023,-2.952444247809169,15.882448774046058,-0.904869887378932
18.80078125,3.8061965921054637,3.6221259023241146,-7.240244799905916,8.614062972617308,0.014172487381991382
18.8046875,7.651801833783292,0.24578151041728227,1.4206276986813609,-22.93856276284859,-0.12093765460956296
18.80859375,5.001646678336278,1.8080360412660381,4.985011529578967,-42.87792807924921,-0.009870282952554352
18.8125,-2.314035790532544,3.201675971383131,6.256188354413396,-1.3031759278347863,-0.14264931564006758
18.81640625,-5.158875309910396,-1.518449547804386,2.4640745212983144,-4.213256744800864,-0.8050789895384738
18.8203125,1.7185752833523504,4.652970810634047,-8.07877534543123,32.90885712965632,-0.5561928605668176
18.82421875,-1.9971810245414476,-4.856133907123795,1.3782866231118351,36.041610858843015,0.12229224360396064
18.828125,3.0229076024565504,2.1070480359276345,7.998189163665017,-1.115913986592247,0.04570739285542647
18.83203125,-2.4257178315578014,0.7212251965642636,4.857662413466444,24.527483224505133,0.6048697382988198
18.8359375,3.380248436506276,-0.7644519652568164,7.015174561904354,20.62580671274106,0.2525421835644591
18.83984375,-2.620514612294311,-1.3323124745559387,4.253994881396636,22.675101514500366,-0.4378237783941734
18.84375,1.8410083730134534,-0.34502256599705017,1.2190942027817901,3.591568488676752,-0.02962354875111598
18.84765625,7.55694376954714,0.594300478653127,4.826971895784935,-15.16941363633709,-0.003003468531545639
18.8515625,-3.396136264496331,2.7891723666525126,3.5290229099279538,-2.2018177754632653,-0.3168135341233241
18.85546875,2.1775567943866725,0.8836091323564601,3.4242504364406345,-25.04320495071643,-0.20712947321228115
18.859375,-4.757212909802239,0.21814851596242135,5.786065593994384,-28.65265496747869,0.6378528874522948
18.86328125,7.1363719038859275,-0.9823931343181855,0.2027160865726047,-12.369171543083041,0.50465867448251
18.8671875,0.5801401258690996,2.661315554759705,3.332462611449866,16.781981407382577,0.5826833641526616
18.87109375,0.5696366491041577,-2.9397056445856697,-3.3218539703025045,10.830455239341592,0.4161959466136038
18.875,6.165794019851097,-0.7765896397000605,2.234685243034776,0.9091749847070698,-0.14936521427787466
18.87890625,-3.415335968122613,5.32735912710267,-1.7784764204561962,-14.127930657417288,0.1458126126174107
18.8828125,2.2844549930436773,0.25051363118375214,-4.215490358791946,9.179683410789458,-0.2194712297634615
18.88671875,6.193279274122989,-3.471093477748514,3.070322891216358,1.6622500139926317,-0.4324406356018325
18.890625,2.6681143556445033,-3.3589183949011714,3.1494860727152707,2.040980016256338,-0.1344643679314225
18.89453125,-2.0102514442545836,-3.925416620714495,-5.905283933608216,8.158302113607508,-0.04229003324325523
18.8984375,-0.5475058835208095,5.530870397798704,-5.140708443971514,-16.62770008713591,-0.24468468443155103
18.90234375,-0.03425751691102866,3.1327664566418054,-2.7037472024043367,5.697173013500191,-0.0313483081176625
18.90625,-0.17631774726369537,1.0887479352839247,2.685749145125417,-30.98208836860376,0.10812667364265213
18.91015625,-1.0551649648693702,-3.885843126660605,-0.019498493847937642,8.080655997210716,0.7640894852215336
18.9140625,-2.1245234999918665,3.4237569448790435,3.238980800403863,9.77069534296771,-0.015652652775748392
18.91796875,6.778268350311176,4.102457460501972,-5.1597352725816314,14.776967367058521,0.3695250071947359
18.921875,3.7416492949875337,5.18996160427023,-0.10767199634954716,34.17455536632579,-0.5894099477897393
18.92578125,-1.2534340843643104,2.2875138180473398,9.004001726935831,27.383838536282646,-0.10821476307280695
18.9296875,2.431922898024818,7.827572534934909,8.346056570677595,4.163589592870933,-0.16030653943635076
18.93359375,-0.7594782021314663,-0.6321925967922082,10.685691972369419,-22.590184749654547,-0.19601109713195639
18.9375,0.6677454894963537,1.4467596083434522,-0.7269301497409746,-13.63022058291388,-0.6857184972636434
18.94140625,6.188538949519015,-0.23681505030582845,4.334178483738987,-27.47008016125019,-1.2082252319643965
18.9453125,-2.167259103382338,-0.23028065323868246,5.021917748010717,-5.27116479192145,0.7978189541281446
18.94921875,-1.220027941646209,2.4687986889618085,-3.552983334230911,-24.77311227232925,0.4376682081893136
18.953125,-8.324471121436808,2.321829068158105,3.697798992491378,-16.95321187549704,0.5909074500928344
18.95703125,-2.506769508923935,-0.24744625484157323,-3.8782068414337614,14.366995478183938,-0.5608464803095896
18.9609375,-5.750373713444666,-0.28522982741478536,-0.6173334032007858,30.14901269813642,0.4358658389244179
18.96484375,0.697111571924837,-4.556891624929269,5.699020357331966,16.668468002956693,0.018799412845577707
18.96875,3.732579735999805,-3.868914298421148,3.0508721311572105,17.075731433730468,0.2604173389457897
18.97265625,-5.41078713633254,2.3820907804014073,-5.230941905734118,11.535244933710338,-0.1556962167868658
18.9765625,6.306636567771567,-1.6630154313083243,0.5073938914784684,-13.931368775561811,0.34444943199157485
18.98046875,3.1513943791413,3.4948771462547095,3.412434485711794,15.390603142850287,-0.2515633187390581
18.984375,0.7375887093718536,5.591240134627273,-2.627370083349812,10.463066378396157,-0.7769441200881125
18.98828125,0.6813831988954323,-2.2823884087808746,-3.3262866474838626,-6.983188002533443,-0.5168228174626911
18.9921875,4.499550026883152,3.012480909289953,-1.2570226629015644,-18.933055790228774,-0.3928295956967285
18.99609375,3.531508978238997,5.3040531770948665,-2.1227163213921214,-33.27098297707363,0.07615366864046547
19.0,8.272503583575212,0.04586721989930957,-0.4468177680731045,3.0116451872293095,-0.17179298931999232
19.00390625,-7.244028284405996,-2.314952475519716,-1.6991454094464062,22.464162352104868,-0.18048372983841698
19.0078125,-0.069968315628102,-6.198086771774539,4.5706486433158,-16.25256244838052,-0.17678211148027545
19.01171875,-1.0594855051283962,-0.7775200170002836,-1.917633261674677,31.15077578458991,0.26594561381328335
19.015625,5.121235331196092,2.7817433525538617,3.19683419412097,24.06911289487782,-0.2897630061525059
19.01953125,-1.0212576742761603,0.9233236679037315,3.316114204184845,-21.498982436480915,-0.4315094373785543
19.0234375,3.129394799821993,-5.7320897498776615,5.279994886522557,-1.2262841702666563,-0.222015620432008
19.02734375,-3.145665564094003,-1.1641137768761542,7.914468427549042,4.153661403550265,-0.9004531720491655
19.03125,-5.916536769301333,-2.9863578334739285,4.6271544859391875,-8.855502453092031,-0.4155454732006644
19.03515625,0.7497036255819484,-6.5851595335848465,1.9267464418614573,-37.75303834942314,0.05250902382349986
19.0390625,6.3875779708694616,-0.8707615844330967,1.4335268341831264,-14.548382482587694,-0.06664221519335016
19.04296875,-3.207715790068518,1.493973035539196,-4.571526309444655,-24.928276655342337,0.5470817012707393
19.046875,3.982692465447044,5.525885785259629,2.1140300108717325,46.954228922550485,-0.3137150625856387
19.05078125,9.112065610197872,2.4800606368012756,-1.8800943568747985,14.47501627352868,-0.42340987743736686
19.0546875,2.927867124664968,0.07848823757132106,-8.023292114802356,30.506430960922437,-0.28559109909329483
19.05859375,1.9959316784959966,5.374598428387054,-5.812670703235199,4.055641117225624,-0.4981295431921519
19.0625,3.2115817109319287,-0.5842430095084492,-0.6508403201394319,15.79086628686742,-0.3944659103992154
19.06640625,4.176674113441878,2.109347135810774,-7.79039720688881,-13.186224929603577,-0.6734000260501323
19.0703125,-0.8023815700871234,0.7641259412914384,-1.3661371610014088,-11.367743239719351,0.32136943764329545
19.07421875,-2.9851126000069703,0.7176870753572222,-3.2767263689400905,-29.750803967587373,-0.20163471585389142
19.078125,-2.4097570728220714,5.737215555352492,-3.5172083882489806,-23.662270929546686,-1.0077886640608509
19.08203125,-2.7450016390543683,-3.2691879794207575,-0.553115262315619,23.095478300246924,-0.21026893469407373
19.0859375,0.23779185029313868,-5.995361864047292,-0.7210238699030852,7.006705274251537,-0.34165111987883734
19.08984375,6.157782544347659,0.668247439881358,0.4431566602661291,-26.842778995041947,-0.38206179782091143
19.09375,-3.065850689498902,1.4735834880183407,2.5446003473113774,33.146300651316594,0.24162084951441637
19.09765625,2.555953287693879,-0.9161854503312156,9.018256823382057,20.862438602788338,0.2112944378931002
19.1015625,0.2620829532660757,-1.59089101916965,6.281953323188585,16.07315822671694,-0.5537977115054146
19.10546875,-2.149401162666732,-3.1557224041486798,-3.550612837802861,35.58683255764664,-0.09641414882498328
19.109375,-2.7437710529227486,0.3113471950003402,4.253214250915864,12.666647096600242,0.15192022420394638
19.11328125,3.8013981818761593,-0.48203475204575147,5.609627375476043,9.075569240004265,0.14138985763292664
19.1171875,10.019694541834475,-2.371041791225238,0.7710888718128728,22.566455537039666,-0.5129679184787088
19.12109375,-2.7183532147139444,5.874847889975895,0.9513556868642563,-1.798371746359063,0.4034858936250036
19.125,1.1550026791614563,0.8434492545249215,4.377161842871642,-27.132918528264725,0.7050420127309741
19.12890625,-2.808823566442865,5.988917963144078,7.14342785987395,-9.118496471288362,-0.42422195341716173
19.1328125,-0.022458044869360986,5.947645090697048,2.287898192369314,-31.63611422447175,-0.14439098597503922
19.13671875,-1.714795156557612,-3.313155262544919,5.522028476141233,5.506410916025506,-0.23333006795386135
19.140625,-2.172868040715135,-0.14842561647298216,-0.20785771933045927,-4.695575477902985,-0.292968189787137
19.14453125,3.9769917291069214,0.7011452752365179,-2.7206669607031415,60.053337410112476,-0.1009677562906354
19.1484375,0.1905556165561289,-3.8216279767134833,2.9354627890312397,37.980760836285164,-0.4014551212291397
19.15234375,7.20887317832825,-4.844176107396247,-0.487013321118674,0.7609369420279499,-0.17573866251470127
19.15625,3.737519672507556,0.7694391288811295,-3.602640904266846,-13.493358537952819,-0.1427819796195894
19.16015625,4.054984541506052,1.7801208914584108,-2.939221394533046,4.784731070108056,-1.0935816497923265
19.1640625,2.839588597081391,-2.39623730305023,0.4681798595268112,-24.82210434265871,-0.20855261113345977
19.16796875,1.7080064576115224,-2.0370929737385577,-1.9254032375061176,-21.21372213983335,-0.07733574735782832
19.171875,1.0245952299336925,-2.86718496113862,-1.9315790048278532,-26.771308630107267,-0.5749777923636467
19.17578125,7.5969951372649565,3.668412157066308,-2.6619367024163525,2.5669828503197625,-0.45602168341913135
19.1796875,3.4416657653228246,-0.8838659377481148,1.5444385384520647,0.24744823047284292,-0.5931691547438779
19.18359375,-1.0381195217355244,-2.1176261792254962,-3.0237817371124436,-18.05466492969828,-0.5068104195182005
19.1875,-2.1363655538091377,1.395391567837826,0.3761994025909634,12.939475376948902,0.24497960256005658
19.19140625,-2.632884858211783,-0.9311995741535073,5.71983108521321,9.485619515812667,-0.2420272948397059
19.1953125,-5.403836699158274,3.8454343913447984,-3.418396716271478,-0.9942709957234488,-0.3762456956545094
19.19921875,-2.727840312500989,2.0224580189545183,-0.05753126712533607,-26.95987651188581,0.0781624087776059
19.203125,-10.190728382386142,5.193974176833391,2.2092395901916517,15.87495112387307,-0.06345699728920917
19.20703125,-5.437518044619018,3.228859916818376,4.485018795920686,2.9182960976376764,0.4306802922006594
19.2109375,14.35072484963154,-0.3870337916461536,-5.121742955640804,-13.057818739115495,-0.29327517342917875
19.21484375,5.6806030414140425,3.8580381317696926,-4.012071400250639,-17.94745120723603,0.8771948108427832
19.21875,-1.2110625596954108,2.5876468413403275,1.316738109738842,8.731656763613186,-0.4210886718152188
19.22265625,3.537366031482231,-2.2283400124606625,2.8306143440416345,-25.270377744630757,0.6332243200735831
19.2265625,0.5389390837766816,-2.1893182854670905,5.5093728878155055,24.56461732918004,-0.052991203220499335
19.23046875,1.5312446847031402,-2.0621721873165946,0.19263829950293243,12.374988632213428,-0.9451405949771768
19.234375,-1.4135106821038177,-3.612447494242492,0.9948590861861837,40.28386885657916,-0.5374627938995323
19.23828125,-6.93050444788926,0.5662030508434512,-5.639701792623088,31.571716185449787,0.27781961256871934
19.2421875,3.342743289810899,-6.104952306586709,-2.8489944431663226,16.70572710954345,-0.6355375126504943
19.24609375,-2.2913595827436044,2.1440146023643387,-0.22903163896833867,-26.896945774697055,0.662598242651721
19.25,-3.8137070869527747,1.6627950934245357,-2.8711166829121266,3.271548605049109,-0.17403019784183862
19.25390625,-4.573810781825611,-0.6742323919310826,-4.416729132020219,0.7249440730150116,-0.8711353239209776
19.2578125,5.194691764393642,-1.709309880710264,-3.3779840428151044,-8.83585153080595,0.09857642131994321
19.26171875,-1.8087962636937915,0.994878703858376,-4.630462744401465,-35.8647428847326,-0.036856842479191486
19.265625,-1.1781991530669333,0.4085115409554991,-2.7634981473356115,-26.220072524818583,0.23016561667510435
19.26953125,-6.655179572461095,2.578283797538078,-4.325732872494647,17.595599203513288,-0.7048582453953546
19.2734375,-6.109658200604439,-0.6809827398153715,-2.1576182472196628,-16.929572723469434,1.2314848329751205
19.27734375,-0.7830476378949008,-2.9639692371456503,1.7706356550950186,-16.802534426421076,0.34316452790860735
19.28125,1.3844503178108496,-4.451653671659715,5.733934431136724,7.804884644325255,0.23350923711952198
19.28515625,7.227486100710928,1.9505329477099465,-2.569119063058052,14.681480356512779,-0.6678060957211893
19.2890625,10.00565386991515,2.5607522299441836,6.509432195677519,30.745251376417833,0.139670372118049
19.29296875,6.465454022722825,1.4528662720524348,8.58279082220098,10.754446497176055,0.20432028354305465
19.296875,-4.664229625543236,-1.75669296563318,10.523638076016605,12.10228442296652,-1.296998862238303
19.30078125,-7.373117075370192,-4.424717419895422,1.9997338424177755,-3.8686209648932266,0.5780272191114298
19.3046875,2.222670906152353,-0.02890779573754053,-4.294126917486555,-7.206455331501485,-0.18910539860263376
19.30859375,6.857245015289393,-2.6223446724620834,3.7807294998074754,-11.43709169972771,-0.10355214193575928
19.3125,4.9685335260556895,3.8129560277859733,6.916593846759203,-0.30395596649109713,-0.2446396848067522
19.31640625,-1.9221899291677251,4.176871794592123,2.899800997576234,14.746981338239168,0.4047554012900357
19.3203125,-1.065346137238588,-1.7671112002261051,5.613127052351425,15.502042171749764,-1.1607393018402754
19.32421875,2.0361161980892293,0.39914648006288034,-6.431580761891698,40.35373892658549,-0.0027185396104663544
19.328125,5.968146541702739,-1.0302135649097472,-4.09262665761238,39.79684946204192,-0.10268996756704879
19.33203125,3.9156228978061134,3.471867191632041,-1.4222107909600403,21.8252265205375,-0.6986982953071216
19.3359375,-5.007157887634359,1.055960831432341,-0.33317627365960956,1.0581268091933111,-0.72967736065069
19.33984375,6.6421667623221605,2.609260357115052,-5.622817165496645,14.302813815981628,0.32982843746553653
19.34375,-3.21018304350137,3.2508911633084487,0.8394225396276371,-4.945279533157514,-0.1748935282784409
19.34765625,-7.467663059824893,-1.850651976702371,-2.656287795616371,-20.041276825237233,-0.5422374183422759
19.3515625,0.2880326409909674,-3.3598049126311667,1.4286808518453196,-0.12245022077040346,0.5513160328433009
19.35546875,-1.245650790517794,-2.6982564974575007,-0.9065112661115913,3.7736902041856766,0.06797441410101604
19.359375,5.371852434754039,-2.5752325790442914,-0.15808538753889512,18.197047646858437,0.12539945523343154
19.36328125,-2.6164367556455073,-0.9076948658660482,3.5990525423584434,10.284328798201425,0.011218881916051488
19.3671875,-2.925258400743297,-2.9680786881894967,-6.633582044239825,10.88746655911539,-0.7050706030283928
19.37109375,2.8124485094063116,-6.290481628922192,-3.000057265073723,16.626771833434233,-0.4739839017310299
19.375,-3.8875947543032705,0.9495014703298297,3.379460588908894,21.028561027592332,0.3648957511924724
19.37890625,-4.7541317419072735,-2.413121505317701,6.378092484416471,-0.9988688424563907,-0.016218386213906824
19.3828125,-1.6548024846139846,-0.6808913940637639,4.506676939425528,-29.997332498937787,0.22567290003134147
19.38671875,2.8406030693752,-2.3175192078856095,-1.9498958574066805,29.01528392233908,0.6967041785813882
19.390625,-2.5119808766254708,0.30486669425432866,1.6934821287457074,-7.360598882340629,0.15286929321228016
19.39453125,-5.554572123778223,-2.1434570269159323,2.7722500258181233,5.15631679935829,0.41432613833104215
19.3984375,-7.106217426896757,5.168526300099334,1.5330651593677755,-8.014073938043165,0.262660691856652
19.40234375,5.0542005416410705,-0.3550892184724916,1.8593575748594469,-5.313183263264541,-0.48598061119418157
19.40625,-3.6740842168967185,-0.2236679945934296,8.705422265027694,11.32579747996405,-0.46358544065329255
19.41015625,7.808141947659052,-1.9497547242246702,1.5706194456530096,-0.8263402287804755,0.032096696064770794
19.4140625,-1.4475485770787695,2.6435297048298922,-5.551808669290915,14.051938963352473,-0.27040368403994164
19.41796875,8.77480018346926,0.28608292039364963,-4.892685668832558,-0.12447374350122153,-0.19919065576181
19.421875,-4.068669547056992,2.5277866508888405,-4.047330218450194,10.526041217175564,-0.1369695931727007
19.42578125,4.382741465347443,-0.8191730639792296,-1.9559438829374467,-10.641243054006607,0.3133542828678411
19.4296875,-4.331992768079576,0.942204259875328,0.7397443725079844,9.214718593579004,-1.154880621464995
19.43359375,2.298528831820646,-3.774480422639982,0.5179281436464156,-3.342519602980116,-0.005277778138659517
19.4375,-3.4825273867675874,2.07429428266539,-1.9968496821568338,-0.7028449904570255,0.13567578883053394
19.44140625,2.469507186387983,-2.74610286479193,-0.39147079795485884,-1.566223172595853,0.4998179833153499
19.4453125,2.397944777371401,-2.1863057846194502,-8.648006634605554,14.211669105385178,0.664696350654123
19.44921875,0.6287866872160436,-5.56109773347108,-1.4336413096256648,-13.666894287856223,-0.7816919259564876
19.453125,5.8306116726949755,-0.46883524638696694,3.2483162680308055,-8.587304501439402,0.48805701630352005
19.45703125,0.5332486092729921,-5.438710899747605,2.873816618858187,5.0263399896362735,-0.5497974275972501
19.4609375,5.296327636008058,-0.3852562490475181,-0.10681360051449484,7.9463247421000265,1.2723299915794886
19.46484375,-6.119549302110025,-0.4646170413277225,3.5579180532202432,-7.130632085984335,0.6036762649491076
19.46875,-2.523115945490893,-5.029575733276188,-3.1456030684674334,28.043544062656093,0.33515062841672005
19.47265625,4.607112304355057,-0.5973861043469755,7.015695211617493,10.144174954678931,-0.5968026880952356
19.4765625,6.523646192685977,-1.2374359410489866,10.912623139429083,-28.51031279901532,-0.18011693125346076
19.48046875,-1.7097643990228528,0.3219844017905215,5.043790623372562,-9.032321193910963,-0.654023705434424
19.484375,-0.1505357664128996,1.4785104010588754,-1.5938108765750876,6.130426324155911,0.648643344926167
19.48828125,2.245326126373137,3.8113708967135933,6.25353664236699,-6.910606723429328,-0.22371399477352538
19.4921875,1.98827724510214,-0.2538674665397941,5.392201458547142,-12.451533101630286,-0.6474355931086475
19.49609375,4.291047873263475,4.364458153260362,-0.8820480089811453,-4.759318705059185,0.4907393529120916
19.5,5.8906615363792785,0.7957094587910962,-2.0659090375178617,-8.935881327577887,-0.14812937545299118
19.50390625,-7.668761926438333,-0.6843235189654195,-1.8432219485616812,-19.187327830831798,-0.34502621024719515
19.5078125,-0.773239463286054,0.7794345225762288,-4.03598838373098,19.580472860948632,-0.4581277489395219
19.51171875,-1.6934599454956816,-1.7512527845906294,0.942592198159748,46.643723583561616,-0.2860391124774528
19.515625,-3.505123969503418,-0.9078994174413251,0.9798499298750296,24.29955298967868,-0.06211372627114591
19.51953125,4.317329290518785,-5.329047397412374,-0.35478132196966294,17.404518542953518,0.17989270010186728
19.5234375,-0.7422923638226516,-3.9439864372977267,-1.7567986863773817,-20.19422276264367,0.5022796387404571
19.52734375,-5.563589418161536,-4.419771978864204,-3.0304521746918605,-21.58463195577652,0.5660177052392719
19.53125,-0.900320982050906,0.6379034144135503,-4.3539840232107085,-23.36923219458965,0.3134303842320826
19.53515625,-1.2440092512960612,9.005343130697511,1.3846410057344416,-9.820898824548223,0.060429081812334765
19.5390625,-3.8732561643892782,8.057792362271108,-3.9690405403447024,9.627664074574774,-0.5344759944750893
19.54296875,7.8070130796772865,-0.6100496245751869,-3.804069611249186,6.315672603862548,-0.01980434097246967
19.546875,-2.17106154195846,0.12337334763457117,-0.11011902467532064,-3.260872081510852,0.0671729484731459
19.55078125,-3.1087135736522447,-4.332730193809766,-8.075174975691208,21.27953805572659,-0.35757218720718287
19.5546875,0.8892662956288503,-0.5906432161452696,-1.0930666964531994,24.222452646554252,-0.296417123663629
19.55859375,5.103369142127594,1.5578731647887083,2.7410371011086014,15.708240781971806,0.08489601456558273
19.5625,0.6220573331909858,-2.175274901371062,6.341849614452757,-1.9178024694204598,-0.24906507574156292
19.56640625,0.33423387673848287,-4.5571446058259175,11.185535092672822,-14.634877036430066,0.7787327753320998
19.5703125,0.7706096614173004,2.666798486626684,1.86363608093732,-2.3915232466730987,-0.09011780037888636
19.57421875,2.968142869523096,-1.7317655842442377,6.198641596878389,2.818701867579021,0.029102478666290083
19.578125,1.2871349862778634,2.366405303723094,3.9238379928654474,-5.109141578616413,0.23178403230282854
19.58203125,3.805394786374986,1.733291159594348,-0.17458632678366048,-33.4486769662565,-0.018178232263735373
19.5859375,1.9744682922129777,6.0085311592399755,3.585499861981298,-30.72253829323436,0.8196599375215419
19.58984375,1.4924976510237187,0.8000618646904438,0.12924285205251124,-8.652751044953531,-1.2091312787508253
19.59375,9.689617041024556,-3.0109269332571826,2.1067033515449376,-8.974406232312042,-0.024509650037021772
19.59765625,2.8073365133225514,2.3168619569449964,-2.44006589278093,-46.66525255091294,0.44488204613045074
19.6015625,-2.1289710604297563,-0.2837649760295802,-2.121057099345458,15.226676765955695,0.15529080854371885
19.60546875,-6.694807314627253,5.2307159231462235,-2.638103234316553,24.511380866003964,0.036283801774478375
19.609375,-3.9323331083646895,4.070113916642824,-5.841531300278003,-1.6741085275381113,-0.26001536311829626
19.61328125,-5.504864309004277,0.3155271100394089,-3.2668616243368884,-0.9124989670825197,-0.46254597426510974
19.6171875,-1.2237940030016907,-7.706560304543752,4.363742650566076,-8.672760143788823,0.018798732316280174
19.62109375,-4.926896697348233,1.2876931365500046,1.4848737550856796,-37.091755874754085,0.02908314972856054
19.625,-4.987459026147567,-3.766976487628683,-8.023809801114517,-5.051178380418644,-0.8068856719208146
19.62890625,1.7475787933802673,-1.1631801367889039,-3.9338862792908706,-26.33379360917573,0.43759884360203294
19.6328125,-5.264993196432703,3.37932834029875,3.3182507269634094,-20.66748332576561,0.2243793608791915
19.63671875,2.4774429613390287,1.1757370955128106,-2.283970832308412,1.4155473037053237,0.0035015746318908685
19.640625,-1.634584503921365,-1.1851821214707878,-1.1676673679988692,13.189823407039022,0.5461060590978047
19.64453125,-4.630181683762415,3.7995877852550306,1.9096259796438955,32.6396326321672,-0.12149938515597815
19.6484375,0.06908189780784173,-0.26689250138594006,-1.9178147754441248,13.645935821773048,-0.6835080845993508
19.65234375,2.4436848301651164,-0.7686709451556684,4.624848414279336,-14.602715291868696,-0.4014172224518883
19.65625,0.8084798476130578,1.4076375776687073,-0.5489498926419767,-27.549992613376205,0.45483593837444264
19.66015625,-0.48741876862413036,-4.49761637430547,7.831616524124321,16.42056196038994,0.2939810168586104
19.6640625,-1.109963792379982,-4.001395344580289,-0.04189031717415981,-9.184225636605598,-0.4878333807661659
19.66796875,-0.011483315520242522,-0.5410446771095812,4.058059070833104,-7.705276635202593,-0.40577014271602596
19.671875,5.808237849867686,1.0602465177912874,0.44790042215089554,-15.571269786165622,-0.25797227308934356
19.67578125,1.4419485318052596,-0.9569914271942481,-2.4844028999454975,-27.165392685535387,0.28849419794897346
19.6796875,1.2054229774160676,4.815745630235075,-1.9077038999043776,-29.641869470924494,-0.28818090065928526
19.68359375,3.4389541634229013,-0.7534872092573599,-0.279752277441214,-2.042046930464584,0.6829377229132072
19.6875,-2.731498974654387,-0.9159129633486626,-5.187071045648942,-9.693004399565543,-0.487870388244389
19.69140625,1.4417359768562108,-5.007911294940914,-4.4753333400000415,36.51652563655922,0.5529498312256012
19.6953125,4.18578058506611,5.5257270365341675,4.494101668763558,29.901732470525825,0.872699249553986
19.69921875,-2.00245432939637,-2.705425360576991,-4.472070150909865,63.96000451899345,0.037632684146049075
19.703125,-3.540246277212515,1.5502433138423322,-2.7523152492225256,-5.123396964242829,-0.5534674252260675
19.70703125,-0.30419798071247506,-0.5024553661673825,-4.386439139514123,7.141854779361463,-0.9527136255195288
19.7109375,-4.63581227824936,2.759039678539476,-2.3738926363287396,-9.442497738960242,-0.16457630250724908
19.71484375,4.029614123643401,-0.7798625274202335,1.6130293717592354,-16.52615972818394,-0.04758952591606305
19.71875,-0.814290240760444,-3.085204758080878,-5.98154235516062,-14.994711321296938,-0.3065657151039037
19.72265625,-1.2027385066545062,-0.6737227223955109,1.0470640166170435,-15.788063478219303,0.025869610386775294
19.7265625,0.07230539681568612,-0.10126676457302285,-5.5117774693827934,7.664065107335583,0.3900580551947522
19.73046875,-0.9570217674964621,0.259919551467701,-1.74956827196963,16.911958536112607,0.5878107985884167
19.734375,0.6333187402004385,-2.2330235425957268,-2.868896300161298,19.67668706462291,0.3363149456249371
19.73828125,2.832828727250624,-5.624956848875013,-1.1958863520142389,-6.843938477880082,1.0639992266329745
19.7421875,-1.263673696410012,-1.2480642478761752,0.3430672051904433,-2.49796289674374,-0.2590974307297977
19.74609375,-6.42196988289985,1.270113949859987,10.180690777245882,4.787855566696678,0.44703782736195413
19.75,-6.181647820777341,-5.164541626013263,0.35116076204028657,22.1670451867595,-0.6642233922799435
19.75390625,4.960001459359978,-4.155206944506132,10.513693736141262,6.5364034691300255,0.15603360755357387
19.7578125,-4.333733060378486,2.1305507452625987,4.724287198983416,-42.212171086603206,-0.3036496725478306
19.76171875,-5.124161417709859,-3.083567633177462,-5.340723910426488,-14.953926099448571,-0.047280058250434256
19.765625,-2.4922673791709804,-0.07680646446590914,-9.09959775900844,-5.323800003303102,-0.24615044125119417
19.76953125,5.836708360471196,1.3804380906680038,-0.025495931269350236,11.315927265965659,0.2398339216510334
19.7734375,-4.6127532022969,2.1610423664785676,5.3220585389180854,-6.910710228477704,0.26124006584274656
19.77734375,-3.3119813048325186,3.988729326947026,-2.9131101354745654,20.29694755183213,-0.767372845154152
19.78125,-0.3357843078667721,-1.7232167040986601,0.030012680632426125,-4.638321701795995,-0.0015191854616046587
19.78515625,4.125181173192956,-2.1174717268793497,-2.4178324040101384,18.250014548488686,0.43690174705914386
19.7890625,1.143942796979384,-2.240779197561222,-6.933389539350097,-11.123730381432523,0.06080557780037585
19.79296875,-3.089656700343614,0.29047664935733264,-6.777526867202615,4.807361435866518,1.2848935413969051
19.796875,-5.986566199901672,0.17086497480936752,0.32449029249229566,-2.8124143372230765,0.05371956989414283
19.80078125,-0.3393998998927657,5.0558829901236795,7.923870216670194,-15.037670536706251,-0.2892880103412547
19.8046875,-8.615327111797932,-1.0313400085276965,-5.969940742145722,8.002565448563418,0.9780410313130653
19.80859375,-0.28216293509712326,3.1785880032998977,0.9100646159766148,-21.446657001528784,-0.030811821747812714
19.8125,8.286182214710072,-3.1195946957442677,0.876633990678283,-19.235881258329655,-0.4561638468965361
19.81640625,-1.5243475969351319,-0.12010674223627933,3.3745034571091934,-23.367357171810067,0.28901424185588204
19.8203125,1.1248229401714596,1.7431155625746824,8.772838737313084,7.745979918678737,0.2964460983956899
19.82421875,-4.136522683221121,-6.34719447857768,-2.6586334253554513,11.622844535320485,-0.4915220261127383
19.828125,1.4735922628844436,3.687310455270553,-3.100236474231598,32.94097538003288,0.018315135219787164
19.83203125,0.6575790119700474,-3.072488435540693,6.619608402027668,37.325108684009614,-1.082157781958145
19.8359375,-2.6507364053362457,7.064719656190261,-0.21649050740857234,4.252165156387156,-0.7729191817066026
19.83984375,-0.6371316980240924,3.049300251091787,7.353914412630057,35.977168786009116,0.4627987236976201
19.84375,6.515386046986868,3.521462935208195,6.380657595180538,5.018170840214744,-0.10343881388925595
19.84765625,-1.5504562174617051,-0.6638849079630939,-0.08620427311234291,-12.420317171464447,-0.29375885216944864
19.8515625,-0.6008358208646472,-1.1296209814667049,6.320936291696358,-27.838319071602474,0.8378177687444444
19.85546875,5.975082620762667,2.575188078106667,6.287760055844704,-27.81719008580658,0.4013159478379368
19.859375,1.9505970417339666,-3.82417785108643,0.6524750137033299,6.857086569554717,-0.5727638178393055
19.86328125,0.32026475308321534,0.8300575847997049,1.5153114129548473,-9.186651907494833,0.19620741411628645
19.8671875,-9.768620745323632,0.4505927595148228,-0.03383912670973599,18.98622615968005,0.2195428925318527
19.87109375,0.27129421787849395,5.8917270252288985,4.383068278589913,13.480524030325588,0.025111085290529793
19.875,-1.6363116929404011,-0.9000998650888088,-2.276193824996294,-5.96821239731463,0.14662013535396246
19.87890625,3.231584628378105,0.42704258582498134,-2.729201157547663,21.80364084111737,0.5283806353853702
19.8828125,2.020916916547949,-0.7467037558336587,-2.84313272848554,-1.8064926196497266,0.7905400522869303
19.88671875,0.7903729073837711,-1.4693934569465699,-1.896691423976549,6.420926185757513,0.07882029154568858
19.890625,-3.219181051194566,5.129920817909022,-5.34641102847195,-25.78073775274592,0.4171101784252033
19.89453125,8.123341243210515,2.9746804251170866,-3.998546698948946,-11.163302699163822,-0.9535608911119554
19.8984375,5.327054332883471,-1.8263159505444386,-2.4642339062689396,-7.947134821775663,-0.2838180832435418
19.90234375,3.329481231521545,4.2148745038431255,-1.2547167435130244,-8.662433586553469,0.4867324791337954
19.90625,-6.44212291094414,4.771814603972649,2.0817906890462443,-2.77970370676452,0.5047740975486598
19.91015625,-1.948047051255326,0.4636607466373236,2.204621210442782,-5.622810373976955,0.7051968320804476
19.9140625,-6.289190499885656,-4.343778938096399,-4.950683082347188,-14.772957048353344,-0.004291631076763801
19.91796875,-2.090059612956974,5.131472866720061,6.155359816172572,9.345288154759348,0.07965025812366036
19.921875,0.6115260423506248,3.6752494658829367,-2.6599748651366184,21.449271775004213,-0.5721006869156882
19.92578125,-1.4324546952110666,-3.9358217275374288,8.596183829299147,-12.395680803402557,-0.822729977373108
19.9296875,1.9499071936380976,3.2507579841017957,2.3324236061526182,-2.3899209131107746,0.1896866889786904
19.93359375,-3.2129398930199256,0.7356010527345238,-5.145428447021249,-4.723840738757747,0.5506238417741637
19.9375,2.3233291142519157,-0.5531888056864595,1.1757262549747842,-4.230707108843642,0.5551087984442833
19.94140625,3.273427376264224,-3.1326458489570523,-2.425553372930723,-6.010890222897725,0.8450269273796759
19.9453125,4.859888808874151,-2.793689356856011,3.269420176314419,6.229587392933844,-0.4307317267168352
19.94921875,-2.0367826948104875,-0.4865693156825183,0.33600093497100025,-11.78646248708832,0.17933740250688524
19.953125,0.35979976638510025,2.356651681826048,-2.812504828915629,-22.516133100362335,-0.20386446234978187
19.95703125,5.545507334121327,-0.6815953177440912,0.8904890058412791,15.804192381351264,0.33704695710721105
19.9609375,2.0601949527222883,-2.4625601252688867,-0.7895109366723051,27.542917276676715,-0.37160652924691157
19.96484375,-6.083889480549914,0.7514661073556979,-14.58977961663764,12.675217606997032,-0.004413161610454744
19.96875,-2.5528476572349406,4.644533608357149,-3.060703378800102,43.88575058199689,1.0039580717582992
19.97265625,-0.842871580771006,-0.40782189128067514,-8.779379989245605,15.964230708540622,0.17393207215637457
19.9765625,4.6970593503208296,-0.09731690381048555,-6.804368973225193,16.906062899153923,0.2822262525668275
19.98046875,-1.1968834436390785,-4.750756863536961,-3.4848596060427397,-6.088043408150467,0.16794079254391883
19.984375,0.35102236844753215,-5.456322550007814,-6.205897073635711,-19.58046073716612,0.5936602715300134
19.98828125,7.70539118186363,-3.2443661605711265,-1.321711741627214,-16.292446219547795,-0.2982324267894096
19.9921875,-3.061964870173036,-0.7615385789038066,-8.213489628264579,-19.884983545039564,0.11969899579939611
19.99609375,-1.2261482708542817,2.286826608576497,-3.180267209130376,-7.316323741613488,-0.19064914000601962
20.0,1.6143859962065161,0.39068594630659614,2.7316569758443783,8.719687842874633,-0.2435069247974097
20.00390625,-1.8119158662725758,-4.0306679748283445,8.79732564560664,2.968681530457224,-0.3043144021653063
20.0078125,3.0869270563478985,3.4153739498027282,6.5959665327957575,12.262250599246455,0.5840958814788603
20.01171875,0.7290410373996878,-6.6787752465636565,0.5965844771651938,-11.49358433393755,0.8387370480521813
20.015625,7.975670584939594,-2.6991579189306023,-1.4713381450391716,-2.333240378934704,0.16183076858538356
20.01953125,2.502256682863538,2.0276029938258633,0.7218753254988886,22.866619611995667,0.3113168464750499
20.0234375,-3.1041701306118803,4.929829979580364,2.136843381280945,21.711398972191926,-0.7525391224238909
20.02734375,-0.34457809625447666,1.8516622419542488,-3.3135056528005276,-2.4090140274589524,-0.13995169850751993
20.03125,2.2251045454830365,-5.48090386064325,-1.039721109527132,9.226826808281421,-0.5203746746046898
20.03515625,1.8883194508761652,0.6154521227973481,-3.4184105981598893,-19.70178338084916,0.15408328705811172
20.0390625,-5.755030544734686,4.018272991200423,-2.002864176700719,-22.073824507914004,0.34236201002016536
20.04296875,-5.198216429949992,-1.1573018901896548,8.768213862332978,-15.287919120442236,-0.2134238025843561
20.046875,0.8161177429739493,-0.1028440695171216,3.2278563748921316,-10.502128474522184,0.04513122463803187
20.05078125,-3.834609022100944,-2.9333851163161015,-8.661792414152476,8.924305917567946,-0.3863907216949207
20.0546875,6.218082518147116,6.725650327597846,-5.562362351361642,8.585290748396563,-0.3179916909126728
20.05859375,-2.1490954292418167,-0.8210589046548944,-1.0043819135503957,13.41587936208477,-0.28689014965902987
20.0625,-3.166958879729102,-1.0903556360451025,-6.362262107780224,8.517673778357493,0.47023959514802033
20.06640625,-5.731480495541366,5.307163005979074,-9.64586880323735,15.373570744450227,0.025924906464291984
20.0703125,2.831214636240694,-2.8418993259483942,5.247396575799989,36.75973907850292,0.8529524708010805
20.07421875,-6.954434835970348,-1.7402476626767691,-3.5481471587844626,-17.720913472136292,0.1590722951643452
20.078125,4.844593109410367,-2.203588757628699,3.9939890108441922,-9.348711633278459,-1.175641014583966
20.08203125,2.275873156950841,-0.3197680693864258,-1.4782094016669534,-8.183961248160552,0.5766283432668456
20.0859375,2.293641318910975,-2.3770558382081477,9.289361341443426,-6.742197689590068,-0.003847786796953183
20.08984375,-7.54009306039641,-1.7947151513649051,-9.165025468526142,-3.9915704209951466,0.4668306022995102
20.09375,0.5223510894059443,3.5946738953351214,-0.3557005305890406,15.42855954368124,-0.6240942882536962
20.09765625,1.012842705427364,-1.136995971342314,1.4596223290295058,-13.659610281901326,-0.5137370856332999
20.1015625,-2.432258132287511,3.7485472209523207,0.6210130233921882,17.629005461153316,-0.8674690123820024
20.10546875,6.806011587110538,2.842559044323248,10.961473790975806,2.4235453350745697,-0.08492026969668807
20.109375,3.0961353639959484,0.2354709368411168,6.622602894166636,-9.361222536741245,0.7090649719260984
20.11328125,-0.748904507733236,-3.1556392797985153,0.8521931702804011,-1.3707043786228088,-0.06443624476786451
20.1171875,-2.2400485457482104,-6.05372261826343,8.63814221544374,13.424824986471943,-0.030000365531437572
20.12109375,-8.488898671655575,1.5624736483240333,4.681706717258459,-20.37573596507749,0.20238561635099664
20.125,1.0716742279380573,-2.814983087049545,8.074363198860025,-16.590381252576424,-0.26666375351847454
20.12890625,-2.545160881532296,-6.428753721117154,4.188408164581594,4.789106583518619,0.813076125158289
20.1328125,5.034125669897242,0.3066750049482717,-3.6787691677552505,3.4981560091020567,0.06125303823065787
20.13671875,3.8950593641782985,2.449937156496162,3.333811953787964,30.114618787717564,-0.0037752024346888566
20.140625,-3.5428826001403904,-0.883878447386982,0.630921633999687,-10.861076502152631,-0.5691779235890398
20.14453125,1.4516818969699687,-3.352655229435367,3.276073695618076,5.482742032637844,-0.03738069581852477
20.1484375,0.9185811893851364,-1.5290416790312604,-3.217172814829909,13.816398886543123,-0.23863326120535192
20.15234375,1.099860820241378,-1.6713137407821201,2.6358530721702866,5.05204111825651,-0.7088056529184065
20.15625,-7.544018918221957,-2.7084664590332888,-1.1443657358632748,-9.93839564500441,-0.6733158349808162
20.16015625,-3.7363429378555426,2.6848098375656484,-5.758162632482774,-15.074427462639227,0.018757614474871287
20.1640625,-5.367384397855415,-2.9818793124982714,-2.423591450174327,-20.621888607130245,-0.3587229150302535
20.16796875,8.973118116621182,3.1558022343568957,1.1800084638041692,16.856570877239868,-0.30940554866410364
20.171875,0.6687942370415666,0.6740842610619499,-0.1551638305092473,-18.97424041392366,-0.613187936512737
20.17578125,1.1710520458956344,-9.194904914016789,-0.6363023697527946,-15.197825373155709,-0.014238571541388877
20.1796875,-4.400271722428309,-1.4858632226646413,-5.894034695149666,8.020836240418403,0.11586050091470071
20.18359375,-8.163912408264434,0.16494028897124888,0.2669790966870326,-5.550922507969318,0.2992726766988637
20.1875,-0.825661458876507,1.0348543406520743,0.6500829410574327,-6.302092147395765,0.22131243414406618
20.19140625,0.026708147623934374,-0.9226603944986448,-0.6697772457419311,23.62152473622124,-0.5950379030087078
20.1953125,0.18263043786929858,0.6357700187307784,5.866470689157927,21.87032522082563,-0.25691943347098367
20.19921875,-3.793852283167944,0.576697620561488,2.0800843533689406,36.94822303554025,-0.012095469792017102
20.203125,5.4138838585092275,0.3877156265284356,-0.17141398745083203,10.139828694574216,-0.20138954811661208
20.20703125,-4.871264684570893,-2.771067224128336,5.097780954774611,-15.823661483351245,-0.42572929485875366
20.2109375,-5.983446212390972,0.24960018610642717,4.092655918101606,4.186104547150995,0.35218208273833557
20.21484375,4.275099062593414,-3.0432211975532004,4.188048040573614,-2.5059454060327955,0.22142450882828862
20.21875,2.1212491743470694,-0.46213349473238796,-7.326191652324163,-24.509429445640105,0.3532117401114535
20.22265625,-0.5492064470443178,3.4932951853269785,-2.5028401480164906,-4.722363400908133,-0.44535019682300464
20.2265625,-2.1438131990490183,-5.686914143737919,4.831739438275245,-2.0648983531230183,0.3054871921314369
20.23046875,-8.389621039592619,-2.726078221996919,0.13646520159558517,3.180045964192642,1.9269459395326523
20.234375,-1.58677890265188,0.6990708816292348,4.012318694983606,16.004076084578795,-0.3889523080954367
20.23828125,4.47921939173185,4.694493254866364,-4.368804658267419,17.998239549364094,-0.46676804238907915
20.2421875,-3.672523291817431,0.31430724731562526,0.14893356374027888,17.933034129840863,0.5198434820027512
20.24609375,-0.05645002278563629,-3.7642386245814916,-2.0306262265300465,12.312247054510188,1.0104139850197176
20.25,3.120517806157161,-0.5983731713561151,-2.156123558896453,-4.699697055301633,-0.8860118044478293
20.25390625,-3.121913891753096,0.4810393104529338,-6.619597003549162,-18.481979652859234,-0.1791631151199942
20.2578125,1.3630038822425157,0.6869771820339247,1.7085008760329816,-38.76738463590739,0.1955328683440158
20.26171875,-4.674926455107543,-2.0144239597708884,5.001010113629158,-22.985406166802917,-0.4608900328611695
20.265625,0.13840932758044558,3.0534867175865656,1.2603527849787148,-33.67922291166856,-0.21794203132501075
20.26953125,-3.01910202090632,2.0335244571664033,-1.2515971686587377,-6.5290103870201825,0.614530375030403
20.2734375,2.9547850944634493,0.03136637441825238,-2.510163760367142,-2.0457029539988243,-0.3781746450383128
20.27734375,0.43363073319414913,4.415503359825965,-1.0725375196342655,-14.338457132608788,-0.4463172799924781
20.28125,-4.575800782966107,4.178330530078629,-1.4767398778251835,25.257825660116584,0.24953469664105257
20.28515625,-3.9924175578158887,4.472293476570634,1.5951126120294206,5.926981226654665,-0.6317288168662603
20.2890625,-7.921538404915381,-2.263703202389518,2.491537958149682,10.456032805017408,1.0724551060136984
20.29296875,-6.947652904386767,1.2249403074376453,3.826790407247021,0.839215230467508,-0.19238545322775757
20.296875,0.41036514910970123,0.2732521465849762,2.80681881752068,-17.94467958922768,0.8625574474117105
20.30078125,6.447396278896153,-1.6718724047875022,9.211648704995875,-6.026667495262,-0.05587213528466383
20.3046875,-3.073798489240414,2.966598583639876,-7.61652571599323,4.340055636958741,0.3517913301791673
20.30859375,1.7791704687053154,0.9406639121157816,5.802301224953997,-30.51884109759936,-0.15781468530037937
20.3125,3.6015686355329395,-0.9723636550304602,2.2417307414042353,2.6967628467823452,-0.033422813365883264
20.31640625,-1.831049824349484,1.079202872014623,5.2378084624400145,9.158367609785728,0.5697763826528421
20.3203125,1.89230724780578,-5.915088678034255,6.5753000271424655,10.48591547275285,0.03625248655628573
20.32421875,1.189714835358965,-3.8189192122495266,-2.1432115003227143,19.586197836874746,-0.8336968896303458
20.328125,-7.0500073189232175,6.45650726250752,-1.3574041530995617,20.290222927169154,0.5814188138300543
20.33203125,4.333911916523832,6.139032990964264,1.2291159095351807,27.197038055939416,0.6914556070604228
20.3359375,-7.455395516264345,1.718664211129271,-4.554677859904819,0.5835266592042387,-0.19334872805609724
20.33984375,2.7457188225271802,2.3172562047049077,-0.5229505488115822,17.963714765897446,-1.183147274800385
20.34375,-2.6761769820274846,-3.0963284477715094,-9.366239537911252,-14.649858336006648,-0.006475919383232101
20.34765625,-4.478019914733177,2.159153908641575,-1.6502022043175202,8.650222201817193,-0.22175418494878688
20.3515625,-0.7777046649177956,2.235878112008046,-3.5223663244399495,-12.718870601852764,-0.8045360324331717
20.35546875,6.913789171316098,-5.325532822145885,-4.962878359732713,6.784192722287237,-0.1883982586206691
20.359375,-0.43151845431054875,2.553227277666477,0.3133237962810864,6.492838391056498,-0.24563967730471295
20.36328125,2.6652146584181464,-6.4687888573639585,1.2476467147486967,-27.472275558925066,0.333595630200483
20.3671875,4.067266343307009,6.853041180560645,1.2973325217939402,-17.710409832426052,-0.5949568849968414
20.37109375,-8.219054750424954,1.7150859191175352,-0.40564992265808475,-7.231156628613052,-0.599362890097688
20.375,1.361216701550057,-2.481289152137561,7.851133600686235,44.12958280797696,0.13719671410906054
20.37890625,1.9047455585185928,2.1395143699706876,-4.824604468981931,24.611064005918205,0.17845753336494763
20.3828125,8.990958348289086,-1.3346579990028835,7.7792070037443946,37.617159800390276,-1.0426306841928186
20.38671875,4.7509240928142455,0.22524887971835816,9.097534014868954,-4.699006789049825,-0.2653495223665258
20.390625,-1.393804739295621,-2.6851243942650065,3.5120601165757654,-12.348166353279268,0.2291969310718895
20.39453125,-1.5511852551961507,-1.0950200159231835,5.661252263602599,12.127093713558933,-0.5749752680790731
20.3984375,4.023694145175921,-4.763912764544148,2.6566586785667314,15.133907912170844,0.9460434987997633
20.40234375,3.005776615448706,-1.3448499857403926,4.753133660543175,10.47271373637659,0.9708518144660002
20.40625,-0.6625559571475984,-6.3218168741586585,0.4154496765947403,-6.231447176704976,-0.18996435082620514
20.41015625,-2.1101224065641286,-0.13256339603978318,-0.4426136370989852,25.87241031108234,-0.13994830688972013
20.4140625,-3.254108541698203,4.809578842126989,0.17441611397519097,34.65774236162858,0.09249827098408611
20.41796875,1.7120392973589817,3.609288628378274,-7.610915234533706,9.75826422322168,-0.09566177128163326
20.421875,8.718757774653678,0.4625395759956302,2.621298415796852,18.466835146148558,0.20927526263686796
20.42578125,8.508862522969018,4.573851375630269,3.3147241311585187,-3.9039799863121196,-0.006376405698137838
20.4296875,-3.6705922427217734,6.095512590405974,0.6538334375665302,28.01763071779547,0.5854621487133302
20.43359375,4.293560720888092,7.420670654661193,-9.998798903194984,5.295420870963486,-0.10473203711453123
20.4375,5.68010337741252,-0.009925210794439842,-8.37538732657559,-12.535771182012624,-0.6163867252243378
20.44140625,2.372880484744995,4.528497522053724,-3.268635414073188,5.3302220723374845,-0.7628752254333506
20.4453125,-5.964747914070331,8.215614602791781,-1.49228050979931,-45.859607874341066,0.24162912334003966
20.44921875,3.8518301029140747,-4.596609091512263,5.507332280791789,3.350509473909492,-0.5218394491031824
20.453125,7.22686944621505,-0.8040342729581649,-2.433960189235531,-5.10777470668102,-0.3021953298724139
20.45703125,3.927264535815546,0.5398098780858314,7.466187860149522,-11.279496122893278,-0.23463169993246416
20.4609375,-0.5237576249495702,3.8871851913653543,-3.8567638390346355,14.432167892903614,-0.4416431494067028
20.46484375,8.793758643196208,1.596996912404115,-2.7279554148654164,12.198316050873032,0.3364131094423298
20.46875,4.538281669829495,-0.8144851751623221,-4.92227857982313,-3.525087959433554,-0.3315034268022159
20.47265625,-0.6913484764052994,-0.2068825954779534,4.3962513001611665,-7.212587623269355,0.28269120539126547
20.4765625,1.362410666042443,0.9105212720284572,-4.419710329004165,-12.959545961422025,1.193481606150153
20.48046875,-1.9416448084869433,-1.3971906668277105,0.7343407454559463,-9.400347495567882,-0.6788382092936234
20.484375,2.6603254441641044,2.8183206480192196,2.326135713359583,-20.834876076605124,-0.3857060340583751
20.48828125,3.088780453872695,-1.334499248580181,8.259758888150754,-7.378140422417536,0.3736303372337902
20.4921875,2.438089427324496,-1.279636040039816,8.120498096475163,-29.516931696173792,-0.6585150647460019
20.49609375,-4.18668551409974,-1.1790521741411433,-6.7992900650384644,3.458558560761295,0.8414606690454831
20.5,0.5016741178968743,-2.114748169665842,-2.5279411595821117,5.3608966595602965,0.46357138361594546
20.50390625,3.147562227044469,-1.7298059353224686,1.3920418248725603,13.895329810797204,-0.05609033342548055
20.5078125,-2.216986738301389,-1.8761576892621026,-5.955608334185324,32.306204865160446,-0.2457158776244052
20.51171875,-3.1432906889002656,-1.6232027260283768,5.545159545835875,-7.803861191757912,-1.1960490305361828
20.515625,7.80280174537997,2.3999996689146634,-0.4675700238760365,4.49747403101398,-0.9639152556727101
20.51953125,-4.6220798280280375,-3.1056000484300483,1.813699199367627,25.528039330187397,-0.7990330944929158
20.5234375,1.492297286116627,0.8627724318213639,-1.0458190661525908,-0.7919721596493179,0.01606827777261113
20.52734375,-3.5088397332985175,-1.0391423000486077,3.669473649379618,-21.592965896930032,0.5889792487064057
20.53125,6.409062938950587,-4.303838532386932,-0.008798668647666652,-21.88930656948618,0.08345654424573669
20.53515625,6.974169810097318,2.201367563722816,-5.8666267751660985,1.0860837062065798,-0.5716090030217954
20.5390625,3.5520610169955327,-0.8043264567693316,0.4573187954426712,-34.20038898930484,-0.6019823597040362
20.54296875,7.9042008696896024,-5.040462205260596,0.6961107554700556,-3.3814596432762394,-1.0296486055373195
20.546875,-2.699340327578746,1.215919294228736,-1.153752135218642,-0.531970767749272,0.38208418500615815
20.55078125,4.126035250364179,-0.6336256042688039,6.330429810715099,26.761097119654835,0.05513935461512566
20.5546875,4.0504750026057,2.7126893900828173,4.38617164424407,9.020043044474082,0.753479033547576
20.55859375,0.10516844019539723,-0.18225075726901555,1.767464406219761,-10.836018459417605,0.036915405488570315
20.5625,-2.0619137797290628,-5.46499795161856,3.788178706313828,21.311664317810262,-0.44246832282587006
20.56640625,3.867157767564516,-1.623097547180599,3.8153369794850045,-0.8668879081062486,0.24373092673470484
20.5703125,9.000200298301129,5.538801632305169,1.4695521206490374,-17.742889671891664,-0.4048682936688803
20.57421875,1.5635092965377373,-0.1549585126988495,5.880748326253665,-27.34096579738399,0.15560164281112593
20.578125,-2.583906496151779,3.402341449418202,-1.8194538572377765,18.2738852143898,0.0014988706886787946
20.58203125,5.522859306192315,-2.126574889021727,1.1664014592605843,-25.06325451227241,-0.44341221960446914
20.5859375,4.074079443807884,-2.5633013821927246,1.8723312991369603,-7.047590289015109,0.26720304999115546
20.58984375,-1.5002278164478713,-0.23368391492419868,-4.688733157620326,19.755743561452483,0.22377977932618065
20.59375,0.626871491593055,-1.905739397084945,-0.4711734311940457,4.945780944186902,0.2697919697380393
20.59765625,4.23241837421928,3.5746860448659077,0.3313113976387758,18.92560484965327,-0.18389409462792455
20.6015625,-8.411244782431469,-1.872297619688676,-3.2990146303359453,14.69947188804101,0.04811729120664317
20.60546875,3.4041065341462287,0.7762530537740193,-1.2776454986313759,2.3209571186868754,-0.02342922576987549
20.609375,-1.8214433439937294,5.379150784414701,-2.509812063535567,-0.5385290791883657,0.17048238808761845
20.61328125,-2.5890103958305897,2.745609860698737,-3.6310245503502587,25.165565504911434,0.3047016834638527
20.6171875,-1.2213961126086557,1.626899524555285,-4.62907831050029,17.926274329496923,0.5877530783647251
20.62109375,3.4893401785297726,-3.317572456375892,-6.108131391420205,-3.0797522136618376,-0.9281603317747145
20.625,-1.8153381308257122,2.319607426254551,-7.528922210585973,-16.77424869582476,0.30606858767851625
20.62890625,1.5579043537531772,1.9260605667110469,-1.5848411551753796,-32.800929279409694,0.3742917015474386
20.6328125,-0.18440866370822961,1.1494554237371728,1.9856699313199742,-0.6494255485618927,0.03694349780914681
20.63671875,-2.325697900456839,-0.715135839976902,8.603645317644107,-15.51464312429168,0.663779478055581
20.640625,1.0086072326405373,1.7785128110256307,8.548650283013561,-18.681700159784114,0.2232233239471817
20.64453125,4.81606040804762,5.972285103908057,5.785786895827696,21.57837466073844,0.7080818145466151
20.6484375,-2.3382988592453917,0.8785405611555638,2.9733763307942596,5.834050477753582,0.4742333820249797
20.65234375,-5.421723298942929,-0.6123791428745851,-1.2165985983431615,-6.428444279552378,-0.7320056843232949
20.65625,0.44777945223180843,-2.6425194202379187,3.1356862150259452,13.73078371249079,-0.7499725401519584
20.66015625,2.316156346808606,1.2582316576554018,-0.34637874933001855,-17.16142129309672,0.18742019684132816
20.6640625,-4.105110092925165,-2.815439232427673,5.413270745645649,-23.253377167617494,-0.5137076116960967
20.66796875,8.341125450842982,-0.9607131722610669,3.8180010321777695,-9.988489317336613,0.7055091205904023
20.671875,3.6331444848057854,-3.6618210592675475,-0.053844699512755945,-0.0667005707857733,0.2473867353671481
20.67578125,6.675712005438512,-0.9094390684374679,7.5778715197076245,-5.875385589009775,0.2167795671813841
20.6796875,8.920442532466925,0.9359458010574084,0.6437731890255027,-30.084639888744164,0.21207394035928123
20.68359375,4.292359569054005,2.0947705837026076,-3.365607885708443,7.267284807592986,-0.5150241663621243
20.6875,-5.8708560599494595,-1.01035634155544,-2.411680728302972,16.473892893334998,0.2431244742277748
20.69140625,-0.4623561036534574,4.237521160454551,8.368754538249178,1.2969285880083739,-0.7485195358977985
20.6953125,4.9907880595002885,2.8751817590717708,-10.396056078296372,11.696388594256103,-0.48185955908036615
20.69921875,2.4700595044438076,-1.2203304913124022,0.09193684194122786,38.351770568497095,-0.2059319913918211
20.703125,2.4797155114500913,4.508235455623416,-6.650326440242477,-11.34205431971938,0.6320085803919611
20.70703125,3.1871769071871716,-1.8099576574502878,-0.5990778736962965,2.933644237866985,0.06387178958708872
20.7109375,0.7582864468580403,-1.1503110863282697,-0.6157862898545932,0.9670993778604515,-0.12142021291696065
20.71484375,-3.1321024172126677,1.85990434818597,-0.5457970335268998,-21.645785202341614,0.5525229466437394
20.71875,4.505787872416858,3.919114570820893,-2.7177354602149313,-6.0914600449772855,0.20753807558235526
20.72265625,-4.169786765976313,2.167750214978684,1.0355148731962103,-25.188777050332988,-0.28966047063538763
20.7265625,-3.919417321415186,-3.4656052767072634,9.802183349366635,8.071471960780961,-0.3702769871108145
20.73046875,-1.2372053528393046,6.601465851168999,1.211261988718558,7.52495264597229,-0.5783433938256509
20.734375,-2.5110625910385282,-5.660411539255594,6.673783135318379,-27.106711941563244,0.2593495835251807
20.73828125,3.835924294145891,0.4115472738731504,-1.1180698116818313,35.96154428873267,0.8408127352227759
20.7421875,-0.6231979374832486,0.5846004151072226,4.503867817632197,22.768667936182872,0.21421055603036174
20.74609375,-2.422757893575362,0.10162001823019201,-0.7449102030765617,9.607159055069426,0.7289060704026314
20.75,3.490227808156662,1.4895443981956369,3.873575616796744,-14.6042986345274,-0.387226762756525
20.75390625,1.747152852625792,2.970817470038092,-0.7998000945616024,-4.872581396606197,0.09877535523955733
20.7578125,-3.1841995820343687,2.427322459492775,5.908317489810916,-0.7107132060359227,0.6350527279993954
20.76171875,-0.28456723896457853,4.421044851996588,-4.2868233724184535,-15.624960793140414,0.11157243755706987
20.765625,3.2539470099304815,-5.03563870946306,-3.075771731003205,12.56923779018379,0.06027769024950392
20.76953125,0.7293626301790053,-2.738184824114853,1.2190863949231767,29.633173835505694,0.06975187408404653
20.7734375,-0.6220881541188172,2.3059639878301303,0.5513975326663866,12.015735936594478,-0.6410926172149874
20.77734375,-4.826035810036931,-1.3820167000522996,-1.8468960939130619,14.999711577764344,0.3843391996384748
20.78125,-5.1605366511118795,-0.7453381770578951,-7.2521818960699544,41.82983844217169,0.7546816080593055
20.78515625,-2.3924064721437093,-1.2912337761054946,-6.436987179853046,42.97280770376818,0.23908394503985153
20.7890625,-1.0868689793803146,-0.14724616708602875,-0.05870657157348358,33.536962075810635,0.18321216714343447
20.79296875,0.07875188546936249,0.24639466754340844,0.4906434375006077,9.049776023970722,0.47024411218221085
20.796875,-2.4779315614096857,-2.84215069507852,1.3490157559136589,-7.350521140990541,0.45971222358309255
20.80078125,-2.821739592940903,-1.4513189206325223,-3.557643160171859,5.033235354277341,0.13389713639155487
20.8046875,-7.76777783234452,-0.8814605438028811,-4.109451043652018,-36.91905087628325,-0.8636581943779508
20.80859375,2.9163739866863496,-1.5942095501033384,1.712795558679676,-11.76482043070502,0.4033967727219643
20.8125,6.680038394009853,-2.695895315925149,-0.07517822127346241,-7.2795725610693784,0.9050812930210931
20.81640625,-3.485743380870771,-0.14477449388889674,-0.6841646103222448,14.214477214015723,-0.3277870687896103
20.8203125,-1.184092420042311,5.551714996084154,1.7695679089305314,15.068319248716474,-0.28049264482127145
20.82421875,-1.17871604855863,5.156443790410139,-4.52543959099903,14.975035467867468,0.7218907278714077
20.828125,-3.7372799766703086,-1.6511847464866447,1.5032423991457473,15.805157068278302,-0.2554831913201676
20.83203125,-0.7480932482049102,1.1373401750339702,3.6014301506769195,-10.214582615046211,-0.13471886878658762
20.8359375,-3.256496889711219,-0.21531438067722106,3.938616544315506,-23.820147028170062,0.3860734128895038
20.83984375,-1.020797450587022,0.486399923846084,3.732224352759233,0.20489306744356717,-0.15277019000135422
20.84375,0.11871623227239468,0.36436613036546195,4.823207579700103,-5.69816451761646,-0.45414175772370907
20.84765625,2.827234093456307,0.18631065572748073,-1.062705969110771,0.8626620453434715,0.1910045009751396
20.8515625,1.570733355888862,3.7556561761716565,-7.993374350952635,-41.57843187876723,-0.01313299475377249
20.85546875,0.4819451111479555,-6.8222174764404615,5.9621699709137985,9.790626928123775,-0.5147077794455619
20.859375,-1.9355396475241777,2.114034097530892,-9.244798006148288,24.168844884261954,0.0558677246449597
20.86328125,-2.2338201283082455,-1.011993847993975,-3.0603821763875616,19.183165695420797,0.342727172254106
20.8671875,2.9623129410354903,1.510682070036709,-2.762871276657722,-11.29248609250186,0.3106364421544809
20.87109375,-4.481228738784415,-1.9597573308807084,-0.9244422353484356,20.584892541834186,-0.35371724270906946
20.875,0.26425067864398666,1.3134701984169803,0.1732377105254641,-8.660572816790658,0.49740396567971074
20.87890625,9.354301325345425,3.919658691912095,-6.2511910659870225,30.89696335021737,-0.5736012439153942
20.8828125,3.652594276664513,2.4759705654156257,-5.571328997564676,29.58468988170697,0.3728127646039993
20.88671875,-2.83920246689804,-2.6352142561029646,-3.453831910355177,2.3123327311921047,0.01114015186521726
20.890625,-1.8937602503124964,-0.7783484471091724,-6.401674288363171,-23.45700830768787,0.15511620480394864
20.89453125,-0.3109937824821977,0.10158573609186529,-5.430024751087952,-2.485637263069922,0.4250577390629559
20.8984375,6.405001581397734,2.545571881388004,1.4416288100405321,-53.98195939969362,0.9671959462625567
20.90234375,-4.442397601034729,-1.5362666741737214,0.16498549449271205,13.018957591751274,0.34971933955762885
20.90625,-3.6908459517585936,-1.793370503682749,-6.944822516892624,10.315281219034015,0.5916870555333986
20.91015625,6.950292462905957,-0.32031139874723435,-4.721045388075636,9.529114221085175,0.11538564129366158
20.9140625,4.286898485156324,1.611917616739805,4.636725055937072,14.030526023177213,0.5563989910180396
20.91796875,-4.779545825936775,2.19328670787899,-2.8538031390582432,15.789145673423675,-0.5551980811864657
20.921875,-4.8580835502148085,0.4731681782996266,4.198142570016611,-1.9231905911660476,0.19808987057405142
20.92578125,2.71344875980759,0.747280205508455,0.8660271026920716,-0.716381869970661,-0.08831958006540425
20.9296875,-0.6303839220247226,0.25635336501652567,6.051309623871655,-9.20744606943786,-0.7651132585492153
20.93359375,-7.150193495117102,-0.6304394165267918,-1.0166177368817877,-6.255164289730438,-0.5695915629590769
20.9375,-5.183154905433682,-1.3370559738736278,-2.6073993189197577,-29.19146235877355,0.016289409523808158
20.94140625,1.20736586251934,2.3567676623902605,4.197280962696322,13.075059950737609,-0.6060017242586654
20.9453125,-3.304183720490696,-2.7548061006420816,-1.5169766792822084,-39.79856857765115,1.14075310931501
20.94921875,5.7870929219651295,3.8404814386420907,2.6177527289904647,-15.513763465388868,-0.672926127689246
20.953125,-0.953407080943612,1.6574550436899853,0.1421700440552972,10.771850324775869,0.1591324264327594
20.95703125,-1.222799241504744,0.1504928753144881,-0.5634210271662616,20.396552469035022,0.15880015215689997
20.9609375,1.7254047360244293,-0.04225862068066434,6.135496057504319,31.87185644382429,-0.03789713109214997
20.96484375,0.27225807928565404,0.07394497336233163,-1.0404960500615572,17.538235132519517,0.09779691792631776
20.96875,-0.9507451568022951,0.8722546080857558,-4.033218415193719,-2.4135452775735438,-0.17140999387740888
20.97265625,2.702378275483838,-4.635102174102268,0.7992029479104228,22.400513483509897,-0.7307445350741466
20.9765625,3.487640696458496,1.1670907340668097,-0.6100909654422639,2.7548181317437823,-0.3901977068410372
20.98046875,-1.1881984547752593,0.06948988855716387,2.4906524763857476,-18.515912081199097,-0.29986475103624194
20.984375,-0.10249953769780805,-2.102635754142743,0.5014689866067723,10.782532115071692,0.7068285350439035
20.98828125,-0.2802724956095253,-1.5103338687904109,-0.7960635223008266,-8.129393869418658,-0.45307607450401194
20.9921875,7.041117202878357,5.744072748083046,-3.776311138901204,14.059168534020202,0.19412268145673095
20.99609375,3.6449205901021484,-0.5101005222100474,-1.4342774402791798,-11.796651648949622,0.026837147777815627
21.0,1.4088466407776326,-7.626021998054574,-0.3852018826901641,-21.639945792110275,0.061635299774233404
21.00390625,-0.6196559348532847,0.8597092712954889,6.283110138111489,-7.085313765193416,-0.057941345979821306
21.0078125,3.3227928534082003,5.584426882402264,5.035776442691716,25.0482487933513,-0.4789197399974406
21.01171875,-4.707750935785096,2.891624266455554,1.441873082128664,5.983232069357955,-0.06234349737635472
21.015625,-2.6732888601264144,-4.29246140181492,3.157081878151928,54.060150086013195,0.02187188003714795
21.01953125,-2.002131252816754,-2.550156287839422,4.553917874835974,7.922365832047548,0.027706930134817464
21.0234375,-2.1758930129362852,4.35828008459712,6.474228574214793,7.205659539968056,-0.30393121607816126
21.02734375,0.4384603742811439,-2.2539567027393703,11.341026699658457,-6.219009065323434,-0.09030004449450947
21.03125,3.0365957485170956,0.3554699150283545,-2.7045673079931563,-15.475216563347528,0.20235152437005297
21.03515625,-1.5675536271815813,-2.900168102986429,2.2419462979753173,-9.109644695893287,-0.5607487927485059
21.0390625,8.145126083261026,4.233048183927201,1.301958889880477,-28.842479043366104,-0.34012096706185124
21.04296875,2.658277325661432,2.2887975137240053,-0.2877237698983657,15.35169141019989,-0.31366330782051627
21.046875,4.73454704771075,0.4395717533461191,-5.24874171258561,26.37666974409683,-0.2988258048753533
21.05078125,1.085351508027435,2.5045000664885886,-1.8745697961903958,18.504473212829645,-0.7272143418821957
21.0546875,-0.2475333567809578,5.056463356274093,0.810645227076668,53.584366733036,-0.16329565745967467
21.05859375,0.8738008658461344,1.1059923826599536,-0.7226807946188116,2.107347041778997,-0.26299221289544195
21.0625,-2.2652274316028835,5.670671769108637,1.7602040895947515,-2.6648743473594294,-0.01799192069197167
21.06640625,-1.7915207231163612,0.8583673071822255,-5.04830935964333,23.889397309262996,-0.6861177379472941
21.0703125,2.279348493513324,4.17733154786541,1.4830933643101627,-5.318829054227928,-0.7128334017985745
21.07421875,-3.600960692593442,0.33759581062026345,0.3003356703661275,-24.923308651067202,0.41722383701476706
21.078125,-0.6276189694313885,-3.561352267445673,-7.7831975715019714,-38.355055687331046,-0.5980670408391193
21.08203125,3.8787401334843334,-0.36607656078214107,-3.6091511058747576,-15.207267269339374,-0.02494169963945837
21.0859375,-4.161490936418142,7.695552993240089,0.74107073700697,-4.046144450495053,0.08484569335442785
21.08984375,-0.33021592865691113,-1.7913122962034467,-1.4461630566155437,-6.692966021729985,0.4041405356521052
21.09375,0.5930625114743168,0.9006452272836618,-2.305086549153921,12.741983725901559,0.35256396693776976
21.09765625,2.423717169477505,0.22476026524588047,3.4740420294906738,17.00961050279192,0.05134765696509011
21.1015625,0.18578601168367306,-1.1534946634170984,-4.223788122568092,20.132387644399167,-0.4539357868360225
21.10546875,-0.1542563283610171,5.730432045198566,5.926618200166031,27.353836930612147,1.4346445904340206
21.109375,-4.630076755588565,-2.2939034851263855,1.4048929356906876,-11.285154596748912,0.5108896891579784
21.11328125,-2.5244973045738743,1.5762447177844783,3.5003439876427915,-4.985771895526971,-0.5577622966278656
21.1171875,-5.484871646346261,1.7471597327827155,0.019960341138414606,21.61042876171828,0.37777355633625087
21.12109375,-0.27422879512663595,3.8331422888160374,0.6308121135086917,-24.915887531252537,-0.4674082894998574
21.125,-4.695808907815375,4.126322698374012,3.30664777508794,16.806355729090946,0.7004479200041513
21.12890625,8.59372693957339,4.611068791583238,-0.18420330152519981,-24.616550409944054,-0.021697959335495003
21.1328125,-3.9452047899892344,-5.028983297441591,4.532408554834906,0.22860812425096544,0.27843739633987435
21.13671875,-3.60878637682378,1.8367680418967025,-4.038002342340116,-17.26703483499202,-0.003960581780915242
21.140625,-11.212404555378868,3.4118726103052843,1.223804296282816,21.65973697044859,-0.5354654380431949
21.14453125,-0.4362210243070529,3.994824514515974,-3.5611078847670408,9.43888002276713,-0.16488755502327065
21.1484375,-3.101261226368286,1.4149120673806257,0.511780683464873,20.634414224912202,-0.8986221324836271
21.15234375,-1.4366560339563212,1.5280031813914667,-8.74214106334319,21.73106739082139,0.017852518755058083
21.15625,-1.9501127367097377,0.838759199913728,-1.6817016869442156,-14.434065739907647,-0.4140841135172788
21.16015625,-3.2267538522970707,1.4090218687104556,-0.7600504313664178,-8.322571303417782,0.09829653582278172
21.1640625,-1.2936338571358972,2.2219746130849094,-6.6878070197672805,-9.618793903359531,0.25580023529955564
21.16796875,-0.0902194712810006,2.6949467055855623,-4.505892800804032,3.973721216857932,1.029860612843869
21.171875,-8.321071534896952,-1.6623844712923797,-4.935623289342397,2.899163677445612,0.2126527444785972
21.17578125,-0.6741319044485177,-3.7138868155895586,-12.397365839440853,15.711664764280188,-0.17494035071245803
21.1796875,3.705403345819055,4.123854214208875,1.2894688239466885,2.7004973787492794,0.1596829971612169
21.18359375,1.4107803791359241,0.6908690048013786,9.692842572390886,-21.8538943622397,0.46470690433212175
21.1875,7.382354385750767,-0.16225046238878527,3.241538012113893,18.457235435918175,0.06998902743558247
21.19140625,-0.9827592571958484,-1.7091529086589416,-3.2199084040802313,23.04527804078308,-0.06115878876684212
21.1953125,-1.3424238330807834,1.022217181279868,3.729448798458802,8.309685055615828,-0.08913518802652368
21.19921875,6.241285535903758,3.103173106099739,2.957015045144883,-29.68644438031791,0.3995885360182172
21.203125,3.0041076065161354,-3.714819424724293,5.6880379521307285,-7.268049334907264,0.10748993632161061
21.20703125,2.3157135679788845,-0.40479534163228026,0.2875092263081034,30.784776814158246,0.09521306203688323
21.2109375,-0.7927474857816711,1.37225495023389,8.294819864806614,11.74902986387231,0.2876645913757577
21.21484375,0.5482978394569703,-0.09803754801463352,-0.7629110014981206,-6.481007056866188,0.1719953823020524
21.21875,-0.5010736207974179,-4.232407543424603,-1.6354383175031901,-20.706977255950843,-0.9388659178061862
21.22265625,-4.556743009464262,4.081242365341016,0.024228619036761767,23.658142469196108,0.20948265952419629
21.2265625,2.9025978375106236,1.5143504088614788,4.535117822927664,20.06948343470091,0.4128010668065829
21.23046875,-1.112124012687806,5.021469270386479,-4.082486623571016,31.479205713688422,0.0938256836830926
21.234375,11.275046725948206,-0.11114247497053784,3.810283022070233,-16.509243372894588,-0.3019647165082397
21.23828125,4.335693917850811,1.7617061649415535,-2.4245374255248917,17.674331702882192,-0.0872517356831218
21.2421875,-3.8588834688674676,2.955125732070802,0.15171520766748614,11.78979062995749,0.11085331516934102
21.24609375,4.186593725741244,0.5333289025970886,-5.950109022576505,-0.7551916566410855,-0.01907489685924303
21.25,2.323471207064535,-2.4404677913507005,-4.120827579671647,-23.52783158291389,0.3471916865146065
21.25390625,0.27305086635101755,-3.540108108969738,-0.6601883864087608,6.689086441645815,-0.6906847581141808
21.2578125,3.049736819045727,-0.31119034860581596,-0.5630947837443276,6.879679627443895,-0.5073689125288425
21.26171875,-4.809152655814361,-4.578035200697128,1.9259003646582684,-37.140895268880854,0.12764376433257651
21.265625,2.7515868386626834,-5.403161707738705,-5.060812489531939,10.15076896569387,0.04906316121897507
21.26953125,5.69613374840326,1.193637462089088,1.163716980149173,18.936989426187694,-0.22970232463808501
21.2734375,-1.2163871483320314,0.057166233231435166,4.80611173329334,-1.8834133582841828,-0.8829053065714486
21.27734375,-4.271919441526763,2.680474719957328,4.032442767782467,-20.680110711443152,-0.8893272515459548
21.28125,6.97154925392339,-0.9692086968609943,0.44184705597796703,26.881062243638667,-0.42256955511458333
21.28515625,1.8995887988729405,5.469520660721239,1.2607005264865894,23.542807364445295,-0.5554439670854752
21.2890625,2.667666843014112,-3.039542418248133,-1.0322101751200439,21.42999318099374,0.5639618492694825
21.29296875,-6.023050207188393,-2.3204800700410173,-0.9685296377517529,-2.3078667590162185,-0.3306996862038046
21.296875,2.766474677265002,1.6402384542907598,-1.8916773652203407,8.218093545153383,0.015522777029489756
21.30078125,4.476025022301065,-9.58673413758485,3.212215689690206,12.690124119288544,0.6821852930319872
21.3046875,-0.03725232756750157,0.07245156093376993,7.081949593315376,-35.760891404751646,-0.5371743502152084
21.30859375,1.7672779063165067,-0.4797868799390416,-1.5202746561198213,2.016865059462239,-0.14058745680313883
21.3125,-5.771232962655174,8.038111693482623,-0.03090326601127824,18.690439359374288,-0.842991129429605
21.31640625,-4.536944077460896,-2.3904152830653933,5.362931795521985,-8.582065862826024,-1.359803228757968
21.3203125,-6.708329311815554,0.5408778044115679,5.171287328760627,31.498228521780653,-0.16817262807785588
21.32421875,-5.481910672721166,0.5684125370391115,-0.6024136646103673,-19.02141829403547,-0.4097148902541255
21.328125,3.415687156317391,-2.228059287148741,-0.3060496018745702,19.706334472584146,-0.10061711513872376
21.33203125,-6.32382850351435,1.9963148164351214,0.6676844554615466,-25.990363497976304,0.044091540398252436
21.3359375,1.7117104219023285,-1.1399717711033712,-1.1220937139719045,-21.159136624470715,-0.65473093485946
21.33984375,-10.548770150581749,0.4718621181396169,-3.9795796607763507,-6.391693969491754,0.23343894086772324
21.34375,4.3950215356649664,-1.7227884367529869,-5.801335728544658,15.272689368800322,-0.2863652351928823
21.34765625,-2.7193821453649676,3.949189852533123,-8.643434756207572,-12.556158232842007,-0.24409600691581523
21.3515625,1.708086906990364,-0.8474540058015207,0.4527243196068871,-19.204891534362687,-0.2793474079328591
21.35546875,2.0985737239450413,2.015948429560129,-7.222241592608573,9.637222748532423,0.6765951344691535
21.359375,-0.6649587524436157,0.9427190567064556,-3.91485804434565,-1.5314452681071673,-0.4535571607755218
21.36328125,3.694314405583786,-0.8899241103481508,5.4372453554525135,10.487496746284954,-0.2925676415696638
21.3671875,-0.8330961696558432,-0.6144979380441201,-1.4996251324779568,0.4676256945463999,-0.2716905183868453
21.37109375,-9.347705842884615,1.3502529836689323,1.6022125444374398,31.096473679505394,0.8135154647520512
21.375,4.188264140673496,-3.2205748201770477,-3.0998697489528992,3.4712529891383337,0.7506398340248179
21.37890625,-0.19349977977561236,-0.1172814116722474,4.4679956197523705,43.66808934708601,0.8110855662865806
21.3828125,-2.743638890314731,-0.37993797267611285,7.286121657775853,22.94610917959313,0.16523692857438216
21.38671875,-0.40409235563902823,-7.138062914632453,0.3236710224829027,-32.7136398945428,-0.06937772132617068
21.390625,1.4145540468640245,4.702964337558482,-4.298058649678737,-3.500246722779681,0.17306442972258956
21.39453125,-5.441301329650047,4.171140162412544,0.3126196146258384,-34.12333165296308,-0.5915814511389325
21.3984375,7.691900017378521,-1.181185015754581,5.974550068191794,-16.714854093746304,-0.5521647073343658
21.40234375,-4.210915401164361,-0.22239508845030026,-1.7589259590949367,-0.5145882073685772,0.18600326927909122
21.40625,-0.6515359961917391,-1.5670374714146738,-5.177076057535532,-6.821481792655033,-0.5745565200470654
21.41015625,0.8223042447987863,1.975212416291476,6.137079914943968,1.6363962107167231,0.3568671738855874
21.4140625,2.2560569847247645,1.803596240092105,4.191856148795832,-11.142827087337281,-0.8927529524191694
21.41796875,-3.093518275582036,-1.0222999776676436,-1.9975931268545932,1.222772216791295,-0.6846949981865644
21.421875,-0.2105819473285535,2.3581460921972637,1.0950697548050021,8.538723305397307,0.11631136637256485
21.42578125,-8.070797361212364,-0.8862953342346953,-8.25170286532343,18.387900876120952,-0.13587567282524599
21.4296875,-1.5978806807750774,2.4023005331800844,-5.96481850817542,-1.154059916292721,0.22311663099118856
21.43359375,1.3833213423916644,1.737281962877681,-2.016548667915213,2.013721824319468,0.2865331077581686
21.4375,0.5320369567239874,2.396570513681552,-6.2616499330467725,-38.51012252659514,-0.16843639727625773
21.44140625,4.992615186696028,2.3356712119439207,-6.612679221121972,3.1128888223064237,0.8222158303583621
21.4453125,12.401032673897419,4.1087124221985185,-4.258282467520669,-10.322462841195284,0.32729073760750543
21.44921875,1.5656006212908402,-3.3498246195796924,-1.9166226795886123,-27.212762658685147,-0.631005091644572
21.453125,-2.3784374663165235,0.758963397960781,3.8180886179387685,-16.85511250438637,-0.08690081366955883
21.45703125,1.9317526819118522,-0.24630112193081605,-3.0837693933135313,1.8105702829170642,-0.1957352028027558
21.4609375,5.772427822177727,7.140291225727237,-1.3778208028045007,22.998736394885782,-0.19400718709609271
21.46484375,1.1032921042539812,1.024207446693943,0.6315362404860192,18.394034405224176,0.1162507247736445
21.46875,4.4564299530800175,1.4438425411746523,-1.4073190431739686,18.233802484729843,0.07346808075566025
21.47265625,-0.8611575739458277,4.81989331230897,-0.37893708373059765,14.663584030043753,-0.1656369431573714
21.4765625,1.7421365323292353,-0.04798058871592385,-10.21601542170295,2.1638570351054764,0.8559388537672661
21.48046875,-5.6954713801136485,2.3451952607950313,3.18537683226437,-15.053875409027741,-0.6152743692963206
21.484375,-1.9720024760829094,1.0759623881303997,1.6885510834503488,-51.22303058615497,0.4853156099615243
21.48828125,-0.5556184095905337,-5.924176176077641,-6.446116078729279,-1.4200087144831297,0.07453963862973252
21.4921875,3.465328975862722,-0.2323120603226249,2.1464025103873317,-5.367508995589414,0.10870178657053933
21.49609375,0.7760381898983534,4.874704333082962,4.84347245503598,-9.564389525714027,0.3972156509085682
21.5,-3.5141858646731072,-0.8994729186428614,-0.7971049049647861,-6.07038716243113,0.4040063928373532
21.50390625,-0.3668036842828032,-4.07448329582188,2.250921456570327,1.4754374466060618,-0.3364243695920167
21.5078125,2.881294140044795,-5.712594973018932,-3.67726339622688,6.594136800249152,-0.13194336392905157
21.51171875,-0.6323279624992543,-0.8956575384286929,-9.138676395496887,-16.006374125056254,-0.5136124919737483
21.515625,1.181084831129023,1.4182271350064253,-7.8616833376165856,1.3877807051863442,-0.3619669670047518
21.51953125,-1.67921716137215,-2.469836452798905,-1.3479109182561604,13.477347144924824,-0.4299962906261947
21.5234375,-0.6819613342872493,-3.487302271819132,-2.3265320810274472,-6.192967209909963,-0.04312234892361396
21.52734375,-3.501427486045244,-1.0587414256060779,-4.38835367125604,-21.597704497051268,0.010873891326814088
21.53125,-0.572032460891249,-2.8841021383080476,-3.3733659189605114,0.4407682859994555,0.25934561863308175
21.53515625,-2.484675844489523,5.740019762344516,-6.026544086033095,-36.46943618220047,0.5841252472486029
21.5390625,-0.5546752346875072,5.979536196730956,-3.5237017496200584,1.8481666268762957,-0.32247643352976496
21.54296875,-5.437868538490719,1.4386013449082315,3.1899339429216247,3.8357837128499233,0.43353297450828393
21.546875,2.488381361450627,1.3627679752402095,-0.9992867340438605,9.218533643619406,-0.33997979630763453
21.55078125,-0.8229008002737973,7.322308789097704,2.890949957109999,1.027036591155678,-0.08417316012936203
21.5546875,-3.1528097055554545,0.45555197959130234,-1.4681368531488594,18.36288169245548,-0.4001407190734179
21.55859375,0.4454918512153294,6.63448153836236,2.8897081450763102,3.825820672867927,0.23948325534194262
21.5625,0.017573581548606863,1.4892432908007829,8.56254044875789,0.20584925460782344,0.1450904915944987
21.56640625,-0.6354237128144239,-2.129286780684693,2.4864001823928867,25.176782315942187,-0.020504006658574592
21.5703125,3.6112687728079047,0.6411177712699365,-1.926816980255336,-29.153732392111493,-0.5555345630183517
21.57421875,0.6762708196920076,0.9285619309404021,-4.209637063871333,-9.912172782354963,-0.6926744869556871
21.578125,-3.7040241360648327,-0.1677884433516178,2.297909447217886,-1.0033621831039898,-0.27488683272020825
21.58203125,1.9940847645069344,0.9519272786636879,-1.6830468255839381,-25.9251635323871,1.4573408923405569
21.5859375,-4.57035307654717,-1.682589428899985,4.468314941065385,-15.710464382807912,-0.7223008388823964
21.58984375,-3.0213674840198967,-1.1797966108546034,-5.926987552829211,-2.4537152056156897,0.13952779031939178
21.59375,0.2250921529877728,-6.281867403123993,-2.148152731711284,11.490116367050154,-0.38349652331936823
21.59765625,-4.06401601984885,-0.8982987990434563,0.415192933058411,33.52288986989831,-0.680380457762598
21.6015625,8.900450389583424,3.680271718411713,3.6111371795163656,29.859971935816624,0.08758387268329255
21.60546875,-0.37299894090260993,-1.3903454352122278,6.448337568997281,-4.240688060844793,0.205486583907483
21.609375,2.8425007491339658,3.934614827521612,-3.5134700116562696,11.625087626629442,-1.1324808240455133
21.61328125,3.7264068987546373,-1.6502622179590252,-2.2290186863511887,10.179839837396178,-0.04939052585385695
21.6171875,2.4338716921418717,-1.476590677317317,-3.4694977361990906,-10.592686166331331,0.227234274763113
21.62109375,-4.753192925161951,-3.00227511451864,-2.1060379039967536,17.248879914015696,0.11029108596788909
21.625,10.366800170387343,-0.46349932971926466,-10.84605936252214,-17.544731066850495,0.5500178174740785
21.62890625,3.5446705631585846,-3.3392834595138936,7.366114973354911,17.79526999550209,0.14436883483315477
21.6328125,-4.271136110260627,-3.0958610254400467,-6.219541540699161,-11.1572127075171,-0.2227898816612745
21.63671875,0.6145432480311932,1.4875714378058196,2.737375670115651,-14.629779187957167,0.5290772447585074
21.640625,2.7481730098463095,-2.390948244041044,2.906212834429937,21.047294967909014,-0.6348840896981105
21.64453125,4.849756340608346,2.077422729065736,-6.020216073898213,-2.6521141940316664,-0.652266533376852
21.6484375,-0.624171189601739,2.9993008819445293,0.5064983366550124,6.9286679807858516,0.05024780441758183
21.65234375,5.604988875424076,0.1983396644354864,-1.6388029837781026,10.843966220403757,0.46293618424288946
21.65625,0.9978393348390863,-2.7392306963606594,7.3901816783762015,1.2939911566487305,-0.9390090892645547
21.66015625,-4.359539867800636,-0.4369420862507561,7.419439207507478,-6.737404977466753,0.790676728252217
21.6640625,3.10940063969682,-0.9708688379491726,6.877864902593494,7.631151881524575,-0.5123197172798933
21.66796875,4.5010744319606415,0.2213601899635954,-0.4658117939560227,-25.187272815091898,-0.4678036224382511
21.671875,0.48448297547708163,-1.0539712203871439,1.6785505208669043,8.123975798967717,-0.44064507798969776
21.67578125,-1.9610371717290018,-5.018437955646803,0.5558636586721596,-2.728679617614966,0.1353070017502931
21.6796875,1.280583923184415,0.24806520593948678,-0.7237896574260412,14.05637915547899,0.47254360408165114
21.68359375,-1.5347415473008845,2.6097045623959296,2.399729933844348,-23.83278953691156,-0.22868058761037688
21.6875,-1.4707034570274715,-0.3064248547738581,1.5551992385167654,1.7417969714826658,1.102668752481437
21.69140625,5.338078322181027,-3.245562251384529,-6.57297959756367,19.043507914504055,-0.2898553702700096
21.6953125,1.2185403356318165,-4.169374682033833,-5.662373776385444,30.507508967757012,-0.41545784031383876
21.69921875,-1.9057293459778226,2.722321558759687,3.5460197648133116,19.480051768023515,-0.6012868252041808
21.703125,0.11635938633864981,-1.4913819738689442,-0.6312276644905066,1.0050869735460284,-0.35985052507610416
21.70703125,-6.40278855821243,0.2758544545369134,1.6503035983595877,-16.09407079511658,-0.3934951132246087
21.7109375,-6.620628912115294,-6.100113815697776,-3.199136990684929,-14.36868674116963,-0.38442156840227804
21.71484375,-0.49481348702451555,1.2479515635810448,-2.049315508757939,-9.599419278555109,-0.18029379199334566
21.71875,2.513057966665902,3.5481716030034383,3.1977077617862113,-20.072798056249617,-0.5863397146028829
21.72265625,-4.873681252370872,-1.4503918998032295,-4.335856072000901,-36.715532461417396,-0.0720522600012347
21.7265625,3.6456020054773646,0.2749419423367684,3.3357902023009274,-15.194720213582615,0.5517292427525758
21.73046875,2.417400409905996,2.3666852701308,-2.5873099677900493,16.507551579958648,0.7851333213332355
21.734375,0.44274193917284005,2.104659528415518,-0.8258879246665718,2.073968297019441,-0.9478698341690263
21.73828125,0.43359351141889035,-4.950016809574079,1.9777976466397968,11.32275179171584,-0.7851189400093488
21.7421875,-2.4654579219040174,-2.3993166249475504,5.457529876653032,-6.048524582652323,-1.0089549131861582
21.74609375,-2.5484943107772553,2.61205642392697,0.5238774763751723,4.739291779580326,-0.181997997608931
21.75,0.5468537467996128,-1.541430327170022,3.6779245076462574,-7.559927701786665,-0.4333728951974237
21.75390625,3.306469015568082,-2.3470593126182546,8.14333631888241,3.6633492107196615,-0.0020439642761464006
21.7578125,5.430371920611109,-0.34409899776626757,7.242978288819943,-14.53272939150762,-1.067840566672531
21.76171875,2.5405945384531887,-2.061161777649013,6.78562099887807,-21.33242310956377,0.5370605398596314
21.765625,-0.5094444209995557,4.782093205232769,-1.3874946353344029,-2.4823942345672556,-0.16755522316001306
21.76953125,-1.7526997076697823,-3.5585789562947845,-2.036429942736361,-37.58754030106837,-0.2151880614833829
21.7734375,-4.780571693243037,1.2412897045707219,-2.9555356471181278,17.084942181594702,-0.5121287327719733
21.77734375,-2.6415950532461885,5.585856743954646,4.178414857241984,19.49418494101841,0.6394575301504081
21.78125,-1.7380602501534672,-5.712379640627847,1.3917932998782558,33.27061183756059,0.09507104960143037
21.78515625,-5.949434789311285,1.1923921598878366,-0.331488377889567,8.521165918883042,0.8155160751990159
21.7890625,3.5550763106710983,-2.2050498834085377,-2.190356594565875,-10.7556814509793,-0.47605145012269307
21.79296875,0.5980856855683423,-2.5818859921598905,-3.4040784795130716,-6.239641457202982,-0.6913514320478245
21.796875,-1.898228440399596,1.7328803322942197,-3.980296708700774,-14.626389119630996,0.09601450158744283
21.80078125,-3.9120263697941238,-1.7631165284485462,-6.794416342294461,-15.144216623223897,0.7246490374564333
21.8046875,-2.3149794105702823,3.370264352122282,-1.930932480601655,-4.199353987745374,-0.004481549729758393
21.80859375,-6.0081421934673225,-3.853112389463681,-1.074752895610155,-32.89378411795944,-0.8637254466731916
21.8125,2.20696147425042,4.428779515898322,-9.460110541955052,-14.355350218485356,0.748878854982873
21.81640625,-1.661190397316827,1.5722385745270873,3.760859271554597,-25.112908889746,-0.38332147734913385
21.8203125,-1.2814493437344778,-1.7521769917919086,1.549372486940777,12.833160210574022,-0.23598428723653708
21.82421875,-2.2725446457544254,-4.575959202887084,8.00715041885029,2.827149471672784,-0.5919386611394295
21.828125,-1.7755847885887879,2.165636758264015,5.253185465623136,27.289680745424867,-0.47834968515079024
21.83203125,4.226849222753643,3.6212527486341015,2.512413167410461,9.43101362763787,-0.11177044312828747
21.8359375,1.8192865669457998,-6.100795283948447,10.148357881485282,3.892418434968561,0.4068624329592792
21.83984375,-0.12049918520465694,-5.228642666439,1.9573552595388386,11.771612474229718,-0.6549716619372009
21.84375,5.444172699387155,-0.6391584228373488,-1.5384957703090274,-0.8054980759961516,0.03949466794974344
21.84765625,-6.165082153593298,-3.389355433711696,0.2601556524037578,-19.3617928619757,-0.2719751979984658
21.8515625,-4.9872711770928655,3.6418457994765614,-3.282484261271655,-2.936972974160886,-0.07081059139681836
21.85546875,3.123016000984725,3.244553374742036,8.673532138396721,-15.446272031997914,-0.9751897320961239
21.859375,2.758622921974854,-0.9981383341531155,5.017598567107703,0.5029644469210028,0.24046111096522946
21.86328125,-2.3383511339580045,-1.0480403631200377,-0.8113653543848217,6.8952982189150624,-0.2980491741200368
21.8671875,-0.5700029450006858,-4.506713479091903,4.79568167408304,-0.4539914388191848,-0.37525887596194635
21.87109375,1.7984190345677846,-1.9041365796093264,-0.5901535611814915,7.446140697658882,0.5529207891386145
21.875,6.252660635064346,-3.16234817567148,-5.390707229436984,27.504430696203535,-0.23840532284109783
21.87890625,5.471228115043222,-5.97105837521752,2.3740251108348764,10.593044174230387,-0.21516651813737656
21.8828125,1.467208954702852,4.704004925172994,-0.3747868519438149,25.09529563198712,-0.04791270542975942
21.88671875,5.0919170497980755,6.29843658071092,-0.4849119178508259,-1.0536884693493227,-0.35394536809104193
21.890625,3.570200941855339,3.7704694503164617,-4.8346023452314615,-6.522285049945053,0.1355285267616151
21.89453125,4.31799457469333,3.784753847795402,-1.3172690252804244,8.930059356751762,0.3720899906472098
21.8984375,1.9190721029120097,5.0610366468900745,3.4124173018809514,14.715823110857157,-0.6913319221519587
21.90234375,-3.8171050633802848,7.369650511744697,3.4076438164632608,-36.41020610675865,-0.4712392822017609
21.90625,-1.1309373225137205,1.9306806147352735,3.553505626744197,-27.883967201769497,-0.19635382853553215
21.91015625,-3.1922032243078773,1.4858295856612451,1.3218822825393397,-12.361531673649187,-0.38127855371790004
21.9140625,-1.8772554770617529,-6.3435933711279695,3.232163435890735,2.843615677640061,-0.48131399028065674
21.91796875,1.656116375668269,-2.1819853612995104,-2.152493540859596,14.676426965765636,-0.6049308359060345
21.921875,3.238562960850561,0.5506561028337356,2.397239983869039,1.7042334581879093,0.041378427912976544
21.92578125,4.894839686168561,-0.7444572054217019,-0.3044479841932879,9.83592510189759,-0.5108941918877697
21.9296875,-1.8686560847954727,-4.014833576085175,8.298374729594821,15.951268204374342,0.998005833869244
21.93359375,2.6480538806711897,3.482292585390722,-2.3205451569977216,22.064680943649716,0.3941911982130048
21.9375,4.48053735759148,1.493848062553592,1.5449326787059634,8.273886312585288,-0.06961767315216107
21.94140625,4.099953118180658,-2.3314131386667314,0.20241350489662313,-26.068069400830687,-0.1346392944678682
21.9453125,1.252511639812072,5.965813020263817,2.9205680230567572,-49.53103511089228,-0.17185129169167862
21.94921875,2.7664396592530114,-3.2774613823404515,7.928561750203114,-36.926877615606834,0.6336078351486122
21.953125,-3.5334063126028212,7.486520721150507,2.7566769901157655,-2.917782477190931,-1.300284068915652
21.95703125,-4.131025339207456,2.332738986236468,6.99125938499839,11.846169987066954,-0.36522587683972774
21.9609375,-0.7241362645121683,-5.408362308496338,1.1994519268029553,42.039211647420046,-0.8540357009561814
21.96484375,-3.2638689641803373,5.727428919403638,-5.242216549127013,8.977018777179438,0.4536058604794892
21.96875,5.5831738421964685,4.690520051371354,2.3635611694607377,14.526864451274822,-0.2688688764545524
21.97265625,-7.218774663672987,-1.202610871273805,-2.644377230586288,-20.69508920127191,-0.19781032095890325
21.9765625,-2.5265521045801917,-0.4118916530735125,-3.7343161281195947,-5.2580896747402575,0.14561244626804054
21.98046875,-2.170599646628797,3.8759288672165537,2.9083676186320124,0.28436265082619183,0.5363316551430236
21.984375,-2.720395662556985,1.0792752786550015,-5.417020082013504,20.60772094467855,-0.8338212108814714
21.98828125,6.563354827918939,0.5500864706622735,-5.779138854808827,-4.777088651071962,-0.7596080599709867
21.9921875,-5.675393501207951,-7.713517861512651,-3.8239870448230953,1.585735042615413,0.5601007691182259
21.99609375,-5.831180538289786,-2.894919906084141,-0.4998222083388018,13.067406098702602,0.47146077688523547
22.0,2.184522764774504,0.555611811986727,2.450360499368402,-0.5055699406948488,0.04928130709665721
22.00390625,-3.0655429308353135,-0.786628330701814,8.174349139829875,-17.963404505603652,0.0421795150850687
22.0078125,0.18118055891100562,0.2735446854905685,6.128448089189504,13.381671881430892,0.292170578698905
22.01171875,-6.12948554326191,-1.3242495883397503,-0.08943434918709192,29.21580484283485,0.5737921175508792
22.015625,4.156207730475672,0.9120825628136204,-3.1863219509317995,37.18647414184699,0.33798651972282384
22.01953125,-4.265822391413902,3.188192628920974,11.221691025135938,-8.469189771595541,-0.36876281824015034
22.0234375,-8.144087960659938,3.074610902959291,4.9132708360655934,11.456553538073374,-0.06086174688451017
22.02734375,0.3858269804037998,3.2342464605693797,7.151984012342523,-5.874369912417561,0.036239174195141215
22.03125,6.112627822140947,-2.4313938088065092,6.222993441828139,27.88761332797172,0.20963835370604286
22.03515625,2.441573478088176,3.4014277598573743,2.5004164444064307,-3.755040690172965,-0.21771237533895638
22.0390625,-4.139157996035348,5.743109724522646,-1.989575094030895,-20.06467178643652,1.0577297025953531
22.04296875,-6.391963630516429,1.4763510461209761,-1.495475508718859,26.562104379700017,0.06433132736074437
22.046875,7.389689651010188,-2.6392428802940344,-1.3056084375396835,5.701269939560257,-0.6522897898074693
22.05078125,-1.757973890138001,-2.132722282624386,-5.988900441869527,11.070800263626456,-0.35096927563396896
22.0546875,4.339271348265204,-1.4240369383770748,-3.1046076510969476,-3.230877584225695,0.3653293294391469
22.05859375,-3.2954086268288303,-1.3060885631552652,-4.4134334165521585,-5.505022267042333,-0.2653895318521929
22.0625,-4.931572045837045,7.399998634764447,-5.244384127117533,-4.446778182476372,0.469545445716922
22.06640625,1.8306685082318241,0.9225620098005942,-0.4741323171415299,8.944799669209285,-0.09360662237589314
22.0703125,-0.5464972853176445,-8.212055506345989,-1.2270324387088989,-0.41232232715037176,-0.30852397347541993
22.07421875,0.811420767866968,0.6603114085076547,1.472300698636381,-23.771970008030813,-0.7222843373349876
22.078125,0.39664003028218836,1.5466097274225752,-7.147824696504367,-21.719170824421116,1.2563552996251155
22.08203125,2.5455624863525936,4.635313337594781,0.0012907955824335016,-10.593214540397176,-0.7015914019132133
22.0859375,-2.7114987860428554,5.34838245254675,-7.411485649303897,-15.431157808247676,0.12789380315047896
22.08984375,0.8439890396339849,3.85706998560115,-1.288234853476689,1.4189257240497861,0.3509461625574594
22.09375,-1.865114402981923,0.4507480313012283,5.36501431244174,4.9981630440548015,0.3041235627103785
22.09765625,4.404910321722215,-3.7747926457041254,-3.7130655344044747,-1.4701965431783623,-0.6516408076391564
22.1015625,0.1111641366558992,-4.715011081447499,3.318487806603505,-9.10009865961428,0.3074007196143987
22.10546875,-0.24611706363669003,1.6556196735299236,1.5399658520655004,12.975850623134521,-0.060873658846826204
22.109375,-0.19004811187484189,2.513183388100843,-0.4132668981591765,-13.032491530408983,0.7324365910650128
22.11328125,-7.37546267481636,-4.204757856537379,5.952463363821078,-15.781418354168235,0.4668533626489815
22.1171875,-1.159488963031085,-0.6302854754672806,9.637875024494491,7.522102742366786,-0.03366359607386887
22.12109375,-4.287700805558685,1.1759913280062335,-0.3825148783674983,-29.55688012613705,0.25297782495650645
22.125,-3.001312057092061,-2.692341498316386,5.089987098887962,-10.809680580178524,-0.1886642768911371
22.12890625,4.570506377344867,-4.9328261061148915,3.3864975049079855,-48.911442137025546,-0.030014100263432472
22.1328125,-6.24861839935183,-5.874313334667556,-3.1162666039975555,3.0915738017381447,-0.5396770682343738
22.13671875,0.22040798357628763,3.929576270806318,3.255190706068502,7.5702233897928135,-0.48235437466529624
22.140625,1.0115017284963927,-5.4476635207136646,-5.280048981788145,-16.31537589414343,0.5363540715482217
22.14453125,-0.07309343726030525,0.17866266438494915,1.0520422031085679,20.694886642392206,0.20301667274065588
22.1484375,1.7165203275423289,-2.467185022253447,-7.515106196915873,28.08453753378295,0.0614497537865997
22.15234375,-0.06474104110079594,-1.8902360284980797,-0.20225493653945437,25.93176223004847,-0.3820284700302018
22.15625,-1.6901290777368696,0.2578056873240383,-5.017745912916135,-0.9318637496316331,0.1390895782007692
22.16015625,2.8110810953973613,-3.3413057485637525,-3.2694261835114657,-22.099649010698478,-0.4059442244136471
22.1640625,12.531645734508107,0.18848598992180476,-10.209215933502039,-7.400417592711527,0.6470857719900042
22.16796875,0.09925711940076935,1.0100448187002193,-5.631346558444609,-2.2548344562255505,0.16558339756329427
22.171875,-1.1224748680703718,-1.5243985365865753,-2.6674492845996656,-15.740738884774204,-0.030529238535403763
22.17578125,0.39916989896114896,2.666554323941379,-6.492949423879178,-13.387313287808176,0.5378048557798191
22.1796875,-7.114789401895416,-0.7778133210218126,-3.5304790342949697,9.840542211963445,-0.7057011982704393
22.18359375,1.4493526624709687,-1.6009660895914744,4.303599654886998,1.079551797127162,0.5797461957907393
22.1875,-4.460447271988635,-4.6800773579998864,-7.42229687205425,9.523165942136792,0.26794474403853236
22.19140625,6.799341028058209,1.0765822629834845,4.294708530838217,30.918255208875387,-0.26656765322143455
22.1953125,3.996635119417464,-1.1677668811956365,3.875302867973155,3.9328886464358774,0.7569172142165003
22.19921875,2.3897426682283296,1.6550315076473048,3.4554452019868824,17.851259610861653,0.38457639303267527
22.203125,7.143677101291234,-3.088187599641024,2.8717027280312784,29.53344578031998,-0.0689774150104442
22.20703125,-5.458885587645275,0.5729737029785704,4.599980277332533,18.801808043889537,0.36906053565586266
22.2109375,-3.7370938852073654,-5.772236852946531,7.110691128468531,-13.319669525408042,0.4610826574597882
22.21484375,0.16065157721671047,0.5119612810893984,1.941849096156464,-7.563884818107668,-0.3944806450022422
22.21875,-5.299991055988409,-5.087463097548219,6.142292629898316,-19.30840837688826,-0.42701748322557237
22.22265625,0.26007396073043876,-0.287747979464238,1.1747882907191216,13.935339656772,0.17934204831016481
22.2265625,0.09999259993656913,-2.087035788433367,6.666654796587364,2.6157807905604322,0.09273427405744222
22.23046875,3.846422991071063,-0.9526351800756003,-0.8228699140420621,14.947450726336172,1.1211462535879966
22.234375,-3.921402652722891,-2.1629573942839877,5.864509903657979,0.17280002599346034,0.3108474379890171
22.23828125,-6.638485097295207,7.6356697356489045,-3.271117273523739,-17.245693577383932,0.3601814370529362
22.2421875,-4.020310271807035,7.804900234178048,1.0281387749304929,9.085153737172886,0.5095352245072108
22.24609375,5.796614583511706,-1.7585934403725947,-7.09503546434284,15.377450686729382,-0.5712500771335878
22.25,-0.4927220656961656,-4.536600994798621,-6.010817054652048,-10.842834028694078,0.11560469852792533
22.25390625,3.908708604404138,2.1398504508397194,-13.024097183298434,1.5581599915180693,0.8667465929011605
22.2578125,-1.9693404025899102,-4.021203836226123,-0.22961285051206248,-24.451927890088843,0.0790705497747583
22.26171875,-0.8594503872429767,3.4056823301704755,-6.848450487696253,0.5489302475629181,0.13519979420296194
22.265625,-0.7634927980224455,-1.5072079908376983,-6.716255179679289,20.61226547562098,0.22163304130495032
22.26953125,-4.90533322177088,3.273055023034962,4.771551950118209,-10.961496180452283,-0.02764508348243422
22.2734375,-1.2876007574590553,1.5665212227879544,1.7294132484702653,0.5503758827409175,-0.5635159646501514
22.27734375,-1.7663536359482892,-5.811154871951539,-6.967765461874478,5.650823929270938,-0.2982901563319361
22.28125,-3.449362272749088,0.2398122285129111,5.390580610558748,22.45226023560132,-0.3660607257051645
22.28515625,-1.6821620408943962,-1.487695525501962,-2.3844238945435503,33.15611661928392,-0.42746626821428113
22.2890625,-4.166402390786863,-3.1005843347941284,2.695979278627499,33.41082113190076,-0.11816680639524084
22.29296875,6.21540650045545,5.376442757914561,2.8123375446922334,-5.3624867568568755,-0.12006686611601013
22.296875,6.088775222843123,-2.119266026611869,4.536329929970995,18.340385262180813,0.36042491617329286
22.30078125,-1.517950220645391,-2.9937223631582706,-4.353176673488913,-20.48747483315647,-0.09669774153085135
22.3046875,8.092275683796963,0.5269928625919348,2.8525294160875183,-10.04164539686566,1.0119147075838235
22.30859375,-0.3260701437516622,-4.232151562345947,-0.37635497046144795,-40.69675875485643,-0.21100580601286176
22.3125,-0.9100116724903942,0.15349176576691725,3.389303463218147,-12.807724134423381,-0.11859318788391414
22.31640625,0.4372128774135981,-0.7653570171843539,0.5537852836761903,-10.700793375057692,-0.5532190067318679
22.3203125,-0.09302629730265233,-0.523536954607871,2.1948812602383287,-1.5677727890886466,-0.588352115711847
22.32421875,-1.6455398710177542,3.931663782525205,1.868851510236035,17.803061841493115,0.041599291550698865
22.328125,-7.778229289979359,-0.8655500502316518,-1.311026455279577,-27.79066116298109,-0.826540519452889
22.33203125,8.549360753068507,1.4700948034303947,-4.915649770401139,27.83341295416205,0.36345301562395943
22.3359375,5.172333116385198,0.7225926875575551,-3.2971324887163447,7.108171717148756,0.13368878148594426
22.33984375,3.1793872983407394,1.1062279905314538,2.435460815335386,-19.4781978089104,0.7279843880258456
22.34375,0.046167655204209554,0.03246559207384695,-3.5134444010180164,16.024344285593152,-0.6940473789234793
22.34765625,-2.06489849536881,-4.582475889206651,-4.904755545182921,-31.009866640949113,0.22231251555067477
22.3515625,1.9062881426920684,3.0677986634464487,-5.069685807091182,-1.4672190476117137,-0.6219079718618905
22.35546875,-6.336691042329761,1.509001182259008,-3.005821704133997,-22.512319031631527,-0.10026828300473517
22.359375,-2.801406324235153,0.16031386449053192,-0.31381630427040186,-10.380346247168296,0.08041860111122305
22.36328125,-2.593694335310902,7.083071354337466,0.3451226313950939,35.99091684001438,-1.4713538913085562
22.3671875,3.055540155836198,-2.6488757865912973,-2.7739667032020394,5.486265582562016,0.16799194020281016
22.37109375,-0.3011516444408713,2.3050358724875624,0.01622070653940333,57.3601115524438,0.47097531776064433
22.375,5.973340982456498,0.6240041116473245,0.2668456627773965,0.5934009378215972,0.005188515913284015
22.37890625,0.02384587486687719,-1.1177541874908643,7.140535672481635,26.06464204138881,0.21173049637058386
22.3828125,-0.9503104933415549,-0.8281585282580598,5.372122250304466,5.397702164951992,-0.7138287799235348
22.38671875,-2.9516527171961084,3.3119017075706285,0.015855900919070187,13.434578910365703,0.2977754698205959
22.390625,-5.344673343925553,-1.3731489880365542,2.048933756446643,-19.64815883712239,0.420077271618172
22.39453125,-5.287876233390015,0.0899665880084435,5.168000991081401,-31.41983461067576,-0.1437347134563272
22.3984375,-1.2134624617589456,2.42949079532221,-5.598251831166754,1.896849372529136,-0.6135145128190009
22.40234375,-3.030832666967302,-1.1030972872510574,1.4352350001359975,-7.015392827188291,-0.7128772500037929
22.40625,0.37902092687668554,4.032137908937974,2.0870003381651263,-10.25548870756396,-1.0578661325413659
22.41015625,-3.4919149577409576,-1.1586156287382665,-1.1652896571888922,12.516157337046625,-0.05261386256602549
22.4140625,-4.491339329679505,-0.4527349646000711,0.41032313861824954,-11.51489099822954,0.99357942897222
22.41796875,1.7907806849476828,-0.35704062349752175,3.051875795954465,22.717257552015507,-0.18367985194156794
22.421875,-1.4826614513616234,-1.9116082123143712,0.16939758256909165,26.408572477624624,-0.5135069579658303
22.42578125,-0.7056163135595043,-6.583159209594498,-5.361552422740548,17.680037886963486,0.6250077954072775
22.4296875,5.8815490519142,0.4727148383651125,-5.422767498886866,-5.0376138852451025,-0.6043847732309415
22.43359375,2.931524589645533,-1.4495552146906334,-2.803463376544895,-3.8270811410784926,0.3378435336897737
22.4375,2.8239393512993325,2.0120566413323626,-1.7563124362293099,-21.171456134857603,-1.1692373881363618
22.44140625,-0.10490856616517684,1.883667317411997,1.8572711971921465,-1.9863245303771873,0.23181172661260707
22.4453125,-7.260338262077308,-0.8359579691429571,-7.07839559121212,-0.12465146481806144,0.17103993728314487
22.44921875,0.08515115804280021,-4.789833487821538,4.02305887954685,-11.350495888812826,-0.41519052899396
22.453125,-3.249619272626324,1.101899525605352,-4.055146894764911,-22.416055634842856,-0.06492310995172892
22.45703125,-2.983640708919238,4.029771327004828,-1.7744717351634471,3.9330479496655846,0.405545268337217
22.4609375,-8.328609624961054,4.164244130881684,0.5970026295571645,-8.27041629481938,0.4401068368852581
22.46484375,1.5520155426217899,0.5670552194618921,3.5316168084393165,25.171622698250523,-0.2286798246585635
22.46875,-1.8195237910672046,-1.2275880390159646,-0.9720468001959919,7.460306588084283,0.4269052604299153
22.47265625,1.7196476661963656,-7.215754093864446,-4.676962669569628,9.135929075752415,-0.31612950297425646
22.4765625,-4.8775527981486615,1.740004820782881,5.296306567115225,8.843169873287556,0.9450274960540472
22.48046875,8.503741024357671,2.874429902821681,0.9415697880503762,11.284219299772364,0.8637091838502422
22.484375,2.1343950005465975,-4.2135239175510675,1.8651260548024515,-2.090373104500891,0.08873402348362662
22.48828125,2.4739994571515362,-2.685470458968642,-1.6267230775424935,-40.3623142783561,0.5162093364048197
22.4921875,-5.237819061286794,2.5470442139556275,-4.110398030736824,-22.440189540245076,-0.12633400457769217
22.49609375,-13.286081876553821,-0.44666459427054894,5.196879213386463,-7.011981963531104,-0.11760869889091585
22.5,-4.203382800666656,1.1290235659756607,0.4288002012800218,-4.979034609400951,0.3084821540715978
22.50390625,-2.792078739287108,-4.80626862643328,-5.938673862644011,-5.624955578480501,0.5649649031141125
22.5078125,3.5762870186576077,3.204944483959401,-1.221776910633609,-10.409308027788112,0.1272773226964657
22.51171875,4.003595438453209,-2.0092065756132436,0.7726352747638727,-6.002863303458572,-0.27094784979599984
22.515625,4.570919746502425,-0.6420804003460769,-8.613821952253817,5.227122050274307,0.4492055072975595
22.51953125,-3.4340228089934404,1.5947799979169721,1.0022072293440045,-9.23694493434472,-0.5055156257538407
22.5234375,1.3789579477032043,4.220793409436962,-3.3368745873223706,12.971235638282412,0.2599481374130178
22.52734375,-2.767158293088064,3.312509735374161,-2.8668982388811846,14.51456457944356,0.8054605442246674
22.53125,-0.3315926809350624,9.382310804436353,-6.662060748434215,-14.896955891287593,0.01568103956574318
22.53515625,0.005453461833604676,2.9489247850917684,-1.9498517973675347,-0.9084530141143254,-0.6102439454426238
22.5390625,-6.01652581257952,1.3307608074362558,2.9724574671655475,-21.68899855739412,-0.1674899166123322
22.54296875,4.208143859301005,3.460671856244506,-4.939462580859093,-2.500686469412487,0.635377357645301
22.546875,5.514662647958595,2.551575231560816,-2.6151216502698436,-3.3755452276528746,-0.5536837574641517
22.55078125,-6.6438425945806365,-2.6121796720733292,3.4272243746818067,17.122087886345643,-0.7379339166278104
22.5546875,1.5550336517200807,3.073996200988991,4.868639385100023,13.75759132111952,-0.12016347178400212
22.55859375,-3.72311277099877,0.5072513668827324,7.170364151457642,25.35696943799775,0.7665016579887857
22.5625,8.69874467150006,0.26568715456094555,6.67489872078499,36.1179980931813,-0.012146830968292763
22.56640625,-1.5273167497545903,4.021519138405399,-1.1772710569843032,-8.785478417805894,-0.25696431330082187
22.5703125,-2.303240214892984,3.394208715600161,-0.13779336136951015,-5.251297540052796,-0.5316922367994846
22.57421875,12.338121525004878,-6.230558089873957,2.5868250259680914,-30.923244463588528,-0.2933579009850699
22.578125,5.120708057308245,3.8555966061370253,2.2162583924405954,-5.694591027128853,-0.7558582149853964
22.58203125,2.115023706186847,1.1592207260523315,5.643832100848337,-28.09352269962828,-0.27322169456859385
22.5859375,-1.0482050244778847,-3.2871189499305915,0.4650897292262628,-29.976685781838952,0.13552805607200724
22.58984375,2.757028283928878,-8.282235455968486,8.428106926818169,-2.128987439608581,0.4778403035964171
22.59375,2.8569162561518886,1.6896630276195563,2.79911335538757,17.161763506955975,-0.41073042219598316
22.59765625,-1.777649823279529,-0.34061651703003676,0.8346950576948999,15.266814845544513,0.5655133555863129
22.6015625,1.9075812078911951,2.031718371826313,-2.129360687944,8.310235337237604,-1.3218858318154345
22.60546875,-5.43868774890069,0.8795503198337072,-11.76637092764907,21.61373818259721,-0.574748677295697
22.609375,-1.5793119969001403,-4.668942885750351,2.587006834643275,13.250795173030122,0.4232341257287518
22.61328125,0.18460997671895332,-1.3380313587444101,-1.7368104220659115,-22.12438504467699,-0.66203637586961
22.6171875,-2.782001144022477,4.933999212768378,-3.4800455997981086,-6.128913541372431,0.3756520139413544
22.62109375,3.4555225939904846,-1.147084976211269,-5.989207530314715,-14.49677552765119,0.6440469582886017
22.625,-1.1782199414895975,-0.41253681062960945,-5.966547901829134,-1.3086619473797256,-0.5012647061004992
22.62890625,1.1503532062701503,4.60835432984738,-6.244293344242203,-5.0673652969186165,0.09107360027217504
22.6328125,-3.564271206753938,-0.14776051328220963,-3.914588477486859,-32.19490603286973,0.48566072705263824
22.63671875,2.504485050316454,-2.894101396700647,2.8116836175646873,-19.81241503111676,0.7832085747824421
22.640625,2.3295369428147463,1.8289512797212395,1.3483184523022884,-4.471047308459108,0.5295874785001761
22.64453125,4.389737951682138,-0.215050351976612,1.3340143773067643,25.805777974266334,0.23394338750046487
22.6484375,3.601906025298885,1.1555148517641658,2.821007177652313,15.622650402195314,0.18721629287031336
22.65234375,-2.29995685336985,-0.30847646883314317,0.09994369425109673,-4.05633681787935,0.26033626498273865
22.65625,3.1038244788940017,-1.1557528151785235,5.053051630484214,10.565779748114934,-0.024529883988384252
22.66015625,1.989474587982241,-0.12023756328170437,-8.711789896771931,-19.626328356910577,-0.7024569208759552
22.6640625,-5.484137279845916,4.769463068820393,9.233471087471724,17.177107469207126,0.7532975328319167
22.66796875,-5.474144919851356,-1.5231299606258157,3.0152273699736254,-11.229473590098548,-0.14986295490926096
22.671875,-3.6348842265552874,2.776527476254908,2.682912636801217,-10.28645300927225,0.022690101397449133
22.67578125,5.076715064333248,-0.8376614277330039,-1.5027119043612103,-0.23296397709395222,0.3704202395472511
22.6796875,1.5001225021692195,5.811174474805499,-10.249011807393405,-28.118809565562195,0.8865590775429131
22.68359375,-5.97660442867099,-1.954574391199007,0.9006278124636197,39.194641479671354,0.24353911027835934
22.6875,3.149708766583467,-1.7719774181960917,3.1828869287805572,3.0573954270795287,0.880558212749043
22.69140625,6.10611338043127,-3.3962443833265143,-9.662376643590516,11.89545475793166,-0.18364712176784959
22.6953125,3.449542891605972,-2.361507500829501,-0.7783151872987759,0.381859303091046,0.6785490333097431
22.69921875,1.597534659456724,-1.5624964134201313,-3.574002723408037,-6.867221600289035,0.05479534156508216
22.703125,-5.2176784055355405,-1.8546141733978523,0.2924692925929526,32.59144764289836,0.31560904797267425
22.70703125,6.360841125031755,2.190815815074897,-9.80514388373944,-2.743595209785241,0.6663078732505002
22.7109375,-1.3098314064582834,-0.9919127964878429,-3.5894866790722437,-9.194436128503403,0.4995012119348566
22.71484375,2.6276214167062406,-1.9725288580795985,-8.137933460580081,8.90183145266437,0.054779680863543956
22.71875,0.5974107441077546,2.454929606262254,-1.6608019909519034,9.76377232175598,-0.060545647295631506
22.72265625,3.9781114811255653,0.7511331590733921,-5.1781440937989895,16.750309865128195,0.17601853657265534
22.7265625,3.8393295054839127,-2.45610044544412,-3.314437523688409,-24.68485850453807,0.09183442030757813
22.73046875,-0.9741430677533172,-0.5866480016746363,5.768532189609313,30.38058899369785,0.3969622900577438
22.734375,-2.7462762931537577,6.187216450524013,1.4386814171743931,1.9121663381802598,-0.13031335501365182
22.73828125,0.9814152512213957,4.19567962580878,2.15784551731153,35.99887272976693,-0.5574378306593494
22.7421875,4.532849655640955,-0.3057320005087319,-0.3617627756236246,3.886042159825882,0.38996283604888166
22.74609375,-2.2953950599838016,0.8284551784574203,9.086033540984035,6.818898916080643,-0.6693216121181417
22.75,1.3732269359570901,4.181692165888122,0.6131469172125592,3.6881018173552276,0.49443735533365
22.75390625,1.7040298308841904,-3.53789796703788,6.108898172318361,18.048686933086287,0.5773790221036451
22.7578125,-1.1228299593557978,4.4783217615013555,-4.399350693773298,-12.918654686781888,0.9086559404528842
22.76171875,-3.9682324436218432,-1.4828631398801364,8.600288017541926,0.39717893362553625,0.4745355323384606
22.765625,4.076515708077141,-1.2910723065079246,-2.427678562966512,-17.39380213783053,0.27000245563287334
22.76953125,4.087772917654705,3.03977902106393,1.3849556528129625,7.645985946161174,0.26757389764706163
22.7734375,-0.7109752214277131,3.3811804410618453,-3.859902087680067,10.397000111297995,-0.415284318284328
22.77734375,2.5333732920152405,-2.127808381190614,-2.5234389018989365,-1.2052353981957449,0.44964094337074256
22.78125,-2.65908369770605,0.352743485403462,0.6267556400735415,49.40916216191137,0.116020026506511
22.78515625,6.951786345967475,2.2693651064119824,-7.888129517928335,28.235614215454916,-0.005303937816700136
22.7890625,1.2404268505292486,-1.5299653787530811,-2.5871788550052153,20.012541976760886,-0.6486612884152945
22.79296875,1.2583906933404387,-1.035078619851289,-9.072734334599543,-54.155625433729355,0.3558814743865145
22.796875,-5.051906678442249,2.621216066329961,-3.6081731919429956,-35.96686150427743,-0.11319367883844286
22.80078125,7.326841834125487,2.877857458817007,-7.83399975779565,-3.0281090660540677,0.2872475364580285
22.8046875,3.6406278433230153,-1.3374497686856566,-2.023144138176251,12.006647895877624,-0.011956124343425826
22.80859375,-8.62990312484191,-1.134326083182406,-6.725006135254205,-29.254944164242055,-0.8315808659521959
22.8125,-3.6927140808385035,0.14333336880892816,4.245399849825676,-15.510154444840511,0.7140753375996081
22.81640625,1.7788651281666994,-3.2448811584306547,-6.251395689792175,15.847236314458238,-0.37536563655689614
22.8203125,0.4724294359023994,3.8054988630887694,1.5733566710554772,23.60215876241114,-0.6245864999525106
22.82421875,-3.107548249641983,0.37648692225263114,-2.796112505153256,36.71743192477506,-0.3330681381168012
22.828125,0.2346153725679347,2.202355628628422,2.072894093558927,20.575868364046336,-0.7668298623160519
22.83203125,1.3898893846904,-1.7900850894053453,7.266585908130769,0.9204232631541451,-0.7029276134921073
22.8359375,0.16734007625356423,-3.1702119621042337,2.8713237193755456,-13.960534035492545,-0.17415347477089704
22.83984375,2.1045843226122907,-2.173037015035563,-3.135454076287071,-21.996247199439086,-0.6874890606870848
22.84375,6.794500313568765,0.842276597441142,-0.9468004849029321,24.003255568085812,-0.49392245142646274
22.84765625,3.645095464688679,1.1227675439145546,3.7218642920697573,-15.514993369139962,-0.31854086974362955
22.8515625,-2.402530664004701,-5.210130156246061,-7.188658767020486,-14.856645403761943,-0.1693242015492669
22.85546875,6.751197796209179,-2.347736029912781,-2.0925827748976085,-19.45964938352762,-1.0876158333557457
22.859375,9.410674664725141,0.11155699899610083,4.274333250417909,18.897773731932936,-0.29783416149924147
22.86328125,7.409220971347279,1.9718603943549375,1.6298643759973692,27.263355054024046,0.39337786261223595
22.8671875,0.7546090534486539,-6.240284839583543,0.11502133702198947,9.99758451497899,0.5066575949364276
22.87109375,-0.08641570414620892,-4.272935174503368,-3.0176790664954583,-16.4771589355143,-0.6674692657564922
22.875,-4.768734581281323,3.3696354152934385,-3.723785324759471,14.446911056624216,-0.885232524763606
22.87890625,2.962900409549816,3.1564064365034366,-1.887070093703623,12.209131936180686,-0.899484183725715
22.8828125,-6.933618874729836,1.748538290648619,-5.745273953084883,-8.471770690674255,-0.5358899601113207
22.88671875,2.4636978436640202,-0.7192956763617844,-9.508449396579422,11.091840398451737,0.11543617158825764
22.890625,4.000694179745188,2.2368318894540407,1.226158787987906,9.039328134523565,0.6867999413824494
22.89453125,6.430460161542658,-0.4861533351534649,0.14090724218900608,0.9290793184303379,1.1945524129571776
22.8984375,-3.3483823380926516,-1.3239542529480726,6.2565676311487,-36.81221558097631,-0.4876458901846623
22.90234375,-7.075067225194599,0.07920373729497815,-2.99221574929142,-16.18233086056405,-0.3113821199516924
22.90625,-0.8635344418582926,5.018766867169739,-0.8099565824626291,-17.138197425924407,-0.24403940663740692
22.91015625,-0.5978496723129065,0.546018250864609,-0.3229305738048238,-0.4332520728630156,0.07919298892681204
22.9140625,1.9494319328853529,3.1107246790386753,-0.1926301079289694,1.4227312458168564,-0.37425867139630226
22.91796875,1.401670503229367,-2.1390338945957366,0.7625556837048755,19.696023777803624,0.9598426393091659
22.921875,-0.9971119629252974,-4.670728971338523,6.517539514489971,30.504347949719573,-0.07779060575452165
22.92578125,-4.430514051788859,-1.6812728612015797,2.6296916147634004,0.07306340813940082,-1.4898089981322125
22.9296875,2.4494133081217564,3.527316420845411,-0.22160097852607974,5.153301875876439,-0.47137528781548477
22.93359375,-1.8828080617507452,-0.7942076576821178,1.1643685045088525,9.426973767903984,-0.4829619862049796
22.9375,-4.089442356692083,3.1844926998552108,4.266570275864924,-24.817920334949324,0.5783537487162714
22.94140625,3.1027529034817474,4.206793648601505,4.796799336631382,0.12911035566170703,-0.21431130224838207
22.9453125,-0.1605653242486401,1.2359728968348875,0.6887916169240025,-11.93477054426774,0.34782845968552134
22.94921875,-1.6543964417272148,-1.5883928507209768,3.1893964333737843,1.3782893327345693,0.17090775440456832
22.953125,-3.7276221480170975,-4.492141104212881,0.5785860983665729,-29.634797320177988,0.46965140026678637
22.95703125,3.6479691538915993,-0.32878342179068876,9.865812220246196,20.48493591600586,0.37154094646832975
22.9609375,1.0993340770559052,-3.7023768723130903,-2.626175281143291,2.4329426916489822,0.02129938314784255
22.96484375,-4.115521552453211,-3.4919483419550845,-2.5540152978323882,16.123370553378994,-0.49699364130426094
22.96875,-0.16200590606056753,-2.3985733326154546,-7.032548381543663,13.711582457073535,0.014261066668699503
22.97265625,-2.8214793691257407,-2.3190270847605463,-2.119076010408462,7.367475711370378,-0.003639715413499028
22.9765625,-0.7059261265365904,0.802154556483671,-14.793481111246876,-1.1183710663626856,0.057412730465894485
22.98046875,-1.0369853614504634,-0.5311464994167836,4.033235306358947,-27.16989810783048,0.7863677358811182
22.984375,0.456241395049712,-0.6983212390293891,-4.780558043766731,21.641402060484893,-1.3282247730213412
22.98828125,0.39662130766577813,2.0629509639881167,-3.4800717513830213,-3.0792200941961543,-0.32278546564414834
22.9921875,2.023984623981054,0.8733205149391454,4.275319859797651,-29.35603384124053,0.6858616399697839
22.99609375,-10.044343042098369,-2.276124809155061,-9.72676140007142,-2.174274040544266,0.5887065429785119
23.0,3.745847904832697,0.17418531618136668,-5.124888317867438,-7.507100714152885,-0.29554804046570976
23.00390625,1.157189755984699,0.7052796697440377,-0.8298959288453385,13.22451302508907,0.2998002110684965
23.0078125,3.521155519162311,-2.7399042250246786,1.854236049165271,24.809787930653005,0.030028197615763592
23.01171875,-0.10671179196164426,-5.2795339369215135,-1.5804885515738425,-4.289277453157723,0.6801424702650618
23.015625,-0.4763246883293582,-0.3410398046571089,3.1714050083245544,7.892965199685989,0.037548039138958086
23.01953125,8.868891335454355,-3.78479642687157,2.9798055224419473,-16.07162047802397,-0.12943590782999978
23.0234375,-3.040996136120727,-0.24926712378441102,-4.009935385005116,-1.0656026316403302,-0.42246101204788555
23.02734375,-7.769555766728287,2.143750090831232,9.02727907515872,-35.906442513044276,-0.054280109937115587
23.03125,0.2646671324302304,0.7780914893107719,4.2942931552312285,-2.6081031099549694,0.651485734618051
23.03515625,-4.918983094033273,-1.2623716866613388,-3.0992084124692907,-3.8775149443631403,0.6238432462161098
23.0390625,-3.886664493113887,4.925110315415214,1.1855331044611672,11.761806530250277,0.10381984847366636
23.04296875,-3.3544654079770964,-0.4943180254956051,0.254651147037293,11.547082914941933,0.21112535084155365
23.046875,-5.979518599258073,1.6407392868856219,6.747127829838006,4.4976696560962734,-0.8111563985682807
23.05078125,-3.768475135525139,-4.921718196297368,-3.7683935373746538,6.4379067022776715,0.4291749812544396
23.0546875,0.025756804394841626,-2.4068743812514306,-1.9475188807939179,-28.20438068104818,0.9684313440824579
23.05859375,1.9775473136788775,-0.6460960023549616,-2.476300092636444,27.076431387191384,-0.733261512058985
23.0625,0.7512410769094714,-6.561160586743281,1.6573139625646798,6.959543680348437,0.5518312846076147
23.06640625,2.7236415433670063,5.84360083411328,-3.6858508802162513,10.476005539372895,0.2264363080246741
23.0703125,0.07431126573997393,6.412618263977473,-2.358496973809724,-3.188304539217775,0.13519050952636502
23.07421875,3.7446927313383234,-3.7638449975313506,2.102760735720427,-0.6191252682278829,-0.4380636506227261
23.078125,1.886206946366881,3.7373225414482247,-3.06238783751726,-10.440611588333155,0.11438348588008164
23.08203125,3.42122844656652,-2.3008296051763946,-4.537807716325986,-7.432657743306322,0.0505656050077349
23.0859375,-4.164468910466079,5.477565193051396,-8.050780981932242,-28.03560054266913,0.01359168966122411
23.08984375,5.708710340638581,0.702495011345749,-1.5208497955376545,15.025753307513618,0.07568479814544767
23.09375,-7.521956134195842,-0.38473556010192034,-0.2247227322334553,-9.094241574060138,0.8373657019680628
23.09765625,2.151893084491448,3.213834412828578,0.6930333811597393,3.8419957465146144,0.34467292250088466
23.1015625,5.376849823561779,-1.1141690353876452,7.793987607035436,5.80869579105984,-0.6898906228099925
23.10546875,0.2217039788154879,0.853570541505329,5.450352954835955,4.504493094237743,1.4193874222182072
23.109375,1.2775487361572113,-1.8711561062064814,2.1581908796366727,-31.011885742568722,-0.1661697982220684
23.11328125,4.715332662056037,-4.8176836390569315,4.235997330699567,8.782222860928984,0.06119601408863995
23.1171875,-2.6859090744426495,1.366311564313218,7.33303163471531,-17.352228201873515,-0.15246113835945965
23.12109375,-3.188425857834615,-1.172997096466325,2.3224921394331135,-0.19145383865035193,-0.11913916549380309
23.125,9.095767112679999,-0.02176525253551132,4.173356644354189,-27.114725403306963,0.03886800252855329
23.12890625,4.147689198283788,0.7493458995197018,1.4073172421342304,19.87015038352068,0.30134819283607667
23.1328125,1.3575659596936527,-0.23745512010132908,7.748381453477807,-11.288365418206975,-0.27679196967808045
23.13671875,3.026732316244619,1.1498789392030568,5.262520444123789,-18.84837565963819,0.32524959063733233
23.140625,-5.8788685609610765,-0.6080797370375006,-6.435711260594914,-1.762345293844625,0.06786732285485175
23.14453125,-2.3481576088681178,2.1915141261952673,-4.56544481034295,-4.883607690254896,0.6018482655399464
23.1484375,4.936884705955709,-1.4285105040014379,-6.709116945233696,25.675103097295658,-0.12236914153803538
23.15234375,-2.2444346109697952,-0.5456860630776634,2.0762693331320228,-10.201967606893446,0.09736223404832049
23.15625,-7.244149962328439,3.442429531707126,-4.5879367895911995,-19.300671789152673,-0.8887635781055331
23.16015625,-2.6144308241801,-4.186215509736457,1.1085454256611893,29.858481321546204,0.272776042847013
23.1640625,5.539223658855039,-3.9315254334278613,-1.6939245857884875,-13.064150465631453,0.2556399629248325
23.16796875,12.295940227427492,0.564107795049948,2.5748261730264814,-28.350908770145473,0.6475987738883305
23.171875,1.1049467727630256,0.15081975559423502,5.306088972091027,-15.317060869614542,-0.4422154739278932
23.17578125,7.046588053370913,4.409909614516609,-0.1344730725355734,-10.891751493166469,0.7669335853262053
23.1796875,2.8468146593795263,0.4554444231893855,-1.4076178554635714,9.998447886862053,-0.8518260933107813
23.18359375,0.06547410650083854,3.4805105513031105,-2.5994772052431108,-5.033901046825195,0.7568068917705187
23.1875,-1.3341984907992437,-0.7332746594558125,-3.9008711061252357,4.189656957338357,0.6328640073125935
23.19140625,3.72767709361622,5.026665606863542,1.3631011258207892,7.064441007548432,-0.13464130408127795
23.1953125,-2.5070788434586286,0.9277046575138232,-2.9520990285486084,16.449976787494563,-0.15450598605645138
23.19921875,-0.6870489598837402,0.6041834729286917,10.274653174402033,5.8133440953929085,0.34687412178186117
23.203125,2.619244733674837,0.798010017351549,-3.090607702902544,6.70181225513918,-0.5068358083625601
23.20703125,1.7115221055646896,3.005091556347253,2.0452113504431617,-2.1344672315661657,0.6250604354102656
23.2109375,2.8922588809561858,-0.19946040008561164,2.5740527762177083,-11.792513205138539,-0.5660253264492576
23.21484375,2.8438642293291334,6.837396545215533,0.4779168167099661,6.448763075737734,0.06805117925358065
23.21875,4.704925968880425,6.300586368480945,1.9209978759194568,-5.921975313770613,0.47751979575971426
23.22265625,-4.178547934959558,3.972732908993401,2.367804400765378,-11.59898993540491,-0.3721112696288107
23.2265625,4.345942160281313,-4.281227854946198,2.1464824206427564,-8.408753514594967,0.33620735762964277
23.23046875,0.1443763026805384,-1.0735367053488183,4.277433899658585,-4.544130387315232,-0.034561716784061905
23.234375,6.79468518475013,0.3634809449608737,-9.352957342884851,-8.817863899990948,0.5599254833458849
23.23828125,2.1346380914780667,1.646369693445721,1.2098067485955362,13.37974851681685,0.600835838813332
23.2421875,-7.235001371828042,-4.81539228269353,0.5206896804205194,-12.149866958325099,0.07568712016750236
23.24609375,3.043240858209778,-1.9280752520242053,-3.825522657312491,39.77613786251207,0.1967748751287643
23.25,1.405021831362974,-5.188170742417638,-0.5347292315871206,11.155666710755789,0.19678912744129243
23.25390625,1.78042600675688,-1.0498087901994595,-5.003582270385213,-19.17049073268099,0.36627410307166136
23.2578125,5.96572015611534,-2.2381326143854205,-3.0733564234511204,-1.5096304669899006,-0.2947031750196687
23.26171875,-2.2774640629711285,0.4185606564323867,-2.0143108686674327,9.003667161756663,-0.09733800753005561
23.265625,-3.663440047089155,-3.1611011458715885,0.1650678354743651,-10.244930097141607,-1.0030283892536611
23.26953125,2.9081561748093288,2.0995379553450513,-5.160152021415827,5.9757275171355495,-0.09270193013396211
23.2734375,-5.606686490350722,0.5304701667781963,-2.9470101972818554,13.327738977755772,-0.04481332035700763
23.27734375,2.613961447820622,-3.5371828483678565,4.564423913396263,12.295104828757223,0.3524638516189722
23.28125,0.6625301684285415,-4.512459259542398,0.7199949104656225,-6.258934204030387,0.3510449034014449
23.28515625,8.69263022652457,2.385840627729828,0.20447596335850937,18.605156082178986,-0.3686531870452259
23.2890625,-2.0843022676924416,-2.137277249456915,4.038555358770085,25.043255876508848,-0.38542605381916656
23.29296875,3.4405908801688008,5.333572701917074,-0.03432068802801114,-0.7788373459164273,0.25271771832581813
23.296875,-1.6408133783743875,-3.0583555016265205,1.2812622254720225,-0.502724377130574,0.24173944064888234
23.30078125,-2.913144798963129,-2.328890318641863,3.601721743438805,-38.641036281111916,-0.16893088972992543
23.3046875,-0.06880037301488785,-4.648510105652413,1.28215692971692,1.307876849276468,-0.3489154739877485
23.30859375,3.850639930286537,0.06583977378050715,-2.158229747498931,-34.12942914887458,0.44059701862099465
23.3125,1.1809242095381676,-2.3307911856393093,-0.589270709634524,15.745842870674327,-0.05253509620672837
23.31640625,-1.3092128054437524,2.75907674788158,0.3406417059528667,-5.2685116079499625,0.37381375517310744
23.3203125,-2.2697246563140854,5.990636222713695,-7.086002527371902,3.495977971155962,-0.2280075462590672
23.32421875,-0.7799555709833379,0.8861263994904129,3.7210698183986493,-4.011443534140479,0.28895681429006315
23.328125,-0.35689302610809653,2.6587331048688596,-5.467317588388321,25.760129837408265,0.235564801475178
23.33203125,1.5441222712951455,2.066885634632561,-0.09676614060267807,-34.47751291599571,-0.7654707360001639
23.3359375,0.09855957472914792,1.1100522204836205,-9.137276458461471,28.674077543072713,0.024763204935590553
23.33984375,-10.836488677076437,-1.9657324489695083,-8.2960957174582,3.8230946227778095,-0.5482153468418467
23.34375,-2.7944686348971497,3.812798463134323,-3.1990799906834764,-2.639791760679804,0.00743772493752678
23.34765625,-6.623688299916629,0.17894191985097396,-3.968351854314233,-1.268140844048732,-0.2711831136318999
23.3515625,-4.735183430973586,-0.11756871354446077,-3.869200158601646,-23.871602703811035,-0.3949878662006571
23.35546875,3.6490201011331598,0.00032824877899638536,-2.9654481087681157,-22.73087235410029,-1.1743551268455983
23.359375,2.148697419753532,1.830898453052915,4.036026838023088,-32.35160673840839,0.23786541481063705
23.36328125,6.594471639093515,3.239740358147322,2.665073847723321,8.188484712327192,0.5724133273069313
23.3671875,11.759509013076386,0.675571593523899,5.578004148103511,8.239646318429825,0.13973880424005503
23.37109375,1.3985868230947174,0.143994657304094,-4.024621092101809,27.71758092830049,-0.418948289226067
23.375,-3.2481137511521463,1.53293878040478,4.392648859010463,7.361034080911251,-0.2031049773731854
23.37890625,9.287754608036117,-3.8839221748932955,2.245510788845136,3.616323800598355,0.04948624221037241
23.3828125,1.1218479770648841,5.185727847997842,-0.470668993102509,0.4537649212503778,-0.2513326333995734
23.38671875,3.809080035135638,0.9226248702746983,10.21414289419064,-13.895114142829065,0.4875319381605334
23.390625,1.5369062892824374,-0.3769786565184285,4.492020465894614,-25.034835910623492,-0.2763912404184232
23.39453125,-2.613933475293621,2.2267252352315854,4.561110560439598,2.7041972027322174,0.6773689105749047
23.3984375,-0.6206012999854633,-0.09805169541296849,7.756704911639622,-15.596455802839534,-0.786805982163448
23.40234375,-0.9756152212631342,-1.4960396392168125,-3.1213560289363396,18.967721426009177,0.008741871870360109
23.40625,-2.6918834122583513,-8.558657154154684,-4.1823072718000995,4.749072300793394,0.09297510492977983
23.41015625,1.0587184347696217,2.499747141485273,-1.176407975144258,-15.39847225544583,1.001136539197709
23.4140625,-8.137716909766258,3.1205272360349747,-2.719201140635001,-4.64110805497795,-1.4977821868421906
23.41796875,-5.01826280369179,1.521620596390622,-4.628799577680239,-0.7308620810822202,1.1751058242161299
23.421875,0.6856088341623073,-1.2342683105085377,0.27393280812626974,7.205776480811483,-0.06963807281262409
23.42578125,2.882587748403305,3.438318687735272,-3.310536360282698,-5.022234689196923,-1.053188980228553
23.4296875,-2.9939582636583255,3.08818699937751,-0.5936083295390073,-8.09722241341008,0.6349196654420421
23.43359375,-4.202557720970082,4.002675948857866,-0.5041222196221775,-0.9417736441453997,-0.9266849517684076
23.4375,-1.506868959737597,-5.732183858261423,-1.3425169960260712,17.257247451515546,0.7283245600764683
23.44140625,-7.50625911712639,1.597218191648106,-2.775100381431553,-28.17559048419696,-0.9496176455439479
23.4453125,-4.0682054504820995,-5.435074949074445,-9.469209433585412,14.404566344367783,0.19201984461747135
23.44921875,-3.2242582896988226,1.296828705765979,-9.360519194086661,2.543269341247692,0.29935953936615783
23.453125,-5.310616346068207,2.0510718787767437,-1.6704707360765176,-2.392882576890881,0.05692876957754804
23.45703125,-1.5658119682941947,1.4919463650472315,1.957578603786669,1.788118630330259,0.2549944017020912
23.4609375,-0.9037526505930622,-2.0554812783129544,0.15498019431259547,26.745874267669976,0.2842156172326955
23.46484375,-3.8715383481145937,2.4656570291846407,-1.2519682479127252,42.93107459166952,-0.5288494871817573
23.46875,5.269297873926941,-1.622783262401934,-4.332226698824943,33.298640666606616,0.48540047165308164
23.47265625,0.8963436013134455,-1.4436090038309461,2.128909002918682,12.254029015482516,-0.5299701067308219
23.4765625,-4.317368060642808,-2.3681690104862563,4.023241496211515,2.4091957862662143,0.4217408944633041
23.48046875,4.438399828897265,-3.1440959214435575,1.4644340777396456,-21.163811985282642,0.03139997859202977
23.484375,1.7595881355555179,-1.5492403630014286,-1.0852972736031887,-8.445077268659348,-0.3436945549513844
23.48828125,1.5053211661600132,5.136597791518325,6.040549645183165,-12.682679755294405,0.5746157107855154
23.4921875,4.465528300375006,-3.0165178240394104,-1.8850338332413874,-5.239447687742543,-0.532203127753275
23.49609375,5.9564405324480445,-0.25231168736374304,0.6723481649611093,-6.389242691250675,0.25216480041958517
23.5,5.6467995884963,3.317864215578857,7.747972418302296,-5.711450777215423,-0.08133717152530003
23.50390625,-0.11697969297973786,2.86432640883968,-2.6853962706414554,2.2777258623329804,-0.06824573001936872
23.5078125,-3.367280600812008,3.8066222255975024,-7.032987779579264,49.36237521854707,-0.8772014089207419
23.51171875,-1.9924697810089205,4.177771999569059,-2.046049813223519,28.52092776589432,-0.19816549026919586
23.515625,1.7306044963643408,-2.4127796953872185,-1.5813434888323934,-1.4595202353148977,0.18783832241599108
23.51953125,-3.1717503458966867,5.023421979618453,0.6572055365874321,23.13997274202203,-0.9847470133109683
23.5234375,1.113950998260018,0.5383662930184303,-2.859906664196286,1.832699082118864,0.25782232366403335
23.52734375,-5.115850342512426,2.0287605472171584,-5.483575182121626,-32.09888785219003,0.6559803448370669
23.53125,2.4303601849711316,1.513839673766681,-8.158989294484996,-16.53118708088347,-0.07626666105209653
23.53515625,1.8422198530844625,2.273515189401273,-7.121471388730432,-11.73519163553265,-0.41401508954020416
23.5390625,-0.48968006485929944,-2.9632647778813146,0.4982343136364966,-20.12730527455775,-0.22226816126405197
23.54296875,-1.309042212284564,0.5560609137958472,-1.8971177852356207,-6.023679457089774,-0.44755634358650687
23.546875,4.1110725484569155,-1.468933103826936,2.0048993350910633,-1.784352185635289,-0.7520013425717766
23.55078125,1.7692740547749015,0.7330558472588002,2.419007491645931,-10.334673388853947,0.23733355762997482
23.5546875,3.086522281981113,5.108496798173047,0.7581280803719359,19.60104562739872,0.7812929566448225
23.55859375,1.8306610776618981,-3.548065698492091,4.822216698441153,35.86335889222824,-0.0183019785991281
23.5625,-6.926581941470546,-2.7476685638873977,-3.3252458973104835,10.845600260410647,-0.22070598094717953
23.56640625,-2.765645911255756,-1.4114226901801827,-4.139400153943809,-7.6314265048638195,-0.9337931878189031
23.5703125,4.860484066592357,2.6044336623651594,-2.6580708069556023,2.4462442362748265,0.5861236756600252
23.57421875,-2.7662933739686237,1.166929237986063,3.542326389285046,-19.797618222591183,-0.08814705094657897
23.578125,0.4936502984145827,3.0329368843128997,-1.8780384789473366,5.125177098957035,-0.07089722060237393
23.58203125,2.8891709320922163,-1.0675000072480656,3.5969490573295975,-22.161655845691634,-0.5402025900540864
23.5859375,0.5548767604559646,-3.0241288743479844,5.186754666084037,-31.912300178826793,0.7470431088434877
23.58984375,-0.37232565728815353,-0.23475852089737909,2.742033889990237,-6.134384975858303,-0.2102257487555314
23.59375,-0.8744290462233982,1.6117235231660718,-2.5780604502945415,7.238013430052565,0.9079993449847307
23.59765625,1.510946445533119,2.02156505802664,-3.524278405093537,25.53227848130226,0.8464957506029283
23.6015625,-5.930261811970787,1.6839143298852202,-1.8665062920273767,39.82625900685298,-0.618276992157259
23.60546875,-1.9010898029878598,1.446379164413086,0.062200608065797525,2.7656807304882225,0.7296132979567944
23.609375,-13.950962208743992,2.1848303590632545,-5.568958127930371,-15.057471902594646,-0.0715892993338181
23.61328125,-5.469120130454542,-0.2280754145436668,1.5535207531526476,21.88523686920056,0.29180857160680024
23.6171875,4.76734790981508,0.2729156217233477,-3.7830270852001497,-14.92883326389692,0.16015768753505813
23.62109375,-0.06996592940896632,4.527195606689351,-4.829365960555961,-13.241301562098236,-1.0246058568157763
23.625,-4.230540771424007,-5.728877609250366,-3.7610852856303203,-11.3505240657556,-0.7291537277356805
23.62890625,-1.3308310065167361,-0.30626109836232585,-0.994446976202181,37.53438859812262,1.1167128105784052
23.6328125,-4.154011894836297,-4.319650117171271,-6.320439965504369,-5.443257768683553,0.34870633282707747
23.63671875,-5.288659922219513,2.845002109582739,1.1896402912563546,-19.062472544452426,0.5221630743625325
23.640625,-1.7786241424956044,4.838825208536734,4.09898517441029,0.32353152941589336,0.05314159749391275
23.64453125,1.2985833290582107,-2.669782577350645,2.1618710948866964,7.3385371800050825,-0.15921326803890476
23.6484375,-1.629130852992062,-3.577634174446272,0.651979169881425,9.917699657053102,0.22662361667289876
23.65234375,-2.57090060124163,-3.0517408577946075,7.16976093177747,-12.33399879594119,0.37092324285543127
23.65625,3.1366233189799075,5.543512206600914,-1.5679020442418374,-18.968380445803422,-0.06415586545087953
23.66015625,1.2501333311172875,-2.243767509058329,5.777742617725769,13.208011158331352,-0.00864102685715238
23.6640625,-3.1407262450940507,-0.19277484090442076,4.128336334727434,-15.044015231497529,-0.08620504392048634
23.66796875,-5.494317295793155,-2.665034011429522,6.367114740051713,-20.716733877298843,0.13222923585123855
23.671875,-0.4026792472852005,5.5602584525450105,-3.8169084705948717,-31.276334221175652,-0.4092573747302456
23.67578125,0.16041679332564265,-1.3286811281767512,5.758416415303111,1.203287066096653,-0.43495757419296593
23.6796875,-4.765501808057024,-3.7789201882616315,2.0062634334082547,26.51353730313347,0.1879784612004334
23.68359375,3.328973162616873,1.9440352789909405,-0.8019335164369159,9.627539580781326,0.4438346726312045
23.6875,0.43555354187245215,-4.073637386756379,-7.231217103593385,13.490662088451948,0.4679427322872774
23.69140625,-8.941706999791608,-0.33225183037363804,-6.0859302645388595,15.45840047361178,0.23665688593399903
23.6953125,3.304726899258327,1.9229701008015372,-3.6678500742768803,35.561710312414164,0.6749123367371758
23.69921875,-7.696180141257099,2.8358146618083904,-0.05567647198831693,-10.386361760949246,-0.5358646271917732
23.703125,-6.969424620950029,-5.6555650634702666,-6.253939083892502,-6.964440243823548,0.24356937084555788
23.70703125,-0.9219373639507162,0.7043840812093632,-2.0083608964357254,5.575088454221881,0.61797020487336
23.7109375,2.4569827256481678,0.9710222680046838,-5.760192443232539,-0.028746216213768605,0.5884706059856181
23.71484375,1.4087914188084414,-2.849547043085675,0.10869152151638106,-15.004987915863675,-0.13683683943276242
23.71875,-0.3786469930668519,-1.262576915218367,-1.8615038554778085,-17.432130231902107,-0.024414870467738724
23.72265625,-5.947546246269394,-1.7054201130591102,-1.4194522595678931,-4.77940336102515,-0.15693242129446935
23.7265625,1.9260111322833953,-4.209941678906461,0.8264237204454802,5.747015128229753,0.23851829016843948
23.73046875,3.4834561524156045,0.05727483602181402,-3.0434933790998926,4.357358933284045,0.5373201301727933
23.734375,0.7628132395665254,1.2726972359766695,1.6439984180154235,4.3227880083113055,-0.6782802414582652
23.73828125,-0.23692637998002936,-0.6628692030202901,2.631292812363209,2.7018030024139676,0.04727363526116159
23.7421875,2.946071090941547,-0.5856183181732288,-3.1851396088908444,48.06256319873073,-0.4583509484687575
23.74609375,-2.8442162739932084,-0.10633002562194402,3.871254259331752,29.679339923466,0.4122135859974927
23.75,-4.35165028982074,-2.443454981781048,2.6671719857804375,12.308786216419842,0.3072825543483253
23.75390625,0.1420353781940247,1.5364040424522916,1.0506140871822602,17.129886855498277,-0.6146500741415336
23.7578125,6.333822379909793,-1.1642179768932064,12.73008883077762,-21.271754156733188,0.10667644150309054
23.76171875,6.22961271443086,-0.7512024007501679,-2.5884615602934344,-2.4695082055025157,-0.02700552550003685
23.765625,4.519205198103096,-3.256078080998147,4.85894935570064,7.248021830672741,-0.12980267295626566
23.76953125,-3.1522295519293593,-1.872483486758569,0.989942079255234,4.932394038818674,-0.5862142549088473
23.7734375,-0.04931872487998867,-4.667176087603953,1.6853580679271327,22.586946133441337,-0.4760730338567518
23.77734375,-3.923493586217514,-1.3722561034968135,-4.020200520022396,11.082646322100276,-0.712371163164456
23.78125,-1.6629305784942179,2.949264409685751,-5.578707107900789,25.810233001208175,-0.9293495793620276
23.78515625,-4.153889162939375,3.61646278018164,-0.22395126802877785,2.6970806398738034,0.9902285446385309
23.7890625,3.2184057734169396,-4.078961211220985,4.6168250804073345,-17.296857438613003,0.2715132811324552
23.79296875,-6.739003357360866,-1.0943740473159318,-3.2566320819866648,-32.63297273490085,-0.0877431617826798
23.796875,-0.8291016267602288,-4.399465537255999,-0.422365019740536,20.587188448618296,0.2604555613820323
23.80078125,4.7782657668450526,0.9827966747188048,-6.207294859071476,3.4804553448249855,-0.3506122763053959
23.8046875,0.747985330303697,-2.66218629409751,-6.37027217736131,-11.372233310974863,0.908352201602588
23.80859375,-2.0670381999289886,-1.5338504688406904,4.37451892559233,-19.07030889926432,-0.35124182655419434
23.8125,-0.35963738084759184,0.9289274975127795,0.12350545476066266,-6.166389791871962,-0.7713885579795321
23.81640625,2.4441710112666297,-0.8687595477828134,-2.272560910820024,-9.371083888618758,-0.3757353732940071
23.8203125,-1.743494910265924,-0.6758764940056557,-3.100800856893244,-9.444117794784354,1.6223815010388711
23.82421875,3.5507226528474805,-0.0646875531459245,-3.6399789221666965,5.05110845682339,0.178585033688884
23.828125,5.747514430703741,0.35971352815664814,-4.337594888202999,23.94056581406781,0.5442187295458794
23.83203125,4.401766232780706,-2.725582769195828,-6.888633790945688,10.970447776039078,0.6643246213547598
23.8359375,-2.810409064121532,1.7416603210014965,2.592704399253666,37.56131715265627,-0.04405660238594103
23.83984375,3.322530698977973,4.085615249153177,-0.5070530462987883,-4.301538782533891,-0.3185923024242428
23.84375,-3.2885070388212836,0.9626783679276701,-0.2882584378508417,-14.40369847663374,0.08410536483335751
23.84765625,-2.3124097464835125,-2.482890519676172,9.573275604603511,-15.70108806570018,0.03569842547984682
23.8515625,0.9818361732975177,-2.4333725963769304,4.489979223204614,-14.987669867282884,-0.4129032181547259
23.85546875,-1.9285167441277173,1.0716456296009687,5.108866201691125,-6.8273466508057075,-0.3786226408095297
23.859375,7.234889086389869,-4.9206724456443816,-6.1719019448917365,-12.930780792992088,0.32299743202219716
23.86328125,-6.761585223105816,-1.7985067258737497,7.467753994399461,-14.434103804351333,-0.29726464257805985
23.8671875,-0.06777756735503351,4.419323884711326,0.03926230797421515,-6.522021692969615,0.5683092451026321
23.87109375,4.77384857485848,5.823622657359692,-8.75070747781422,9.08561105158592,-0.12875840270076858
23.875,-3.7128329958907176,-2.296308949129811,-8.685201156095477,43.428760455424026,-0.49513259790532727
23.87890625,-4.898368335451846,-2.886476803603901,-4.036950745870647,-0.3695612236782857,-0.2937645675723553
23.8828125,-3.987344942909656,-1.5890537676696401,-4.533189087909933,26.591474214321718,0.12288345496819704
23.88671875,-2.8252570082293005,-1.8373351733665704,-4.4141785135150045,38.968783619001364,0.42576663451516095
23.890625,0.39464410454969995,1.8669138424315728,-1.4166285032230146,7.567759051521875,-0.22893336753257357
23.89453125,-4.204100893663575,-0.22394648157852726,0.9159630231241098,-17.712002171189674,-0.8923055602331577
23.8984375,4.3931135987840655,-1.236239730264068,-5.870768630809119,-39.025456558822334,0.3026011928722036
23.90234375,-1.5844933506142882,-5.77463962968698,0.6388636933538654,-28.72467322507276,0.08191934927015289
23.90625,0.17748781113850529,3.414285649906974,-4.9706627562177665,-6.395517608354558,0.5800307511928798
23.91015625,-6.548956298871127,0.9130809358463075,-4.49087554498184,2.849519678559467,-0.30937343895820124
23.9140625,-2.6949243787125425,-1.5396511914765088,1.4874544237798857,-15.302926122840612,0.23013538379456508
23.91796875,-4.601006936787254,1.730553492008346,-3.4523119675588596,18.679746274144417,0.7416849190786259
23.921875,-2.027613821198473,0.4713244131862755,1.754256418444036,47.206562135524095,0.5719788088804992
23.92578125,1.6271726223927916,2.2240726573240677,4.299497515438001,2.8045682200652626,-0.548736924960876
23.9296875,-0.5414024014902413,-0.9805391978583448,10.879324621134302,9.570155630035675,-0.4159977617230879
23.93359375,0.17237844168920718,0.817090138954014,5.073516801619365,1.4029697920382298,-0.5635405178609119
23.9375,4.770603635785099,0.8051812055627332,2.686137342384651,12.822624554286332,0.5601839460548774
23.94140625,-0.7225568046336235,-3.8865496333557212,7.563807471042946,-12.571405287064417,0.024601053812288616
23.9453125,0.24162472941996205,-0.9239034354210401,7.234528123579869,-38.19704643239399,-0.36887677026601795
23.94921875,-2.736618056760778,-1.8513626567517063,-0.20377220623010373,16.23137785196341,-0.6432402192318065
23.953125,4.263051701065406,2.543635146324752,4.766624433796765,14.177480355562501,-0.3763454680100774
23.95703125,0.10890538734036814,2.9511451367269865,4.535994475621285,1.420687819408493,0.4745536872630614
23.9609375,-2.894174107329678,-6.485676340999939,9.467460483983706,9.725234216659718,-0.12210587973253356
23.96484375,-3.3744850729209053,0.009333502885150436,-5.508193475618505,12.98272931935721,-0.20633038684751517
23.96875,-0.1695002598357137,2.1912754614030243,-7.26065454158299,10.163168174838457,0.5688285357174963
23.97265625,-6.1816160195146885,-2.2870798564033947,-0.6517529739058805,4.610954659884918,0.8178478533464644
23.9765625,1.4932910122228766,0.7441007321372397,-4.174949833726112,6.952336793408653,-0.1476216179355636
23.98046875,7.0122946311267516,-2.8265686164758836,-7.105791796356333,-22.034991183971428,-0.3390539736442127
23.984375,0.664640159092107,-3.2542352602125346,-0.7825955959394917,-30.452121795773422,0.32056507075363855
23.98828125,2.731007982182803,-2.475749615888141,-0.8353090322352268,-21.50758205126376,0.2473347856670357
23.9921875,4.895005966822593,-4.414056806351205,-3.272645806416561,-23.268924430694845,-0.3922082751535374
23.99609375,7.397861704307685,0.5341058562528598,-0.4552435484981535,-26.50430152909522,0.07786977751499734
24.0,2.8141995418146384,-4.300849445773435,0.42691698819249624,18.2542260816928,-0.7973223047881448
24.00390625,-3.4592827098513927,-1.1428938690697317,-0.9812001573963903,18.041369752938095,-0.06616806516869655
24.0078125,5.190640356829567,-1.0827277315731763,3.2700088606542903,43.721313661397105,-0.607088590604084
24.01171875,-9.11563379528461,5.236099745125301,-1.349707985805653,27.92028436183739,-0.5741186979441453
24.015625,1.2487573617060046,4.871329339300008,4.241453873431161,21.653289907416323,0.14904922204072446
24.01953125,5.68249447847577,3.329840676497926,4.151440007615649,-8.237301516021876,0.6482185418756017
24.0234375,2.1202058135192297,-1.274719683097377,10.191589766163045,-4.186738908204076,0.8307202319716464
24.02734375,1.2923653354484093,-2.941536109921353,-1.5801130312286986,-28.008832173127818,-0.7142488091676675
24.03125,8.595597919637212,1.1123342930811286,4.523105442788383,16.107014279250354,0.45932978159998633
24.03515625,1.9513533157351188,-0.5846778094365072,-3.903823724418971,-4.38092915982911,0.1768721561079173
24.0390625,-2.6439218039295924,2.306399129345245,-10.927851295735234,-16.160224747997425,-0.8632264836363837
24.04296875,6.142471171523662,2.0358552625709505,-5.061804841369248,-15.66377493887254,-0.42403263238529015
24.046875,0.43767767420911335,-2.328651426982595,2.1912960746187,3.073749633106755,0.4413409164401268
24.05078125,-1.635804992655998,-1.2606937259192112,-8.098700893580629,13.334439461686152,0.4182665945691093
24.0546875,-0.8246471189415684,-1.171751174809965,5.319015818891312,-14.473236229295683,-0.20971327746785545
24.05859375,3.6999295650914816,-1.4915086163840856,-2.101644707602224,9.817366921777179,-0.6187349982604089
24.0625,-3.677007577695585,0.8628003272200062,-9.726644797212707,21.78442606002721,-0.40085210027606266
24.06640625,6.46382655605318,1.6838202186420417,-6.346462975644068,8.550474806800878,0.8497380259325484
24.0703125,3.581695922410174,-0.7640045066853444,-1.8464090173093293,8.380298617429482,-0.18520670266209982
24.07421875,5.093237294577662,4.981933045605183,-4.305297022212095,-25.71821493089194,-0.9324597869254733
24.078125,5.923555406224614,2.127380271820087,0.6251694824505747,-3.7877001410379183,-0.15162393245972
24.08203125,-4.2208719142587166,-3.1450953532513513,-0.23713550895422553,-6.935701267756134,0.7512224231758666
24.0859375,-5.244319838170456,2.2686649037175526,1.1357219592577938,-7.492567720745853,0.4967712372710823
24.08984375,1.329412457166966,-4.0606084316693,-1.0583285265458282,14.73813324900193,-0.25390226587791803
24.09375,4.661848752697795,-6.987614401870969,0.26528404602738065,25.27117698755196,0.29698289148042967
24.09765625,4.4598873108563675,0.29873724173061034,0.9853782809154428,-4.673756701635806,0.917163195876832
24.1015625,-2.551174636286937,2.717203441431792,3.4501385324638583,28.406181722096907,-0.06882733168935715
24.10546875,1.359683862939805,8.17012345130793,-1.710959359913058,30.07968673546755,0.33910217352332955
24.109375,0.7158887401863059,-0.5471693079926473,4.357549782555715,18.28719021693523,-0.18191761890996666
24.11328125,3.385805938832276,4.586691708473376,4.986558140708963,17.902167568321406,-0.09772671315223377
24.1171875,-3.5361405721126413,-2.3330886767043397,0.6895229585132081,25.974856152130997,0.39699044377804193
24.12109375,-1.8384399140166048,-1.5998545040791536,6.345012387424353,-31.33933078079393,0.7393403156028391
24.125,-6.376829971931389,-2.657225435004667,-1.737440619271946,12.776207252304737,0.24658238958420786
24.12890625,-0.26655717888660085,0.27743602340717477,-5.4001641358578345,-0.6315072669668371,-0.4474441130631711
24.1328125,-2.7409953599704773,2.788466507105674,-0.448976780225675,-27.290380858248096,0.6185792617885936
24.13671875,-0.10416528785654124,2.0472747324263816,-3.285685025307086,7.42923584084231,-0.6110946299029668
24.140625,1.6388325411368467,0.7281265933320471,-1.590340727273765,6.213331917518283,0.1763787045767563
24.14453125,-7.245843398644211,4.474367966365307,-6.295274620016784,27.027690927091452,0.8937405721797703
24.1484375,12.959034798424097,2.5391686864751986,-6.539826323770871,28.101947297658153,-0.03643301542707513
24.15234375,-1.4140640078473428,2.269910430470811,-0.7825930344619065,23.40538379923356,0.3167292776448477
24.15625,2.390271896678248,-0.014360034794939757,1.5415031065723532,2.4872003983853723,0.6602190439529877
24.16015625,2.0223383981700147,-1.521304001224978,-5.82739877525287,-6.6123118207700715,0.4873862096452249
24.1640625,-4.946539541352479,-4.171467121554919,-1.2505180227591843,1.2585371039380053,0.2683122768803319
24.16796875,-1.595979590726043,-0.3382933410947623,-1.5767422781888003,-30.551396357970425,-0.5944073131872709
24.171875,1.2920621557749261,4.676512349767651,3.6401799144949605,-13.339251299877539,0.6980571820033261
24.17578125,-0.4960172935800303,-0.8762828719903462,3.7582812010599023,-10.036228491348963,0.5662404293466357
24.1796875,5.22865439557071,-1.2709946172552438,3.0108861955940163,-19.539725647434945,0.4643174425902665
24.18359375,-3.101676276358242,-2.2209660135542757,-0.7091852521898951,-21.385902869876745,-1.0283819125397675
24.1875,-0.6842134677984734,-1.1882066333201362,5.080706540517586,9.301426859025206,0.6468416553534274
24.19140625,2.596436107476397,1.9550024160452328,0.8771271892085788,20.02377008809967,-0.20707976673881756
24.1953125,-1.6964829802405563,4.150736416718866,2.948878854708508,20.018235868651914,-0.25340336801055047
24.19921875,1.0548160965318065,-0.10486119857250972,4.939727315640204,15.392199740617464,0.8958472979959916
24.203125,-1.2601032880218055,3.7736863829394327,3.5693440306087916,19.585801184432245,1.5226417569725368
24.20703125,-4.739886075337008,6.679360213507323,1.83771981098625,-7.9966412494608115,-0.5317876320463052
24.2109375,4.818514483487548,-1.9412416098252852,2.128315865338992,-35.471184605291015,-0.37947803710869554
24.21484375,-3.717832818714028,-2.7582567571837515,3.9223103006187348,12.612112174470314,0.3523912423131818
24.21875,-0.9318530309381705,1.1292045514925801,2.5593986954385537,8.226824104488694,0.5050343681770668
24.22265625,-8.201501983265924,-3.929837303347469,-1.698314180609502,-13.28963785254932,0.3629797158973688
24.2265625,-1.674203461303225,0.6425353677675709,1.1242067053811629,-10.680701087303214,-1.263699054101603
24.23046875,-3.8606595921331435,2.2194028913793535,0.8931766564205192,11.95096292531335,0.5915159512028634
24.234375,-1.5393557538015803,0.22829292680263194,-1.020692614913595,-7.305751592519281,0.30313559479807134
24.23828125,-5.526131571961246,-0.8648221174272687,-5.150107158462756,9.293498974398103,-0.6150348824439825
24.2421875,-0.19739021892532485,1.497281327895795,-3.4046707202314797,20.05611567747341,-0.262873077936722
24.24609375,0.13794978214809833,-2.456127978454921,-0.08791567555879487,10.286356170927078,0.0012173596449199919
24.25,-7.751801062368841,1.3873556879561975,-2.6591692922370025,-9.12174808655308,-0.9536879026321149
24.25390625,-0.8265243465046056,1.3780640111749853,0.2727340155885942,0.6885395813696267,-0.5651150473093223
24.2578125,6.206795820528786,0.6965792186571703,-4.665086621856826,0.1531071057005562,-0.21726190798867823
24.26171875,-4.855520964851899,-6.860417761960528,-3.7075974371539226,3.218606566346443,-0.27386201520792963
24.265625,-6.652262331485742,-1.8905130857518737,-4.792754982558115,-32.652296376568955,-0.8388348268934239
24.26953125,2.8697354532081385,1.4939216816024157,0.6161209593311183,8.12718326892822,0.5798025504884623
24.2734375,4.318742461577938,0.32025921847489736,5.3842773070140355,26.43001135622153,-0.45007796252933546
24.27734375,-1.5659370059227995,6.4441453793582575,4.20598305912084,17.269986084443154,0.18783608109928238
24.28125,-3.451795596607467,-1.898214134957298,0.24135237298841106,8.641743857954367,-0.2664256290518991
24.28515625,8.771927531984154,0.622897429547509,1.9637761416273443,17.699156536476632,-0.18842942488340586
24.2890625,-13.722644575649184,2.770473443124196,3.753819750671913,9.2815452480185,-0.7507191834574908
24.29296875,-4.550503561794382,-0.4728955097932832,-2.8777587732904077,-0.314584141019683,0.21244236991250087
24.296875,-2.953096433725773,2.2085913510200186,1.2862123621902584,10.68874754732192,-0.8374181912613143
24.30078125,-0.003999438587117774,4.552985903090944,-0.27968084380721514,-3.687607239227651,0.39243922523049657
24.3046875,1.22156899237866,-2.3609793947868187,3.340383059632803,-8.162020522373865,0.9834219975479874
24.30859375,1.939920884869782,-0.11766701023634324,0.6865105590585185,20.367545488467492,0.5654287284124284
24.3125,5.7259381740225725,0.7681010110017361,-0.6011637783518939,4.606426745440208,-0.6018400538280242
24.31640625,-5.596458971471019,-2.153126222300276,0.9218643920677146,9.828282239515808,-0.05566848793708791
24.3203125,-8.033361332783201,1.878698837815437,-3.5153145611355483,3.122796424647107,0.202598734453676
24.32421875,-3.304514896788776,-2.5131063960165894,-2.6882133395067105,8.784760786522838,0.13006426846400196
24.328125,0.9612998975818232,1.0022062235675504,-5.832639464207873,21.48078357036269,-0.013925607927108166
24.33203125,-2.9596777217881036,-5.70364945382601,-7.9660522670478,-4.149835660972338,-0.31244099461873714
24.3359375,2.8111174711976648,-4.382829471916363,-1.9384939798411454,13.25010073455121,-0.5872362889210787
24.33984375,2.4823202912622624,-2.162101057388974,-5.303113545250392,9.270199631889568,-0.8775832944110471
24.34375,0.04629744606572552,1.758707919497689,0.5809376082510509,-10.921290699238545,-0.4852872817329935
24.34765625,2.896941103015224,-2.5611197812035007,-6.29284702225714,-10.215564424906605,0.1200177222670335
24.3515625,3.1555876888554186,-0.0955972675159395,-0.4795581682880208,-4.350892772836721,0.763127602281618
24.35546875,-1.1417648847705222,0.06523201747046507,-5.942923986719563,-24.215632555258935,-1.3565120905217602
24.359375,2.8582110060483563,1.026542717443581,4.639584840418964,10.554314626820123,-0.909077370375893
24.36328125,-0.16854694085519079,2.364729724400255,-0.05592750640874335,3.611746876070323,0.15490175851381222
24.3671875,3.4765992854683105,4.858655916690282,-3.026023517783215,2.0419092971477397,-0.34761036130858247
24.37109375,-2.90170198349594,2.9103579620668265,5.203338227878219,-3.3149925529803017,-0.5980440676955036
24.375,7.2741799160811595,-2.3286851431076174,4.917263994368023,2.561846263647336,-0.6578310273309323
24.37890625,-3.2309513556437213,-4.309904503917865,6.015456632971333,29.44875596924188,0.7012079934991055
24.3828125,-3.0426561414426856,-3.15608362120981,-0.16631937337167768,12.593597882086211,0.9992025325115077
24.38671875,1.7699796075754062,-3.0330574583741403,-5.45636765431409,8.645790356736395,-0.29619657690902845
24.390625,6.341100586754903,-1.0701936834440255,5.065006869294743,7.820010212229162,-0.4693729242436358
24.39453125,2.903707665928748,-5.762606420761484,8.3305647349891,-7.306223312959507,1.1930369596599146
24.3984375,-1.4997791755892673,8.270892865901477,2.651343432951185,-4.3828081092386455,-0.3008417491179077
24.40234375,0.4901828667329517,0.63263400500629,8.262945410241379,-13.940108474767234,-0.3256976774976965
24.40625,7.783763366233183,-1.3271016657055734,0.3129118731311522,11.227261220590327,0.5056574070465846
24.41015625,4.6088998084312385,1.9961736311815153,1.9169032602319356,-5.570873470440953,-0.27286239155560443
24.4140625,-2.5531928014152996,2.9981766697331245,1.744335395530522,-21.31990436310003,0.424799750700588
24.41796875,7.370155788492911,-2.12010784842891,-3.697234925178499,-3.7702769229225623,0.7133653445518057
24.421875,-2.6803584321189273,5.926549040747215,1.7290098867289987,33.929845785023,-0.004002541952717891
24.42578125,2.3005048155346906,1.9871329989626787,-1.2530731241039244,3.678480347620532,-0.07676358600138611
24.4296875,0.6612374350609602,3.7354304440163375,-3.719753958264016,-0.6370888799294887,-1.0557013864164209
24.43359375,2.1958874476872685,1.4402090562477612,-8.401735682385253,-19.869379571664357,-0.3118149468408596
24.4375,-1.1367154701226585,-9.099681717733809,-4.821216309806454,3.942214392253449,-0.055784552441558416
24.44140625,-3.496959167834356,-3.9128700924477675,6.650560141486631,-30.45637234474288,-0.21680717900616514
24.4453125,1.3589355306016522,-5.701072863172822,-6.301660556512688,-31.139507087054923,-0.5292357546817558
24.44921875,5.361811856659616,0.0009675893460156028,1.531412900778891,-2.632588625916596,-0.13645130952063464
24.453125,7.203472295192312,-2.7837172006712576,10.092457094705885,29.596993713077858,0.1875042880884783
24.45703125,2.2167576562657705,2.951725357236184,0.09564890765960149,3.282861380873631,-0.2980147680260239
24.4609375,-6.550004081449309,5.480794719599932,8.373716498667,4.911346768103113,-0.8785539597785667
24.46484375,2.0165708502145065,5.6009815803566365,5.76606240883318,20.545359941890226,-0.7033169972085189
24.46875,-1.3344256447818235,-2.1653763424069603,5.732614634911775,42.18990663592688,0.4038457403362471
24.47265625,3.544388227738852,2.0296053431552856,0.6644871600548594,6.1282138214279875,0.1484131958333744
24.4765625,6.954133934880953,-0.327024704626941,0.35892416736933397,34.04368565918457,0.012043534875883584
24.48046875,1.1563829509843073,-0.9961924571524199,8.166611466297816,-4.083782659674219,-0.8542895980697086
24.484375,3.2276856131731777,-0.8134096376397522,6.190251139538445,-40.23790100407566,0.4750120032419437
24.48828125,3.5277303011910157,3.419961102606411,8.589215532813899,-28.74396648919447,-0.0703346768710677
24.4921875,-1.3130155650396362,-3.009618923667328,-2.4201909387190934,-4.79584767092055,-1.0010515110805094
24.49609375,-1.0538121786559735,3.3306838422603633,4.870338601328002,2.4981572386305277,0.9913416256029584
24.5,3.0617453023316656,-1.2493653067025394,5.840671989584246,-5.2056179831459914,-1.0895117310663265
24.50390625,-2.6748328725786794,3.929117121236753,-1.579787019520091,9.54793932073963,-0.12193114633105563
24.5078125,1.7127504435329977,4.459877183368294,1.604097569624974,22.925317958227765,-0.21869748349640505
24.51171875,-1.45861097910187,-2.186339018281963,-4.61180246155786,-8.717596045798386,0.06895014938639275
24.515625,3.2394917350631056,-5.787198515455152,-1.5116212556862796,29.495748971726076,0.9029170286807832
24.51953125,-2.11405846148736,3.2201303811287105,-4.664413589300535,0.2786645155566472,0.4957256792070192
24.5234375,0.41254377367530587,2.197727630089938,-1.1501497142158843,-29.22561930362268,0.5712575720142883
24.52734375,-0.07053693015855715,-4.251026143673654,-1.4505655863015796,9.276852381194441,0.018827078757613244
24.53125,-7.365963623944037,-2.0204051522335327,-2.215808095651918,-22.740354430090818,-0.14425194027467456
24.53515625,-4.511714267213906,1.9377331887956328,-14.102076418280772,-7.833295525444143,1.2494725708808156
24.5390625,-0.7049286380958861,-1.9528850628586842,-4.90536023498426,-8.998606855135082,0.48050953046849615
24.54296875,-0.3114120970894242,-1.1291635350337272,-4.333316244905271,-16.656192200136598,0.45823426172675313
24.546875,-3.5353762811739644,1.7899313163206627,-1.30586522898296,-16.812912123584503,-0.5216032624107974
24.55078125,-1.9627765963453467,3.854576204847489,3.545786026727261,-31.740338961771386,-0.2854661962950655
24.5546875,2.3261723056357395,0.395130864546776,1.6856634014647205,22.95408638577342,-0.432521803352252
24.55859375,-1.475099941006614,-2.204123469911355,2.945018731373418,45.35364283416276,0.4066506415606691
24.5625,-6.125281050148951,-0.4235420591396586,3.4960454990504624,4.030923151182099,0.09524000531043998
24.56640625,-2.9426442905205854,-1.4170654557394342,2.6533916492407177,10.410537267129449,-0.35176720994521754
24.5703125,1.2297131342850727,2.1889717644915123,6.61027921183872,4.678861186321413,0.4004965917735885
24.57421875,-1.3040029233912336,-1.187359779045303,3.227817453379881,-20.013318534670894,-0.03225378217265538
24.578125,2.5054619977655888,-0.8475626665288416,-1.7327065325280082,3.75669644223251,0.43268942955237105
24.58203125,-1.3438207555472366,-2.0388639184958275,-7.530801287141957,11.573130738204934,-0.14374235652186015
24.5859375,2.642843075732995,-1.8591939376136297,3.313240218188861,-18.305053734317546,0.7281297208656355
24.58984375,-2.673813081181204,5.315104160371781,3.5462831874383722,-0.2644529550170829,0.3989000245422124
24.59375,-3.4409072883252834,-4.8650484845842845,-4.633891700581858,-10.236907063886504,-0.005725694955942418
24.59765625,6.917879286277209,-0.3841801859476832,1.5073669376294945,24.89895320843786,-0.24526273806763416
24.6015625,-0.23736621654459855,-1.0707658122322046,-0.7650684524847831,7.2599007117930965,0.8634776731014344
24.60546875,0.8452792955767267,-4.058465776410465,-6.274164873897551,16.35776712828508,0.47738401155968485
24.609375,5.904743186959537,-0.5626090057529692,-1.6540029466101414,-13.263558233765705,-0.43767442210132373
24.61328125,-7.458027719122413,-2.704366978748269,1.4489625365208365,9.769328313838278,-0.1353640831818074
24.6171875,4.825367505571538,-1.7371337048847704,-5.0738013242957445,-29.251723289221076,0.41516821810702
24.62109375,-1.8048079550689977,1.8443699826180935,-2.868801961976145,10.025948811097955,0.15741437886755513
24.625,-0.21724111577506736,-1.1361022046673235,-2.0273738686627514,4.608183592455585,-0.3705579984829373
24.62890625,-0.8147133777332032,-1.7499889678888283,-7.689276269737583,-26.343149825944657,-0.8741283242040128
24.6328125,-3.0400713902192327,3.1462904912503387,-3.9621657218523696,-18.73773983225247,0.192323631139592
24.63671875,0.2795584771135573,0.6616466836339205,-2.742265830068458,-26.123674278463003,0.057399040737249156
24.640625,-0.08087987665208811,-7.043281906789897,-5.624625633181304,12.48036962342566,-0.3337714176781687
24.64453125,-1.0450694651163757,1.7686105807838641,0.604099422217409,-13.435608128517671,-0.09977519014507051
24.6484375,-1.0622899193320328,1.3444317373400188,4.7701930196762525,35.00904764570476,-0.6660223000590837
24.65234375,0.09543556141850604,-0.49837379348096555,-3.7528327638417904,34.5299366558809,-0.10933943053840564
24.65625,-0.2493760015265371,-4.369080819387711,5.998324730888394,-7.503705869340418,0.4626373336868156
24.66015625,5.21768846057993,1.3862123787567227,1.6451414126797097,1.830010922579596,0.20798632066943246
24.6640625,-5.920293919378409,2.3322842085675775,1.5497728089205425,-22.561153076673886,0.1890707873318774
24.66796875,-3.46839716820565,1.9510509402364544,4.799082165035243,-14.819326967438682,-0.49685750976766585
24.671875,-5.932592880781598,-3.9824870946697013,2.2141380098102945,0.9228976459343396,0.1497314166279348
24.67578125,-1.3651044262012122,-6.324424113394147,3.4773953823316175,24.370324036752407,-0.34669995757514477
24.6796875,-3.04233413154183,-2.3133176571550345,0.0896701858739859,20.692750947478793,0.5902751812985167
24.68359375,3.497257259535089,-5.206667710082766,-3.2926846483307877,27.70857501518666,-0.6813733171984685
24.6875,-3.928403034351311,1.1012206878375994,2.6136667628614974,32.2661334157826,-0.5580698999377561
24.69140625,7.267465157586239,2.6460485743365827,7.787775137856316,4.008085134222867,-0.5360983821106137
24.6953125,0.40896626722069024,1.5711302838684251,-10.462812282375923,1.8739729592315406,-0.2369009197640969
24.69921875,1.5349272550361077,0.9285034134544492,-1.970758001572778,7.638499059949752,-0.6237524888263912
24.703125,-4.263987571638481,2.66323905834253,-5.46587982564442,11.574441127326942,-0.06329613628300537
24.70703125,1.964805372800445,-2.0123337383490876,-4.048932177383266,8.13771987014539,0.5277006231620391
24.7109375,-2.9179231495805156,-0.023148347542828608,-5.140770489127517,25.811884414173363,-0.19081866902469424
24.71484375,-3.129309915773474,4.900129728268258,-7.279655988583847,-27.96805930805519,-0.38158712523039623
24.71875,3.7127669813473467,1.467866232177804,-3.8659714121054822,-20.110105027265487,-0.2652443849873536
24.72265625,-1.4472116889575457,-2.5724119108167827,-2.139201851141846,-13.461404178152206,-0.4542174638489139
24.7265625,3.5197459789386243,-0.34965953226769686,-0.04763281697442391,-1.9919426978799872,-0.3209805108977963
24.73046875,0.5064642967458308,-1.072397007142048,0.20722776881066302,38.44253712076692,0.37434322208528065
24.734375,-5.302971483758827,3.3213878035816577,-4.567222342033409,9.406048253093822,0.1592887434170733
24.73828125,-3.4300195066222106,-2.7950147815878754,0.41652379036444875,-5.462833983581305,-0.49651254158182323
24.7421875,-2.6156309342507207,-3.758759790324035,9.317310987555954,-8.01510993054089,-0.09852125956141142
24.74609375,6.47153887190631,1.8841302449223323,3.262100427146609,-13.703318903068158,0.013379828019651038
24.75,-2.5685445765238075,2.397001685481493,-2.697678447584794,-15.003305198713667,0.8033358789911235
24.75390625,0.4936735414896772,-1.4809324428823925,2.9869091905115583,28.266689396679865,1.3203334009962173
24.7578125,-1.0521819384532827,-3.3241322154654696,-3.8274256385192924,-15.9613838210144,0.12746033231356027
24.76171875,-5.489893482433205,-0.04084466874336068,1.9748976284147084,-28.890007902168055,1.2666876640140787
24.765625,8.016639962499331,-1.4555437882159463,8.075470494193986,-17.85515697011291,-0.8274290679553795
24.76953125,0.46424963501402766,2.6365736809430986,6.558864777160286,28.475459916920787,-0.3356351876913692
24.7734375,-0.5686729128970991,-0.9356277018407868,-1.852097888664434,9.296634401593415,0.458026476486594
24.77734375,0.11199614600475312,-2.1149267029407737,0.6234043551661624,-7.95549197222368,-0.02875272220582141
24.78125,-2.1857681161643336,-5.164022893335351,-8.611065448109635,-8.127711325563364,-0.538394898209495
24.78515625,2.2436628798033094,-1.6473032506266367,-2.7442557023811296,29.366002999571045,-0.2526442011165434
24.7890625,-0.543673346489261,0.5995792796027754,-2.591453460947071,57.6432880202112,1.0169177249454942
24.79296875,-4.824438647865693,-3.4795676533594824,-4.377963273582482,-3.3805450131671897,0.7587474826402908
24.796875,4.5927242294596855,-3.3239552382990896,-10.64728210035976,-3.876186478323431,0.2762657950720916
24.80078125,9.35083960089154,-4.06587977793003,-5.280534374437359,3.2229567203550396,-0.0944187820640188
24.8046875,-1.4158437812961076,-2.3868403295559597,-3.912702527176876,-32.09799075493225,0.08502487490631715
24.80859375,1.266503053527081,1.780246475431912,-0.4075200353445556,14.334379718438825,0.6790110319460831
24.8125,-3.9287966836655874,-5.259264158260688,-7.002515010325862,0.5302846008501518,0.9854495306448049
24.81640625,1.3325263042042754,2.369357938053386,-0.7544782118068778,-2.363403393699365,-0.0799019069035711
24.8203125,-0.2216274456187901,0.5452500250811069,-3.0177372134199336,2.6195893164353024,-0.880678503299725
24.82421875,5.942224812981037,-4.997686771417287,1.7149478927252622,14.901199903343105,0.2543039479928192
24.828125,1.355593067590671,2.4101959393155106,-9.558792954322563,-10.881554978845537,0.08880399928600474
24.83203125,-6.494448167470376,-2.2080839982004177,3.89509044404084,25.32544484193356,-0.17698151954828664
24.8359375,0.8125678858633563,1.2595299709399232,6.853233539577358,3.3164198037718746,-0.08453114888962882
24.83984375,2.5211913660115925,0.46250123319934483,-9.11102870562649,16.580879479766992,-1.2147642281956395
24.84375,2.195398678684861,1.1253874960525891,5.864866144239307,-9.602845268527656,-0.2464929640086482
24.84765625,-3.9854679625187908,-0.44503195775089005,3.334736803326686,1.5714389591010445,0.14696478227759988
24.8515625,-0.5020558090350106,0.15834254078310878,-1.0710652282666295,3.667721082080794,-0.39121017945167746
24.85546875,0.2785994097106461,-1.919346744490018,1.9405130295333697,-16.004455200414355,0.6713016932406304
24.859375,5.013508820654911,-4.903805331362726,-3.0416677071181244,-38.922731612243375,-0.24923589731572968
24.86328125,9.28972877983986,0.635767830548856,1.689061795898071,13.171852035148936,0.049706910631697486
24.8671875,5.414239127393245,0.6528198625732272,-1.5249322561934617,-23.326568764632263,-0.41324785249697965
24.87109375,0.7334154069332391,3.4587280455419456,11.095148729629242,-2.360346597575603,0.8092068881886854
24.875,-1.7738077909278382,-1.9386772955305145,-5.05713781743909,24.16131754191295,-0.12207440105854711
24.87890625,-1.3337323564037409,-1.5731305118668957,6.0001521288922985,54.30431209709313,-0.4273628363048459
24.8828125,-1.6209414896831351,-1.2799842291306167,-6.237178640034664,48.776576920648466,0.4063721250597873
24.88671875,5.423403699755668,2.341180729761498,-3.446315314480001,-13.958678554171843,-0.1669819529333827
24.890625,2.7040950573914997,-2.0680332007885234,-1.2446772955095748,-19.417269749457198,-0.5087337961679947
24.89453125,1.7404503333384689,2.2915677388689697,1.830168436542706,-16.84933745802732,0.4516747885042802
24.8984375,0.5748630090418273,-1.635065684505213,2.442615331714097,-15.581440284255459,-0.43686110700394304
24.90234375,0.2666940023677141,-0.30646820420753884,-0.5947642782515712,-33.41987720510197,1.2358719544825836
24.90625,6.804275322311399,-7.219025504388713,-2.48262460224207,-0.5771449412175018,-0.29868949685918084
24.91015625,2.006384931101352,-3.4097972899586466,-3.632760525216335,-1.8698958507942334,0.43505476136052745
24.9140625,-0.1782077649118948,0.09539742728008266,1.6107779744864676,33.351405394892254,0.1689907447613419
24.91796875,-9.78334954400585,-0.2881830094882465,7.656549399998613,27.226380870451123,0.6255563178590449
24.921875,-0.10116629343664467,3.482078888393861,2.5126142084109833,29.156550026992726,0.015109794185902425
24.92578125,-4.531040186415589,-8.451687542009008,10.305004820856322,-12.387534199922644,-0.46611749823409354
24.9296875,2.6355878267719817,2.3963282871436262,3.435212646016584,-11.435982328560064,0.3634895990937811
24.93359375,0.823130993705153,2.4587853672372892,-1.6414101606549583,-0.8122173354335844,0.3274499806124141
24.9375,-4.108294664958561,1.3471939870398804,2.784395866747665,-23.59312928667373,-0.37655356348172964
24.94140625,-2.5561061001734413,4.310244338466337,-6.644808653855609,-28.36539331863696,0.08367080657983958
24.9453125,-1.4025827859436064,-5.756568125841748,4.228459223465424,-41.835404771954565,-0.7341967160818017
24.94921875,-10.719581708020916,1.9012285802844975,7.55718093147266,-3.440382514880576,-0.08129850345549376
24.953125,-3.1419137956535272,5.121561258706408,3.991607750410594,1.880350981393918,0.4268947965846214
24.95703125,3.366917186611564,-1.1262133143435273,0.2933842654808503,9.038360030896449,-0.04281559211517662
24.9609375,-0.7577858008953444,-5.552470161538588,-3.7027627519336392,-16.681747782452735,0.5195891518534376
24.96484375,-4.413487628164424,-0.7626281174798335,-6.468854880771531,-2.0509767833118033,0.15921047907418406
24.96875,5.146425863871359,0.48382349439580485,-7.007525441458864,28.304944777165975,1.2146602683672025
24.97265625,-3.93405211156779,-3.6181501086348167,-0.3018798212388192,-6.1100915413225145,0.22603615730354157
24.9765625,2.4619931723870887,0.47253795251749753,-5.373042018377513,6.761371388517793,0.7993991032155616
24.98046875,-0.357932723861066,2.1131917898976855,-3.1447439799655315,-15.021796113695075,0.5700798968331657
24.984375,-6.335013118821982,5.428692714665738,-7.376037221338064,-12.799291516596945,-0.3410464149535679
24.98828125,-7.671363346854955,0.20212308190194855,-4.886040730258708,5.557819698203609,0.30233260921694927
24.9921875,-1.918623979474695,-0.8495361201348252,1.3388671284004348,-3.7061684305476543,0.40808980575646464
24.99609375,-3.1688506682542568,4.355192668316672,-8.153487116017569,-29.647300383690784,-0.1700991438449677
