timestamp,Delta,Theta,Alpha,Beta,Gamma
0.0,-3.284966122237049,-0.8371748864482447,3.2217581898587584,-1.8045853301109713,-0.014661475677408975
0.00390625,-0.17015428500272484,2.3639134177184964,1.9883291776928174,6.477457938894436,-0.03864742358216567
0.0078125,-4.477275227733923,3.9198489633209497,-0.388632745324732,11.374392295587393,-0.055903916719984986
0.01171875,-0.09383727654065599,-2.5194672201830386,1.862324952621438,-7.561551719838747,0.12717879707870466
0.015625,-3.840482289896094,0.9001654484562384,5.415236177000356,-4.130121665070975,-0.4691371410151865
0.01953125,0.8263526005680752,-0.9081660397074922,1.5342417050242032,-8.803582340755277,0.15279110657444056
0.0234375,-4.976396979344624,2.645670230937083,2.344785849927054,1.268498437553613,-0.11757899432073028
0.02734375,2.82379029701377,-3.4217424918726005,-0.8102306543199911,-2.021310296538023,0.8469423574284349
0.03125,-0.43319104510066686,2.374796045398544,4.871244429706907,-2.784501906228066,-0.3239716225685568
0.03515625,-2.526352160820704,-3.4454834060695063,1.1881928543149889,17.191564421448,0.9492883392751621
0.0390625,2.4541355285489757,0.30807854011147207,0.4172078882026513,-5.60866878868578,0.31319016815289863
0.04296875,2.1468887028803594,-2.9003300274312815,-1.0815977896655196,-12.683839576642711,-0.1557200746377344
0.046875,-1.450897016793679,3.934323970428262,-2.4952993957341487,-9.752390601896849,-0.8616456934068483
0.05078125,-2.8974303397893584,-0.9918894324569867,0.3425422849206401,-8.782044987767936,-0.5717755693785086
0.0546875,-2.314006509831259,-0.8255378587287739,-3.7487341096482725,15.454970796084371,0.21046674847380142
0.05859375,5.129539335788833,-1.228143085178122,-1.8545077188707255,11.780182439613645,0.9587057904502407
0.0625,-8.215080175022587,0.2315660034996452,-2.35566941296467,1.1440585468039481,-0.23079925770953547
0.06640625,-1.508466041865879,2.4441335900584162,2.263003968531142,9.409685874330151,0.049109153023535794
0.0703125,3.9904857332787405,-0.31052939887663006,-3.0713556209391175,4.585666944882943,0.7657093070884871
0.07421875,-0.24327011121322947,0.6724197555073956,-3.479002762078595,2.9085298588501374,0.02493938286545805
0.078125,-5.156611284564427,3.2715299856045243,-2.379024789899958,-1.410754901521508,0.7803643359086542
0.08203125,2.137024022085709,-0.39557256307503375,-2.0704957838740743,-7.4005494206283355,0.1842303893001707
0.0859375,1.60714493843456,2.3042595005313844,-0.9053263789854477,-4.186344253731955,0.5650526419174534
0.08984375,3.947199205695035,-3.2501657160065767,-4.059452057871993,-5.07548851801268,-0.8702084788500997
0.09375,1.1382280460437604,2.845550127247054,-2.5602005310973075,-7.126581307930864,0.015161429287233309
0.09765625,-7.087336101548365,4.303932146405216,-0.8560763649882848,-1.448604874574544,0.10944761239451246
0.1015625,3.1841319570421245,1.0242075230436523,1.542705980587573,0.2995131544877534,0.19203888388935522
0.10546875,-3.024836121255803,-2.1776844812971285,1.959786963737164,2.7010746451656322,-1.2172570700627217
0.109375,5.356462844839332,-3.6347661092061943,-1.1331480228619235,-11.377053676322825,-0.17368495865895434
0.11328125,0.17152119489637818,2.4629611425758533,3.5205604928888894,-1.172641933532698,-0.921427172704816
0.1171875,4.901134932125534,1.391936079485655,1.6737562767361296,9.18396693658254,-0.31858815214709224
0.12109375,-3.096431682932329,5.444901809696658,0.08694329090965947,-1.7250949525921353,1.0174814815250088
0.125,-2.2151723054178705,-2.7570039244401374,0.4599198256064998,5.667071117011966,-0.7721175209348309
0.12890625,0.2738721515347839,-1.6414581507328467,1.3823699188056546,1.2742482830021267,0.8769014026224219
0.1328125,-4.973115698267254,1.4237505260737768,1.7507202102437143,8.369402785889424,-0.032290096710822946
0.13671875,5.73992973896405,5.086721549243917,2.3517962995788917,7.021709607787777,0.5034229533146898
0.140625,4.469944552714649,-3.1104694127064034,0.1924600140602909,-8.307228082685109,-0.4851563423138998
0.14453125,-7.575290485768657,1.4813789430096753,0.7539557624204233,-4.840374214019497,0.23536126307172553
0.1484375,4.669468813223037,-0.74411801317272,1.8254651008432816,-2.0890927810896676,-1.2412361684721664
0.15234375,-0.4178524774426257,-0.10963625502486227,-1.151587353547989,-10.96514233720331,-0.6338439494838436
0.15625,3.1235448939692336,-0.8046883317049209,2.8652158073302325,-20.398282291131345,-0.48834882323904166
0.16015625,6.799676083049716,2.7172834292398913,-2.1761533553813246,-4.232119811526067,0.6939252628531971
0.1640625,-2.9585155524938727,-2.719529637341892,0.6352576028421086,-6.45509646980339,0.08116869782556134
0.16796875,7.877994833893671,-2.189252698223841,-4.009300089549475,-1.9789903721131137,-0.7649829915597851
0.171875,-0.03013657713956431,-0.07062029719639495,-1.0703174060594254,-1.0264759811640247,0.2795559225140089
0.17578125,-1.019404300307934,6.432229851431656,-0.336031218842032,4.991213755643032,-0.10150987525534476
0.1796875,2.9400012623757905,-3.2804522397174987,-1.2939068363414195,-2.0720918602045915,1.0035035312690133
0.18359375,-5.090991922660462,-1.228510660848849,0.13039009607838792,12.969514335824737,-0.6652324768040254
0.1875,4.27987193271156,1.8600692671760135,1.7916706716796171,6.53994992026691,0.46922080731726107
0.19140625,3.4428420584416743,2.6401969334606457,-0.4798118062406407,4.6718132129245244,0.813736954617221
0.1953125,-0.30413321624063494,4.306832039063074,-1.1927934674671008,11.958521786023876,-0.2380543073692546
0.19921875,4.257243202210786,-1.2241412659451638,2.1487593439567867,-1.5286336261392348,0.21594002540152715
0.203125,4.427677872334004,-2.117872923474036,3.053467098383156,-17.315342556569085,-0.37740128149512614
0.20703125,1.7996146571502731,-2.016657076355337,2.764476645317768,-1.803856937309372,-0.4149837821687159
0.2109375,-10.169630488746584,2.2707741733106865,1.1779201932831487,-2.305398236784138,-0.8117762037235942
0.21484375,-1.6429922708022902,-5.777808338936987,6.546014689717718,-5.724451623826523,-0.6703025013196261
0.21875,2.1501396338898346,3.5307080956411445,0.16364958170796817,10.117677975963606,-0.46217672166343676
0.22265625,-2.3040032149877807,1.3823791834909929,2.453017789598947,-1.9898996145120114,-0.9159883841094913
0.2265625,1.512539888347269,-3.392455858688777,3.7025635171602165,6.811377060833819,0.25239639095472227
0.23046875,1.1590882309094916,0.8953589960066386,3.2961627063368395,13.578823799248596,-0.4783101882976257
0.234375,1.6677857685304829,-4.118257378861918,0.3959152796857668,9.88901947353489,0.20175196751067778
0.23828125,-0.698182696613197,-1.009757543525486,-1.3842900460846346,-0.30116131537319113,-0.7814528583307825
0.2421875,-0.17327522682875088,-3.0027168394647434,-2.7103216206618916,3.7199183410391896,0.4431431943072037
0.24609375,-0.028110683138570756,-0.43908405166266296,-1.4579964418675342,-1.2139215882239736,-0.2597216920059893
0.25,-2.0428796564485046,-1.1072630113593103,-0.1490802982058645,20.075508448181942,0.024327038276761047
0.25390625,-1.695958261899615,2.231093280560179,-0.6241585592350278,-9.064881516025855,0.02872901372717752
0.2578125,9.625888252586122,-2.4971667211939863,-0.7684136784601513,7.764825319242064,1.0243184837214834
0.26171875,-3.474178907587533,3.641143613578482,0.8978050951791865,-14.373913299042922,-0.205734343754709
0.265625,-0.5366041448742753,0.009562982223186026,-0.5759670651737444,-16.77729153569899,-0.9446855610308384
0.26953125,4.616775655488248,-2.6698132226275084,0.3311608993897255,-7.060317752496948,0.26769589920989106
0.2734375,-11.057976419823735,3.0711263847585446,-2.293745090911935,-9.043500960919548,-0.253313769935777
0.27734375,-5.3845900309680825,-1.4391448005273186,-4.557720413915183,-5.931300456059386,0.09668496616255388
0.28125,-1.9991218450692307,2.127163526189195,0.7816855988294342,13.987620798180991,-0.40680003850321345
0.28515625,-4.629899928685708,-3.8726063978186547,-2.60472734264087,8.305396657584442,0.13642366097823877
0.2890625,-2.734392656054324,-6.582584662873304,-1.5106898735989045,8.733377663555585,0.20101640226234413
0.29296875,4.5965436066290595,-0.3753469842532432,0.046322917601247515,9.623091971040232,-0.16449947366959491
0.296875,1.359667051530805,-0.19081048741074413,-1.0415356337102204,2.876326973886759,0.21420648432339623
0.30078125,0.646214727301669,5.0211793981676,1.7722790819606222,13.236947289183803,0.5011654451250251
0.3046875,1.7754341087081773,-0.738233149800656,-2.576504455290329,-4.1233977925273075,-0.2527078537815525
0.30859375,-1.0617509711153637,-3.370568881139551,2.6808542850076513,4.924992051093501,-0.4913196700251916
0.3125,2.107454613114688,0.33603330722537167,2.5012906557076957,-11.618748610822507,0.3787411271921928
0.31640625,7.1832477011935065,-1.327936923878214,-0.25834992681137026,-22.2827863995449,0.2753507931078549
0.3203125,0.14224669267347606,0.7895485653622644,0.9272389660182094,-3.1762758546917715,0.10280998732411728
0.32421875,-0.9840147939583783,2.123114951101556,2.4922518234052697,-8.153584583602866,0.16431706770267074
0.328125,-6.7334040657906336,0.005235364786147437,4.948034833824293,-4.235145257157345,-0.4422521115675047
0.33203125,2.5077643522777997,-3.8270048236855967,-0.8053159071871814,4.572250442100532,0.5836916197505057
0.3359375,-0.6784277061932784,3.775938082917412,4.475987033033516,-2.6338363350749843,0.4188846456912041
0.33984375,-3.1452074986314327,4.175465731813442,0.876250688101059,-3.7265619326541533,-0.1831176217766351
0.34375,4.373462841586716,4.778638102350693,4.2657518732914514,12.844833101647417,-0.42779256745371863
0.34765625,2.145745547848765,1.1171010994103203,0.8254637029434848,4.651771582812364,0.16595768427313518
0.3515625,-10.315241028907062,1.522141161594265,2.048408612130691,-1.8027201681633542,-0.496311173269977
0.35546875,-2.0262959987255442,-0.8884779241183522,-4.491901580223454,-10.235279606464996,0.24301438083397542
0.359375,-2.660637772507895,0.7842968418137546,-1.9015057449560846,-5.534733558113095,-0.1270882401913214
0.36328125,4.789871500019675,1.6955499807511294,-1.2447670716460562,7.657881798976848,-0.171653157907967
0.3671875,-5.838624196688144,-2.3303946326083342,-4.7121593888037285,-6.683478791948631,-0.9950235478703364
0.37109375,0.194308979473171,2.29346417167276,1.8925860379400021,6.543013555485535,-0.23296984038843263
0.375,0.7785980111161561,-2.3719811852319332,-0.5372319450988332,-1.1637669158087798,0.04918831319739496
0.37890625,4.31229821977933,5.97789628952562,3.544945686894218,7.693099291520839,0.03590006393909015
0.3828125,0.049997888631562085,-0.9749526778943708,-2.2343124858734216,-14.855434748051122,0.42874740169958536
0.38671875,1.3320478523266202,-0.16589343375253474,-0.13543611769192931,5.049753386544137,0.3990111116766216
0.390625,2.154499603587665,2.3668841167090013,-0.6545976945572503,-8.109272413048911,-1.0814401566160603
0.39453125,1.735591139625446,2.46467840250922,-0.23105764881190743,4.199166384937105,0.19460654121494897
0.3984375,-3.6453780921769012,4.5905621545300885,-0.5549657836007998,10.270257557908977,0.2580593053731121
0.40234375,3.394074538239841,-0.38763272442028407,-0.8274693860725659,8.330085818710028,-0.5354856133622143
0.40625,-1.402328567745875,0.3304425615233697,4.922315766001288,9.079366763634983,-0.30456736406506907
0.41015625,-0.7631976614131779,2.8520875078716315,-1.3912842273586783,-2.6664254959823825,0.25762873239921036
0.4140625,-0.4291448573846965,2.2641086314476127,4.549168297536472,7.2741137543474625,0.16154569090135423
0.41796875,-1.035524293652576,3.637282291796764,5.705510766486622,8.508280212015254,1.1222538907790038
0.421875,0.5372184667883105,0.7415161306525766,2.0599934657497787,-13.392538397520369,-0.39635351526452134
0.42578125,-6.041885906610707,3.472358241424124,3.7018465015495243,10.407727518178964,0.07205096680195652
0.4296875,3.6162881759916514,3.0890651899562487,1.7995381036686315,-6.323780140331259,0.6113571044361967
0.43359375,-4.089158442325134,-0.6740900701093895,-1.8091256282995083,-6.535345028635134,0.6647947115643034
0.4375,-1.3291037550654219,-0.049222914264979274,6.181660052109839,5.851271955258198,-0.8018056684027974
0.44140625,-0.4181453474054921,-1.1361318261236377,2.400531293934653,10.39822385178972,0.678805484608731
0.4453125,5.414716589573993,3.5707661146648433,-1.6871696686514075,-3.0071260676988607,0.3425330161918183
0.44921875,-2.198406552089563,-3.292093021933251,-1.2951092061171139,21.750911350510098,0.08759198720652389
0.453125,-9.106658655397265,1.68750130304254,1.5120068717137325,8.356669437833395,0.3807534248667619
0.45703125,-2.896357361279615,1.841120185573238,0.5072280931319375,4.04265546910489,0.5277655615550519
0.4609375,-2.5874830610530126,-6.520372512134827,0.5334318657577959,9.928948512222343,0.12471282790605619
0.46484375,-1.4381762603283113,-0.0762015449237356,-3.013254027187487,-3.3396983934184075,0.7790431850432762
0.46875,-5.773485761869459,4.006076607649984,-5.533164519233156,5.652586765408767,-0.1007828960462135
0.47265625,-3.505976403058914,-1.8868519967743276,-1.9407505162274303,-9.625388156510171,0.31338536039677556
0.4765625,-8.198713078640518,-3.60673219515109,-2.9151386271281807,7.275730384890132,-1.1958504592340762
0.48046875,-8.143756651333849,-0.017658083517271377,-1.2806509718688508,-0.5553440294359984,-0.04177381870694597
0.484375,2.6485780103723755,-3.528724171771865,0.0023259581945154206,-4.444071029405611,0.43374654559861764
0.48828125,-3.7011312434502575,-2.890247328419589,-0.2104334455571648,4.479853345078691,0.5308908249280545
0.4921875,-3.886612642141539,2.335530439801934,-3.4236978535596156,-10.834078987437291,-0.3961549379994556
0.49609375,-7.650698694826316,2.3440244877126997,1.2890939370853889,1.2434288982379291,1.0827982300975292
0.5,1.160308684937787,-0.46815595578692387,0.31305575403903657,-11.143263215387945,0.33396782418316123
0.50390625,-6.102479156865707,-2.3048908052886095,1.5317111850637841,4.801331833686952,-0.2480277336533542
0.5078125,3.780333167025863,3.689477223677482,0.2272268116524479,15.863185204288559,1.0630496222048011
0.51171875,-1.0305526003404875,3.117609659413316,-0.8231843849138765,-1.0602543114557808,-0.40073357367456264
0.515625,-1.2789283775439746,1.4733720457283785,0.061098658408563766,-1.0058190080110547,-0.03930002065588325
0.51953125,2.610194001445022,0.552487143566446,2.905877869988355,-4.409486755302312,-0.5720238431841752
0.5234375,2.450521606851861,-0.6150068359714334,-0.4851097385009777,7.300631356914513,-0.5961728544049428
0.52734375,2.7788753837292863,-0.511321953613401,1.8756888174192405,9.393961529065924,0.09785157140546939
0.53125,1.3448716155482379,7.043270240772635,3.5064225438565053,-2.9119133034772386,-0.44719893815406964
0.53515625,-1.053470392489168,2.312312570435859,0.8308603809215229,3.411412063319828,-0.7279931796161082
0.5390625,-4.164187731680183,0.047659359516917896,1.5305436139091706,-11.63740672505565,0.00880216202668562
0.54296875,-2.093655510658309,0.5779251685065103,-1.493001876176017,-2.7741197367052544,-0.21801037911230367
0.546875,0.8898107729092943,0.027252982110994806,-0.23619784473509575,-1.168136454428696,-1.262387229735325
0.55078125,1.796457827171435,0.08031146928919107,-2.434269733804128,-5.112167436587208,0.0812943517622349
0.5546875,-3.5281147622074696,3.812323683371809,1.7402789885659071,-3.899074472761944,-0.03278750962848445
0.55859375,1.8405130287946563,2.952324036831527,0.803849864889265,-3.3705426934097167,-0.37810340514267465
0.5625,3.479966930255184,-2.275980887772004,-3.351957911471011,-6.250011076620841,0.6492954949008168
0.56640625,-6.30585931802676,-3.0310645270710435,0.22092322103537687,7.7445324941331695,1.0459478601604688
0.5703125,-6.095306285832109,5.959213352646225,0.35930679806664956,6.8236221289213415,-1.3288203705736696
0.57421875,-3.727600766203501,0.3520604851715054,-6.763111834081036,2.5648947487027214,-0.1401736682091281
0.578125,4.607630288255631,0.20239578180338727,-2.2392465913008195,12.685550886375164,-0.6072745976423571
0.58203125,-4.3503899187110795,-1.3103963741960836,1.3122342529566786,1.8530329894167394,0.8979046027129406
0.5859375,0.912786323657283,-0.3285710535733282,-3.325441758027311,4.749195894913604,0.6446980280483549
0.58984375,5.378352427314447,2.439220520849727,0.4000752790348866,-6.1674201999018745,0.3716045811214096
0.59375,0.013909977953358688,1.4985566719226684,-2.0794856497281926,-9.77841983381698,-0.8312106908534873
0.59765625,-2.820083025024103,4.500779964476456,1.2517003385566696,-13.927097853086625,-0.023995673725182215
0.6015625,-4.0478645818874135,-2.9166327966314687,3.751420976003562,-1.9786382583504927,0.35344773003410795
0.60546875,3.830808941553863,1.0818165937013786,1.9895897162067455,-10.540921238285543,-0.5887048840945762
0.609375,-1.1448632607839646,0.4819481726102685,1.4772044380562486,-3.3137085784957985,-0.3126046376894264
0.61328125,2.91231119676404,0.385121643950066,-0.8880633180350002,-2.370589608288089,0.2703544886066932
0.6171875,0.8647456285453338,0.18242865240116587,2.391191322863019,13.389103396993296,-0.2959182663421323
0.62109375,-3.663749439769654,0.5565657216759312,2.7159772010555083,-5.411023060368882,0.9541110548582431
0.625,5.773195891806858,-4.307686138910881,1.6041310349195574,-2.613659814356369,0.18081211613968934
0.62890625,-4.467605322910434,0.5504140066169718,-0.5085568721554627,14.233167252036468,0.05461283487797874
0.6328125,4.965939225884741,3.040298125506425,2.4902950095268785,-0.23093587962945872,-0.06234407140755228
0.63671875,2.513403158407967,-3.145218167425158,1.5894657689765077,-12.97963250389254,0.22302536675057835
0.640625,6.7050916308724355,-7.520096616170298,0.8452539348461894,13.77944332336047,0.23981312647744485
0.64453125,6.927560398709601,-0.7775723640590966,2.798620626148945,9.013276349124343,-0.22972321909620314
0.6484375,-3.044353353993527,2.2371821155229843,2.0295891498823786,7.207594897549871,0.29157135141267204
0.65234375,1.165453550497367,0.0639622405358955,0.01580864709695126,5.84893343411129,-0.2944480686300974
0.65625,-6.027636570942638,4.716665025143041,-1.101941907689393,-14.62286650799288,-0.18579001878349008
0.66015625,2.9531348322737343,5.608222111484313,0.08902092852612065,2.0570755391893085,0.10730053627323517
0.6640625,8.362650767441409,2.263101882964716,1.6965418942212303,-9.938018626961815,-0.7919118822967309
0.66796875,-1.5086073182689255,-3.9005196489048126,0.29637941681594016,-1.1786486415976933,1.4789532717040188
0.671875,-4.819625299368189,-1.9542019041619896,0.9444784544120313,13.072978444432229,-0.3975659203535868
0.67578125,-0.3524605209953263,1.0108964485793765,-1.8689638575116014,9.622406936327042,0.465440072151655
0.6796875,-4.98424391204188,-1.9512966651988712,0.16606442835265645,20.151197026481512,0.0956485674109902
0.68359375,-2.2766233245905916,-2.1175446439707333,0.2299811310677362,7.874089844049167,-0.35806991724945375
0.6875,-0.9787745499933048,0.662785154857628,-3.8111693444332495,4.066336699797763,0.6580007452254436
0.69140625,-2.890825263711777,-1.3260220386216808,-1.2423657493785998,6.738276794701282,-0.3280288816688774
0.6953125,0.8320957139063944,-1.0285318091979971,-2.39139099879216,2.5562807514122596,-0.10815858269724671
0.69921875,3.949747433554085,5.358638436173866,2.2333307049676483,-8.179207608681521,0.045690514330692544
0.703125,4.942135883061807,2.465779103278418,2.5482405832984623,-1.1848722714803226,-0.17719422553295336
0.70703125,6.585917097789244,3.955311969762966,3.860353983866124,-10.014937685173663,0.017502374575857165
0.7109375,2.0792665451872407,0.004858137210889219,1.4468165921317977,-10.82988982624244,1.261784592256598
0.71484375,-0.6957956124252558,-4.146134070542179,1.351621235749012,4.855263483734394,-0.0685349066023455
0.71875,-5.411548669722016,0.19392056486103812,1.5889053756919376,-12.337441119083458,-1.031501612285274
0.72265625,4.465781477390009,-3.6654199713786166,2.0673915665419678,2.3817615995901718,-0.4947441992346646
0.7265625,3.175628105980023,0.6235563584589766,-0.4896074897971534,12.803527671108847,-0.2825772272354778
0.73046875,-2.0765789154769734,-0.0989326415882026,4.164984851437849,23.822921127765945,0.0454165435949193
0.734375,-0.10837101230335809,2.43347345802845,3.559043695540758,1.724931202873404,-0.5488445822472605
0.73828125,2.6531273413794367,0.7512819601853677,0.1999047919924679,15.033417142086714,-0.2312165784210198
0.7421875,-0.15619734662859142,2.35346274535611,1.5342918807057975,4.103033993503043,0.944380485318156
0.74609375,3.3928931860571776,2.7486144040754934,1.981893520754345,19.659085950614838,-0.5254649294936548
0.75,8.681184267069781,-1.0930486707386782,-2.027772244121591,7.5020063617483475,1.1020803393195502
0.75390625,-6.846479260242534,-2.810847862923044,-4.200113031059484,-5.397739591901136,0.10265099162248194
0.7578125,-2.01528565523844,-1.6121392451252718,-4.6666293398140715,-7.560412049738011,0.1369314677311383
0.76171875,-1.34214800378206,2.26786364408205,-2.121010625457894,-7.997300557202403,-0.02430489429345738
0.765625,2.766707760090423,-0.1314010794013556,-3.541479027905098,-2.332426101624625,0.6494116494262933
0.76953125,-5.344910265619892,0.5053701825413196,0.9973869692973079,-10.949563681422976,0.7083920095981656
0.7734375,-4.701563028377542,0.9080763781483765,2.348211412953597,0.8744441355228165,0.2834439167808769
0.77734375,1.6873303562090884,1.0538700095046163,-1.2412187391220249,-7.100348396308447,-0.2211472869933139
0.78125,-4.132719236910726,6.238861575340572,1.3157922064224812,-6.523403102241411,-0.23642970308281347
0.78515625,-2.0390506915318505,-0.04836395008133483,-4.944635520208333,12.371577417023232,-0.9632973134844187
0.7890625,2.9925923028803902,1.0621883430057104,-4.390745189105472,3.9655582260741298,0.8325678916108878
0.79296875,-2.2387275427093027,-0.3501815141678268,0.1270242100356348,-5.064700241081829,0.6102348057350452
0.796875,-6.7184879364682795,3.8649037550190117,-4.798108500012533,4.646654576373034,-0.6035644015066531
0.80078125,-2.5360303869405065,-2.432763239965019,-0.5262252447820737,-2.0685029398004424,0.7588628141143929
0.8046875,1.2576113099161508,0.7852345677358297,0.6825306040146347,1.0795327308151412,0.17267547618006313
0.80859375,2.2848308582774988,2.155730090284786,2.185373611287787,-9.58301236439607,-0.5663521807175474
0.8125,2.7719164528590086,-1.5524677324969733,-6.4272925269412635,-8.352537693446347,-0.7161476105053893
0.81640625,0.9355116943413484,1.1876984225603873,5.1751925447000175,0.41453642261508694,-0.214469525091779
0.8203125,-1.5890768039878633,-1.9404038177314145,0.49603692776147734,0.5842495990853802,-0.7388052099236723
0.82421875,2.6979866541542306,-0.025365939940273075,2.893199789239739,-8.490853309445999,0.2354884219594081
0.828125,5.548389537558255,-0.6927760933484355,1.7856951065189453,-6.636414484428622,0.06326949906435252
0.83203125,0.1558971651615473,-0.7229350227946734,1.120157239464843,5.299440185524565,0.06860017832345693
0.8359375,6.237900143891656,-2.415385458642767,-1.73090364631584,-0.998700572840141,0.20661768467501235
0.83984375,5.362853348875183,4.822594875735108,-0.8296890299359934,12.606609880993862,-0.6063681101971095
0.84375,8.158356435607336,-1.915105820706963,5.644621914210196,-3.410442698346448,-0.1226842885905728
0.84765625,-5.2917037039111685,2.964976327842716,1.1513279478052345,7.639449444768254,-0.7065622847938683
0.8515625,4.955948394019954,1.9496097198047115,0.14419592035523016,-4.115421321909149,-0.41300554750661034
0.85546875,1.9869901172270443,-2.1548400269806,-2.653781970597449,1.323957819439185,0.11095171327839744
0.859375,-1.2198059662472183,-3.0604741260653805,0.2013108426510828,10.123383097847425,-0.04648430911014963
0.86328125,5.724034869673551,-3.986145141686213,2.1370458032715662,1.9506204393539086,0.17049640165427274
0.8671875,0.7837295918855931,3.367982764606764,-4.844402987751978,4.450243124732173,0.6334407419656024
0.87109375,-1.5195359595695686,-2.9592240705826693,-0.2927120011094908,3.6012663231843014,-0.2360852027022429
0.875,3.25873615214931,1.0739853022352288,-1.0125516891761022,4.288822361031267,-0.5514877541960342
0.87890625,-1.3367901073191004,2.604396376235753,-0.2939932367704938,0.2286168449003645,0.6045830279711936
0.8828125,-5.670205452663224,-1.0744794867615473,1.9972807661835463,1.6989666795585197,0.48749402149820864
0.88671875,4.19774066048251,0.7741688837732539,-2.8566082796109,-1.3867360055075253,0.2774181945907129
0.890625,-10.425697743247545,2.9307899850025834,-0.8269286463026854,-2.394909650320064,0.7424098434444718
0.89453125,2.9698452805509663,-0.007729298525053997,-3.1777145776798035,16.50561830065425,-0.1455360479970998
0.8984375,1.165522248499614,4.960831040933845,3.931366907068057,17.657687034887488,0.24633091046598327
0.90234375,6.271720808736329,1.8596540427052828,-2.4202093838874226,8.296359150925664,0.01238192661272826
0.90625,-1.0051578534196235,-2.134664706032371,-1.7045196741394302,15.539153692466641,-0.251127381522222
0.91015625,-6.134267668672413,1.4254031743018127,-0.48630673465347507,3.1020210240213792,-0.5843240315816765
0.9140625,3.097238289215902,-6.227269981951971,1.1297024574615024,10.162195913719966,-0.05189656663067668
0.91796875,3.4022701100373416,4.706784384054564,1.8061216030324583,-4.786399242424466,-0.12743827242070233
0.921875,2.586072503596829,-0.3735229232747261,2.7135887375653267,2.1131393299451844,-0.7139609311838722
0.92578125,4.123854824482079,-1.4199455292799907,0.5335771824061688,-17.80339541653273,0.025938829336262813
0.9296875,-1.3106423231316726,5.235688466267045,-0.813828052936536,5.310468577863184,0.02460449819913303
0.93359375,2.28408196379821,0.9306566743916762,2.4339478400078534,1.2689020592174476,0.544852221051802
0.9375,7.890879662615219,-4.35369438434569,-0.8602831350180835,-11.162721541758886,0.362163451567111
0.94140625,2.977225502501023,0.6145470549096534,0.9461551940045737,-2.78957862641892,-0.48799094435038876
0.9453125,-2.0250710759291843,-1.8142473350536834,-0.5053540224553348,4.795192942236322,0.06245777219998139
0.94921875,2.661926894307953,-1.0015996009920012,-1.7433792838983186,0.19374668540926399,0.7807264503310436
0.953125,0.2625054023799372,-0.06405206399069636,-1.9891731282313572,7.689150413553593,-0.724541445652317
0.95703125,6.157356555723799,-6.355004251184949,-0.247824770378468,8.822940571298508,-0.26527496466527223
0.9609375,0.5034670699858856,-2.817899580594395,1.9559755976267899,10.632261357472265,-0.16986722317138872
0.96484375,-1.4474632089694417,-1.6854384292968065,-4.634915210271371,8.339708214951463,0.5321335574662552
0.96875,-3.5332649507385474,1.1888713241974447,0.10426694894915034,2.8086041444688643,-0.029424256980167214
0.97265625,-8.990900514856786,4.282999901160258,-2.4240961307595756,-5.436491274272595,0.940419562009634
0.9765625,4.443711987059349,-2.069482502504079,-4.011679489212742,-18.62218867152104,-0.4231061024394511
0.98046875,5.897830244148886,-0.3750077454841585,-1.761984444065893,3.387378978439137,-0.12915305954508535
0.984375,1.0213527497099977,-5.008731023526854,-1.8506368044064443,-12.423852696581452,-0.2097000425338877
0.98828125,-2.390831906603119,2.271698789699695,-0.5313481305068821,-5.636291320237854,-0.3533970128852875
0.9921875,-1.0472047499406294,-2.466761638809065,2.5296878825149713,13.749057246577795,0.15917245389665904
0.99609375,1.0437921836379085,5.5924938138099884,-0.34027422751646996,-11.096315143408,-0.04532664623059352
1.0,-8.458477489486398,-2.770343699885341,-4.678040891799729,0.17405897978742874,-0.3748703824049867
1.00390625,0.28146023778938917,-2.637242111756574,-0.510919462774511,-19.000504863301373,-0.04857136086128515
1.0078125,-1.5954900070352684,2.2399343965909195,1.8082434689382885,9.048979188089724,-0.6716447880742508
1.01171875,-4.382375189897292,0.43493855189082964,-2.1625614106793436,0.5420752580600778,0.20758167945699085
1.015625,5.017597773607045,6.695316351057155,1.36791434913966,6.983944390909594,0.536252417439042
1.01953125,6.922102494960206,0.8473500255334813,0.7421399438144263,-2.485585265963091,0.508481807328234
1.0234375,2.6156570063554785,1.713843194822454,1.0536111476572456,2.39830674733678,0.13120351728681914
1.02734375,7.2918271598493485,-2.013046687118851,0.3996304625654976,3.932310568319633,-0.11112224752504035
1.03125,1.2209411021978411,1.5390480779556062,1.1217436743966345,8.960411832411216,-0.15989583281729747
1.03515625,-4.194391866387889,0.743186320796541,4.296419459546468,-5.969739793697423,-0.06891660327916484
1.0390625,2.0046958459356405,3.6191381695286893,-1.3852610721754193,-6.6564322336793555,-0.24650148869092622
1.04296875,-5.56041463278625,2.859525821113936,4.799422507957716,-9.609541833233974,0.26950290289145135
1.046875,0.6594748670278857,3.8728053241099913,2.4129256145161055,-5.90018743652624,-0.31781419712624837
1.05078125,-6.115902610253575,-0.9437924743468696,1.245260299883494,2.954059913791842,-0.3863708271553821
1.0546875,1.8767894029684118,0.29263953093749223,-0.5607938848748775,-10.405500166725993,0.43818112135291293
1.05859375,0.8442934280159283,-3.027695338367179,0.36413311458343056,5.318190125435102,-0.08741574383342508
1.0625,-1.4213171746953333,-3.1919069906229374,0.9121808534113045,0.9818641296401833,-0.11968863254598593
1.06640625,2.1721806653712923,0.6913573963763365,-0.7029148994482404,7.91472787171517,0.5876009531859109
1.0703125,0.8659215787381627,2.2551469485019497,-3.059965890808191,4.066825190657069,0.08335050534961791
1.07421875,1.9557207832110308,0.6975382733403053,-2.626797473860535,8.73659666736743,-0.18133014523238414
1.078125,-0.748510692022445,-0.8556844865423355,-2.458620550128184,2.458899893043701,-0.07552175059288772
1.08203125,-7.97872181838049,-1.4846865040801127,0.8450967287920315,-2.229346580715379,-0.40350761561876736
1.0859375,2.8608984137114306,-0.4344177003961731,-2.457956793411496,-2.515200194801399,0.5591031437444447
1.08984375,-2.4618441253599164,-2.2446989928412324,1.168811033567392,-0.5817085703198437,-0.15123136094198458
1.09375,-1.5735750491326146,1.6219831708656511,-0.02026556230180432,-6.499496745625851,-0.01948320733806855
1.09765625,2.628092042131077,6.442440501114087,-0.0016187463363072363,-1.8955222878286433,-0.16965034487731134
1.1015625,5.278165730039999,0.3072972297993176,-1.6677877932038772,8.097383116323533,-0.2224665076055085
1.10546875,-2.811675164003132,5.668704014142363,2.3003412725119694,11.963362362075085,0.4107555542144165
1.109375,1.9189460387216473,1.2252942493943522,4.034019115610314,-13.422420996917477,0.2509941540896676
1.11328125,-3.0010624460160615,-3.1561718199321676,-0.1658083463276352,1.5974328961537563,-0.12981156821336423
1.1171875,-1.6015419930109298,3.8989343840512825,0.27852106239361407,10.353278043009372,-0.9506078164699009
1.12109375,-3.9211933682637796,0.6160391199836903,3.330482102802052,7.831148060107648,0.10896396306659237
1.125,-5.888388698428937,3.1246417972419653,-0.3991218497696931,-1.1813050602998603,0.41466329560970117
1.12890625,0.9166286395389999,-0.2290687196742015,1.3104840763805263,-1.6039736943800431,0.14774435538961223
1.1328125,-4.856563385000107,2.206337143388268,0.8647374447440672,-2.32647259769763,0.1607725883120053
1.13671875,2.915700805230457,1.8037435761236225,1.76205031811035,-6.17643406519562,-0.10509273504268411
1.140625,0.06886208539412512,0.990587064548504,0.5503492858802594,1.3874495508024176,-0.3070529809614197
1.14453125,-4.490307982392877,1.535311235366244,-1.4906926992706968,3.4264998330182865,0.46773251126345916
1.1484375,0.4728455250322612,3.4403644468829473,-0.9343688438559445,-8.431887364612528,-0.25785818797368265
1.15234375,-2.3889947441361485,-2.178414849678541,2.2235106935779294,-2.108026015307881,-0.20372729597328204
1.15625,-0.06960846465086495,-0.9943699927835558,0.7358147131199173,2.000313724184207,0.994416131042659
1.16015625,1.8498848616610162,1.5580184606823626,-3.2176353648021294,2.214833307423686,0.07898675378843369
1.1640625,-2.679915808803063,5.844761159390436,-0.5985803223505863,0.13159705797680443,0.04285287606967209
1.16796875,1.6088321521112132,-1.1956479662641324,-1.436957952798786,-2.665999231010105,-0.10975977585970628
1.171875,-0.577890017558171,2.409835192114151,-0.45715609189839723,8.210324494259151,-0.47348525283495096
1.17578125,-1.475576092883272,-5.329748364451886,1.5852173463793815,-9.550395232934843,-0.6422226192639127
1.1796875,1.6106038660053172,-5.184132765605903,-0.6333779465537278,13.337437255707236,-1.4272123545455828
1.18359375,5.133595849739562,0.9726370366961181,-3.9284416399762687,-3.89197094058067,0.3366763947818244
1.1875,4.943416372999636,3.223310697989799,-1.9236042723734166,-1.0366186134062945,0.1443285142983736
1.19140625,-3.440298484352829,3.083108332028127,-4.902613092067344,7.212629039358781,0.01953065175891296
1.1953125,-6.448609753193616,0.17688440667515087,-1.5818249081755065,3.024666501576255,-0.2253435480237832
1.19921875,10.406903190092807,0.7135038534466209,-0.7066891219072742,2.5406988927163177,0.11536666600851711
1.203125,4.478502736759852,0.1999925922987255,-1.7317936045093874,3.895432526656135,0.19394809292333615
1.20703125,-1.0015376309877693,2.2679599600709945,4.395009891584498,-16.850651750481408,0.13349043996713317
1.2109375,-0.35803770774666405,4.808845225660978,0.47951736802186523,-3.2134863075648963,0.11612323825283226
1.21484375,-1.565109925715857,-3.279823442441197,1.1481019004491189,5.107003228990969,0.34666355963585543
1.21875,2.2173919215261986,2.9076191758354315,0.778462859460308,-13.826051651455568,0.427422695186258
1.22265625,-0.8405578752331206,5.94884919295809,2.111423326695354,3.2746858275253787,0.08185721911277419
1.2265625,-4.726928543120535,-3.9336468785177203,1.6917712364862518,13.113085145593473,0.39166221006515417
1.23046875,6.389128680960936,-4.3700529052023365,2.01879573895227,11.20102570177201,0.5097603426398732
1.234375,-1.1334332264590001,-0.7321137570719403,1.3757010409076262,16.578596581985103,0.05308796933743282
1.23828125,4.998610450366556,-0.7875351422256783,3.034341516526715,11.558874817284732,-0.40373351266510965
1.2421875,1.5216461026826407,-3.56058425792256,-0.80351334931026,11.876846841924415,-0.7056910470797695
1.24609375,-0.5050392024678053,3.828278098051702,-3.273965638319346,8.650054175525213,-0.02894307665287699
1.25,-4.1058892744596145,-4.319814059041764,-1.8655826571869782,5.016970131008475,-0.4577847397713736
1.25390625,-7.513874463810251,-4.983732169734324,-0.761806470837499,-8.148410048181201,-0.5579393397527879
1.2578125,-6.707842572444004,4.17187100546715,0.9622863268053115,-25.573467083260258,-0.39390568315973984
1.26171875,1.6017054608258396,1.4537206024232965,-2.3910175193172427,0.8381805355215359,-0.5364962145505714
1.265625,-4.617959902056991,2.045069187943857,-0.5085909666166202,-12.95977971487276,0.6773710616090292
1.26953125,-2.1672594974305786,-0.3660077398145454,-4.1717184918981545,2.0299033876226575,0.32067278247960807
1.2734375,7.514927558911588,-1.607258353165963,-2.0273812007543315,-4.607628609376512,0.029893334601356212
1.27734375,-1.780862124973344,-4.042520319696833,0.9250989732815391,-7.8012167549212945,-0.4632540447098426
1.28125,2.022954636431435,8.208954671247245,-1.087683306110352,1.9594270470575093,-0.5091369717639335
1.28515625,0.10939478094980364,1.5132794641031024,-0.7311332374343161,-0.5872742121539405,-0.12060823978590335
1.2890625,-5.182989368029248,-1.3080885351235678,-3.904488299849372,14.67928275655197,0.5313255916474321
1.29296875,-2.267825720214526,6.562105121708186,-4.237365982079997,23.61009603699253,0.05765763842739233
1.296875,-2.173638862910693,1.2279557452898986,-0.5759648415541624,5.906997660251023,-0.18142044794502193
1.30078125,-4.4566908267382095,0.8493148571592339,-1.2281685659304376,4.940724585373367,-0.6631636051494619
1.3046875,2.694543383880564,-4.86429980665418,-0.42642223194632023,-8.5828871379139,-0.4214442899157763
1.30859375,-0.5706524654979593,1.7550314790582746,-2.9902010646769237,0.9254866030016942,-0.9061132316124335
1.3125,2.740627186826369,0.26073377905606726,-0.34130475926146375,5.659284025314292,-0.08183210088221954
1.31640625,-2.493390497428779,5.125705536325133,2.8793700006633633,-4.507263786850456,-0.8590793062866842
1.3203125,3.516825116930455,2.57928648778718,4.262256336977099,-9.08712039367223,-0.10794574336622785
1.32421875,7.689183545765839,2.5006971344471185,-2.5625085594262673,-25.00869386240825,0.09294555232240698
1.328125,4.731638128266115,0.7714561048659196,-0.927866501034678,-3.0288074112396495,0.17589814497932793
1.33203125,5.744020618963341,-0.07717836282261667,1.1720180127571274,-2.0891388248225184,0.7046356253282369
1.3359375,5.708141781499457,-0.24654387096561522,-0.7722619268711703,-8.169431635979048,-0.013636761129331473
1.33984375,-2.860001426109475,2.639182167422989,-1.5262891723840273,3.2317488259634133,0.835078562883303
1.34375,-0.3015938100033244,5.235564211028153,-2.6323061575780393,10.600525986395542,-0.020756295741751928
1.34765625,2.7806274213920186,-0.47582798907792667,-0.1573835681439284,0.9335025224360161,0.5971971580540184
1.3515625,-1.2427188969550564,-2.2555903159938095,1.756472773603067,5.478275078780212,-0.6517841010620993
1.35546875,-8.086158271525344,4.120231372572137,-0.7111919166290668,21.668154703058512,0.048443167784572964
1.359375,0.39475295981316927,-1.4579380763748804,0.6329151130510364,5.308650897162696,0.057427473276559615
1.36328125,2.090772994446262,-4.577858793640928,-0.45443053857423765,6.541743708734895,0.6667554483539643
1.3671875,1.53457123170281,-0.15930418056413137,-3.0224067079918466,0.7790775746914873,-0.056098143228832116
1.37109375,1.506748145980727,1.4177679839215305,-1.5525121566899973,-3.161380775777855,-0.5273286392969365
1.375,3.5531504622863053,-1.474756296645764,-5.417408082473257,-11.506461505546447,0.9739374211684665
1.37890625,7.995114144375846,-4.503279610232399,0.4407860093800644,-6.282203790330021,0.1432765966078356
1.3828125,-6.327395902390602,-0.8967241984863382,-2.3793132081557578,-7.51761903117835,-0.47986734361872574
1.38671875,5.760904937304553,-2.4837441116746297,-0.19880679948739854,-3.2765250494915876,-0.6045958838446484
1.390625,-1.742151204585822,-0.3553591275821155,-2.3460762080679047,8.542766365431367,0.19789442470455884
1.39453125,-2.6414775613428034,-0.6492489908556085,-2.1743549052317253,0.26257989008033356,-0.5238753323167922
1.3984375,-4.971629963699079,-1.457579534302944,0.6626166760719688,3.436398279033348,0.24491531568824917
1.40234375,4.372018236270906,1.6191053290995072,2.2066795916169717,15.723460275890075,0.028203861493200828
1.40625,-4.347382663031377,-0.7010177494920677,1.2799374707613977,-2.019451151269048,-0.29264831704681316
1.41015625,-4.752407305547785,-0.928858153840038,1.0031477862078506,6.922316644351525,0.14357973296270815
1.4140625,0.5583633739515432,-0.9640969617947267,2.2687412274106826,-7.45665666321662,0.8492603118791748
1.41796875,-4.899973586897656,-0.2578521664743493,2.7208336074532293,-15.021968025904943,-0.3228404911770506
1.421875,-3.5720383825652253,4.483452500919787,2.800400853341152,-11.145008366041667,-0.04060689915588958
1.42578125,2.9026489435585057,3.6668422504473783,-1.0388180611734263,-8.275155350772682,0.12862497789507477
1.4296875,-5.229824409432169,-1.4854526550408236,0.9208133256752753,1.4517205432150915,0.6656892942804961
1.43359375,0.30553587207284305,0.23617097820906044,-2.8086197393099948,-10.032695262064042,-0.41608673600965934
1.4375,-4.546728416294094,1.3297970751442987,-1.3150680604345493,-10.376912788910708,0.6160280384769237
1.44140625,2.7221125124800127,-0.7103353841163197,-0.33472463789481677,-0.49795874002688145,0.6405937923616986
1.4453125,4.387138043090207,2.764850703991265,-1.9991904510021574,10.361429457117277,-0.0010301213549615761
1.44921875,6.132146787408916,1.4782842185895042,-0.36817569977034553,12.197720446860208,-0.30412906110921634
1.453125,-0.49956429278597553,0.9520125770351577,-1.0846581335810066,12.578969066731535,-0.25011545995337947
1.45703125,2.7228293854906016,-2.816134573420048,-1.1484685772926932,11.787590429012553,-0.5518295123725031
1.4609375,-1.5152266275705089,2.7738134054464574,1.785720787275595,24.11898168439066,-0.45674437736750956
1.46484375,0.6963384918495211,-5.117737802563191,-1.3417061430304287,8.189767137789298,-0.17209271243372978
1.46875,4.869531507555016,-0.7615239283605334,-1.5305050315637863,8.036721516776819,0.329995107696199
1.47265625,0.15971030135063682,-1.9731130925629108,-3.24854050270629,2.2424129341451926,0.5208184509594661
1.4765625,-4.37971450647652,1.216169425601191,-1.908146815869103,-4.830713288792878,0.13397175009878062
1.48046875,-1.4588811490118538,2.3493023811814018,0.5741240191799974,-5.672909545315972,0.36424939822147584
1.484375,-2.569315561525241,0.29664691979251545,-3.354057113921092,-32.29277187029219,0.27664222229891483
1.48828125,5.327942895635786,-2.975165066139122,1.7739983888761315,7.88332687211837,-0.6353856932082657
1.4921875,1.4529535520529593,-6.885509159611466,0.2345012586812435,-23.01885162991757,0.40750032530637204
1.49609375,1.4993683503979387,-1.5834809306596211,-0.5935709297026929,-16.650704707135922,-1.278698631784284
1.5,-1.9560414256002867,2.8109463625423587,-0.8485373181183782,-0.5954561705497715,-0.09514699222962503
1.50390625,5.111494653803705,-1.3005192612185534,0.8625083570466617,-8.965128733562134,0.012883617020639013
1.5078125,2.5775728527298125,3.8645882833362863,1.4651970452785785,-5.841536576514095,0.7869001516130238
1.51171875,0.650042744060362,1.0464075252654306,-1.1303358560367438,9.827293873049125,0.14088944507010687
1.515625,-2.027587391799814,-0.5874518320359914,-0.09764871339294823,8.544087637028804,-0.20166077791334674
1.51953125,4.028412626509912,2.068158916009239,2.3711683459003368,3.68665730960206,-0.467246230612093
1.5234375,4.245764454426145,-1.8931913112135854,4.330662296193119,-4.2238078379216795,-0.3541757413512367
1.52734375,-2.59400737914545,-1.5034731602478282,8.401762607556401,-2.489563085279525,-0.05937289258400061
1.53125,7.787686418175133,-1.8949684509782072,3.049069937885207,5.356104329653547,-0.6330059887565369
1.53515625,4.896808972553345,-0.15365599510649486,7.2844066692877,-6.043775695231739,0.34434874583127334
1.5390625,0.0985734564833703,-0.39288521906931506,-0.1778410461315173,-17.332652502569914,0.00795797060472631
1.54296875,-3.1812024114101916,-1.1465153791379092,4.3062078124583865,5.088578792961977,-0.39197434416587096
1.546875,-1.7623703466959668,-1.2666656226671722,-3.8235683321290317,-0.24157862297003074,0.5851916202295951
1.55078125,2.1989268521820367,6.269435662055579,-4.202037448577303,-1.2668049870176463,-1.0063198937487254
1.5546875,-1.1443179244977277,3.959597932655693,1.425826303174463,-6.447974752798048,-0.3488265441317269
1.55859375,-9.572836622361205,5.002394758515382,0.4556033654718168,11.388959788757898,0.7880807516333296
1.5625,8.07460724365564,0.6886947817325211,-1.3722745531130571,-0.4431482589511573,-0.1620346577217109
1.56640625,-0.7031569582380204,-1.5027872053472917,-2.0422332140959116,11.159040033841793,0.5265171055701282
1.5703125,-1.0586905982948283,4.980690732624414,-3.5759855766330197,5.158148503062364,-0.7372311092709337
1.57421875,-7.923444370450503,-2.8015770866573027,1.018997358348584,5.6132729535581545,0.08851348992958447
1.578125,-3.072673063568545,-5.234757514823143,-0.9858022014379855,4.9135524731492906,0.9740578791427369
1.58203125,0.622995992649982,1.7115754739257887,-2.5209070725739777,6.1178944626344,-0.403077130255955
1.5859375,0.4960641411137126,1.405914494419695,-0.9113783977393439,-7.384106572795311,-0.060542501492888215
1.58984375,0.5941894501159897,0.8721353240429957,1.7617687887817988,-17.931137671290813,-0.847810993627701
1.59375,-1.180507956782304,5.954911061776223,-0.37786825544597935,-2.899729351780297,-0.485127320619387
1.59765625,-0.5341170393985712,0.9288733683421879,-4.0181617064529265,-4.899530838784081,0.28622037684816487
1.6015625,-6.3236759549984125,-6.358394547575903,0.4810280075206663,2.072139630854238,0.5383793254122656
1.60546875,0.7081232255822338,2.118929741918337,3.230080508742911,-0.4598263019565132,0.3597374498415548
1.609375,-2.8205434951196833,0.5634806437636636,3.5243651330352233,8.741273513745293,-0.36756151326120373
1.61328125,1.5356286579724165,-3.7893729618526883,1.6994532682301489,15.451528244100173,-0.7830016120259627
1.6171875,-1.8224574052144473,-2.1427715683892914,0.05398368723353664,6.433166568974712,0.2831760454156444
1.62109375,1.8882642693030751,-2.513659774052081,1.9709747105786195,4.228470132047293,0.33228690182365733
1.625,-2.0241268278370175,-4.197051845912331,-1.9066562009992882,15.31045727548797,-0.0017947377034285604
1.62890625,4.463997446554586,2.135083571540193,3.774086071585379,25.42375004056096,0.2515671799007121
1.6328125,-6.11377044136393,-1.2767141715939438,4.705314094071183,8.104488112778576,0.774214529731569
1.63671875,6.045563490559187,2.6287540527285187,3.6412015279431102,2.7008186806934007,-1.3004571281910038
1.640625,-4.438916486164924,-1.6624701013392642,4.047880294459606,-6.405064401521725,-0.35422908081102383
1.64453125,-3.341050945023696,-2.415412093895832,-1.9358380131592756,12.089648136162271,-0.492296053949634
1.6484375,-2.360500637932972,-0.8545298463183623,-0.43345678627451895,-12.575746392607998,-0.29973341200001935
1.65234375,0.8079004763944252,-2.43019197846826,-1.7692117959954063,4.75658917133948,-0.02647236201741867
1.65625,1.011222897964769,1.751669904942168,-0.309275858732274,-13.486273619391785,0.5957708817492093
1.66015625,-3.243391655595209,-0.04333348470923101,-0.340240104161478,-4.688570317473266,-0.3367121003058326
1.6640625,2.5498368367505937,1.2209688510577106,-1.7938102920087409,-5.842027474403596,0.4305963788248809
1.66796875,-2.391991243463965,1.1654169561034082,1.0358174513636933,-10.337358277110555,-0.0059864697660003555
1.671875,-1.946632025863259,1.6246273316208488,1.5946998917294108,10.260187088755067,-0.326999956828707
1.67578125,4.8086171252207945,0.23022814190894472,-0.4250586192850867,-1.8205648465843547,0.43445867166132607
1.6796875,-0.33218553200650547,4.933786486497633,-1.7301349339199068,8.4348713548889,-0.7073326955483462
1.68359375,-3.7967300785711164,-4.531976911428515,-1.5842654505365938,6.980899739775458,0.1386602392143327
1.6875,4.222902071306668,0.15078526517850688,-0.5050861342899797,-2.3749670922467434,-0.321249466077751
1.69140625,-7.17130285061004,-0.7663343924060477,-1.6105350133190224,6.509447113285323,0.45418873932895265
1.6953125,0.864679515306694,6.339595305644085,2.780454496602255,-11.401182693117905,0.6693050320755142
1.69921875,-2.348509360177157,-2.275188648799308,-1.856112687086895,-11.893719419561954,-0.31351228321803193
1.703125,-6.799873553733095,4.615329216574436,1.5976232714627912,-16.472043188092584,0.34829742239945555
1.70703125,-4.349681775847681,-3.3887733402913716,0.7560380019519514,1.5508969804721868,0.056024760312010514
1.7109375,0.5634288828658456,4.091321342278395,0.38400859073263216,-10.855904241446336,0.24596728504058954
1.71484375,5.171049764681799,0.013524876321389361,1.9359434976217709,1.6407893126544355,0.3006748393402817
1.71875,-2.2534930642166926,0.9867979268996045,-0.4845378456383105,-2.881933338706692,0.6536939074892387
1.72265625,7.688189884396399,-3.7559629835209183,-0.47574425249387864,-8.01113085688462,0.49364295114036266
1.7265625,-2.293795702883311,-4.099113134051283,3.0422456569768057,7.308382007435821,0.27984790846422597
1.73046875,3.3228203450233,1.9785901899550702,3.27248612488722,13.601776197010176,0.15177404760120566
1.734375,-3.147272262666032,2.182959526699611,-0.8703901178425619,6.3365405437181295,1.0043852774433184
1.73828125,-1.0131208775703489,2.4851962349675047,2.9177241853554814,3.801243160575871,0.5907966919969011
1.7421875,-2.4048631644722946,-2.232947939009621,1.4931712152491023,3.383639082923464,-1.4467091734787645
1.74609375,-4.7291535041476385,-0.9374318502289658,-1.7569881985813292,-9.499890108307559,-0.04439938333715866
1.75,1.6224463847992487,-2.7553705425069372,-1.9151009341670586,-8.12070524476318,-0.36009152050634974
1.75390625,-1.66559053664151,5.611283278610754,2.213999349862474,5.0440295321602004,-0.03861985434943718
1.7578125,3.86910016627798,1.2701745344366744,-1.2608946693863268,-6.684031034407086,0.2618098799154426
1.76171875,6.733980623730364,-2.851143163149335,-4.585506838966758,0.30117081878632934,-0.8297536623262591
1.765625,8.692667249602453,2.433555060667275,-1.7654393248730482,-0.26143993018875555,-0.6392676566836047
1.76953125,6.686072014728847,-0.6589787604603291,-0.9337866012096443,10.640077753565041,-0.17550021046533232
1.7734375,-0.4465195384245256,-3.023606121174355,-1.369924893263221,-4.7306327972204,0.20242929048447203
1.77734375,-1.829992829582709,-2.661257184098072,0.8710088382222059,-9.279212102338988,0.5806816882099174
1.78125,-3.3898348219989467,-1.9284825514656951,-3.701170406116061,-0.9682111226928867,-0.2613756575020108
1.78515625,-2.019282303990436,-2.9282588317970033,-0.05014694273731557,9.50375963971126,0.9968360881153269
1.7890625,-7.076847045125424,2.2885448712145786,0.6757583039391017,3.8126296291022186,-0.41697059168847234
1.79296875,-1.5765890713631139,1.825964607519834,1.9019369767361844,23.081447128234853,0.7764030283211631
1.796875,-4.412248661344262,-2.351817741401916,-2.0492454539903524,-3.228947896176643,-0.6432093280989588
1.80078125,2.7018517389319987,-5.224235250497388,-1.2597332229520504,-1.058097569979302,-0.9141383514820932
1.8046875,5.148124350479187,-5.035546868522628,1.5762815785201445,14.183946843059523,0.10461164438894827
1.80859375,1.4814979247351168,1.9494307500518226,-0.7748259409603979,-5.176383174607954,-0.10739850155840333
1.8125,-0.3494829664998684,-4.611744792944979,-0.6966132621476464,-9.772642319164486,0.7224042237009537
1.81640625,0.5403533732035847,1.2000702653320605,4.054979269178535,13.6014880758424,0.6595897669229845
1.8203125,-1.5730788997301894,-2.4982210722338998,2.649661417622691,-9.527053816182184,0.42130651070076597
1.82421875,-3.036974815652341,0.203967631868595,-2.6321910983736223,-13.667824503187477,-1.156769193956806
1.828125,-1.5318953928250658,1.2784166747275807,1.748938829096626,4.4294528671603715,-0.3580865923717208
1.83203125,-4.493592980854389,5.685918674779156,-1.582995307391457,2.708931652199284,-0.6147472052975034
1.8359375,-9.617489467774123,-1.1386647035037494,2.2813812491974748,10.586152162501522,0.7362423682097478
1.83984375,3.6002197219667775,-3.229651531517705,5.187360521772795,28.747382308677807,-0.15644751495117792
1.84375,-3.304729936068637,-1.105892560342327,1.2677180692073533,7.245098020192617,-0.6229894483218434
1.84765625,-0.7915500878389513,2.9596931810396803,1.9732594953191207,9.205773835742587,0.7314128515850086
1.8515625,-4.639818248071753,-1.438863799679914,1.5085750477511806,6.133129910447183,-0.0326996602800699
1.85546875,0.5097330181446591,1.5633578387838662,0.48619813750650454,1.4299774115733812,-0.5400916946238278
1.859375,-6.233645578908008,4.005219029211414,1.3948102392454684,6.857721135725473,0.4390116926551267
1.86328125,1.3868279977088265,-0.20363171734885066,-2.237086835270661,1.3256848427437042,0.9503668376095126
1.8671875,-1.862518855736127,0.8034279902255599,1.9352221858448726,-8.536394859016392,0.7502162346730085
1.87109375,1.3913502780702305,-4.277665601652482,-2.2143597761156557,-8.47484279210536,-0.5042228688363208
1.875,-8.400322018399422,-3.518230275705662,0.8032528720435681,11.018892457758021,-0.6993200546570499
1.87890625,-2.1495443957874336,-3.9639082295190837,2.329514350509866,-16.822521067534087,0.6457713554344331
1.8828125,7.920177367736034,2.5860954864529893,-2.1132628943847585,-7.082123314029198,0.7641400939058105
1.88671875,-6.0364031477134565,5.708906132390457,-5.917909540792712,-5.281361210868172,0.16158389846002133
1.890625,3.8990943469714363,-2.203967288335531,0.3423377498703686,-10.65875246130691,0.26075775048280014
1.89453125,-1.3519871393518643,-1.8954129454658977,1.1650682790284292,3.2612014987265994,0.1631509673399287
1.8984375,-5.164758239539099,-3.7977178108292593,0.37251238697378586,11.731170151346449,-0.4464538531081047
1.90234375,-5.463739609732105,-0.913846427323805,3.068124494745912,4.613966362702835,0.9564618695834103
1.90625,2.6136631624305395,5.888877252433813,2.3050761349426194,-0.8737467430816261,0.03809715873930917
1.91015625,-0.7551220994738869,-6.022435930206218,-0.5195429458974522,-10.300938706600476,0.9534541382355362
1.9140625,-0.4271866300330393,0.9673015387831592,0.9496052855094841,7.994107932192849,0.563172368451254
1.91796875,0.2612100187499952,0.6752190173810788,5.674196614494982,2.442120455262097,-0.6531102452525909
1.921875,4.709815852797498,-0.5049411167969723,2.5571921405082723,-1.9058909545809637,0.09078266353308098
1.92578125,3.0163052670885127,-2.1968904658922193,-0.773320782840397,-8.8945199636542,-0.6059065363768593
1.9296875,4.875704488508557,-4.37888460695949,1.2704968055293933,-10.883270072226964,-0.02082224652775292
1.93359375,-1.939170709414535,3.1639597654452567,-2.766490700071789,6.556749717924031,-0.5783665027442912
1.9375,0.37236035798792816,-0.9344427335421783,0.2706137766841834,-8.820655153413966,0.29460114050424263
1.94140625,6.630711887026983,-7.22719274478416,1.4813840826219429,-12.835138337156586,0.5839750581577952
1.9453125,4.317307382128487,-2.4336142602891018,1.518097419862992,-4.101652164009299,0.27830611448297293
1.94921875,1.668015248950849,0.7835709566062473,0.379035333310651,-3.6588236481614773,-0.05857019337174038
1.953125,-1.17756022075297,-0.5628768883682433,0.05622682979937338,5.043992781659898,-0.1001453005284516
1.95703125,-4.077543951917785,5.439029997900882,1.164511474105101,24.234958658594735,-0.8064569288604977
1.9609375,0.43804708665589054,2.990274656701587,-1.6334524424784937,5.576859858978901,0.556912116989718
1.96484375,5.214986101930179,0.9598220798261121,0.2713956158187778,1.2850341833601204,0.011779615447841962
1.96875,2.109438999535602,2.415957861506208,-1.8212247769041834,-2.7858725240440707,0.26441408470124556
1.97265625,4.772242460221569,-1.619611081075636,-3.763742849961982,-8.995671169679936,0.2469017373710659
1.9765625,1.6266122052069347,4.872483833701719,-0.8722238214800836,-6.671502922845429,0.9264690189339113
1.98046875,9.187570310065947,0.42433034244512546,0.08038570116668398,-7.021258308336201,-0.3813372815256076
1.984375,-4.416986529454955,3.5265386100338474,0.9208142600442777,-23.315161758414646,-0.011617118944654774
1.98828125,0.5423855861761165,3.660705734419796,-0.3988086780490594,-5.7440504312657374,0.3670478124216022
1.9921875,-0.21865536675618835,-3.125923825055982,4.63550339136701,-3.1454759148629075,-0.2239814770982427
1.99609375,2.159068002704732,5.0153136963271585,1.3602188786579616,-9.621610137134311,0.4318080020352185
2.0,-6.749964236388388,-2.2321048035211195,1.1433657196200724,4.754922144213417,0.17595197353169906
2.00390625,1.602085335211181,-1.4007186185451497,0.8800130160599797,-1.364184270853241,-0.2794718771526903
2.0078125,-5.062983773349291,1.3995212377765271,-1.4873084609821743,-0.530936053939203,-0.11345979731620937
2.01171875,-0.5359903474965688,-2.328097023287741,2.1317132079145726,15.375663869605274,-0.14771196877254722
2.015625,-6.83071197098819,-0.3198562782629953,0.616347508900592,8.362552601088662,-0.34987502504269696
2.01953125,5.548758549007232,1.2506430903709123,0.18886044553961856,-15.120489590737481,0.1542580056139681
2.0234375,7.163200363462869,0.9537091239265052,-1.7650531822656719,5.549680093729807,0.22868172713853682
2.02734375,-1.0071864998297908,0.6355681501208362,-1.3651083416201675,-12.156179609137578,-0.5714742387614353
2.03125,-4.298200768668754,-3.5374016127154166,3.603614266388115,19.712771626047378,0.24069652785155862
2.03515625,-6.982789896117629,1.820254835844192,5.325897026012206,-2.3759313011415255,-0.20110030153741354
2.0390625,4.407989768984143,8.679935156096569,-0.6042823039687208,4.477797495955656,0.346209459999034
2.04296875,-4.218329061536501,-4.97600095064159,1.2896642378513978,-9.072841087979686,-0.10277343514855278
2.046875,-5.823692066430991,3.5555122087243998,1.1853330527875576,-9.375644004832717,0.08355892484548844
2.05078125,-0.980535206363942,-1.029447067881053,2.076226199645752,2.1283078181823596,0.18561013339401908
2.0546875,-3.2595244852398197,0.5524005676244209,-1.0634925395570938,6.894412077183837,0.7949222427791912
2.05859375,0.8356360075557028,-1.923209601860546,0.863975825862985,-4.2958088152019265,-0.8011831089314915
2.0625,-3.2217542445530243,-3.1266269787787806,-0.5694341305178724,2.926608866913788,0.323324668494738
2.06640625,4.065948338369962,3.078168415723982,-1.4532690586393502,-2.6639273110184876,0.10297287757539467
2.0703125,3.1230112245479287,0.20679478626306674,-4.920666592191919,4.926938429485173,-0.05258447736646619
2.07421875,3.8685826929169105,-1.7170528908632199,-1.2292509432222565,13.815308106811752,0.9836510387706028
2.078125,3.196281172787118,-2.3724453178192855,-2.5795565147835173,4.874418299686841,0.26632767956314074
2.08203125,1.109120855260003,2.520741331083751,-1.7679698328793667,-18.236908915401624,0.008818088821640781
2.0859375,3.859012210901486,-1.126515844988434,0.5587873784139799,2.8285051235221097,-0.2931335685061905
2.08984375,3.0306111116911425,-1.042175622529126,-2.713709992529421,4.322844482128572,-0.6451634409936741
2.09375,-1.1978780918763146,2.61037525710123,0.6657121645918915,-12.441230823753743,0.8545831650486655
2.09765625,-4.7621806856877456,-3.965728205307185,-1.7119533172382673,-8.800844143850263,-0.22503750607081152
2.1015625,-5.475189042251904,-3.5788237856133227,1.7785112491523207,-6.206126204163975,0.2934977555627692
2.10546875,-3.231290266967324,-1.4710588585960143,2.501193049962453,-0.0781291294850206,-0.3116361849131374
2.109375,7.43429171071006,-2.3788341482240063,3.4268763990478126,-8.485508161270252,0.4412183044871687
2.11328125,2.4112466220416735,1.854162707632443,1.653994500801121,14.408526818013573,0.45560084704590786
2.1171875,1.014539364503073,-0.48519632901061693,0.9099170787675277,-16.741416613885544,-0.056264326815659835
2.12109375,-0.892977122266473,-1.4707255650140487,0.8858737746790871,10.901970681586896,0.06930968678155572
2.125,-0.5043179611465176,1.1585323507196548,-0.6569719612087863,12.294682862823102,-0.575563451315526
2.12890625,-0.7744438241766094,4.866446923149562,-0.09737380836634091,8.399062644878317,0.2566704904914165
2.1328125,-3.2166726799791454,-2.3390179348885862,-1.6487675734814347,10.082893449563807,0.0995306287491952
2.13671875,-0.5171620753039485,-0.4998072836258592,2.3013332089441447,-9.685404708291333,0.13447543451066635
2.140625,0.04628856074791539,-3.316905363831294,1.8060292871316725,1.2914289361954285,-0.1280783981133695
2.14453125,-2.2613381290368126,-4.208766253565185,0.014449741646787306,-0.9957619202166716,0.7183980389891417
2.1484375,4.408240133073178,1.2862807265408418,1.5015171221839245,-13.03136664372914,0.03582697370542676
2.15234375,0.9673994947924183,-3.8872601425354283,-1.1998642138588087,0.3241553082242703,-0.5823503182450108
2.15625,-2.1566532715876905,-0.7995136616033143,-4.5446769001163165,16.025086060061728,-0.27027290992308345
2.16015625,0.9503111337110558,-2.9807767944350685,0.3890284870843532,-4.21069041768603,0.2690936468149323
2.1640625,0.747161833111689,-0.3693944847316901,0.905960008464676,10.89340585075966,-0.3479893868374169
2.16796875,-3.5500349427004396,-1.650170753167901,6.109685809805264,2.5660052638042883,-0.041661464636087435
2.171875,2.8753677391166916,-2.832926787868035,-4.970696791937938,-1.8153182202916311,0.18637722943587265
2.17578125,-4.479841454722808,2.479316567463343,-0.3792756246104607,23.60982147639435,0.27694555933117526
2.1796875,0.7719913652595503,2.7939977379556513,-3.324182759808956,-0.47974325603817736,1.2158334163917344
2.18359375,-1.5330254570609336,-0.31641091610838484,-1.3351731623258374,10.629362994594665,0.5492238588711124
2.1875,-4.200794064089445,3.7343369946719918,0.22217081007126138,5.501515043536717,-0.2261417704687125
2.19140625,-1.7687402597065578,-0.23359056750226986,-0.3361385094762569,20.076462012922118,0.18398857738818689
2.1953125,-0.3986049058649996,-0.41708331537773535,-0.6731524554898247,0.19660064007859035,0.6645132530121426
2.19921875,-3.702796768373333,1.7198071550714942,-2.4822536568587115,-8.297952107573451,-0.10902941187623584
2.203125,6.43927881572777,-7.528363613078817,2.978657210333864,-9.977195230222328,0.15649687533527015
2.20703125,-6.0352985439158395,5.481455876852279,3.877490540665563,-6.092808675862662,-0.02304723855115144
2.2109375,-0.6433659160891831,-0.9277682669294689,2.4422911908665395,-11.20467843431954,-1.044686416693442
2.21484375,6.788199346699154,-5.294943123341612,-0.13996694252733555,-2.2426146389824573,-0.12712991283704764
2.21875,0.9084345999081671,-3.7423977349413917,1.4166966490446218,-1.4036688074389572,0.16413413644860247
2.22265625,2.5478056271939304,-4.21063891417787,1.3005960702477106,-10.790760709788852,0.45687626310181634
2.2265625,-9.225943029901902,3.396922873232409,1.0348947767668917,-7.427104580168015,0.3910382801002011
2.23046875,-6.780412785627015,1.0609032593048335,0.8091963314984936,3.481795040486058,-0.22285087485869398
2.234375,-1.1372044345567116,-1.281198787995264,4.3015810009162205,2.535695406899324,-0.25734937158719445
2.23828125,0.13240927877169872,3.8765133645668812,1.3166218920439041,12.854760106124385,0.2516336262003936
2.2421875,-2.274209892839901,-0.03904542632967187,-0.20834969286941596,0.2189637859587501,0.5454882318231832
2.24609375,-5.62024127968439,-4.489362138693977,1.3374376655681162,10.99857677729633,-0.3503256149733403
2.25,0.290856492809025,-3.5159777247688853,1.122360776715774,11.505886293686086,-0.3229844165494601
2.25390625,5.410709634878873,-2.063471613360206,-0.18599951212937335,-15.560985709602843,0.5976261308733951
2.2578125,4.056090820762644,-0.7548010810107912,0.3980447255009133,8.42912877491754,-0.028841662248319425
2.26171875,-5.897661685804334,-2.3479392069625398,0.9087643659308704,7.387487338048776,-0.3240190957904062
2.265625,0.8888396187087437,-0.9784892356578361,-3.6454722335265317,1.1547791240993126,0.5720754841647134
2.26953125,1.0040644792648108,1.8239772302962258,-3.0948320832623732,-2.902308694810583,0.2934236338474
2.2734375,0.7453369760071631,0.6440747540846046,-2.3183866999616964,-6.2285258915113815,-0.5386713124559653
2.27734375,-5.874986362103822,-1.6800938949147066,0.020917114013909943,8.11418627822138,0.31150915543245383
2.28125,10.022098196357877,-0.751714039572728,-5.313174884497515,9.488365632377825,-0.4636406216696704
2.28515625,-0.6803372295728297,-5.337479558550479,0.4394953220473332,19.15065675382259,-0.28567826759768694
2.2890625,-6.649759585246177,0.021527690806186387,-0.8403379978437833,-2.2089299330823593,-0.30722220101232084
2.29296875,-0.23534050330826872,6.02029943565306,0.026017748216842773,14.555773975055942,-0.015484352252719063
2.296875,-0.4521944556456382,-3.626906695617631,1.7522491339835755,6.0040226625555135,0.9542323322142904
2.30078125,-2.5815176281415666,0.16365242746297293,-0.4776024754726164,11.401182920467829,0.6433537104643873
2.3046875,-6.055113251877288,0.1265652170795581,0.6993717604014831,-1.5179803021612852,0.2958943527794181
2.30859375,-2.607524414194009,-1.3247619832318587,4.006787455537888,2.1762657492077313,-0.10063399838429801
2.3125,-1.1010673210728479,2.645574434710112,3.581531304892825,1.5797961335833728,0.37678685574668686
2.31640625,-2.4605648572002745,-0.1667422064385852,3.625855703298666,3.2120119906765847,0.0034185779365452874
2.3203125,-0.06429472382685363,0.24603768132073328,-1.9351497442752732,-8.604391017995386,-0.14747403551485228
2.32421875,1.9758114551978043,4.258168836177198,1.4197739480076303,2.838413182886261,-0.10782123822446879
2.328125,1.008937100175063,1.2179269891598263,1.6170901448205854,-7.159124888636018,0.26783038893407735
2.33203125,1.6517680780814916,2.117203127430149,1.7198128784988465,-2.876905345878174,-0.07664857173788052
2.3359375,-5.950693124509953,-0.4851573453125722,-2.3665843872338646,11.228352529498586,0.24525349195381568
2.33984375,1.001419372896666,0.33093965123521446,-1.2990145042665244,4.351709927146398,0.8810968091236341
2.34375,-0.21711099563056824,4.08182827514333,3.6227796413146898,10.628676476572291,-0.6023222906046527
2.34765625,-6.70623607994142,2.1540863413123366,-3.540418303397962,10.534424664173947,-0.7741596891385416
2.3515625,-2.733104370375211,0.025327475051373782,1.0017362151090095,3.871681475835893,0.03316321564663531
2.35546875,-1.1696001087354093,0.00866973921869393,-3.6996673614816595,1.5687718598878426,-0.7165281047665659
2.359375,0.2282501839318008,1.0873201290790515,0.5418660790351887,-1.8914267317522149,0.11239928362441237
2.36328125,3.1944650673853587,-2.8233547799804275,-0.40466801454409573,1.6462437942693215,-0.37390850177584173
2.3671875,-2.11889262670371,-0.7225987797505324,-2.3655375538626697,-12.356567052280065,-0.364680078415729
2.37109375,6.023824780486702,0.554272131602895,0.30828909943822036,-13.330857555164425,-0.1202707591542652
2.375,-9.574031547497537,2.184274869430819,1.9062172467263587,-14.659449389999162,0.03244948994084345
2.37890625,8.11366431595791,-2.0911749232223635,-0.4218274536489841,-3.7603059028944563,-0.1519022998050755
2.3828125,-4.4696746167875485,4.554917385141723,-0.20188006025412264,-10.17906859169322,0.1134055964240659
2.38671875,-4.703903288655518,0.8908496152901445,-1.1000707102143696,0.730522391361907,-0.07425818439542756
2.390625,-1.1737440377545336,-4.061780587223472,-2.5770962446654244,-6.933570811010171,-0.30152460223196736
2.39453125,6.665939316091663,-0.7263533918304627,-2.9400251473156453,17.91480158745444,-0.42436148620282144
2.3984375,0.004063551566032127,-2.1139509920234434,0.17702192730534771,18.471320939430075,-0.3217491784226729
2.40234375,6.87774922483773,1.4267387304636105,0.7826248201304643,-0.6693835979865206,-0.1634921899749993
2.40625,-8.04965957030804,-0.676224706050314,-0.5022430307131115,1.9829166162861864,-0.0974400018212699
2.41015625,8.85141487009842,-6.012338655730324,1.9536137184829845,13.645997904073951,1.0296612468894533
2.4140625,-1.7265220986507956,0.14977155435761322,1.8037974953606026,13.278806567156044,0.5792319131784023
2.41796875,-2.336205776708507,2.078333330482815,3.6530975317591547,0.8928090237679648,0.44432114068506845
2.421875,0.3197985977562766,2.255097759973803,-0.12393329381416973,-6.580522799575416,-0.179318051582488
2.42578125,-2.5256864654603612,4.782037178904274,3.5945522281076148,6.619558159249401,-0.04302282354858944
2.4296875,-2.4402679954701143,-0.3431479272808594,0.0703613848287532,2.293131414157778,-0.3010476387700537
2.43359375,2.6144829065128605,-3.418867823042074,-1.3450032098020839,10.539511400803722,-0.08768574517133948
2.4375,0.6468968293357337,-5.72950948786554,-0.2314946330307761,-2.196818987086855,1.3174861356710705
2.44140625,-3.0607015401957525,-1.0150426817703087,-2.0805102993167806,0.29453602205430407,0.33676446458933806
2.4453125,3.4748661884317213,0.4686803365857175,-0.055878434269378774,-10.334040537400591,0.28729131902303556
2.44921875,-7.364309705476308,3.344560938492924,2.030828198524494,25.548855118209577,0.35514049600013947
2.453125,2.807761322465727,3.037928137161421,-1.951369679196489,8.769160878997123,0.6074666922100256
2.45703125,-1.3110227655700926,-3.305365410798985,-2.3977351623164784,3.9802520370144077,0.07711702727910393
2.4609375,4.923665972716078,0.8613110720508468,-1.3705335993416126,-7.872784256076354,-0.4502349517038305
2.46484375,-0.8213824668256992,-1.8288387189319018,-0.03527678873384432,-5.6603727057788875,-0.6255875321836087
2.46875,3.8219105045562536,5.808810161889264,-2.8051796666242694,1.2222379595488104,-1.5822801198203436
2.47265625,0.43239048898962024,-2.814803435623763,-1.914813688906148,-3.6081655379705695,-0.10723475857541362
2.4765625,7.670172991094009,0.7899243309243579,-0.6576361239581843,-9.634170248104658,-0.7165894353273983
2.48046875,-0.09263772205849101,4.0438851805406095,-1.409668234656814,-13.376255575348587,0.10113469723876457
2.484375,3.3081247307727133,1.3992762050129528,1.1883175456355826,-1.543395657215254,-0.6233459836157982
2.48828125,-4.205023571023227,-3.0954582951220484,-2.4503064913281687,-6.382658065567265,-0.39197357291519813
2.4921875,-2.3858850692336304,-3.8945349793905786,-1.4306268628713101,0.9475770239208234,0.30391886972940524
2.49609375,0.3329189574277602,-5.395258151095285,-2.950781202794941,-7.743125414281373,0.3835333204923523
2.5,1.4912853787983316,-0.7367184260707189,-1.5998363008307763,-6.894430107665077,-0.04627566639639204
2.50390625,3.7522918549348185,-2.0240447078572448,-0.6042821139317232,-2.598506762077915,-0.5053558428682301
2.5078125,1.303678606198217,2.014310992485891,-1.8069369698568964,4.6716181883409,-0.33956066015829006
2.51171875,-2.6782439424437765,-2.17557809837706,3.196808053656119,10.124500611166225,-0.36756306107688413
2.515625,-0.38722991706829923,-3.7710766951380355,3.581056765967607,15.239216666910526,0.08819281205760415
2.51953125,-4.145992612197315,-0.6244587015071554,2.5135897442897823,-5.224486675246193,-0.4176075462694584
2.5234375,-1.7372039298534854,-1.3042452700144438,5.047841445349011,0.7018078112320469,0.6674661252381943
2.52734375,-0.5213499313832438,3.3324839249641416,3.831319276661863,8.92573978430652,-0.4778969152227288
2.53125,4.785602852924134,-3.1946276629168286,4.71777130804942,4.72093221791851,0.15191144031884796
2.53515625,0.9194468980342475,0.4626855814865067,-1.074272384491343,-10.513009058961304,0.6914112142392191
2.5390625,-5.298647942476845,3.2921747489626263,4.7460317685709414,-3.538145705379245,-0.6788258424062096
2.54296875,-1.0602631792176898,0.37900114887119596,-0.3050994322949707,-12.347245738241108,-0.20109318046977925
2.546875,-2.852525705363316,2.724833604659403,1.2455953854792143,-6.962268297132718,1.1775260468745374
2.55078125,-3.4483630504804386,0.35577523928896415,1.5168153521080734,-1.715448629359399,-0.2683435464452103
2.5546875,-2.7014108941081396,0.6863461572240518,1.256435925243832,3.877785162359938,-0.056786361014482985
2.55859375,0.27477962982300624,-6.816762227060305,-6.078386774360643,6.015413679692539,0.4637780658394901
2.5625,-2.789049527156087,-5.865932780048253,-0.40472460178086844,7.276828514467734,-0.1877318281058737
2.56640625,-8.729533047849591,-3.8519649094445567,-2.345713489041591,6.219859088653492,-0.6707683332718292
2.5703125,0.7384609392493159,3.3892079937028634,1.4200449179844254,-4.468101732736541,-0.49797763561407077
2.57421875,-2.3085864470144926,3.2043242228337148,-2.542721907911342,11.066297001975595,0.40287961130732763
2.578125,-1.621080834369391,2.7384903283904607,1.1633264877953298,13.400026533007136,-0.8032190083097495
2.58203125,7.931375669579111,2.2630772776278603,-2.6642466721634097,5.824700322214668,0.11964832977980418
2.5859375,5.860404088748754,-0.5171247769281733,-5.382712168492114,-14.10809363855304,-0.3876385890134947
2.58984375,0.8620818500876057,-2.650624273502258,-0.632342794394396,-7.330064389267148,-0.05327203117753914
2.59375,3.0126620637917623,1.1069035421724456,-0.5607122941452558,-18.998121603947798,0.1063123703443723
2.59765625,4.486068975586085,-0.888478155144382,0.473954136504414,-15.744165148455583,0.03601502030298417
2.6015625,1.7265849335879055,-2.492645126043831,-1.1605845916156559,-4.4240135516368415,-0.41636060967490546
2.60546875,-8.973520492548912,-2.8297308877456677,3.581891143743994,-7.024443537463531,-0.057478898390197396
2.609375,-7.748823331717225,-1.4347701290074584,-1.9903893886624522,-14.060084559032207,-0.08232467715526591
2.61328125,-2.6907913911294004,-1.8917120816349655,-0.08323309118937061,-0.08673071766888141,-0.19788731665812084
2.6171875,-5.162961126273298,3.9922739064129615,0.012671168095182983,-8.26659441802525,-0.19514190565697906
2.62109375,8.57694394929547,-2.540287458493911,4.17807601981683,11.2250556450376,0.013041194638840034
2.625,1.6861532536786827,4.413384560291192,2.6685780137701913,-0.0184629714649569,0.46958918832216134
2.62890625,8.569130276764973,-6.104979217553839,-0.01500488425943769,-4.358415324972957,0.49279565716793583
2.6328125,-1.4736005470275682,1.6720224908046495,-0.19678599177917833,-1.710001020206957,-0.21063457028175253
2.63671875,6.216314820870864,2.4951601816047506,0.6943693188718287,13.402931754120354,0.014923747942182675
2.640625,0.8489696178061651,0.5859472002384482,1.2899344096464715,1.713076905453175,0.11221582770264768
2.64453125,-6.540312314776349,3.7265692171283966,-2.126806775883697,-1.140677106251149,0.7137450104667505
2.6484375,0.4641175576562297,-3.167041251551306,-0.49346204987348036,-17.64468925588289,0.6347025426578169
2.65234375,0.48072825315501966,0.6387018318225339,3.597416091497491,-5.120935311890103,0.12070905626647714
2.65625,2.818615263196913,1.6990359593827329,4.037616020987317,12.333020836627375,-0.6476704691806993
2.66015625,-2.8019868767744924,-1.757886229485716,-2.5629182433869424,-13.600973697270659,-0.01483247416508293
2.6640625,2.9088231757320155,6.171125414028015,-0.20971880139890742,-12.614234896326158,-0.1449218749233347
2.66796875,0.809178447799703,-8.072231642401043,1.8572769844700736,-12.45336624629952,-0.08498982416042247
2.671875,-3.1974148826826614,-2.061937224785439,-5.429280361821473,4.798698900122485,0.07433311802011719
2.67578125,-8.156909378357234,1.881399022465449,0.574833318705499,7.047245671628058,0.13511722882841737
2.6796875,2.0706864214343814,-4.078247494799167,-0.14074393269179808,12.406965174656419,0.15784458925110076
2.68359375,2.094108788048763,-3.09908437536933,1.128130374820581,8.029785500904872,1.168616123063686
2.6875,-4.4539037876992555,-2.5986668247606843,0.7248384580393867,11.731926411103522,-0.14335135992080056
2.69140625,4.47979769868234,0.36099460875728007,1.2112985707524855,2.167026549433384,-0.4502911996186005
2.6953125,-3.8742506619915855,-0.020413236155936612,-0.24387901076498072,-1.2590710996429335,0.4496359845416638
2.69921875,0.6777659670525713,7.327747059199357,-1.9000009488365646,-5.299569530898747,-0.16999483530613943
2.703125,3.6271434897054036,-1.802592093683701,3.265503805625536,-17.230735004768423,-0.0032485754632156356
2.70703125,1.0973135713436781,1.5979868134325117,-1.2975306506163233,-8.241327187746993,-0.269425759790076
2.7109375,-1.0709389847369875,2.469315377906316,0.2922654932563373,0.7795765820301712,0.23192170832769168
2.71484375,1.3036166330496657,1.2494808763215508,-2.2599741069026678,0.25142870824692753,0.4649515495471513
2.71875,-3.6480253633094586,-5.1338934988611635,1.808145820932015,-3.4600119606008484,-0.1309297861839663
2.72265625,4.569494063546475,0.012293006026993283,-0.46813166817691765,-1.4907158250274832,0.260021841005186
2.7265625,-1.1620049981795337,-1.7182518864384324,-0.13302335542807708,3.3981228261192484,-0.06762500941693586
2.73046875,-1.2151675895752598,1.7776956296717858,1.3219284046647612,2.673120470373965,-0.47511023152083953
2.734375,4.545100581989753,-2.5020666586589932,0.15104022982334997,4.338106874238568,-0.3102847822018372
2.73828125,7.454403943690073,-3.5146903084075687,0.6100356175558468,4.587851426099681,0.31212152009187455
2.7421875,0.3196649438269264,-0.9844442839083298,-1.4595788505910667,7.978127512579275,0.8097894238126198
2.74609375,1.353560286858942,3.430130117859642,3.2203672244978625,-6.431651199397413,-0.25215160739283027
2.75,6.364527318819745,-1.6312850187398222,1.1725094281091224,-5.899375313267222,-0.56316040489381
2.75390625,-2.0222895399779484,-0.7617545446481193,3.7019056137904793,2.9778897588903037,-0.6937440117349863
2.7578125,-0.7810466289821502,3.1533571588589977,0.4198938981003295,5.827869245497789,-0.2762575814152964
2.76171875,6.99181950662138,-1.347920155438882,-2.8991611686449232,-3.4827881877884597,-0.7333506582150403
2.765625,2.997652791115573,3.8206257776916406,-1.871518364604749,-14.25025855770874,-0.27165533161105077
2.76953125,1.506690352363704,-2.9212332372784786,-3.1925446704199887,-10.0261740446008,-0.6998825284139514
2.7734375,-2.2866041314827026,1.6022848549655393,-4.142595145417572,2.6744200606787403,0.5735946847198883
2.77734375,2.0769361054963458,-3.963236834079703,-0.7279756817302958,-12.321563458867253,-0.10281852510568382
2.78125,-4.175862416125271,5.540456620678486,0.008609856520487735,9.247054391702225,0.7080725857118324
2.78515625,0.06022496894530666,-4.190704629543323,-2.5493410519524966,6.888368524997546,0.03919558315993397
2.7890625,0.16101174816256214,-0.521670524981537,-1.3384881666232427,3.2552151224794534,0.20280528194401928
2.79296875,0.5663300753636032,-4.617897456174566,-1.4339033140992843,2.7913167740237785,0.18278029994459646
2.796875,-5.908516161435119,0.031913635592740505,0.21614337695710406,-4.480044496161147,-0.4247384253193858
2.80078125,-0.20513696041341284,-2.2634497163142835,4.67980990085931,1.412087395559131,-0.2804827927851051
2.8046875,-1.6476510669909936,-0.9959969997537464,-1.9998145370129263,0.2641708598598976,0.6953443510164715
2.80859375,0.4231734746859647,-2.2911369242141286,1.175960791619519,-13.525627580826265,0.7855598088469905
2.8125,-2.237752775665715,0.28010759813457764,1.3509551931117043,-13.340043178678458,0.420004080292943
2.81640625,-2.0569211425081035,-0.5163824675447866,4.756283981616109,-4.916447022868018,0.9349047103280603
2.8203125,-7.5875660277093155,-2.7666063915842507,-1.8515071204412592,-10.706376519717946,-0.812139374419604
2.82421875,-1.816038002514845,-7.050773866527242,4.867564944373465,-10.401290432311141,0.9796519628116722
2.828125,7.846906061577411,3.052852594808857,-1.3959214825469912,-3.6976195006220696,-0.0015515857891922281
2.83203125,1.0995119135037694,-1.9140823846665542,2.5523753207824442,-8.636937248281512,-0.12294251964543886
2.8359375,4.531678800468336,-6.87697455669404,2.6320411502166845,21.094300681520327,0.34872151262764167
2.83984375,-11.762713337090517,0.4684087365695123,-1.1930695212035134,8.170457203642902,0.40765360319378147
2.84375,-0.7967816869916343,1.6720063825389364,-0.5851357218970661,8.671857319594118,0.022363243780812506
2.84765625,-4.0177693275077715,1.4247237397472179,1.5961991331130343,16.09034038177576,0.4867260844061546
2.8515625,-2.4801551658101917,-1.8725958317378322,-0.6512099732780162,0.9149757765182684,-0.3473349004430151
2.85546875,6.860555154957221,4.043423195047342,-0.06410359063596788,-1.8215669096833969,-0.04508836341706002
2.859375,-1.4400866766079787,-1.7219073966069691,0.3386496783364975,-8.79497270678059,-0.7503019638435496
2.86328125,-5.618843791787017,-5.895594026000957,-1.2689876790179162,8.853278597138535,0.11979748157150451
2.8671875,-2.1536735447579582,-0.5863572282388201,0.9328418224345629,-3.5764992901163746,0.6686379515986064
2.87109375,-1.464719501494385,-2.2064817287960214,-0.6569670268969615,-11.686468245961464,-0.019887700503295965
2.875,-2.4002196750770666,-7.554414321314768,1.0277906636988345,-9.587596410574944,0.806586674950442
2.87890625,-3.4700501282768323,-7.254690814780521,1.4080452692134953,2.3488877566484847,0.6448603354964325
2.8828125,-7.07752509812716,0.24185187882601453,-2.4245237546074456,-10.6698267021663,0.5144891095411483
2.88671875,-6.7900882035818,-0.8176555662667475,-2.7962483884472356,1.5354322817158463,-0.5903752358830646
2.890625,-0.015009368803106325,-0.7856349526253118,2.287127001674858,-0.4738506385176551,-0.17706817371550937
2.89453125,-3.170381524214419,8.481320468719701,-0.16525019101377725,-17.950062428054444,-0.16088596917392084
2.8984375,-3.097308397292911,1.6982492317353821,2.7285264295778275,13.347865630899983,-0.6985326849343673
2.90234375,0.7574939366590043,-1.322879114682318,2.541318610772025,8.189744139064407,0.053959070530650674
2.90625,-3.649855140473776,-2.705139038241979,1.2149158019847905,-1.8650417594966475,-0.6222739719549059
2.91015625,3.1342602198820435,-2.8100241641545445,2.7944935215527202,5.634564830820937,-0.8953510071722846
2.9140625,-6.441492684920304,4.563690655553304,-0.5558223602849681,-7.866665922663287,-0.4147749713849754
2.91796875,11.154351599801286,0.9906713584250574,1.6972901003875474,-13.218297454081377,-0.2840924176979201
2.921875,3.8326445194520318,2.6306379331046736,5.535412821728457,5.206730413662459,0.5282602043386577
2.92578125,1.0735702759689243,4.071921244582059,-0.03660783451847194,-4.690796774721277,-0.4571860704336311
2.9296875,4.893405949112507,0.8857265782409223,3.8173109667951173,-13.433455821939075,0.08652304464627085
2.93359375,3.2153671440963776,-2.1611884427364867,-1.9769452641164025,7.795220497950301,0.19785584077032006
2.9375,-2.7446972882484006,1.4502932130715598,4.4510027316091065,2.3906210806019477,-0.4840362638474697
2.94140625,0.8606217311439646,0.8634536824439067,1.4834564670558645,-8.834135904496346,-0.11885076393397004
2.9453125,-5.7485187472743835,-1.84587804685711,2.105203452576682,10.661226704709916,0.5982297877913603
2.94921875,-6.560735523515935,-3.633905237519153,-2.5197024427854977,-0.8706633911018593,-0.5818618155559194
2.953125,-2.8482239740198163,0.23948213913090283,-0.11320475074289002,11.0479533017125,-0.5022276096751557
2.95703125,-5.327392560049047,-0.4664299185648211,4.255369752631165,14.79333891559953,-0.7582272457309345
2.9609375,-2.71528011705989,-4.256131477660286,-3.3581165499455046,17.29776502359498,-0.5761355944077057
2.96484375,-7.547632736287022,-0.9246201490846089,1.5573891404100364,4.8457119187951605,-0.7434717743783403
2.96875,-3.4256538851412093,-2.14882396650336,-3.0090557949657124,-2.0387048875494846,0.1793436411022415
2.97265625,-1.9800074100759304,-4.509680619574645,-0.5786263501976818,-2.256488818691188,-0.21172465072643604
2.9765625,-3.5027204941380865,-2.739486276442687,-3.924679022509762,-0.7888445625917941,-0.12811252929541236
2.98046875,-0.03666461056160664,2.328030975905507,-4.871120743521457,0.4906998595590828,0.12166019985381359
2.984375,-3.558108012484009,0.520465199633098,-1.1420622652002317,-4.972676281005415,-0.4206274476263575
2.98828125,-0.6318923651920036,-4.942913846949137,-3.7598393534001224,-12.989805616571939,0.21343688821356663
2.9921875,-2.0308186231481753,-1.0875094777117331,1.941112896610788,-3.6767883099696377,0.15324863181578405
2.99609375,-4.897263384280911,-0.30093888150892323,1.2055394581382255,-7.337461630245441,0.1887507375944661
3.0,-3.6522687436736434,0.40376464810265583,-1.0278501193189338,2.9273257479843906,-0.42126840446461894
3.00390625,3.9809101993921425,-6.0174308033901145,2.1778503625598664,5.010029940144954,-0.332995460966859
3.0078125,0.7899747384454402,-0.8666075512823754,-0.6899578291926503,3.7221356373033383,-0.5178736288628656
3.01171875,7.501012910794822,1.1994919515929283,4.426095828257341,-0.5200488547184614,0.17141587851380394
3.015625,1.2745506225032779,-0.8196884592478728,2.917143727670985,10.196906780222776,0.4974115662002916
3.01953125,6.812319769731355,-3.5448948609288724,1.6746682917416211,-4.732326183823463,-0.005859093739751167
3.0234375,-0.9182234033919631,4.6857566585432435,0.21792815114638087,-6.357381427985679,-0.7197270293711284
3.02734375,-5.477823712531406,-5.220542152068049,3.765731348436954,-5.843091841514623,0.10730408921925566
3.03125,-0.9095993878102807,1.701385201297669,6.001484879285946,-0.160633065041639,0.018315590094952983
3.03515625,0.9861393170712918,4.384598827705327,1.357222040309086,-1.6161766032229035,-0.7537925893129978
3.0390625,1.8785357172125186,2.6286817800300852,1.9517750060830756,9.442288319124568,-0.29106061673636174
3.04296875,4.725332924537274,3.4590399936189122,-0.05046770613751894,2.3651484700819676,0.1191273255442932
3.046875,-5.413970433423857,-2.0819755866947287,1.9240511933213806,-5.279859357689072,0.11659669156702727
3.05078125,1.3780221690682595,-0.3267321067441464,-1.0432551098021279,2.0170604033033044,0.6835488457646623
3.0546875,-6.8044044812617175,-2.3080949204964334,-0.09903422890584984,4.441319609296461,0.20178139832562528
3.05859375,0.5404721899464442,-4.854856485177375,-1.0798864179623033,15.843929088373208,0.2742145028048597
3.0625,3.987885116206234,1.5575317580633499,-3.5401263029395573,-1.82981428140641,1.080139126071532
3.06640625,4.0838812149608374,-0.8475910530980098,0.0931756408071922,11.45278008177955,0.4992810959963164
3.0703125,-6.803673761632133,-5.051013621793654,-2.16485987909747,-4.275960000730439,-0.5776498481239336
3.07421875,-4.225589823868666,-1.2443580463009596,0.9797150605075278,3.5891857110808916,0.0053833674379725385
3.078125,-2.2297533249329535,-3.8534614859769385,1.2657651096513072,1.9192634879920154,0.4063363782915969
3.08203125,2.053183279965419,-0.9664891433812584,-0.9067599511761576,13.231888616710267,0.3380352081950345
3.0859375,2.9652822871023146,2.5483115357134145,-1.062355377020863,4.274357435043346,-0.2556739258826146
3.08984375,-3.6424337931229793,-5.0433658602747045,0.6065364873409007,-3.9416378473595994,0.4306566351542229
3.09375,-0.7528055724577256,0.48393127017112847,-1.9456676153009218,-3.6423614788865057,-0.8431610881357088
3.09765625,0.8682173013784125,3.0659605765304567,5.291248900486304,1.676395383750367,0.7207546253166577
3.1015625,-0.19080846082686218,1.808823870967645,1.650293722753749,-10.19224242715179,0.8189359268844646
3.10546875,4.702617313269428,3.4887257240213714,-2.090869569524805,-8.215524185323476,0.23033305444404126
3.109375,-1.7214894791690347,-4.15192454792024,3.187754637981082,-5.321597675697008,0.05018030046260236
3.11328125,-0.7396527733724969,-2.5539173396656265,2.49421974349025,0.3174395043923588,-0.03990539120086702
3.1171875,-6.415610308382678,-8.878037173344712,1.8124210662079063,-1.9742674362683261,-0.16545450094471573
3.12109375,-1.0036198534306022,-4.763483703187845,3.183509614424282,-1.5800973418562387,0.1683726911094766
3.125,-0.5203654815245861,1.7491841827062493,0.9757147217333592,7.046764202755078,-0.04818520095675152
3.12890625,-6.022967054682798,-4.758745604924124,0.7196757995385162,-1.9614050223111965,0.5736999371458439
3.1328125,-2.050285717363185,4.784858203732651,2.8557973693629926,5.6162602028520965,0.05924217560675518
3.13671875,1.7851319311088607,0.9875026449838114,0.1028076987960509,4.202041027642135,0.15800799185433342
3.140625,0.8131440252984499,3.7734816727093765,2.0197801032378653,-5.693537135167839,-0.397155183443417
3.14453125,2.3556121068106854,1.089439463957508,1.6019407477142726,-17.387720964401574,0.23995093653299163
3.1484375,-0.15254322420342567,-2.8858436821834537,-1.7034909287318987,0.7602820763601414,0.4371256005856128
3.15234375,-2.628515136093756,-1.1992668860567661,-0.43301269219071237,-12.168293720259506,-1.507013900454513
3.15625,-0.8439429339649849,-4.457627163596518,0.9748685469812298,-13.452734262700034,-0.45395119416309787
3.16015625,3.682574198286747,2.116413942075905,-2.1756636120873933,0.715812184926861,-0.7377537602574997
3.1640625,-2.274073950319485,-1.350406211666296,-1.105665787871989,-9.931396816924114,0.41207396586639283
3.16796875,2.8004815753270256,3.8473374674536243,-1.572004516314441,16.56003118484235,0.577811559289055
3.171875,1.8831783424175452,-2.710017117745256,-2.315041031387899,-0.4100192243320775,0.6394364922825256
3.17578125,4.7282727482451445,3.348701261182285,0.9965813545176538,13.482366785554877,0.09327598013068082
3.1796875,-2.5765547685421364,-2.326056249486147,0.6632257980110845,13.166742839618658,-0.17517659430153645
3.18359375,-0.08022848124320041,-7.499104069115625,1.5240795472520363,-3.3468104171268935,0.7226269855613292
3.1875,2.604787959693545,0.021226784835113872,-1.5170597528031706,19.282907963910617,0.3265053663394131
3.19140625,-1.3693652693796514,-2.538659790564312,-2.13884553390047,12.007894973720301,-0.17508774001518454
3.1953125,-3.1677853041722903,2.063754949372448,1.664613898556746,-1.7794781676684943,0.32818692119868914
3.19921875,-2.992676740241056,2.6822753896989973,-1.3652689691997089,-5.510531078384124,-0.36091336054302275
3.203125,-0.3861918748095901,-0.19636198963688675,1.4862249808193582,-3.7000100896326162,0.31174279218838363
3.20703125,-2.455597665494922,-7.903722370687415,0.14514804366504053,-1.4495765207726006,-0.5134887678539028
3.2109375,-8.078627894258666,-3.2147001079821296,1.9117379674830857,-17.391931012477436,0.12522877125864432
3.21484375,-4.620773998004414,2.993844339263551,3.4802657162529314,2.9760021340515372,-0.3448667531905521
3.21875,5.644115920956178,1.5078905117384926,-0.7183369845171477,-10.195367814641465,0.22383383172983742
3.22265625,6.30067505223718,1.5569762706386205,0.016876220166942124,-9.616682146822248,0.13875268954292416
3.2265625,-0.737278861272134,1.7007622454932863,-1.5655350324296857,-1.4052697970039283,-0.5123824037224777
3.23046875,-5.13909478225476,-1.4077793911110428,-0.5510967981948103,13.607891839186214,0.8131041929182092
3.234375,2.6782636881288484,-4.38200772249634,2.0156243448028777,-2.5791077103023223,-0.22436468303640225
3.23828125,-1.6007326170937206,-0.17899447949316213,1.3771149376291973,18.90570465679608,0.48783976087253134
3.2421875,0.7050252189632934,0.022319830948427717,-0.9955733511141389,5.427574029887899,-0.012428672695786055
3.24609375,-3.174093460611914,-0.2880646033260126,-0.44191256104779575,-3.552917657236886,-0.31509729630416167
3.25,-4.828507830194741,-0.4272259662271678,1.3676662818743819,5.607436934618302,0.30563131714447345
3.25390625,1.4620675857553125,0.5011815030212345,-0.33438096563916947,11.083155491755225,0.7380988943800156
3.2578125,0.17666815570355637,5.561857592920395,-3.509028724759046,-17.615776082965,-0.3178953944183868
3.26171875,8.639772722885523,1.8819019224972453,-1.592350930554129,-5.303785167771563,0.2573321300038375
3.265625,4.110949283467584,-4.492521936117074,-2.418419937529837,-6.528176932521998,-0.5330621214612675
3.26953125,1.0835470317890226,7.78414197863094,0.9740584079025956,-13.666757305193144,-0.29111291343554857
3.2734375,-0.7646116297339521,3.6498262429228614,-1.2233257171423302,0.1067685152237643,-0.24309665422477497
3.27734375,-1.672514008738631,3.131969522088581,-1.7688536053435546,2.3253209637840366,-0.39555927424300674
3.28125,-0.4147269782439487,-1.7430326838367476,-2.0476966347318966,-2.6800509224932996,-0.27239322595875687
3.28515625,0.8626193956637597,2.0887143706567737,2.082288372257278,9.487821072121072,-0.41283444558305915
3.2890625,-0.603491808996986,-2.623460800469779,-1.6915222993710266,3.1219156387889395,0.3564449919677957
3.29296875,0.31909357872833755,1.651006521467117,2.6999923003293063,16.16135518705829,-0.6203039313448507
3.296875,-4.352265599070361,-3.9002533325936115,2.6647575922178524,13.610393261302054,0.5982929751987859
3.30078125,-0.4030384661849036,-0.1477283958043713,-0.9669942663980828,11.339665988577707,-1.0460657859663343
3.3046875,3.857672297140964,-0.34453669399544595,-0.887202854486289,7.838760280979953,0.3162930452556584
3.30859375,6.4372978724155985,1.3829044648702609,1.3692585710756096,-7.584791623862714,0.38772609060447777
3.3125,0.9206905575825737,-4.263047238563845,0.6419128430273464,3.577363477937796,-0.4661239415124673
3.31640625,-2.925739859115673,1.908476883092584,0.006235671520789632,-13.74313495275915,0.24664775301682285
3.3203125,3.238563430818139,-0.11092645348140705,-1.4448165684137368,-19.121273800838825,0.7895462401472614
3.32421875,-1.933125324689938,-3.907896997438821,3.6160377700455575,-7.413972724000113,0.40976717588461126
3.328125,0.7567859653462332,5.329802318419808,2.1856093371217264,-12.871905950432787,0.2318125230724409
3.33203125,3.4506487322569264,2.530476241611367,1.0279728172178055,-6.666092912828944,0.34116628271129656
3.3359375,-0.3992028692769421,1.6468357125830813,-2.987447852307059,7.439110159636577,-0.39732769797787787
3.33984375,2.9960988927675234,1.1099320859190112,2.610678692682374,1.9539242575479596,-0.31004451512635167
3.34375,-3.9888566811836563,-2.4356023063957197,1.5942090939989013,9.601135458046109,-0.4598706753616482
3.34765625,-0.7584062469550065,1.7222098354975235,1.7475910332653637,5.6691884466981275,-0.9625190388508895
3.3515625,-1.9092720387001767,1.7775834375795472,-2.662823242467418,-5.266965671887852,-0.43865717308333657
3.35546875,4.591202506457068,-4.03573354889344,-1.4192030155372626,-2.818878801040248,0.2634796969976742
3.359375,3.7825902317658717,2.718528949006784,-2.436060009375343,2.678053647808669,0.29089285702323636
3.36328125,0.11725148748663165,-2.3268314665049656,-1.9155179308374635,-7.973817663531706,0.8025270060878397
3.3671875,-2.5721005127709122,-0.40573965570631787,0.5249645446904714,-18.65374339872171,0.8029213680772627
3.37109375,-1.9106474289809496,-1.2434682910456063,-0.3006260683487978,-9.833762957624149,-0.05986590923658416
3.375,2.6223928590827943,2.4172774980157623,-1.6534874114101261,-5.828626715348157,1.1195377110533764
3.37890625,-4.1466561595658264,-2.773139862456894,-2.051659393093434,-9.547372299100328,-0.10169089529503213
3.3828125,-2.1897038714139585,3.7995511680988576,-4.009374966567048,-0.7905942350374007,0.8870627583109828
3.38671875,3.9483919958724907,-0.967891946639184,-2.0375346478319347,1.8810351223460329,0.8172750223524546
3.390625,3.564303776895304,6.906170706069723,-4.900390218455736,-3.921156473114637,-0.5056150341209356
3.39453125,-0.7851717106833618,0.1418609279359508,1.1234066667773819,14.44151514058425,0.627628394709209
3.3984375,-4.487208113455916,2.934161063186169,-1.720799387539862,-6.777272992210382,0.9201172875152319
3.40234375,-7.112555651130008,-1.3538550027046568,-1.7002256738248689,-2.049048916078151,-0.8366378349663316
3.40625,1.3033927949079867,1.6250671053563053,0.5339206242964915,4.168614763329457,0.1444474450052985
3.41015625,-2.7602546716333034,2.399764457620959,0.14981751373887653,-5.632028232819214,-0.49072384628481597
3.4140625,-0.9938516569201321,-2.166324652762709,0.5462671179070989,5.276781741286692,-0.021534017667844393
3.41796875,-0.7658031002574133,-1.4718757257564896,2.2218367595248196,-8.235782646333233,0.21180317392246556
3.421875,7.688006535216877,2.262374081545781,0.571464740526386,-4.061759550271997,-0.4273349507472266
3.42578125,-6.348585605544316,2.1206429369407167,4.445685111366984,-13.001669134093554,-0.12489350192477303
3.4296875,0.6943383890861252,2.312378037608483,2.622473407434929,-18.924773635410887,-0.9804810739994475
3.43359375,0.8072278601255561,-3.025375326517985,-1.6565027068354954,1.2599317750757226,0.2192369514776198
3.4375,0.7511868784343381,-5.093184418694303,0.567477873320491,-4.205459717718271,-0.5186766045178998
3.44140625,-0.9839323173325767,-0.2995173871975041,1.61419064814504,-3.3677609399404913,0.19671373109628185
3.4453125,8.75209159745267,3.14837150554575,0.4701604261885496,-0.9268817111855542,-0.0038164860499054895
3.44921875,0.6797576915135549,-0.26497727666997634,-2.8324737475382276,-2.911235255580433,-0.09526406266092449
3.453125,3.5983658447278986,-0.09835588310507622,-1.3428771531443975,8.995992800643661,-0.07592532735926669
3.45703125,-1.773729855435496,-1.1672055875574685,0.6469027889197777,11.847339951163622,0.36260811856791136
3.4609375,-3.146722544907841,-2.725408697306459,0.5251017356907008,7.893117853646427,0.08273762971035958
3.46484375,-0.3354446966140346,-0.7551444310345365,-3.511206408236846,5.201584758921038,0.5694373281864854
3.46875,2.166936890671277,-0.030223673680480415,0.46677183854009474,4.061459721089957,1.0677920467432154
3.47265625,-6.402501254033946,-1.4193943629974506,-2.7755104903225174,4.0559171899628526,0.3628502857418586
3.4765625,3.3508869871757874,-0.9869840572814041,-1.1197094788398445,-6.832471135513064,0.025917963402938327
3.48046875,-3.2775588455507934,4.807580924385705,-2.0904786717584005,-2.621364632037154,-0.4814205052733569
3.484375,2.4792848467198887,0.39626807706435657,-3.406953772605779,-5.196348269627429,0.39677778120229135
3.48828125,-8.134253483511085,0.472674243788325,-1.6793712946091586,-9.015918241290708,-0.6107084422241813
3.4921875,-2.5215154107366984,-1.1350338650857767,-0.7430352570560161,10.468283986530556,0.27334260112524505
3.49609375,2.237425864638026,-1.9318064114352707,-0.35825384672855876,11.310578245504743,0.13430365702282354
3.5,-4.010530163877316,0.8187411994820037,-0.5388689514906767,2.065447058338082,-0.26918215015022917
3.50390625,11.543498300565966,3.9426569958883237,4.812185799090597,10.02435105197134,-0.14523015406038453
3.5078125,-4.1298045546067925,2.2067203155707853,-2.2555083893046364,3.5701647471285005,-0.045180818708212715
3.51171875,5.402699799597576,-0.4535862268428844,1.3319544309545082,20.576270302383556,0.06233369347374747
3.515625,2.562008151409014,-4.082754907096769,1.4004117645255754,3.877943424311671,0.17965608451205337
3.51953125,-4.733526702061166,-5.556237085880105,0.8447136029134669,11.086126331321003,-0.6702157900002312
3.5234375,0.3320102033880369,0.1229976783266459,1.6188871336054702,-1.045014344670368,0.5867240977096984
3.52734375,-1.6575316728677176,-2.005007491328673,-0.3116569188206164,-9.002486311039249,0.2942200565360487
3.53125,1.5312557975692784,-1.7818097053476172,0.10663837125872999,-7.864283331170338,-0.9967359902380024
3.53515625,2.510501379096789,3.1828635734647506,-1.5279494122193467,-6.545233204240832,0.42079198414683305
3.5390625,-1.2250096841516789,0.6013272621465835,-0.26752385875884643,-5.481166974111408,-0.7502157013928983
3.54296875,0.04794682841543059,-1.0228252936793352,-0.9155910467227812,-5.585711288210261,0.26624250699240337
3.546875,2.023587189462352,0.014753443715298218,1.9419850033082924,-4.513564738670529,-0.22895502122395445
3.55078125,3.925124072779599,-1.4593851327970633,-0.9976228040256279,1.2763485153132499,0.37293888013492305
3.5546875,-0.8399543845332768,-1.779440841989509,-1.9621146993270282,-6.660123986264284,-0.36775829973330143
3.55859375,2.2195850166825295,1.475742453195551,-4.005628054634811,-0.22299660064699767,0.5297393425926392
3.5625,-3.485308302719182,0.8962806340441126,-3.3870818890906746,2.046306270949467,-0.3771706310071892
3.56640625,0.932225294459509,-1.9920649660588525,-0.6126190164454994,12.152470513408245,0.14758355319449784
3.5703125,1.9610168997232347,-1.6759697249094054,-3.197075379661389,4.201627659309147,-1.0353939073055232
3.57421875,4.2207060758321955,-0.40998846106234293,-2.530999120003676,-2.3324646187526525,-0.522699903188515
3.578125,-0.01959418988881907,-1.3110504801426905,-2.3716824951332836,1.3145800658816698,0.4579959630549749
3.58203125,2.6911092596728197,-3.6823096213701514,-1.428037513924932,-0.6024401320559973,-0.12169259350976082
3.5859375,-0.46945341542970326,-4.819801155052564,-2.558474428593618,-10.756751801144517,0.1218852070774421
3.58984375,-6.298380394857321,-0.6887633408199875,1.1061869062193754,2.5130900380967587,-0.8235259174714135
3.59375,-2.5017103361471027,-3.020338684730287,-1.5221443532995054,2.105957155222969,-0.04499978009972823
3.59765625,1.576110749699399,-1.0854295646876586,-1.409229903584787,-5.801443118492497,0.8171271313508616
3.6015625,-4.687772348377675,0.0949849615432587,1.9004979831134665,-6.393194285977746,-0.2990357626811749
3.60546875,2.3225005211925698,1.0115126353803667,-4.191467520536308,-5.8541473486214635,0.8875495820381933
3.609375,4.152513074802863,-1.626498627986778,2.783133833737816,11.024036212693872,-0.09183137478899056
3.61328125,2.5653120498322086,4.376038753466082,3.596231419300695,-0.7081313455957385,0.5722715452729503
3.6171875,6.792730621034095,-0.41323023008788323,1.0735026641767078,11.018557029872255,0.6141677220753556
3.62109375,-6.950528391172901,0.5949975649625254,2.3822493135324807,2.6017113341851763,0.3427042854412575
3.625,-4.298736651397442,-0.18970622973800016,2.968679997953234,-1.3966702481049023,-1.0330752641215737
3.62890625,2.2002939256136522,2.201474604308924,1.550059246180019,-7.279364815522925,0.7960545282859125
3.6328125,-2.8277297878940892,0.014519478634158728,-2.2536188798525445,7.310309800991186,-0.34658737648152177
3.63671875,0.6424143645094095,-0.9614750908726981,0.9419565862110396,4.372123641766551,0.8015548450668023
3.640625,-1.0657705683935255,-4.561259122117891,-0.13019332780766668,-2.5295540488645187,0.06355601572489755
3.64453125,3.5414740208366218,-0.8459211125690167,-0.8484616807063197,4.203520822790815,0.6771644028364346
3.6484375,4.291285891136103,-1.2563173199777475,4.035190779254759,4.922536276884239,0.16993169080870152
3.65234375,-2.3109563183464603,2.7428772632339173,2.3785512767137775,-31.21298329860501,-1.0711830479769702
3.65625,3.776594559715357,-0.7199089177740248,-2.7684315253590945,-3.3531991831257284,0.004372224140518708
3.66015625,0.4163379282758786,-2.702371252121634,-1.0259409884649628,-13.968589137928554,0.10669861388360365
3.6640625,6.387140240889704,-0.13821805086048086,1.6274600164668043,-13.192548339136401,0.18206487965461454
3.66796875,-10.517969866642867,-2.5180103839567227,0.5766320733815113,-0.43595623677698203,-0.0934619169684965
3.671875,1.4203427152927246,-0.683368033181967,-0.5526969387582212,9.48857433073821,0.3413321859802903
3.67578125,-3.0822369150763014,2.053659653409802,-1.1872143238891395,27.352512518793475,0.09443396779009795
3.6796875,3.5909476597361643,-0.3892173942447178,-4.784929375194553,4.350863524313014,0.40132407397988756
3.68359375,3.052888005132917,-0.2189379697925642,-0.0024199531711526223,-2.20732135943053,-0.5299886415099423
3.6875,-3.4489066974135505,1.037011664117179,-1.4315873283028688,3.4211378360116664,0.4040898205326829
3.69140625,6.227853886312664,-1.1570493478682746,-0.16383134430885282,-11.114895591625821,-0.12734894511609265
3.6953125,-2.0633555057684014,5.697331992926665,-0.3675663872824446,8.604391737278265,-0.35312609432127623
3.69921875,-0.8451505031338297,3.7688414546550284,1.0572900374727765,-4.564469737986917,0.3216309745720399
3.703125,-0.5313840428478991,-0.3870945130813341,-1.2658648666130632,-9.871857764490182,0.40178580977391254
3.70703125,-1.858201533094842,1.0117294287798337,2.4310581255675463,-19.884121779449607,0.6129100427530695
3.7109375,-4.649585534223857,2.9481379308317175,0.01410768954498376,-9.522291202886322,-0.157084721356191
3.71484375,-4.535017751095947,5.329056413249254,1.8098436929355182,-4.634189629125203,-0.3023765584049922
3.71875,-1.7792464813520934,-0.7102575317512256,3.658075685926752,-2.948104816386836,-0.7661142696141726
3.72265625,3.8237014349492395,1.750189482488096,1.381947877221408,8.779862007594351,-0.13645058479379463
3.7265625,-0.4962376652100653,0.47699324394924625,2.6591738902396873,14.177395937743526,0.6788641368809262
3.73046875,9.824801096953472,-0.17178920313517282,6.302186219693422,3.085847346069106,0.26972684609691205
3.734375,-2.397723797231257,-0.140101439456997,-4.278308875818807,7.905757429917799,0.03996794202914231
3.73828125,1.7655086788619239,-0.026863516267206042,-0.5973469122927746,5.639452573978475,0.41906508957340693
3.7421875,-2.5663757014579462,1.9376276181689964,0.9369201064008883,11.701927337742745,-0.17184109372749945
3.74609375,8.960478522011172,-2.3445978328635935,2.707499379117262,9.327436658083874,0.10828032775744391
3.75,2.461716592605663,-4.75597212695853,-0.2748920258201195,-12.474269941742353,-0.00477574544023899
3.75390625,-1.675571166281439,-1.014721048236398,-1.1567004354703285,-6.490049687046334,0.2414415038500904
3.7578125,2.8600434272874327,-4.15961066658138,0.5538777182211794,-8.358040319585303,0.0751165669156549
3.76171875,2.0064158504465257,-2.471366991696475,0.5400339685557096,-5.0344684064855585,-0.19300408745138578
3.765625,3.7157327904935213,-0.9506899061150902,0.3386350124050346,-6.833797891296474,-0.373489934236967
3.76953125,-0.32180126533564885,2.077846527469118,-1.0994217145856424,-11.687160972079452,-0.4327042754686167
3.7734375,-2.051998770408609,1.2888702741633828,-1.8589988191166036,-2.2867010335467897,0.04068883799774125
3.77734375,0.5288160032461907,2.1985896859494516,1.6751729227733683,4.883505737383894,0.11427384590150348
3.78125,0.296170084422469,2.8602734048635003,1.2922323103128095,3.7434374990559105,0.026350742303898264
3.78515625,4.4307422359217545,-3.378858804102906,-1.5727041185002426,-1.6690989030664998,-0.33068994680956276
3.7890625,10.720789508274773,-1.82489147304043,-2.315881471954773,-12.176332856272452,-0.41583319732443186
3.79296875,-3.330674279904413,2.007318513902007,1.13469776451933,3.5433978124817003,-0.6023969246080387
3.796875,-4.100008775961711,-6.736219519430122,-3.571802548600348,12.837334971981875,0.2675664580697792
3.80078125,-7.621191017010218,0.4690381019156221,-0.7215543459344974,7.914193473573403,-0.04066004952724396
3.8046875,6.190116878586645,-2.0671872389427755,2.9127921998785644,1.3070530204706663,0.6966419206413954
3.80859375,-1.289237310432328,1.0352731689926375,1.0316662192088788,-3.18024684141401,-0.4376529301477043
3.8125,-1.479142319412649,2.2850956288696613,0.7643737224747797,3.0698440357779173,0.13646961799527368
3.81640625,0.5942152269106746,-1.7867895661737316,0.8125813846034611,2.1109598122301554,-0.19913072623578731
3.8203125,8.780641713252875,2.2051534031395734,2.0299010657946877,-14.773032080439746,-1.2500211794885798
3.82421875,-3.667068994897915,-0.12617073659117825,5.5864946069957115,-12.75239432731601,-0.631814245531769
3.828125,4.480550167559678,-6.14574132157497,1.3630817038468384,-8.189155334562246,0.06925861857185096
3.83203125,-0.2791930318142869,7.305133826771648,-0.49798922491127695,-8.926137677145293,0.28752332555692783
3.8359375,3.627518413983959,1.5300170053289035,-3.4702677014374443,-8.169848038203606,-0.36196904559212967
3.83984375,-2.769983551795422,2.2975908460505816,4.010112237875667,6.410861409011795,0.051994921825240695
3.84375,-0.616870040561925,-2.307457032759081,2.683374343191727,4.589200201255743,0.23363538363297826
3.84765625,2.407658728871383,1.5278436702210398,-1.8786443461803874,6.388972341919553,0.032395565003119624
3.8515625,-1.182456092096416,1.226288222995994,-2.817961936636718,12.497755972017293,-0.09222252337858276
3.85546875,-10.747827800318605,-5.4869477318497175,0.721737284095746,0.6665856342127698,-0.3290524452818239
3.859375,-5.991031045653694,0.7975580295673697,0.7929655422992962,-0.24671808688011576,0.868604344190426
3.86328125,-0.43216186672993395,-3.834999087870484,-0.9948822441407479,1.016637159006506,0.3921603235535606
3.8671875,0.06399101471992824,-2.1356792020663145,-2.73834840410562,13.062672065624936,-0.0832463041990524
3.87109375,-3.4582463239247585,4.771442507923327,-2.5416999492638945,12.35860855696,-0.36009217020123774
3.875,5.332252894744982,-7.135050127382782,-1.1288098235290265,-1.8553262193018654,0.08121598244879731
3.87890625,1.5522615308212624,-3.979988687637734,-2.5506569423602845,-1.1362110694515728,-0.018178620332387305
3.8828125,4.895675943853611,7.259436969757077,-1.2243592510321613,4.5049814912924315,0.02813082592741881
3.88671875,4.503851691890921,0.6793330134940097,2.065706708771945,-7.197317472087659,-0.28074874930660776
3.890625,-1.569846447645593,7.208989387822644,-2.563108124051171,-9.563841637773713,0.9754342127403756
3.89453125,-8.581953943508681,4.946020685191698,-0.12099993276496007,3.748142279237321,-0.5518693336416944
3.8984375,0.9805356229229457,0.659093814735739,0.7729257688957776,0.39253874376224207,-0.37697509922396377
3.90234375,-0.4839359717818128,-2.4481230572458132,-0.45395802084631753,2.7827051062746726,0.13231567897301424
3.90625,-6.372165949902193,2.40884649930434,3.048358523083197,23.14059478348075,-0.3334515558809713
3.91015625,1.4195139002650186,1.8318110184370249,4.557858907299718,-9.947249875230153,-1.0337951479200544
3.9140625,-4.3603989344415375,-0.3224793680329832,-0.47547612857695865,0.7048511440678313,0.6342255157919832
3.91796875,0.061830787749856585,2.578574429002572,0.5245539131197697,-4.639065645832553,0.3674448552290615
3.921875,-2.286899829448866,-1.6894102681342154,-0.4326133658655402,13.714761799035072,-0.8334011575847536
3.92578125,-2.348358292003291,1.3015353608002074,0.15255778197459668,-20.704209106150746,-0.5880871508035991
3.9296875,0.8762859592971038,-0.20370943115296292,2.692854126986168,-9.591577929467999,0.6955418075754543
3.93359375,-1.8039861706821991,-0.9982948080954885,3.6194075256822513,-3.3426040690162315,0.08881732972096175
3.9375,-0.05568424632108211,3.515554018790885,-0.6786260915160205,-3.353612118203329,-0.3092949926654086
3.94140625,2.9704544588524886,-2.126004437728816,2.3353728819448056,-3.080739785253807,1.3900247366494949
3.9453125,2.1281206665658288,-0.8635749843657363,1.570486512872614,0.09864113496853738,-0.055250290131107126
3.94921875,-6.64446379189685,0.11117082115870983,-2.5932481506126814,2.9411397309052116,-0.3559063475849521
3.953125,-4.048784205477893,1.0166105121239157,-0.07895478451843496,-5.6440087511465205,0.7602677106800818
3.95703125,3.9508207352677562,2.2973501913646084,-4.123159939385367,8.535222639723054,-0.15389050388454353
3.9609375,3.2667593989890524,1.808946796482184,-1.7022901167792286,10.47296545925931,-0.5601259746331017
3.96484375,-2.6157760141039677,-1.8059171407411514,-0.18795822791869488,13.599971446597866,-0.3008591047208879
3.96875,4.319229671296795,2.8949706962651884,-2.6428607798965302,4.810324189557635,-0.5830445893358654
3.97265625,1.7992355190534384,0.09689868864039489,-0.580219255808803,-2.410655278421163,-0.461382103398549
3.9765625,1.832107172267296,-2.0408685362301964,-3.5274191370503365,4.254242920133813,-0.19404302322340417
3.98046875,0.6099058610793522,-0.9487221442969025,-3.6349024912831207,-12.52741750646183,-0.19544852404398608
3.984375,5.111430741693048,-1.7127588615479183,-1.5442512895527476,15.07484857518828,-0.6205053377100583
3.98828125,-3.591156271866489,4.232730194522187,-0.24801539489069824,0.16271510781055465,0.4717943126153037
3.9921875,0.9318185468416181,-2.24935448402167,1.7097400160138037,-11.568291659801012,0.13775847920896508
3.99609375,4.407553846437916,4.403166483765372,2.5223985436201444,6.784948659146929,0.017517402576882005
4.0,0.38542276445793094,0.14825198249140914,3.0013919771218345,1.9053057474723545,-0.3053169543417769
4.00390625,-5.287504206386763,0.6047778806371467,-1.8990736252595646,9.58631618091185,-0.7108681455359107
4.0078125,3.2112581487133918,-0.15421429314678137,0.35966730722903123,4.948902747807877,0.6637532103130129
4.01171875,-4.738553312479977,-3.9376796165486545,-0.5109508352117351,12.963739749507347,-0.027755929194919423
4.015625,-8.730540310670547,-3.0261429295457516,0.8855166385405326,22.085492256629387,-0.0653292065915103
4.01953125,8.631707631197047,6.190554341414531,2.1903072018565135,8.403237730496645,0.13771994619308792
4.0234375,-1.6818404311640132,-1.1175576928839916,0.09641362754970673,-10.188034777032854,-0.5523606216616984
4.02734375,0.28237751086534035,4.153698987269111,0.5454403926917974,-1.2529075165099333,-0.4962117980853966
4.03125,0.20623130267278186,-0.5616489367566387,1.5980834733536549,-7.599259671968147,0.4161648638273925
4.03515625,-1.1925735315788537,-5.781469289308673,-2.6791248941117374,-18.85046403203497,-0.5187741431351589
4.0390625,0.6490674200330747,-1.9997732082316353,2.311566899600818,-13.968988733123572,-0.4219550990488958
4.04296875,-0.7509973146626067,2.6767875823458414,-0.033259395993262886,-19.804083815747745,0.40609097031762026
4.046875,0.9364686778326842,1.6947155075115694,3.5175670715956597,-9.264465269503003,0.4860446094654739
4.05078125,-3.524002193032212,-0.7858675823723882,-0.9693276657283051,-11.383185936402207,-0.20811617891505965
4.0546875,-3.863529955172175,0.7587552912886586,-0.3651872264831823,8.276619284002988,0.3733379130393662
4.05859375,0.7584815576738162,4.266337609967092,0.17186081106530526,-8.276205833920075,-0.18573752787461767
4.0625,-3.1241288833259997,-0.8062304795824893,-2.386229437633936,16.160674418533674,-0.0599726199209465
4.06640625,5.7039116240187475,0.8977246642002945,-1.391017567486162,-2.692560202021774,0.3928582564888282
4.0703125,5.625845957047755,0.5635628123546359,0.27266272651116785,8.73955501321046,0.3233435261900699
4.07421875,2.0575104719184574,-2.4733303265435715,-2.4957969318495015,15.60428236179818,-0.04687704592680808
4.078125,4.646817436428315,0.5607621696128215,-3.7130217871317654,-14.667564896231653,-0.4879710801716943
4.08203125,-0.5488380639544228,4.60992776492159,-3.754946720203567,1.1910659103138366,-0.30129124751021014
4.0859375,-3.722420755435371,-2.4698187270326946,-1.527798767191738,5.9207051183155075,0.010902740056947312
4.08984375,-6.279936482336729,-1.7327703703911181,-1.423477962722861,-2.0311126234393897,-0.6779972058843458
4.09375,2.3299192112745692,-6.064717788756983,-2.452649811986033,-11.334460495409536,0.28480280435987243
4.09765625,2.9175990162297576,-0.28751734144131713,0.16574959664997907,-14.089240668079194,0.013985966170339648
4.1015625,-4.003861882131225,-0.8489184727053061,-3.852779652473205,-3.377148639500727,-0.19027894975882126
4.10546875,-4.585096299189685,-2.229801344045133,1.8660348366595043,-4.2281140985616465,0.7891225675256521
4.109375,2.1396346413031817,0.09326454080335397,0.9074816207566717,-17.64240980748748,1.032739237437293
4.11328125,0.41661390381711183,-8.924693411080055,0.36135707297608954,-7.2154716823197305,-0.294919051598694
4.1171875,-4.489782265097601,-2.3964353997013927,1.8808139225424618,-1.4839725506865329,0.056870927979348014
4.12109375,-1.6050019569515799,-1.9362108478668763,1.9583657899537281,2.2069024516004143,-0.18242322565742553
4.125,0.9072415878591508,2.5840378197257987,2.266841750099292,7.074786227650169,0.2609209117326318
4.12890625,-3.3629205247433056,4.45994148213407,1.0595041088961175,-0.24301012811664968,-1.026096146863855
4.1328125,5.881637925584019,0.13766282715330322,1.1600939386569975,9.682615134908804,-0.3940448382182119
4.13671875,-6.443866411230039,1.6082099555302443,0.3411771465360949,10.573282721845056,0.6333703015329869
4.140625,2.910238712678585,3.8394808910432436,1.1629947508280838,1.9218727886507314,-0.06346390772255943
4.14453125,3.6859729064526157,-5.21186599345768,3.527974483069564,-10.396079158322728,-0.32920549983442926
4.1484375,-0.05951163929690709,1.2047147097555782,0.31016739514248304,2.042592932568242,0.3418460158474225
4.15234375,4.339048576541441,-2.6187075951037384,0.7913584336239552,-9.527346723325017,-0.703516841015706
4.15625,3.9887855167300748,-0.7835038499375027,0.6342310567218548,-12.419190479401674,0.35099833620583326
4.16015625,1.4860746540421776,1.1549855596638026,-2.3826658486557495,7.7599072274715635,1.1589949578087215
4.1640625,-2.050359818015786,-1.9474727425075113,-5.504932566803575,-3.9922676105930237,0.44638305758745067
4.16796875,-0.633759482255294,1.20879249398312,-5.127543378751399,9.441126264962936,-0.010923074855235863
4.171875,-1.8733460324304565,4.360145785945297,-1.4279863811764795,-8.200906171015765,0.11496588720016286
4.17578125,3.110616455880537,2.263580872376135,0.24318120074484595,5.107287544163424,0.08299595079905495
4.1796875,-0.6284932732665987,5.941544073059911,-1.2336406051649835,7.372953342405131,-1.2614637698897209
4.18359375,3.2453747778933,1.3670426535546911,-0.6893231033031004,15.31526723058422,-0.3557694908004511
4.1875,-0.07775232492006826,4.2437272853932395,-1.1087011901037604,11.394771481158724,-0.5282961459527372
4.19140625,4.091249703037947,-0.7695650383629158,1.3529123992238583,0.6628854619033777,0.19869823580755147
4.1953125,4.116930798832381,-5.510817052940272,-3.2748566937893893,-1.480440020881561,0.057644419633021166
4.19921875,-3.7522040556717364,0.8301435696756123,-0.1449228643843339,2.5076463321592586,0.5117419483558897
4.203125,-2.6241100591152025,4.594951354311255,-2.4730774692476762,-18.02217956733667,0.5105749562273998
4.20703125,-5.893528325843671,-1.1219338551996068,-0.4249483280317434,-0.7615672289643909,0.03127845799526159
4.2109375,-4.051094360912058,1.8307117958266295,0.6126269698955777,-4.795497073611378,-0.28299395684599976
4.21484375,0.790634915209845,-4.5892800928412,2.2828026538318174,-0.16144012954485643,-0.23370145861159153
4.21875,-7.749498669250798,-0.5303218422324116,-1.34579923906106,5.897844433671793,-0.28027607931867893
4.22265625,-5.186708256997353,0.5155773781102315,1.5230110167653632,13.504702030042843,0.293927630868736
4.2265625,-1.8284814269209964,3.7257293680043557,4.1531548014003725,3.1651889348506335,0.3569832874729369
4.23046875,-2.006948669058738,0.23481625744750761,0.6867515947811461,5.209107967712295,0.44107559602677315
4.234375,-6.054800950921007,5.51267093049969,4.410896837980207,12.246978298345464,0.5052533840525545
4.23828125,5.525611571583242,-0.049504778774056825,0.8539793424587995,0.7868432354349526,0.21869700937838732
4.2421875,-1.65785725658749,-0.5114051159009103,-0.5698441030598553,2.9082302940149773,0.23288638564309996
4.24609375,0.5266620226114154,-3.521667996560686,-0.6451102205621826,6.126088386090032,0.028699955005130225
4.25,-4.598521774905204,-0.7168497647902379,-0.5777751502334165,-4.800339268452555,0.3613815587410526
4.25390625,-0.6428821777813915,-3.7055640112024264,-2.678824081513972,-17.980722108205544,-0.21884249644674508
4.2578125,5.978538715622337,3.440527309244999,-2.8440325040193333,1.3688523742358827,0.4162848371713462
4.26171875,-2.040867822732983,-2.3147811150073845,0.09312067536498292,1.9614050568261332,-0.7718828331719905
4.265625,-1.1096213969844781,-1.5024197596887672,-0.3504345984905375,-2.0349799086548934,0.32551165701921503
4.26953125,8.159190793673918,-1.944168962443686,0.2948156044925099,-13.454391640987051,0.19600734885508497
4.2734375,0.4541977046503513,-2.8671634144754443,-2.473746352103628,-6.938733096627556,0.12037542966934626
4.27734375,-6.019657043181511,3.3149835499802727,-2.634679720919995,0.5032772631275761,-0.6881612398801777
4.28125,3.358838986990623,-1.500837842086998,2.8460388635047194,-12.312082398900321,-0.16227109172655874
4.28515625,1.2948341124360936,1.4232289113848777,0.957120957786534,11.0224801699436,0.11278927133398409
4.2890625,4.822302887671189,1.8287778073490422,2.514375018141358,7.55949444711308,-0.1005858239513557
4.29296875,-5.979156451419119,0.9439035637640258,-0.683447849709896,3.5515459507437495,-0.28375255510743363
4.296875,5.911346406470939,0.131833690977182,-2.039693510566858,0.21384492652252263,-0.2842321586237972
4.30078125,4.429674728055039,-8.904660572780022,1.2549605782510462,6.711533530859276,0.6353201254291202
4.3046875,7.4415504002282855,1.7192116255786951,2.7847885013126463,-0.09069153589040857,0.15854933344056676
4.30859375,1.4492397714725276,1.7206409692895206,0.1906831287820665,1.4053671245984356,0.20947944599404886
4.3125,0.9446760312765062,3.668549818109454,3.5750152581157297,14.427076556333006,-0.3055411552705717
4.31640625,-1.452935617761902,3.075949448361965,0.2788820539125505,4.850923929580321,0.5675858791562649
4.3203125,5.0380261771261505,-3.299804530361957,2.235326420538582,-8.140457032407252,-0.05237832465368632
4.32421875,0.358170886602219,-1.9660243585680859,3.6799332371131825,-8.245406740048791,0.3515546172955097
4.328125,0.26954632298053166,3.1264106755850114,0.19476341615529957,-4.977897719634349,0.5426808055682162
4.33203125,-6.1161719128429946,-3.5420612683801007,0.5100821847357881,0.3197407642679495,-0.42681964674662526
4.3359375,1.643334571307172,-4.234954878666537,1.3682307540296237,10.393512710790894,0.7956348061749349
4.33984375,7.245777874594883,-0.5530574203464784,0.004738708371626488,7.28601448042737,-0.4024305800678775
4.34375,2.5494613364746153,0.36214516255341067,1.7326824960314093,7.934767152608206,0.47609495324022155
4.34765625,0.2035945367860914,5.796413636495254,-1.5537599327678908,16.017343083077897,0.6880642632512132
4.3515625,-2.840858230108214,0.16033366730887505,2.5830849439069725,14.57330966709396,0.14186287373734466
4.35546875,-2.1608479128072817,-0.17738630355738882,0.4511141701708392,-5.51245801198859,-0.12153987764638556
4.359375,1.5625227227165621,3.5395031329705606,-2.6844203668463034,-3.2436245599058355,-0.12317702815233768
4.36328125,6.674650057404441,0.5655245855263825,0.46631970549345425,11.509920512795901,-0.895854884095995
4.3671875,-2.0219812530167327,-0.8058522083727442,-3.1509723734614234,-6.442664328248241,-1.0714796868382779
4.37109375,1.3936715873979442,-1.9063406407108294,-3.5903604874130126,2.797021078259416,0.31344385520313595
4.375,-5.5908971121340745,0.631722963682524,1.2391395558193992,1.2038740747019245,0.1785124532639001
4.37890625,1.7932067522926425,0.10365082976400844,-1.6194618138096184,-13.571822690192917,0.06147023519537834
4.3828125,1.1118948615125885,2.285767256953804,0.0703497063449332,-8.909703640922046,0.7400099216402438
4.38671875,4.515081803813285,-1.073730325276276,-3.4671284135961336,-3.1698663756988523,0.1926813446499531
4.390625,1.4147616450579832,-5.205032738396857,-0.8833910721186166,-3.5318084185786134,0.2496264134367727
4.39453125,5.303770771261473,-8.743925753743728,-0.5849040637161238,25.287065673323436,0.10079347437421655
4.3984375,0.9629325127336212,-6.217441522546082,-1.6312613137460488,1.7796227050223496,0.6700869269116774
4.40234375,1.5511198969187687,-2.519191677768306,3.8545991258849663,-4.91290040135797,0.019738033512546244
4.40625,4.233572728665114,-3.6054511624870873,1.6998232151586359,15.269378142075817,0.026022980282608816
4.41015625,-3.9575150858971613,-4.747868309622433,5.08485636888429,13.007175214106672,0.8539521089205305
4.4140625,3.3862385308491336,2.636093496962701,2.244376653759346,21.757913746765453,-0.4032248152747652
4.41796875,2.6835126250656356,1.2055046611908555,-0.5121135557888052,2.622634787824729,-0.20262065841133153
4.421875,10.592675217555461,-1.1646768356612045,0.9681472582973067,3.5013776717200082,-0.474684913180711
4.42578125,-4.620160240823854,2.31334624137519,4.542487802970099,17.188142955262535,-0.9031608542679642
4.4296875,3.2678120623648717,-4.161997579087319,0.6541555650881085,-24.184203291095756,-0.33003672851704907
4.43359375,0.583018868409238,4.173488990076288,2.439750076336126,-8.653618786854803,-0.21161930760441888
4.4375,-1.0621091812997068,-1.1791390554075603,1.4405124305394816,-1.9793435307357448,0.012899126371447833
4.44140625,-3.342704462046633,-0.16648232418163728,0.6486602021368041,-0.06187976066660883,0.20926229973349839
4.4453125,2.274713946365935,3.31660078558875,0.8176461000133348,2.101538755573528,0.465220846767452
4.44921875,-0.7148099816618697,-6.754236847389535,1.4084400287138203,6.989933683967365,0.1384423514369507
4.453125,-4.662334161074136,-0.5010544490697773,-3.220732854796338,-1.8486281190823863,-0.04447283499260761
4.45703125,2.2706024165832828,-2.379622429753346,-2.9495121273613982,-2.5526182830076154,0.07467862149236751
4.4609375,3.7647254091455684,-1.934627052392772,-0.1633440602627263,-2.737554246433362,-0.14459257162517047
4.46484375,2.9061858552629882,2.425661925556373,-1.9362171835021775,3.120672131460147,0.43601584832733886
4.46875,1.8397380172641118,-1.0348787853713057,-1.1603166609804236,10.570085218755453,1.0249483418243186
4.47265625,-0.07586204947500157,-4.650680831559507,-4.429977079927093,-14.419561377028495,0.41730733319820745
4.4765625,8.21047141928173,0.7903513280071306,0.38889560848887306,8.930629537113651,0.5515534262170739
4.48046875,-3.4300003955632463,-0.9208723276553025,-0.5752430513394015,-14.06248449637137,-0.4996305956333776
4.484375,3.890162735482215,2.08821630393895,-0.49911073118417937,-16.298226565646697,-0.05822381731840886
4.48828125,2.8963016945833693,-0.5855647923302193,-3.9828226160458926,-6.388744498238097,0.15763498803070583
4.4921875,-0.37964154044816584,1.849446850484578,-2.5750771219184623,-5.171683980118834,-0.2520646748416186
4.49609375,-1.4315483137230214,-0.2791776324799229,-4.131975506758094,3.433095962595397,0.1635569876461099
4.5,2.5027131945379835,3.8911078775021424,-0.31746911705308917,4.323747825181703,0.21214123630121934
4.50390625,-1.5220794500800492,2.5204012439597223,-1.4415394244855875,-21.23635536065626,-0.20561282118940843
4.5078125,-3.3520097489404312,2.5282170241727977,-1.3223142222278432,14.804614851728921,-0.7703858564682643
4.51171875,0.7619399973028903,0.6731202123382029,3.1447850511085242,-3.4654065980955755,0.20881222608039077
4.515625,0.14805572866645433,-0.7855039646329534,3.5276254732479133,9.334124977073303,-0.033417876607593586
4.51953125,7.3818933865303595,6.662584391137466,0.023983058750534303,-2.2354788731307664,-0.9339446776712996
4.5234375,0.5650138961144083,-2.690629165905033,-1.1516489450093463,-7.405238984640681,0.18423098949772637
4.52734375,-7.352898928378003,1.4779486427877284,5.00370135921312,5.84582552548632,0.5527321981298257
4.53125,4.072299993827612,-8.279348311656156,2.980737985717422,-3.5081232593289506,0.29279419397937173
4.53515625,-0.5268223547551832,-0.721918354092917,2.9177547997275983,-14.259202238106614,0.2709351149898441
4.5390625,-0.8320637287314574,-2.5182253516756976,1.7986519270933596,-13.070013062451594,-0.9906933656928854
4.54296875,-0.38189025603886795,-0.17353522518336573,-2.49540790426508,-11.787720239495918,0.6950067662604704
4.546875,-3.004417742336016,-2.4655201235013298,0.7208512365272243,7.08873414193534,0.6515193816268741
4.55078125,-3.223408550327414,4.245893947285892,-2.3854193106354646,1.6189081754469905,0.20935097527072147
4.5546875,1.301346258346729,-0.9578370470401883,-0.21053339567374316,-6.578152746787081,-0.15245959045455518
4.55859375,9.644717148206126,0.821714238668145,-1.1238374424250637,-0.10493395457338117,-0.21250317370520588
4.5625,-2.3090292379603645,-1.9900908022135901,-0.4889453497136592,4.7613574692836185,-0.2013956972770825
4.56640625,0.32729893085369,0.5654358842123377,0.9936521465181365,-8.245806469687874,-0.49640710414908806
4.5703125,-0.6241097910681523,2.525801951061801,-4.101708160776449,0.5235944992482375,-0.3252081932303219
4.57421875,-5.80518788871571,3.4005448065390675,-1.2517141647131689,5.625815690814263,-0.22871182046133084
4.578125,5.335169721527995,-3.549598864358552,-1.5174135248230238,-0.9713587801342483,-0.25778696160510817
4.58203125,-0.20307833272953912,-1.8474139410554549,-2.103067030212468,-17.638503973394975,-0.8453712536824411
4.5859375,-1.7875174848967346,-1.07584359084956,0.5071992087290471,6.334215340113433,0.6085964796659079
4.58984375,4.500054696768563,1.3587726057162899,6.392873277560751,-1.9746505294681316,-0.08406456314361747
4.59375,2.726811935635196,3.6408387970253324,0.2637180512819082,-16.65874082142057,0.4594816490890084
4.59765625,-4.405680613500681,-2.5604387301608926,-0.867119818984706,-13.624976424129063,-0.11647678402439965
4.6015625,3.393961201382047,0.9108539392851687,0.44487123212649293,-15.576332168836755,0.3277302545133677
4.60546875,-1.5672654903478334,3.4183241639964277,0.7648444607262725,-8.645990129135784,0.19791863697251877
4.609375,0.9997282295690122,-2.2751571040524867,2.4940021579370244,10.22838158121196,-0.01698995421164189
4.61328125,2.6851713753145714,0.4996534843439878,5.915237986232592,21.077460905200105,-0.054470659881419685
4.6171875,3.760364854090007,3.674874522849373,0.44392312566745007,7.1069317878019636,0.18907580902857682
4.62109375,-2.7460839806427213,-2.6680433896473454,1.1293883540070193,0.7767366174412986,0.06824223140657668
4.625,2.284813692855318,-0.9772300381883314,0.16006494777904168,3.8787666212019363,-0.08063953124438096
4.62890625,-3.3477515844011347,-0.7321660590034745,3.356629555598266,23.32311174502931,0.0710706481785541
4.6328125,4.675152814891548,-0.30111223683334787,3.3250759142200983,8.92985718214101,-0.14366255139246015
4.63671875,0.1348707100584224,1.4157966127315198,3.2104067802530096,1.5101769181917728,-0.49550528661980925
4.640625,2.411861454149684,-0.8377539032711114,2.748932896471464,2.124701780449462,-0.4163253909033886
4.64453125,0.5348533324969973,1.010716288830685,2.9013767644848656,2.2001293109166467,0.11739745989747623
4.6484375,-0.48146674225531416,-1.7317512153661947,-1.6002846271956295,-12.33993491356726,0.6840044957266338
4.65234375,-8.459232210607409,-2.3837535477333383,0.1167499197976446,-3.384959819558993,-0.11490283690491424
4.65625,4.0974312556729355,1.0438982039257174,-1.440877889018671,-5.150254990163498,-0.13011800146967917
4.66015625,6.348899911886073,1.133335497420338,-2.543774694390757,-10.383480570546741,0.05332302737784144
4.6640625,-0.36239571879795895,3.2758721545484097,-0.8921265367213277,-7.183884721339027,0.4055685134573923
4.66796875,0.24790754475049004,4.235970551472652,2.702824876100872,-0.06693648679995778,0.486526795346483
4.671875,1.896699203276659,-6.078196052268641,-4.247742114279671,-6.310426465704898,-0.13709273820609696
4.67578125,4.544931325727634,-1.456751647965102,-2.6531502562251585,17.92694387610677,0.3105816424474594
4.6796875,1.1460684656514342,3.2137485458994934,-4.788253362585273,17.349980556299887,-0.6032492128201962
4.68359375,3.638265086610698,2.307059188241131,-0.7221101162698415,-4.392844753728342,-0.370844843703614
4.6875,7.415953901715585,-0.29208221393823536,-1.9524954039364966,-6.034821200583431,-0.12043828922666312
4.69140625,-2.8870659597307604,0.037275110978793304,-3.7746836974849716,8.12968789720583,0.23173428466191165
4.6953125,5.548257393139538,2.111308055927956,-2.3813452428718827,11.044397489530086,0.2863295772162247
4.69921875,1.7161671782271533,-0.8604532090567634,0.8453811377667398,-6.181203209335582,0.29595197425398695
4.703125,3.838948203888902,5.6278671891805,1.6324717998529763,-13.381869623721883,-0.8309681197953568
4.70703125,-0.9410124290323071,-1.7569615375948515,0.6215803896839667,4.434550864148473,0.6150517500753621
4.7109375,5.911994231475106,-3.223114866148611,-0.46683903519712844,-3.259337298646912,-0.8284398549622148
4.71484375,1.2601435702912345,-1.200725807495244,-1.5984981337026805,-7.76546897789923,0.20235693446242753
4.71875,-2.921612913839993,-1.260880236146405,-0.5329983289425944,-3.3794488787076897,0.021736481827949034
4.72265625,0.1915858703052391,4.016555121688419,4.628679282006398,-7.8625827266445,-0.1734719523857469
4.7265625,3.361542386727645,1.2555841343720384,0.5061910320712149,10.195714789026034,-0.22802718413124803
4.73046875,2.3800127663250357,-0.18149364186600314,5.018175271868694,5.419247695171629,-0.023863959689707927
4.734375,-0.5443284793728523,-4.857417697955388,1.9866401425934077,6.862201885528151,0.04856422057534844
4.73828125,1.9170631049014295,3.012446980517433,0.46049297335918626,7.263825440172894,-0.1898795949413934
4.7421875,-6.342114073872386,3.50964148470739,-2.1963049785950153,8.807247987092662,-0.8494900425095143
4.74609375,0.9089652111340002,-3.3636019688727776,1.7040181889920063,0.8575687430172769,-0.5714257851051637
4.75,-2.6570447037163216,1.097638997195009,1.37780139464036,-11.615344241591158,0.5490293981497687
4.75390625,-6.361667467791136,2.4436862966481225,-0.29085340898391226,-3.35761151449476,-0.4775087841990564
4.7578125,7.308121428917556,-4.365129416172518,1.3088871423260537,-1.9109610231381091,-0.2659240116466052
4.76171875,5.48548548509012,-4.356618707602921,0.04465969845754181,-14.188189695819977,-0.21054798691937487
4.765625,-1.7534630990360318,-7.219377872798102,1.5368453936756383,-7.431758325807579,0.3926570228475154
4.76953125,1.7842024646352221,-2.328969865401953,3.0517834549231484,-14.250815418351625,0.3439445517918083
4.7734375,-3.306840820166629,3.6075436692662928,-3.0205656580345615,7.784305301927781,0.4767015028175615
4.77734375,-0.33568899029099947,-7.222750650853332,-1.2882996871243422,-4.084476956190773,0.23169396733409164
4.78125,1.4536825548450236,0.9188594541653698,-0.7461312127322437,-5.95535604157274,0.5052547120363567
4.78515625,10.208374188140521,-0.8529114116851593,-2.607546136454972,-2.0428804072025875,0.01624970907067364
4.7890625,3.0350238458881007,-1.040198735027836,0.9054776109825011,1.8356768595369988,-0.34033071086586864
4.79296875,3.564366842628536,-4.377697111416608,-1.6963819304903818,7.079737338232649,-0.5909940895304516
4.796875,8.727737611852657,0.09781938834534787,0.11905155492688069,11.898791737229455,-0.3878036900828762
4.80078125,-1.7927320362102652,-1.6458029529916611,0.8890107436300193,6.537991073775599,0.024363577191344816
4.8046875,-9.50282996732978,-0.373811630296756,-1.7891381830137238,-4.5639213121592626,0.8896061307300666
4.80859375,1.3790310625611948,-5.616734608098822,-4.2390001006939775,2.7730780927826064,0.2837144530307168
4.8125,9.294940118158324,-0.7712109350278888,7.249061198674972,-4.055373266327172,0.07008463306119622
4.81640625,0.15913464481840364,1.9853711527018603,-0.732487807506983,-8.07885871402159,0.47056389640120466
4.8203125,2.5563887389659556,4.569991621464762,3.0376183550592075,1.8502906498010487,1.269670649075872
4.82421875,3.2239234375661203,6.181034365683114,-0.2929482624105917,-40.541613000229404,-0.3596579971278182
4.828125,-4.382677260915459,0.3677775856849154,2.004086282893332,-5.5027871651777245,-0.02726264975757221
4.83203125,-7.229707382091744,-0.775324547170857,1.3964652202952546,-7.71281705458126,0.388396486866531
4.8359375,3.4249518813109665,4.909188348772914,0.7516305094613512,-3.2259216714607235,0.25720710968615945
4.83984375,-3.542038113076398,8.76410522021118,2.5116210027872783,7.485557462190764,0.1825587766298762
4.84375,-6.330072891085663,-0.16543044837510448,1.4253857598752047,9.513854179937635,0.9651719575756602
4.84765625,-3.499831581230837,4.858951428860969,2.8890836676195955,2.904209363953205,0.3257914071103146
4.8515625,-5.483532889405946,-0.4948128896413435,1.659275948761283,11.086357386308698,0.5256091340978419
4.85546875,2.8474991931883578,1.0890647625480534,-1.7918449496321234,-8.990430847934277,-0.49920001870678765
4.859375,-0.18014662726362535,3.807713069974584,-0.9086343009362996,7.049544078076297,0.6144114124008248
4.86328125,4.472389216934471,-2.717190756358539,0.11002345399525448,5.657788185984535,-0.623458892356277
4.8671875,-4.740945248618617,0.33382389625943054,-0.39324333765616526,-0.09205928211084613,0.10258617108200929
4.87109375,-5.5546923859993305,1.8233230890872245,-3.405372229410177,-10.12912319445126,0.5740147555635032
4.875,3.626568247437213,-0.9534984091906004,-1.0311677847344825,-10.561199249923673,-0.6201842261850979
4.87890625,-10.202244356852043,-5.902859878309505,1.2978431376648016,-4.967281632128407,-0.0483577980276302
4.8828125,2.677202370877186,-0.31139070452276457,-2.348259043661727,3.2061786594337915,1.0191446619589355
4.88671875,1.3966857735130802,5.428503673036358,-3.1755471124197747,-5.372864827359833,-0.1636206754271638
4.890625,-0.4179016971311939,-3.6594346745669983,-0.20039995612570105,1.0977645733576467,-0.18177082418306556
4.89453125,-1.6063244250485615,-2.1263096395837398,-1.3184053917698726,-3.5128131033782237,0.09361026930401822
4.8984375,-1.2795936961860839,-1.3107020049846887,-3.196557931567906,5.931642298214383,0.07043443183851587
4.90234375,-0.686970575677391,-1.0632024296178109,1.08490305125477,3.3323076864213865,0.22939786734329803
4.90625,-9.038479665196554,2.67671648946696,-1.2552033997909349,17.267483355604988,0.6005378533983861
4.91015625,-8.725871681722838,-2.4816248047249854,0.014096226241231968,-0.6209729726224698,-0.48971432644817486
4.9140625,2.0821949417035026,-2.5722841104704894,5.08701117803497,13.871201262737918,0.13012034486607005
4.91796875,-5.106294623997033,-5.288252141670047,2.720662989898259,4.041627162035638,-0.08031906456389447
4.921875,2.1138580718544726,1.1026619920551308,3.496355905261427,3.9385094186822913,0.024545530788512862
4.92578125,2.873989985074398,-3.278291041760564,2.2458425659062353,0.7636550386520184,-0.8536807627346674
4.9296875,-1.3903723251926572,-0.2555181008560405,-1.45836895820858,-2.0697342026524472,-1.236910242291547
4.93359375,3.525761789619364,2.169194159526638,-1.0393619553271103,-8.747791957696183,0.4081699830034242
4.9375,5.744161460207137,3.4969798031826467,2.6460234926820876,5.97002389678431,-0.16867404479576076
4.94140625,-8.863291678048567,-0.33489239254775555,2.893477426365256,-8.437447219462111,1.1756204330782252
4.9453125,2.06371206779634,-1.5571172594213816,-0.38630321270594725,-3.3927271447965768,0.5099487485143627
4.94921875,-0.08686116258896706,-1.251921420324013,-2.055770999266736,8.618466875575606,0.844025715554667
4.953125,-2.6313183256164607,3.84721583068478,-0.5891743944037254,-1.7232978768639473,0.7548192829149082
4.95703125,-6.492025708786036,-5.819219716382598,-3.613242128895136,0.27628462626917827,-0.24461995839015077
4.9609375,-1.7222530222484953,1.585092396497636,-1.583103243023852,17.84632665082254,-0.17100004263841978
4.96484375,4.6044676176610855,-4.410408714097582,-3.8259792626914857,15.978690342154131,-0.37265811069874233
4.96875,-1.4660481048525458,1.4446318191805532,2.5719642452702542,-0.05867975688309546,0.15379986820912545
4.97265625,-0.12232654588234582,-0.19491419471021867,-0.857237607267696,9.843003184334616,0.33816751459295197
4.9765625,0.6210483784166037,-0.3742203074006443,0.6518679597917219,-8.336189619776945,-0.6565436800754504
4.98046875,-5.859829705968056,-0.18483904177700491,-2.4545349008596204,-4.874081473705241,-0.7324063341701825
4.984375,3.717979972375038,4.665714629976726,0.16227829898019785,1.8951719093481927,-0.0268318306084528
4.98828125,-5.9780370426581655,1.4491608512572274,2.96662994154177,-9.235436065549647,-0.36693090992521876
4.9921875,-10.894989648123337,-2.7225595032963463,0.7615111668021491,-2.6841484264337336,0.19348477376733977
4.99609375,0.6478344290623959,-0.36643005778270266,-2.466803055639671,4.696894323900987,-0.008785404148783508
5.0,-2.7930328595887164,-3.259171935491781,0.814106690815186,9.359734612946415,0.11202193284654337
5.00390625,-11.54961521054165,1.0849128365213443,1.863474163869087,12.530553731472889,-0.09898417256036746
5.0078125,0.8634856291313908,2.1753373336889865,-1.4887625425577298,-0.3811349692700512,-1.0344628144626815
5.01171875,7.356523711276941,-2.2785655123807915,0.1667103198995633,9.335349252123152,0.143559546129167
5.015625,0.6726855310637312,8.25812540164011,-1.8563161340423187,9.690606721748694,0.5358084686237539
5.01953125,2.1069411267587546,2.4822434484152773,3.455529987416576,5.033446135250087,-0.08992445637048067
5.0234375,-2.0641884166085287,2.5665551628767607,-1.0961499297187827,1.345454552005715,-0.1281445699855686
5.02734375,0.44244522338775444,-2.9537415031737475,1.2321933386127966,4.644397404671177,0.13062256103570768
5.03125,-2.472055619810076,0.32341789698231027,1.6082873904137154,8.628844877116506,-0.6845674833152867
5.03515625,7.924357752435345,0.6663197623983514,0.8584956217071649,6.818001387345472,0.7575836839801262
5.0390625,2.200517420898337,3.088021115449215,2.3682531304842023,-13.525174490718992,-0.060766092787280554
5.04296875,5.584666859829721,2.398171096966156,1.5425436802239667,-19.404457159555108,0.8536632600040638
5.046875,0.30509997502718683,0.22458162534705955,-2.368742148358209,-17.944293674882257,-1.2724008154596247
5.05078125,-1.6761482240622232,3.0068566315641574,1.8011816388494988,-5.100563754950235,0.16749857581391084
5.0546875,-0.48450235425031574,-0.11348466132801566,-3.041295150409148,3.147096183665285,-0.6571053032616203
5.05859375,0.740437037039674,-0.7558884267791097,-4.634909981555237,10.548604719012612,0.4880939239922532
5.0625,-4.747612024849126,-6.929175167513582,1.0012046498966551,-7.1660174760902144,0.2836709446045381
5.06640625,-2.5647529395245674,1.9953850891143143,-2.4958373042330955,-9.600437406107634,-0.46575877343842303
5.0703125,1.0470614967725416,0.5441345454014368,-0.6128363650887091,10.885737568632061,0.1081885667395862
5.07421875,5.115171231198432,-3.107019424435757,-3.3772039740333453,7.542820687499184,0.08061174575042951
5.078125,-10.978916064659098,1.1580251636712808,-1.8875224105702237,15.851975789206508,-0.7796980310011387
5.08203125,4.771450802068455,3.6221549158298902,-1.7098596361773943,-3.5711400603450443,-0.5125143912697099
5.0859375,5.394900344124896,1.918438072657303,0.8149701281797115,1.7170581867526504,0.7881361230701615
5.08984375,3.16887791612603,3.054858075063079,-4.472251601529982,-8.521298087912609,-0.08166534140085493
5.09375,-0.7694004965322023,2.2414019616289056,-2.322161985175602,-5.531389726864001,0.4142467136120208
5.09765625,4.133808513696181,1.0811051172115642,2.6396038101742043,-19.727820928345167,0.04486831331187531
5.1015625,-5.891693765677062,-0.8686366495253132,-1.616669331222614,-5.796958398641894,-0.34489333517902165
5.10546875,-1.243299811078315,-1.4456480423516982,-0.4496974525775641,-3.0246426684354706,0.1215409101865057
5.109375,0.4361140484621397,-2.9536860533622273,0.9417266043331021,9.831959466098013,0.048587130988676425
5.11328125,-0.627630696148733,-6.472996721519276,4.6292550277489495,-3.0095117892737613,0.09175138263639884
5.1171875,-6.649010511267764,1.3375955349594026,-0.9196380242562738,0.08148830172984844,-0.48020798414761323
5.12109375,-1.4798575316110456,-4.459800702647853,1.7141828901648781,27.689625090805034,-0.7026206853885065
5.125,8.877125375257625,-1.9675679897207492,4.866833423275047,-10.979311274701832,-0.1075283590844288
5.12890625,0.10329612992791985,2.7078386178164626,1.5465245189556505,-14.394614972763204,-0.6503775662777027
5.1328125,4.905982292311859,1.3251570269213933,-1.718891292792158,11.937959214275224,-0.8169666495738745
5.13671875,-0.25326919556707556,-0.19523331617500017,0.8892907375159892,-3.3003733811513776,-0.04781351690210545
5.140625,2.800291144203442,5.632962574320356,-2.894373980361191,-7.349002163216238,-0.06302752115427365
5.14453125,0.47418288430414557,-1.9366309707906875,3.2352604043993036,20.455525155378528,0.15766925208563756
5.1484375,-1.418673900681219,1.7717906654299678,2.5612377857036184,-18.556715595077463,-0.6660890980874761
5.15234375,3.7281355763294446,5.105230885610173,2.48246294011637,11.071483823009697,0.021511267490306872
5.15625,-1.1668725395356376,3.164115396554977,0.22926395508978015,-6.5795643174569625,-0.10803221910682702
5.16015625,2.600686774674157,1.6123160101106142,-1.05759466448087,2.32310824513109,-0.39161253162367926
5.1640625,4.755481417151112,0.9242751576133148,1.738223161345817,-5.767246507959509,-0.09318822652052029
5.16796875,2.29882717836532,0.6334215507441706,-3.3183760166305114,1.2271812868828245,0.399382978138479
5.171875,2.042760582275215,-6.250195149971648,-4.206091652913275,-0.3123002625804987,0.08919178062553282
5.17578125,-1.4034853120940667,2.8412600927163467,-4.789161617026342,5.7421415709913175,-0.0041599256536883275
5.1796875,1.3376623730817234,-9.364988518419654,-3.6320623776444894,19.431210269855924,0.7906006073373382
5.18359375,-6.76466495953121,0.7129944781973201,-2.3168244773243227,6.82068769985533,0.29548684613756804
5.1875,1.4150595671274422,-2.0731198893856226,-1.9674649814017715,0.9377929535909355,-0.15630827606610503
5.19140625,8.82064456185873,-1.774404448408973,-1.5911695802348085,-0.18922464597063815,0.11946697101904327
5.1953125,1.2157535603556338,-1.4739409240749919,-1.3918865724348786,-4.757784823953103,-0.13959542846276424
5.19921875,2.9586077852996575,-1.9468512386837138,-2.205283771036935,6.331005159759105,0.11626861242560317
5.203125,-3.2305712611372344,0.5311693932195872,-1.6095229378476401,0.413813673957276,-0.29328812800513726
5.20703125,2.716081767911303,-0.9468843578465087,1.6450081358554645,-11.662898163251718,0.5277864459301419
5.2109375,-3.25156012275384,-6.478498950888643,-0.2534430613313994,-1.8679184012793049,-0.9727574688889131
5.21484375,5.1236450756243395,1.0046784190747853,4.535030034314575,7.62366836895984,-0.2640326800717814
5.21875,3.4472944478701173,-0.3035427854679771,0.7794594127297518,3.9691674069055236,-0.6794377592065829
5.22265625,7.399011187622066,-2.5283646596825022,3.4764086090947153,-11.190947036889579,-0.2562222120138036
5.2265625,7.1757447406907335,0.5065890471159807,3.356217035511156,2.3637270876600556,-0.4839862591774068
5.23046875,-1.8957102031787105,3.8899284708278006,-0.7469580802768703,24.532007573195244,0.14473194924255361
5.234375,-4.923165428379399,-0.7350171681967591,0.6345827930472328,19.19650173078408,0.20658369141758628
5.23828125,-4.506421241375877,-1.8366224190759342,1.706469498710133,-0.9745030046218455,-0.6381569780611913
5.2421875,0.3338287488912761,-0.4849830293404814,4.910611570349607,-0.10277753976752013,0.04096007939831536
5.24609375,-1.587620022109991,0.6807533193654776,1.1447571550383324,6.763138572877892,-0.32846373745189406
5.25,0.7728565892938285,-1.7078491928888142,1.3092154342887627,-2.126252804062299,-0.6514812066583299
5.25390625,-2.489397051939129,-2.672739595348654,-1.0146910622700842,-2.2027738558613934,-0.26093118038347973
5.2578125,-3.0426351461812056,0.2610994865569573,0.10572466938382896,11.523385431390908,0.3855918049733358
5.26171875,0.3507884996457608,6.982467756570138,3.1072970363892765,-15.157122760934634,-0.42280427517274466
5.265625,4.445430044757955,1.4643934209648035,0.9304511176406767,-6.3509229374204175,-0.03234393658844647
5.26953125,10.051030094184915,0.3546881629348183,-4.265278670123812,9.685314744039438,-0.10991207369080945
5.2734375,-0.3541857998628429,-1.0185092067636285,-5.451106493447883,-7.97345055862635,-0.12054124162685698
5.27734375,3.399716045171013,-1.4324320204993315,-1.5925478117979073,-5.0476235826807025,0.31091757889965654
5.28125,4.30284611912514,-1.596897659443119,-4.071388153322215,11.03262320849515,1.2369995043377404
5.28515625,-2.5164270123614023,-0.7034251233804534,0.08581783453084979,7.45210455694531,0.1427578366254462
5.2890625,3.391470669505899,2.572682094350045,-0.087193911996017,9.702269734371054,0.49350308091500916
5.29296875,-4.459735473827962,-5.641166969610154,-1.882537546783153,6.082565764781522,-0.13571350976066499
5.296875,3.991379713347334,-3.3754608796650585,-0.2108646545094886,2.3239622698815636,0.8393736957417989
5.30078125,-6.243821359894302,0.350045967212354,2.2731985505427317,-6.8772135065328985,0.290835853951833
5.3046875,4.305373016718405,4.129685352806952,-1.162559136665477,7.777061276006521,-0.03961984185267905
5.30859375,-4.205615122199848,2.9480813208325403,-2.022831981979948,-2.3094342146829065,0.3713064579490641
5.3125,0.06349711479894118,3.919542104013619,-1.8167142007099828,-9.885401913456018,-0.26959300851378715
5.31640625,6.8179010235234925,-1.4210170204360402,0.793711547093168,-4.575148995513377,-0.6820932978954342
5.3203125,2.7071637794237873,-0.5724575930708344,-0.7047805445516435,-2.740671256723063,-0.42274877085291884
5.32421875,2.5760747494101803,4.2560896554219685,-0.8140027195932249,-0.10413717695277391,0.47357949435785135
5.328125,-3.1893011454192237,0.6482171435819968,6.274480734445726,4.080324947886109,-1.0171960737273105
5.33203125,5.397668959296497,-0.5304424511657588,-3.139356040943632,-2.780586663798759,0.6122830137715087
5.3359375,-1.654272786065792,0.6956265308986308,-2.2324495441555854,1.7834065389955847,-0.3252929818274253
5.33984375,-2.375799606772878,-3.4417549768034683,-1.0725715112659469,9.802262403465182,-0.49059271857835596
5.34375,-4.8473175792331835,6.675040216572421,5.360796720900961,0.1292139514763475,-0.8342872876622937
5.34765625,0.05272702000874811,-0.2921253810946699,2.506509607572791,7.367260997958137,0.6753584641923516
5.3515625,-0.5494090704011412,4.29607202532506,-2.922827660165845,15.24035765668075,0.06628704934846592
5.35546875,-1.0720946396985591,3.134897419019025,-2.0037920936169296,0.9516546020181496,-0.5580579024036854
5.359375,-1.223340507881996,-1.1298581014646691,-4.306026274135082,-6.261047805070183,0.01729792895330279
5.36328125,5.653897825845791,4.267682127301058,-4.877565026370954,0.799527438865197,-0.0010908867906335505
5.3671875,-2.137745515035373,-4.6295951213931525,-2.531178634312048,4.572743516310476,-0.3378797640086214
5.37109375,4.156363248718271,-0.8125021924163133,1.3389568318452318,-10.488154841719037,-0.3990857080433949
5.375,-5.975268261799033,2.192603988003973,-2.984498856080665,-5.270029730073126,0.34233778748603716
5.37890625,9.133439998086232,4.066822932106271,-1.6018111067196494,-4.5806978613570974,-0.2953649566800223
5.3828125,-3.2914888435113983,-0.8524074201510983,-1.8509851845597227,-13.145896518496329,0.021274266915781295
5.38671875,0.4323851265540096,2.532396318556266,-3.997347237119243,2.356206353001003,-0.6465957102497292
5.390625,-1.005788409349521,-0.004978898022779889,0.29212030691626056,15.490017008529158,-0.528983377415721
5.39453125,-0.3493540464096354,-1.0983102220109275,0.48512022928962006,-1.9976798008652201,-0.012082288071597188
5.3984375,1.1430238441955232,-2.8542975537959503,1.7243512622620243,7.911863198824675,-0.3350642405574101
5.40234375,7.187377851201136,0.08376047098125758,-0.12995818552786065,7.7811445190786,0.007472714305606911
5.40625,3.729552760374784,-4.160255372545183,3.528770141146115,-6.057779714645676,-0.21879610903160693
5.41015625,-2.113333149852543,2.4925300089135676,3.1186558174052617,5.278227030621984,0.7960874539510892
5.4140625,5.344554020506814,0.7881407358008448,-2.1363783048921965,0.9087960049396738,0.32197807515404436
5.41796875,-0.809212940145294,-1.7276460586838982,0.3372905342384085,-3.303959359455644,0.16716507585928042
5.421875,0.9891995213632223,1.1005113528527253,-0.504761675112519,3.1947425897614,-0.11962312998941264
5.42578125,-6.528393836375215,-2.963988854782148,2.4895713077683537,-8.732186648137763,0.08548518564013172
5.4296875,-9.505178578352961,-5.460175684007261,-0.3274485569202854,-7.6425729529255175,-0.054204146043800715
5.43359375,-0.09920086062219247,-1.1450711921116288,0.2698078267274209,-4.880806698557961,0.34236462677428237
5.4375,-1.1240440113784214,0.3377931286463757,3.9375124784903037,-10.705177370799754,-0.749935184128615
5.44140625,-2.0367691613836088,0.42545899713176155,0.6401462673163837,-8.664608637579398,-0.10585897007063877
5.4453125,-3.0503738342769244,2.751442865995389,0.13787912502944505,6.075087879165527,0.6836665766050364
5.44921875,-3.062581160720461,2.1608370365264635,-1.2670600598913226,8.023167223548645,-0.31592396745970097
5.453125,4.53539234788264,-4.103119739697102,1.1826953727728395,-1.6657750169218364,0.08602030309062463
5.45703125,2.5470039856523097,0.7459011857986639,1.404184272192528,11.682859668026612,-0.7170080646315474
5.4609375,4.013121564945618,-2.579461532683025,-0.22578279867836726,10.902479594132487,-0.4837931241544171
5.46484375,6.764774986008637,6.4779875929467305,-3.6412434164354957,-4.218019522563996,-0.6843813293390035
5.46875,-3.939345229432841,1.0822042428174234,-2.9747299029749374,-7.376782616051521,0.281696905585819
5.47265625,-1.700142358513024,-5.206579482639574,0.48777313522940924,4.159473240279662,0.5627009251479258
5.4765625,1.2971076829809487,-1.0762616332270616,1.306258638448003,-3.9613600070626145,0.6303842476752327
5.48046875,-2.2221539613533206,1.9804846587723035,-1.862808838100995,2.7952896481162695,0.09334187502793945
5.484375,-1.5336058262514622,3.7794615584901727,-3.269445979781879,4.561695665699755,-0.2433578491554359
5.48828125,4.095354909722962,-3.4284720819998817,0.5621752693435438,2.35125867416827,-0.39416223499025543
5.4921875,-4.2031597684435456,-2.167227766044697,-1.6012413025495982,-13.611677976253862,-0.23593415288607714
5.49609375,2.15843482573014,-2.271361493212927,0.2186846279546817,-6.548657264552941,0.6669233694123875
5.5,-6.488303693737963,3.195430274644904,0.952852177678717,-4.5179134542410235,-0.6652785997343602
5.50390625,-1.0190766753152616,0.7648291084889112,3.1718645094855944,-1.0878491897518403,-0.2841202969408917
5.5078125,-3.0762333441627265,-0.7697842095742166,1.1326169841334575,21.15902209071672,-0.7763214009704142
5.51171875,-3.502355232221082,3.0966164475913525,-1.4579617312632276,-3.7116435889541295,0.15966098374093965
5.515625,-6.077099245244654,-1.8953778761240825,-1.2010068792621573,-3.8927311605517607,0.24543995608933364
5.51953125,-4.197597587211399,5.63053511118909,1.5672096715812993,11.63292746717416,-0.2485597368480835
5.5234375,6.732640120920833,-3.0448561827044314,0.868227346757913,-1.3040517632661386,-0.17209466151872574
5.52734375,2.699304341050492,-0.47791754381197804,0.24759281635355346,-0.13850805241043973,-0.1397111732250784
5.53125,7.271676980945107,-0.8474737392898304,2.2452506650749293,0.31475099237125725,-0.10312433839421692
5.53515625,1.9910968716601027,2.0399330309088515,1.3341307843535846,-8.29868199632132,0.33760297936749684
5.5390625,3.122927968380587,0.1517524746948751,0.7064632140888466,-13.471678323273395,-0.49432482274805684
5.54296875,0.7926160238873858,2.726663714623638,2.151685242592289,-9.111950547804732,-0.5611493670587618
5.546875,-2.722477982703713,4.033922002154705,-0.5219459566263323,-5.599513358460183,-0.3756297344422453
5.55078125,-1.8077454659361376,1.342971742239985,3.708697644181871,-0.32451916196954844,-0.797449009146148
5.5546875,-3.8482682840455906,1.1153274959365795,-1.5311860615121937,10.17084677500641,-0.23882865163847922
5.55859375,-3.521356763586146,0.9582408699483473,-2.248588988730515,-3.208488147306608,0.40514640362915866
5.5625,-4.153200245903487,4.786598643351134,-0.3406471996024939,9.002733503178607,0.555869533124376
5.56640625,1.14016634856298,-0.21646479071278293,-2.592737807410172,4.50666829385278,0.6326321711081109
5.5703125,-8.759658421695962,2.3296760660637164,-3.328579512020474,0.6427604853866571,0.6386992637072801
5.57421875,4.579311310618575,0.0950667811818407,-1.9793941784648714,4.171249778338416,-0.6137577581229053
5.578125,2.0955639318685133,1.7302082285642086,0.29713093811500224,-3.076024799007743,-0.3123606722779737
5.58203125,3.5299204102331516,-0.6236384347143848,-0.22663367438009052,3.9859678655628628,-0.4236908736535074
5.5859375,0.569797825021434,1.2187723590448474,-0.04724068632416256,-7.550241149540641,0.8173150514237906
5.58984375,-3.402675724347464,-6.143913411831522,3.9921590451147386,-1.93610799346492,-0.39525970748201367
5.59375,2.0513022259676053,0.6467984221347427,-2.039756775171333,-12.899995326556262,0.20364484069992853
5.59765625,-2.2527296912331773,0.6707305944831954,-1.4352370780168644,11.317589589370657,0.19010449484637265
5.6015625,-5.800348779732015,-2.303225226610295,0.6445318509445079,7.736911395616898,0.6946234184984036
5.60546875,-4.8952576675797115,-0.08530394648708284,2.639841573464934,-7.15896475290862,-0.5206478863948759
5.609375,3.9304851841666686,3.2678456486271976,0.23115844733778357,1.6220031399390815,-0.05426631091539955
5.61328125,-2.365095851261909,0.4147084165286702,0.39898159041237025,4.615073985568168,0.434129500601424
5.6171875,1.4753591077000674,-3.097542305635371,0.5112979643428801,18.858148903102716,-1.0455820134004745
5.62109375,6.14024055330362,0.03545080802614504,1.3510145251651409,-10.545108200773013,-0.1518955710544211
5.625,-0.37888323857854894,-0.3843211828981673,0.784697768155364,8.863357278765921,-0.5873278553688042
5.62890625,-1.4548452665001874,3.0578495105900556,-1.2063308937830277,4.606875514801008,-1.2077582404417675
5.6328125,-0.6465000960906011,-1.1902267478085364,-0.5087892952242716,3.357255864758101,0.19296734834601226
5.63671875,6.225144866411001,0.7455263128411094,-1.5825450130827527,-9.681815535931824,0.45078682379561313
5.640625,-4.250300177012896,5.973921129972035,3.180860423383105,2.881585121622314,0.05558861683808352
5.64453125,0.4504378806486499,2.5435622486909204,-0.3969225493926587,6.406251623471836,0.23512095698202745
5.6484375,2.029940367674617,-1.9032299997400686,1.182865830953023,-7.329135672672869,-0.9289470893109819
5.65234375,5.107366180785759,-0.2822309990045874,-0.4645108890908985,1.2064145124746242,0.5582191904352154
5.65625,-3.0059588594000677,3.252354430493125,0.7129976473158666,-12.878837928047156,-0.7801952272460676
5.66015625,-1.7184264237376072,5.392957957022688,2.862877596656101,-4.220025417379228,-0.06491498146840399
5.6640625,-0.09444453605254692,-0.38397606050509725,-2.050653496507529,6.271381728236285,-0.21459384314742178
5.66796875,-4.097230065126481,0.07973287655847185,-3.831045834404741,7.918528352907931,-0.39137773902878886
5.671875,-4.850561196505442,-1.7154148756584044,-0.4837183920240977,1.5806152725490406,0.3239833083036329
5.67578125,1.9112571296987406,-1.4098473298452119,-5.342598148667619,1.9723070352025047,0.1036075293801217
5.6796875,9.016857269268005,1.3544538005019027,-2.8059978611075556,1.1468053655519146,0.2046770838066127
5.68359375,4.219213494768074,0.6462506815529983,1.3181571830032834,20.205787856169074,0.33116801807059526
5.6875,-5.169314254395955,3.6826617868471634,0.3459112410155052,-14.249483204744298,0.37114427193079924
5.69140625,-0.11651144003687088,0.2201149635156774,-0.047479886373013036,4.283871186486245,0.3276054340667128
5.6953125,2.2793900273584473,-6.665738335674442,-0.04118255224466355,0.9542827793386786,-0.4455447156237992
5.69921875,-5.116195167706445,2.173297213125573,-1.7746047279033261,3.3370920687309,0.6543909378318012
5.703125,-4.109039183628037,-2.4832776932287945,3.7908584984571743,9.809003509124771,0.4170813274872074
5.70703125,-2.6506803538472807,-2.3752152508804043,3.258866813880226,-7.639305399025703,0.5858894368332394
5.7109375,-4.8905020345597565,-3.3987711907144815,-0.9573111660711251,-12.970304100329088,-0.6510858600189414
5.71484375,-4.1045502561302385,5.976682037018602,2.6763047777684923,-2.8147127359348962,-0.638231670592571
5.71875,2.7993064943012005,-2.674950739544655,1.5580791398958478,-13.613790906580947,0.5041808803124929
5.72265625,-2.909595140251676,-1.6748472900704465,1.3379788656065332,-5.19207857829956,-0.19492524793732646
5.7265625,-0.8045564359613395,-4.253648315433592,-0.09592891064074616,6.611694544484355,0.12918878527386096
5.73046875,-1.3381972679455578,0.7826950515612007,3.3047017750752636,5.817170607960443,0.12243470592037128
5.734375,-1.5190959074610486,1.4304424821007486,0.15985837105286804,3.156915365985288,-0.4585690644360424
5.73828125,-5.5962315905201265,-2.0457449559173675,-1.111550477770622,9.651655107695534,-0.2185484756149489
5.7421875,-0.13940690842664477,-2.2304892666404803,2.935268935900965,-1.0193332596611002,-0.23994876316779779
5.74609375,-4.234618358421073,-1.7828219240182364,-0.8145520928915158,6.418519323932701,0.8477751498783874
5.75,2.642542791247484,1.6655821381521978,-1.173414817597939,8.894537533211233,0.21849985695498164
5.75390625,0.4395018674306171,3.8759283799964663,0.197083200245724,-0.7423758893037224,0.33572518703827137
5.7578125,-3.8583962713536653,-0.62725601863186,2.1829324663933383,-19.267503142146214,0.16243475544214178
5.76171875,-1.0778288741323199,5.333025291957934,-1.189607076957331,-2.200539091493446,-0.2912820077012134
5.765625,2.31727310692849,-1.5405012184488913,-3.8188063846424933,-2.217553706554715,0.46508409973716514
5.76953125,-1.7169959979548763,9.624187108872183e-05,-3.8854477294166547,-1.7472413668196047,0.29045028411165313
5.7734375,0.5364493978884659,0.06619495965566903,-0.4228497825150004,7.6306240916033765,-0.6928586598905836
5.77734375,4.571027542338755,3.1426738879692846,-2.129600287343487,3.4827040408153978,-0.7651277906261155
5.78125,4.746168398892187,-1.2382567241926568,-0.10617605190312651,8.377918215592516,-0.1248248831940063
5.78515625,-0.21285253030451579,0.7164266118711762,-0.23543463237636253,-2.2305997439034657,0.5248348588041993
5.7890625,0.4822638848679801,-3.54113537179137,-1.3175492466224026,13.76464119538249,0.6751070760337038
5.79296875,-4.497735695754641,0.647080660379504,-0.3718886895497552,17.209582333418453,0.4552878889012348
5.796875,1.1764029222541061,-1.9601585250948572,0.0709716817489433,4.31267409463063,-0.27789493345326477
5.80078125,-3.6764319598536717,3.1960832440228435,0.4785425855604596,-5.457993969612731,-0.07032880410159738
5.8046875,0.7929911439762721,-1.3662656568021954,2.2863426125082777,14.718197904101507,-0.4425294316803813
5.80859375,3.4863019720019857,-0.32231932075485636,0.48678444202725163,5.140829554211777,-0.18477323542884372
5.8125,-2.865103947841301,0.815804038907824,-1.0742782833120281,-11.805239683670507,0.01270648791724651
5.81640625,3.150340167632122,1.8406861577693048,0.3384463849845445,-21.329797374266228,-0.5545670427164814
5.8203125,-1.398613971560102,0.40271915155701044,-0.3177352365360848,-12.119494135023157,-0.3365625714241161
5.82421875,0.07271846033538361,1.9429367268192221,3.5642768586805844,-13.14394132546215,-1.4717682155888256
5.828125,0.8676085277559508,1.436377811637119,-2.018541432640765,-17.211405832461285,0.6338544946962795
5.83203125,5.392398276140325,-2.6129912394111092,1.8790088848320816,4.688476947659967,1.2743258939367894
5.8359375,-0.8527938947063968,-1.9373617671931576,3.623965574270671,16.615749749118944,-0.6039102613949936
5.83984375,-0.08522540490094631,-1.1694492206851792,-2.836382385864665,-8.355856272609106,-1.6390188747160461
5.84375,-4.2199323989189805,-1.404665812930194,1.2611424623149237,14.047139964485636,-1.2642090954594738
5.84765625,-0.507807559880555,3.453399986563365,-1.4739192712320142,1.0666293212118445,0.03359933745689186
5.8515625,0.022254388236520022,4.703260356957804,-0.5499026243162584,-14.733114361550943,-0.07247496435991377
5.85546875,2.294493405293588,3.300617019919073,-1.8518342193717698,0.3768014148130998,-0.17613202914190024
5.859375,0.04762717921805546,-1.40578784164102,-3.3984871528831944,-1.191446532619771,0.29632113022193385
5.86328125,4.37679056049422,-1.0932886211287214,2.9503192444441493,2.5526490954555694,0.560541921506774
5.8671875,-0.05243420770154817,-0.26272184154317896,-3.0422521287903486,-4.065616545135842,-0.10335345899855795
5.87109375,1.633107472679554,1.5783660225399958,-1.93687091195968,-10.629955524902062,-0.6692927651323033
5.875,6.963285283974269,2.641732356704146,-0.6484146691876813,-5.317614884872288,-0.28105791177550304
5.87890625,-2.5802161159042134,2.2923706915735913,-2.8498700837616076,-5.987352559359432,-0.06590181535311045
5.8828125,2.758461134057461,2.1548198622393215,-2.887005872620021,-3.7414270095776536,-0.21764774159773698
5.88671875,7.824320353617831,-1.9386360334548978,-0.2400147509658821,-2.8719240493182445,-1.113411740177923
5.890625,1.54008551780456,-1.27639825971698,3.1095890007246547,-0.4344454421885622,0.36383430802945654
5.89453125,3.185635329035176,-2.4073788891752086,-1.2445062350162446,4.094382486267963,-0.45300138398768486
5.8984375,-2.143005423743079,1.7571412086189766,1.0696829957935536,-5.151843539607061,-0.6635190801177004
5.90234375,-2.3434983421525284,2.2498372941903417,2.0465272747264436,13.560844024391265,0.2308675067148463
5.90625,1.9883275892316838,-1.3369962430156552,0.5910588321100686,3.51148208974808,0.7712230205722285
5.91015625,-5.021026443268441,1.3092032093316504,2.999258662887926,-11.041549683335088,-0.017851936652800642
5.9140625,3.9881387669182953,-0.19655833560589353,2.6355024204482396,0.7432691370225242,-0.24259946827313128
5.91796875,-0.07733372601370937,2.3398251089275885,-0.25398672821168744,2.0269421645680534,-0.18856955683248083
5.921875,9.847188769782544,2.9644482014252875,1.477303726959211,7.883675407355699,-0.4395217620429837
5.92578125,9.729479538142451,-1.2948401568266115,2.1058931487837467,14.785016808219034,-0.4068739448069872
5.9296875,-2.213097376507968,1.2667982270506593,2.0316203084775992,4.999335516323815,-0.17440388923763328
5.93359375,1.3682015208669476,1.9130522556045078,-1.854313272572355,4.421657733755265,-1.013596927226997
5.9375,1.8775222453792708,2.95466398518919,0.13094788164434779,0.13976740651193875,-0.34818369927084775
5.94140625,-6.34567418563152,-1.1235301155304964,-0.17850136348752077,-4.036561364827138,-0.419190164846812
5.9453125,-3.309825663008021,-0.6160307920332406,-0.31443925536282813,7.693337723282449,0.3947542640840917
5.94921875,-5.096468445351643,3.1209159628432053,-0.9146087813751513,14.424722882013292,-0.06106500407830056
5.953125,-5.941865511047307,-0.5581055358620385,-1.8494359235201219,1.2963603721897559,-0.1416126342329092
5.95703125,-3.096148940683178,6.059944444273966,1.4366707373402572,1.1680238882451786,-0.297098873441578
5.9609375,6.2056230270650135,-0.4235027418468469,-0.8194595800084804,8.121523356750094,0.09177007439989293
5.96484375,-2.1334445690027963,0.11952313831752184,-2.616935397146962,0.9271007192096663,0.31576192044385837
5.96875,3.7025587890985423,-0.1641907955282908,-2.507373296883019,-3.017400547298029,-0.2896241057114461
5.97265625,-1.8757054617024813,-3.436427383403224,-0.8240177375062493,-0.6937831873072535,-0.5731129731805994
5.9765625,0.9713453623885772,-0.177327472490751,-0.867353889091749,5.207666096225255,-0.9761532763997348
5.98046875,-0.600616565810073,-0.6412327624021887,0.2515516351805176,5.7125675673293,0.5148540092557259
5.984375,-3.3086756119628387,-0.4937337540571008,1.6448107415614475,3.224945167070051,-0.03568970849736054
5.98828125,7.393911552141148,1.888366526373388,-0.32213773515008615,-13.75509778594991,-1.4026133686022761
5.9921875,-0.931795180583068,-5.835791626285479,0.7469746338218846,3.842883763635281,0.1673521835732105
5.99609375,1.6349232946992276,-8.2011378911661,-1.2457549275479698,-0.45493897126056204,-1.0254011979692714
6.0,-4.1851029606996875,-0.6757852837145274,-0.09269398812868665,7.21011259928019,0.8119519494235304
6.00390625,6.137617057123458,-1.1739197410777447,-1.6382416880381618,5.155731607704531,-0.7676583994352533
6.0078125,4.555700512736167,-5.402420699302435,-0.8892393472092894,0.0320640080600576,0.25503048557537117
6.01171875,-1.070637918231284,-1.4025515901239896,1.755022538304217,18.813561182322765,-0.9880124939955739
6.015625,-0.9230142219416098,3.2481296474791126,5.315845808060043,1.0191083784842974,0.9509591289055187
6.01953125,5.825121015154273,2.7836194502547333,2.263682819220362,-6.015151881835647,0.6462578913153767
6.0234375,4.736562502512703,4.753589392903686,5.678778336257691,-0.14091814433216454,0.7993477183002706
6.02734375,-1.1729484273377626,3.947871994152591,3.5718663197615954,2.02213417443278,-0.011110810052647687
6.03125,-0.518006705810571,-2.270646915472611,6.452584626528121,-0.8848111754960404,-0.15256732085308478
6.03515625,-8.20937508170573,3.36690168836986,1.2174929835389074,-10.974726626600214,0.09357685539940763
6.0390625,2.9687602739764962,2.7419081666268723,1.5680287983767331,-5.679544061855567,-1.3254137398289716
6.04296875,3.3198679883903286,1.0969027714484934,3.782175270531577,-11.579830837614242,-0.7860571481296141
6.046875,-0.29255071888569384,-1.2938386245164246,-0.3476059858176767,-4.997563081568773,-0.602310181084267
6.05078125,0.09734225042162928,3.9241841730019864,0.4656283050682001,6.756438432877808,-0.40380472503889825
6.0546875,0.8444782897952875,0.7935145989932266,1.9300674291576834,8.75505781580234,0.5456098629206706
6.05859375,-0.07861628844566737,-0.3974143695419237,-3.1670446718566936,1.8921826135217084,-0.6375763263799545
6.0625,-3.0875383163099657,-0.2791553888239659,-1.3712843563425872,-5.314172594900981,0.03428985364084034
6.06640625,-0.35498816980637377,-1.9798943683873655,-3.977322895619433,17.927186872991975,0.11838529541054646
6.0703125,0.13056118177252082,1.2335057916981815,1.5055523806997924,-5.023635452517432,0.13815248160845914
6.07421875,4.620922481907389,1.6611272006196949,-3.423906218779014,-1.1945030227723992,-1.0786720219401171
6.078125,3.0934168247209706,1.428824355230627,-2.9418095209412654,4.378169893341303,0.13939713439405851
6.08203125,0.2347271085114857,2.889634463305124,-4.71612940204116,-6.110699062145413,-1.2111261247945648
6.0859375,4.491787126635103,-2.2903463188611712,-3.9170710032724623,-4.150311430501379,0.13999694491032663
6.08984375,-2.243747323764866,-2.4604073402987288,-0.8913365800949373,1.525360712311648,0.1455482686256216
6.09375,1.0700283529491608,-4.383531299031606,-0.48151798261222034,-3.2564818368103494,0.41332242972469213
6.09765625,1.8795480237604436,1.7056472867593597,2.724554659511485,4.918798045615188,0.40024483008670503
6.1015625,0.46914906471712103,3.8071150262179776,-2.5645858609626364,-2.1211899448836045,-0.3677477164176171
6.10546875,3.559295467843961,1.5950388661865686,0.4770642638473061,4.615277750675574,0.3334141069919391
6.109375,-0.5939830569124332,4.920190081406471,3.326476168170525,0.2717696965713252,0.22200290491812547
6.11328125,4.834208700039982,5.0902871024269825,-1.0808894531182476,3.6536817430194057,0.627655920770015
6.1171875,4.579105821467857,-1.6106278101835874,2.4807630305376835,8.564258382623454,-0.20902707072973073
6.12109375,-3.9716093724777872,0.6220817623351336,4.9348906021997365,7.737931942083921,-0.5223382529670025
6.125,-0.4378755416499789,1.9311733057572142,0.01873551292222042,3.4421107183107043,-0.5504885853101287
6.12890625,-3.825437982157855,0.2737641108476642,3.016698870690029,12.554793694795475,0.5594320235740042
6.1328125,3.982025008997762,-3.830056283132902,-1.4420726773440486,24.044725825361372,0.8504834603140219
6.13671875,-6.45795586058876,1.4150677599914618,3.542361313172402,10.97007833562551,0.9708644136632288
6.140625,-5.715214515716837,-3.199732901192914,-2.32363632562994,-4.991377779145673,-0.8872807918941538
6.14453125,-0.6907833271170695,-1.9181613444562733,3.0923973465923393,-12.411056304079365,-0.19336984652021
6.1484375,7.855344421913553,-1.0521336187843453,-1.5004537101982205,6.934969669752371,-0.6847680289901
6.15234375,8.175981605399258,6.341266557565458,-0.6159682688141187,-2.782372493241827,0.017609866776937242
6.15625,0.969353288000639,-1.8133001489780687,1.0371923600795454,-12.76780820023119,-0.24409002910831937
6.16015625,3.8280336855226276,3.3552261054974455,-1.8706129362657284,0.6585676281671553,1.06983895465782
6.1640625,-2.3705742290502334,-1.2895988391855315,-0.521530635154572,7.676550212267363,0.6327349756669652
6.16796875,1.7188110528305844,-5.334132633355294,0.04015034568178444,3.88017867532038,0.30166173220921005
6.171875,-2.806057080955596,0.15818289300675306,0.47257633263648424,-4.217688334861709,0.49899714800616135
6.17578125,4.892295779589861,0.2654992616753854,-0.4311522316520109,-8.141118809153847,-0.07206444014074065
6.1796875,-7.6606205816242925,-2.32983224131854,0.3606330182992017,-1.4763888093065836,-0.9789105935434873
6.18359375,-0.7322291632452782,4.561964230835602,-0.7090103441051019,5.037696627231033,-0.9501777344382409
6.1875,-3.5408111687895296,3.147578801615385,-5.026030224024334,9.61105398799486,0.4373357672140072
6.19140625,1.3102405824115833,3.2444287776224137,-2.8059129289154976,7.827225574184864,0.5220845774882498
6.1953125,1.4513900688206043,1.135850061437504,0.544593459452543,1.3477762420590462,-0.31472032067613875
6.19921875,6.953361605258001,2.3722148179771807,0.7922464407716678,-21.73604030532401,-0.016361632270678675
6.203125,0.0885478003029129,-4.058400918762977,3.2260433730191735,-9.441664113265558,0.0629483111919881
6.20703125,6.247578893056962,-1.3137689524949008,0.38379103089277344,0.30731431511561347,-0.52623017240393
6.2109375,-4.906485418385504,4.512871012940332,-0.015810619110189772,-4.169645602564947,-0.18500404767456105
6.21484375,0.49934255662601673,-0.1565964873789921,2.217123505411595,-0.72695136477877,-0.6935876325148472
6.21875,-4.9579835555676475,-7.434428916286704,4.302887524016596,0.3625080217452368,0.33504123078006515
6.22265625,-5.149077448661563,-1.087727629779943,0.8953478004740599,-2.4103749574814586,-0.19481387556109486
6.2265625,-3.956158356468728,-1.9824623289601306,-1.4784384610926775,0.3917201091354712,0.36918420788477974
6.23046875,5.540983700220534,-5.718215662738382,-1.7985729456152384,-2.709400723718158,1.010271255790546
6.234375,-3.06781714830679,3.722638010352183,-2.952595640772991,12.155420597302253,0.03502249927264248
6.23828125,-6.079345481664127,2.764987291463437,1.2637103963987286,-5.339134517710049,-0.7818910108559175
6.2421875,-10.8503669245084,3.117305770628812,2.497067434617179,3.255920179535802,-0.23275451392520166
6.24609375,-0.9461036401191049,-0.8069593100705164,-0.7352619750619731,0.8665031018107585,-0.7984723215681006
6.25,0.17216779499959795,0.252425788962689,-1.9976946767481636,2.4964996665471997,0.28394107716228845
6.25390625,-8.41255448950605,3.5066803014810572,2.5921091741855307,10.177313361039227,-0.36892828855155346
6.2578125,4.216377486774214,4.62467470413463,0.5666129635281881,-2.8027528772902404,0.2905263849878358
6.26171875,-4.413971138839432,-1.1169883832194212,-1.8477696400671682,4.167971794388842,-0.4319194496525059
6.265625,-4.055354014597198,-1.0707800806695271,3.916990933673563,-9.55563739395075,0.3332469333120698
6.26953125,-7.6772607774823625,1.24049544438297,-2.626602209095993,-15.997133273740145,0.5690770030961635
6.2734375,4.1466548124936216,-3.198647818701642,0.8512627526050727,-6.0455051289937405,-0.4542290763302755
6.27734375,5.3851031407367795,-2.568664118610921,-2.746202804328722,-0.29219203728759297,-0.5694924755681827
6.28125,4.056669824530973,0.0900622832508284,-3.6210318672014936,4.054041048395055,-0.5701276215409949
6.28515625,3.2560983095680376,1.3421501064394226,-1.559409157302335,-3.6837030476588613,-0.5977998862358229
6.2890625,-0.906136612872894,1.099333003279087,-1.4005704113947164,-5.5891828653052515,-0.3326398634918344
6.29296875,1.8195951374661483,-2.369370961888401,-3.513364790761491,1.3594002854336757,0.39201516272181797
6.296875,-6.896568552753048,1.6368714592636526,-2.4015448246568347,-4.186326880747478,-0.23188353062689682
6.30078125,-2.9315176142488535,1.9446594390604346,-0.9612431050462612,-0.8129739651032821,0.032384777414038037
6.3046875,-0.5660927400900572,-1.9215497213384105,0.45779962445781514,8.468684934842909,-0.24108569708481298
6.30859375,-1.5423576123083735,1.148027092857278,1.5718535971340544,-2.734160718667936,0.3244824200300081
6.3125,1.5180405214118933,5.628708980021742,-0.7777156130925567,-17.227918025747663,-0.7119706794174172
6.31640625,5.0612522647704115,1.2130640398507868,-0.5178299525854346,8.22542237593498,-0.5461286008073684
6.3203125,-1.3124963034079649,0.9794767183972772,2.231249481818425,-2.2869730560695456,0.5674391047867978
6.32421875,-3.772481828153198,1.390329387294859,2.6006733360295087,2.8064355485623027,0.7886385400975997
6.328125,-1.1974448386915595,2.3544070379733646,2.6234509173716507,-14.799875902912602,0.3330807699630374
6.33203125,-10.040389400033009,-3.4067714961432918,-0.9065921690446754,-7.872503184404281,-0.09291382821947046
6.3359375,1.4912241392970897,-1.3446510506395686,1.5340091260903388,7.21649892202468,1.0572588911376102
6.33984375,-4.41990474366167,-1.9169802502718527,-3.1762327447665726,-2.2629272441065424,-0.473981720824497
6.34375,2.7474753383252635,-1.5163335448307853,3.0204346058505225,13.20011336645069,0.005985153889024799
6.34765625,-1.2369600306985904,-1.4364584753286993,-2.2346180043195893,9.644817252619,-0.24192800814488447
6.3515625,-6.327962164523886,-2.4112894581408426,0.8965568666604452,6.256714010145656,-0.3830226296352618
6.35546875,-2.378148716484883,-2.1323635391129625,-1.9689538928691503,2.454534657464772,1.0938488554779668
6.359375,-0.6905940010195488,-4.661644152683225,-1.8489444923628415,-2.0494312917928985,-0.11867464356528555
6.36328125,3.395483577184838,-0.31291645596211926,-3.7400513847555588,-11.995572124921216,-1.2397609217181431
6.3671875,5.685808149269344,0.4116090901744158,-0.5110923934090468,7.923830886397813,-0.6167938397714936
6.37109375,0.9962438712861943,1.4069235450764865,-4.279708286809154,-11.666096989286178,0.9159571400025308
6.375,1.805862497715676,-0.4511195349452357,-1.6421045482599972,-16.09945604483344,-0.1760875535433832
6.37890625,-6.5816754355953675,4.57471958934277,-0.921400644090913,-4.194606117256345,0.3289336959112151
6.3828125,1.1896294817069597,0.16188012946819977,0.20802633413856886,-8.015375674083188,-0.024055122133934077
6.38671875,-6.1251290361166,-2.3395078004144474,1.2989062223750953,-4.952815071891603,-0.4028512311951284
6.390625,10.253739398343228,3.7164390891268484,1.755030911028282,0.9029115686755828,-0.4330716776655692
6.39453125,1.1684049572628337,0.6937826844241943,1.4002255412901243,6.886997375518231,0.1788102669573248
6.3984375,-8.42514075843818,0.9143367727170677,0.05529203321858003,-0.314218836612004,-0.6037053197714771
6.40234375,-2.6946578478574996,-0.8344587095137556,-1.6906205385280717,-1.8933465096999296,-0.5529690751251556
6.40625,-0.9702465317542288,3.6070401042276483,-0.09421084872086516,16.651682145758215,-0.03449848149328564
6.41015625,-1.4065331294618433,-2.637950996328265,1.8212588552290518,21.417462875719814,0.13250520551044515
6.4140625,-5.550650701455683,1.4917549441586306,-0.6574871528602031,14.547962068657858,0.26124947244622393
6.41796875,0.9715453790018739,-2.297690868484257,-1.8168268265401497,-0.9633848079886205,0.5870832220389397
6.421875,3.3869355770871135,0.7605487914356583,1.3593729547704905,-5.374886916409899,-1.0365514377712772
6.42578125,0.5273098397169202,2.3468703645378746,4.943235345476678,-3.370827945305069,0.9042997621535945
6.4296875,-1.8059257364850052,0.16659932326109764,1.0585280706198044,6.424184898303113,0.094788569288528
6.43359375,2.6519900591245116,-3.3159402284739046,-2.057684967457387,1.0055018521520624,-0.6275835123893535
6.4375,6.0579471554063336,-0.21282175792854224,-0.22697693376941963,1.7079757742907784,0.1641153667900951
6.44140625,1.6270477323184833,0.0947868856561192,0.5634342429577245,1.7470473235576072,0.5641033708023416
6.4453125,0.17607441897214338,0.8428390668872445,0.9223683417041892,-2.107343138996554,0.14257316614773533
6.44921875,3.8816311562854815,1.0069585129047458,-1.1716699059219535,6.298620463550897,-0.3076144663707296
6.453125,0.5145744824639589,-3.065114832634122,0.9612867886464888,4.6327269981509485,0.7526203751820283
6.45703125,0.09520416656315767,4.347955225268002,4.395574440853095,10.741150804285049,0.3572473360228249
6.4609375,-6.987371601650541,1.977837367748325,-2.5788548110420484,6.5029463347493355,-0.1368896529333666
6.46484375,-9.16456379356496,4.650748914393181,-1.8865048196196563,1.5013167478954408,0.3735936945515301
6.46875,-4.451830836581036,-1.7528711643234773,0.9642090676266557,10.23682656024944,-0.8970602648412512
6.47265625,3.245462078810427,-1.309529511182196,-2.109981547613476,-2.979935867075354,-0.7629146194117901
6.4765625,-1.8886941919389097,2.7390731920314666,-0.4951937392710527,13.267827075301174,-0.07691157085080558
6.48046875,4.693709633379045,-0.9869867156447614,1.1858891798856228,-14.577931810117532,-0.6670206225005626
6.484375,1.8481414163815673,0.7612895867332974,0.4855662543262549,-14.598468002658015,0.05739475922230308
6.48828125,0.7943003971808359,3.281106469616776,-0.4305018247734843,2.4218596058719264,1.3895679595107506
6.4921875,0.1343912923237157,-0.8954866898738423,1.5744381335876558,-14.971863342516327,0.8925583685226762
6.49609375,3.588694849647071,-0.37939347857065414,0.8820888102456204,-3.4347510349532078,0.16746630873123086
6.5,-0.9363552177563995,-4.3275876490936955,-0.44388803145318406,-25.10996044876064,-0.6486488682312957
6.50390625,-6.718990137100998,6.131040553554156,2.2592534151157695,3.3324410954726034,-0.22728382721723092
6.5078125,-1.0057099480501603,0.4947608219905574,-2.473063506323636,10.658970727120995,1.0503638109289561
6.51171875,-3.760248136661228,2.783902157370542,-0.4537383154402601,-0.42078314008592876,-0.5643894357841444
6.515625,1.4908203616159925,5.559452649456658,2.4466051404310063,6.611352297556328,-0.580909037074105
6.51953125,-5.956091631243015,0.08647362525331946,3.5568244822036226,0.012676561724732416,0.49279534494749644
6.5234375,0.031402064440558354,1.0806812654332068,-0.6310671040518707,8.505019190850696,-0.4048074691585798
6.52734375,-1.7538822239289102,-1.6898688006347609,1.6468935048460513,1.1854451598215567,0.40438778110380225
6.53125,-5.717614970337496,-2.532047848987456,1.1092344141746404,-11.238939917749708,0.17755987362383033
6.53515625,5.953367535969887,2.0244828769520002,3.793398622390929,1.2373796944656101,0.12352239555614077
6.5390625,0.0049415311184622165,1.4580315655060305,-0.5739206392684126,-0.034829005092618104,0.220441268718407
6.54296875,2.767152325561333,-0.03731150689768968,-1.6985262123423923,0.8458977048240239,0.2242395855026802
6.546875,-2.340088526013789,-0.2035221953394889,-1.543954765399505,-15.275396113500848,-0.05461952350224706
6.55078125,-1.0421119993531156,2.781908204184079,1.3333751913676153,-14.90461896096179,0.07236369816399109
6.5546875,3.0034080570228223,-0.8392754573075935,-0.6164112046170355,3.9453174120553305,0.2734061843631755
6.55859375,-0.24844223461092618,-2.8830309302762966,-2.7280682974845365,9.876922101599812,0.41865842638697015
6.5625,-2.954301868864211,1.5931118938355855,0.08753412348865819,-1.247159042402206,-0.07025972814277624
6.56640625,1.3800310962102167,-0.6825987097010255,3.1130824021556585,-0.1441960199321075,0.4122037833230055
6.5703125,1.4162148825801657,-3.360449704117703,-0.0336139880358608,11.716964206558181,-0.22493501813064595
6.57421875,-1.4116557795479998,0.6451670655142705,-3.4443064561136953,7.096159091993771,0.009358619830872626
6.578125,6.712019818995687,1.8933903299034185,-1.6950023379636452,12.915180576543971,-0.12459299847227913
6.58203125,-3.508784122327015,-3.951503324349095,0.10850715940468114,-2.8858672650855195,0.5342745840283193
6.5859375,7.670301909282264,-3.4814033622230287,-1.5920105254567436,1.039813461571922,-0.2274607080010366
6.58984375,-0.13178530722210016,2.5960061450655165,2.552144614036424,2.987173803281939,1.0979195283168581
6.59375,-1.7225432387983326,1.1418958144054694,-4.068013323556598,1.7161563674913785,0.06553093399802946
6.59765625,-3.906885027246084,4.535974440268373,2.4969737019204317,-0.7311265255954549,0.14159365960281428
6.6015625,-7.813412038385486,-6.620465303726805,1.2479345488107172,3.672669530476722,-0.5087093945478991
6.60546875,6.726184709121219,-2.1996389202195674,0.18421714348615215,4.065439027937328,0.052781913605673844
6.609375,-0.7141199396584625,-1.3900762104271243,-1.2842784200585768,2.3736202388238645,0.4270321989127183
6.61328125,-4.267782925758049,-2.9743303639396697,3.7754225806831214,-1.2429581826262837,-0.7923162615233034
6.6171875,-3.3237456087029287,-4.936181151345698,-0.08330133004974827,6.654919990872372,-0.4831146576103147
6.62109375,1.9703837011031353,-3.7401266111506435,1.8938184736324235,13.006849206083343,-0.08285604416997538
6.625,0.9725487326007154,-1.7829409506722778,1.8796884703250538,14.788195087295438,0.11588894521091012
6.62890625,0.6631028243978693,-2.734161895547599,-0.7196909036061268,-4.079278951517207,0.09464071059596296
6.6328125,-1.7431292230836515,-4.949342440284918,3.7995883929715157,-7.038858174857393,0.022343434522704417
6.63671875,-2.0732258056851784,-2.6672804417507936,-2.430508309839647,5.322022743331097,0.3638936458960906
6.640625,0.02904826798356162,-5.339222358213993,1.5055523753717355,10.072801797713428,0.6837349877499292
6.64453125,2.360697669433936,1.3002664752103945,-2.3831894102710036,0.9997965160847406,-0.16884587980112084
6.6484375,-4.185712008582213,-2.800368598323452,-1.3300986628861777,-1.3788535445259642,0.5813589570842294
6.65234375,2.518962628787181,-0.07207117226157424,-0.7256155588625584,-0.4229766561756332,-0.5621473861429187
6.65625,4.590569382843973,2.0444414903055153,0.7306245098998226,-7.985865935809849,0.44789492627913036
6.66015625,-2.425359810043164,-0.029123297763522297,-1.3194816448142257,-11.16400194395058,-0.674070800114378
6.6640625,-3.0163389070111393,3.28202868197828,-0.6062116950068501,-8.779116846857255,0.044733417162287056
6.66796875,2.009094457287717,4.697837186743205,0.46101222437452316,7.053789581453286,-0.4828062077971772
6.671875,-2.5391877604629407,4.56347532862707,2.0417276459436913,4.6431536972681515,0.380745396521202
6.67578125,2.092661981254294,-0.8052493582378012,0.19522871539538933,2.0258001637533813,0.34727241588512475
6.6796875,-0.8627372476717529,-3.9518813623052536,-0.8319453243625451,9.19052048511372,-0.19925618344578416
6.68359375,-3.2012409832356283,-1.9362571497544665,0.6255110828350874,-2.6669724570882645,-0.34067383628673026
6.6875,-7.1768119466251274,-0.19871575794222626,1.2714058574983829,12.943665881515644,0.4028254743559887
6.69140625,8.016943371829688,-2.1364172560300903,0.022702899269021137,3.699128297184205,-0.05406801970235842
6.6953125,-0.6602223960010756,0.9473806955529737,3.148016663020927,15.254127038357831,-0.900358885363041
6.69921875,1.8295222453655224,4.2714078023940285,0.33246912771527465,-15.449232104599444,-0.3144806043792978
6.703125,-3.465194076947684,0.2307370933371734,1.6910567195527957,-3.6888352040967147,-0.3969907927383676
6.70703125,-4.59514053507608,-0.34691354177301004,-0.5997519505041279,-18.247563325937108,0.6560841174279594
6.7109375,8.080126848454132,4.080112597593624,3.893382680068206,5.333438898884596,0.15369912400758404
6.71484375,3.295160085407024,-0.9281086582031152,-1.4250683543421794,-3.8814918670242573,-0.38822893003900294
6.71875,-1.1528196090620184,0.887884457986152,3.336521788264009,-0.6594955473651736,0.7093461395780639
6.72265625,4.533089618152572,-0.8389139063928261,4.155328671123266,-9.59836324795231,0.8839508977294666
6.7265625,-6.0674873529670625,-3.2433985153590297,1.9312487093114308,2.162947454962012,-0.2578890269419424
6.73046875,-6.1070868628286314,-8.419657676307377,2.5448913401126907,11.233968936400274,0.6368387851670497
6.734375,-8.897082106876605,-4.354534288060126,-0.9783341918299002,-0.12263930419594882,0.11033833838657153
6.73828125,0.9449103692798063,0.5987345951572902,1.559059416803624,-8.620861011824712,-0.02923076539461331
6.7421875,-0.20324985953683972,-3.6347302862553974,0.30641564877137556,2.6919877964579593,0.2650945909661902
6.74609375,-1.7293491168349209,1.0507417085328297,-2.8984198835399213,5.020937382131349,0.23345493273895107
6.75,-1.8829744272444795,1.384503997670285,-0.3429427955336619,-5.904971599054478,0.038596173792757406
6.75390625,3.9259754600639303,1.6279739612326947,0.7257645458198119,-5.818485482313664,-0.1337716932951629
6.7578125,2.364970237511773,-0.23818933016983707,-1.6637471766905345,-7.233605359101325,-0.010786747891847592
6.76171875,0.10301769331514547,1.3401696423658302,-1.1237941779556841,-5.809759325977406,0.038302086168652494
6.765625,0.35512019187745786,1.303823297321273,-6.579504761254263,-13.922789463360932,0.48361281909883364
6.76953125,1.5365522876550122,2.3695765819710624,-0.4084934353269125,6.070336052166741,-0.268232685645704
6.7734375,6.525289239016302,-1.5727762828526943,1.055418954545159,-10.016962379379697,-0.550568319264139
6.77734375,-4.860064482006013,2.4020195255630927,-1.4312178806492521,-3.036929346994974,0.30812207289938687
6.78125,-0.4478563823004076,2.9982304637160277,-2.819258190044846,0.8057662634698604,0.11704285241459718
6.78515625,8.496097621402004,-1.746412831037466,2.3377040313469366,11.145871751492631,-0.23555460921521615
6.7890625,1.5984282900996434,-0.31000136732184463,1.4139024010883368,7.861648269030937,-1.222618681558726
6.79296875,-1.2409630519030488,2.846712186930227,-0.9908110065706096,19.057623642569325,0.16432629616150782
6.796875,-0.19320998885256405,-4.625602376590114,-1.904155122001604,3.2843336531636846,-0.6670199613939554
6.80078125,6.206270347234346,-1.7505224119588445,-2.2582667352006056,1.0299553643768369,-0.03923551339604652
6.8046875,-1.351005232625204,-1.1181375835616358,1.6337353743696692,0.3267056983404999,0.09383121772210942
6.80859375,0.23720738421800192,-0.3032169531606215,-0.03028651332159149,6.788353557630387,-0.3646262480892312
6.8125,2.3476982297262152,-4.037511880011688,1.6797396779001672,-1.6253408783500554,0.3655438826830081
6.81640625,-0.5594128363480894,4.0107344926159625,2.1147705093805813,-0.3649741957578252,0.6784093793529483
6.8203125,2.0812548524500523,1.2171626610340733,0.8396171969423001,-2.825865746124119,-0.9580548065554425
6.82421875,6.2751615443577515,-2.8726808162493533,3.2296350634208952,-20.36367638096919,-0.4899621994851419
6.828125,8.62270718281976,-0.9737533234795642,2.5230559909486114,3.9667976509875844,-0.40722263397644215
6.83203125,0.07104806667715682,1.2135078374424308,5.377981925796219,6.696998967985686,-0.5881733475819291
6.8359375,1.2843092803335918,-2.233674121468643,1.9944149158549949,-14.65584816305334,0.8682535916220033
6.83984375,-1.5882934016124257,3.941106185898256,0.16568298519570857,-4.013158711052252,-0.08969231213730854
6.84375,1.844821067211251,-5.480747945239143,-0.8631502848275623,-10.993006034663374,-0.43720889775357685
6.84765625,8.547328264006236,-2.252343959578956,0.5448675885583627,-0.10677181205087205,-0.30112757983814437
6.8515625,0.9760281504017592,4.546019554277949,-0.4743359044159948,6.553033086117161,0.14355948783031758
6.85546875,-1.0558369307396986,-0.08238770416332704,-3.8032670170654104,15.022057832996001,0.8923040384752355
6.859375,-1.1926474092770358,-1.0419375838834604,1.6496540788575857,6.477404169298836,-0.23464133502614284
6.86328125,-5.862913272196826,-0.3789065370075674,0.16329618774923427,4.62321660651289,0.6155252269935247
6.8671875,1.0770414186485717,-4.231678386008791,-1.0633991698588323,1.1837502916668008,0.35021043651503303
6.87109375,8.371483886682766,-0.31695603652906446,1.4081925169750296,-12.243590899965218,-0.5396128845014223
6.875,-0.857234251141458,2.5913354004870124,-0.07994902090638822,-14.916731745156097,1.6810278471648779
6.87890625,0.49093581343750897,0.4349802586147553,-0.7097141369419603,-12.351674830802335,-0.4078101671821916
6.8828125,-6.96269667491884,2.870064935461271,-4.782687392641689,-4.17453783768491,-0.48497667152761376
6.88671875,1.426687042932092,-0.41420554127827003,3.1294163267026835,-16.173525182567076,-0.3176285270887195
6.890625,6.3651125150206,-2.0826585557216974,1.8990440008232867,-6.847032725411888,0.12790918774935925
6.89453125,-1.1421500254841386,-2.2805123965079366,-1.0740452222996324,-0.5819128242227398,0.01201449139094619
6.8984375,6.6183088106847485,1.9378421025660713,-2.835870517497091,4.30181217413674,0.6202882856801132
6.90234375,-1.7340424957472198,0.23438651936400834,2.9356866084908306,4.46982852653533,0.13932367246128902
6.90625,6.900613559547908,2.785072543710679,0.0829718848278026,2.2405438249577556,-0.5329120467370286
6.91015625,-0.10981684291640513,0.9404134948764684,-0.32085643014029175,-2.6344077350808153,-1.2805638891118247
6.9140625,-1.9199217493773657,6.273751465601807,0.1862826800948767,0.25806391006700213,0.3981910048345018
6.91796875,5.287744060787828,-0.13652060289139098,3.3222289101210736,-0.847964057275985,-0.06015492443018343
6.921875,2.4476948324372905,-3.1589542253134795,3.6307665714061343,-10.07542292439432,-0.0418635094235396
6.92578125,0.3926114797549442,-3.497410698804602,0.30696500294789564,-10.192199575366221,-0.6664926962086396
6.9296875,-2.268129987396516,0.29270796650509967,-1.2795212792864703,-1.3112424893803087,-0.9953680820063214
6.93359375,4.1865090294475165,1.2805381337375095,0.4210148932012302,-5.494186933534342,-0.109688732105668
6.9375,2.606259892456335,-0.12506875737648337,-0.5333940865573747,-7.1635323249175915,0.9235524193127383
6.94140625,0.8287222851658544,3.096045174686249,-1.3248787824340718,-12.750411442611902,-0.5817679475529107
6.9453125,-4.355012521447548,0.5954083266395238,0.8295820348531222,13.737230527296822,-0.31893844098827917
6.94921875,-5.470968363513469,4.780513426461221,1.2976852304453124,1.347738566005513,-0.08077256508938961
6.953125,1.9614061136242635,3.881988417563522,-1.8213149800997583,-1.152939619701078,-0.18799445777229687
6.95703125,-2.9941913390959805,4.1828032099328105,0.7145701394353005,2.39257382887374,0.5019954240954675
6.9609375,-1.845645967952589,-1.4790592916639644,0.8427483433460113,5.804375335733694,0.714236537443295
6.96484375,-1.7365301360541656,-0.28810705497850875,-1.2532153079300734,-12.164657093971943,-0.0812315273448368
6.96875,-6.076950139537335,-4.399774913023085,-4.684436299358181,1.730286128125461,-1.0014068394321833
6.97265625,-10.289415336116388,2.8082926004898296,-2.3903608571582984,-1.700487675416238,0.705269460735517
6.9765625,2.6124066409935005,-1.786261394973646,-3.002132457622442,-9.240334737743542,-0.2153851737333985
6.98046875,5.652504424361595,-4.333322232989219,-3.029530641953343,1.8788339819473814,-0.05510462677901112
6.984375,-4.663706030958887,0.8941815261168106,0.2649724014971331,-10.077371923513315,0.5781349332308582
6.98828125,4.061832994876554,-4.617551574238806,-2.3303269864895397,-12.91894511938607,0.4075942375323328
6.9921875,-1.9894863474683844,-4.747770925875262,0.12714940277903075,-9.433627331154002,0.497522914176592
6.99609375,2.2221401473096614,-6.88515173577139,-2.6617177165385213,-2.7313536529945392,-0.17783536016191315
7.0,2.1285911933027295,2.0635491150258107,3.2034249820442993,-11.005617070589263,-0.6335268790991353
7.00390625,-1.317573497446537,-2.9267319942408436,0.4777092011846741,4.304695705934189,0.757224713710296
7.0078125,1.8340965019521214,-0.15168555995877775,1.9084879257154055,-0.26213686248436296,-0.39586823548429045
7.01171875,-2.717102046133348,0.9443300722797043,0.49915915240198827,18.062492940017393,-0.22197046409419993
7.015625,-4.746022441060567,-1.551662613171811,0.4764345945241988,13.063379610904727,0.03848466039030274
7.01953125,-0.940662470035622,-0.7166178819784778,0.7558773121915976,9.161231240075187,0.054230183516575846
7.0234375,-7.801280483517908,2.007804657037663,2.1379519887219587,13.789988723890158,-0.4231044432854697
7.02734375,2.2139873292263283,-1.8280669651508195,3.7043171129350436,-12.7313287000592,0.03244383239437176
7.03125,-1.1822065403949638,-2.8371951218604408,4.330768302643378,-2.2129590487645037,-0.33125473311456455
7.03515625,-5.531542662656239,1.742600235049034,-5.394830408700642,0.5868565458151078,-0.3065196830849897
7.0390625,-2.5177731167811146,6.688106816440708,-0.025750350284770684,-7.775798890244689,0.44187019622802326
7.04296875,-1.5963093831830963,-5.608957533531498,-1.450654019089189,-5.397460444117623,0.4823356827869392
7.046875,0.6188452062009445,-5.5316694417578365,0.382446387315105,8.951017745760158,1.6832964151247038
7.05078125,6.884932170904776,3.05583383811521,-0.2146517269497747,-5.106124222044207,0.677508775176827
7.0546875,-1.4626598311048158,-0.9879971132488887,0.965022818830261,-1.978138648326419,-0.19513358916644094
7.05859375,1.7433809247790253,-2.112461685032394,1.1281116947444292,-8.320339721282329,-0.14616699922168902
7.0625,-4.611727389494957,0.9872133389675546,1.6824495380483435,-5.326398219274029,-0.4806267993402507
7.06640625,-0.9254387754303532,1.1767995385574692,-0.8106460619881481,-0.7673949833501004,-0.1236972755583425
7.0703125,-0.2484973111141968,2.2279933264080913,-1.166902004262484,-10.09727018460271,0.5501020194473408
7.07421875,-5.383135720403148,2.1039398673583296,-2.4922238157585146,3.1313301609605073,-0.3562552552811157
7.078125,1.2876856186610937,4.210212128315161,-1.4137134237440403,-1.9274578037823615,-0.07916571219063454
7.08203125,2.3487923996776945,2.4143274127059953,1.3606576974804432,2.7589889009709405,-0.19068321937167934
7.0859375,-0.14566828305011076,-2.3500599806023743,-2.321396798217253,-1.6507691072914414,-0.46408689152612914
7.08984375,0.9374457831801248,0.534779469329457,2.28360288431689,-8.169530591231887,-0.26514546282473284
7.09375,5.142936246802196,-3.663720223484556,-2.358137261234786,0.6311161430027745,0.15778668488873124
7.09765625,-3.8564031253188253,-6.099593106919322,1.8870190477559836,8.049628804513421,-0.024599914063194225
7.1015625,-3.029147266380083,-3.863703654861313,-0.3061168448916252,-3.8687445680367283,0.03908632770741308
7.10546875,3.2776610448636414,1.1168867955540025,1.568661804235319,-6.713363694776081,-0.807440164744806
7.109375,1.0732221544112057,1.2137279840297035,1.3772775702087685,12.208864405223288,0.6218960235988111
7.11328125,3.6016983832161333,3.754238184649618,-0.9590506904971692,4.418416578922951,-0.7551917935817913
7.1171875,0.6909004273268207,-5.432551971257576,-0.251394103908432,-12.790716851260907,0.8761806790055086
7.12109375,-0.30142765195847915,-0.49924648600109867,0.5947581648363297,8.398810338844536,-0.9682883381774859
7.125,-0.8886834237950371,0.495348815421328,3.4968642826234966,3.8647278793963116,-0.5975918845775986
7.12890625,-2.6923074659032267,0.7544359337550417,3.232197486798847,5.549986205194031,-0.02174067406700722
7.1328125,-0.9256473866405326,-0.306584656570911,-1.5492545402021967,5.559226165425913,0.4491423858172842
7.13671875,1.4831142943458402,-0.1258009080956619,1.754174748425462,0.208851009698805,0.56610231456756
7.140625,-5.650123366756776,1.5451300642016519,1.2377558404233664,4.978285762780025,0.4345267472113372
7.14453125,0.5664926731850968,2.0210875919480604,0.16556122228897846,3.6725026317692304,-0.22348244498352396
7.1484375,1.131548423660089,-1.8230909484038211,-3.4238524663814096,0.34428009525979153,0.6095594190035383
7.15234375,-2.739520675682161,1.1644175629959153,-1.6415632573902472,-10.38143791691441,0.5722094429753536
7.15625,14.352504469102005,-3.389090831565678,0.2896133718399815,-14.618381202413335,0.03397506493590676
7.16015625,2.80973486960748,-0.7082683468052278,-0.4287190099345871,-1.6966471681488131,0.5967382837542543
7.1640625,-3.55154042028094,-3.148254396940529,-2.5877491730165096,-0.015716894013528382,0.36172728974414936
7.16796875,0.15618163133298762,3.183550631392638,-3.667255148087824,4.2150972259708155,0.16577567654940312
7.171875,5.026628436113561,-0.5567649322692249,-5.217176884385314,4.612639994859387,-0.08632360982238868
7.17578125,-5.927007233766059,0.53135500672951,1.2511875560778942,6.794435152045398,0.23693934149935245
7.1796875,-2.269891893903624,0.8369725789160525,-0.38175303238108516,13.036004904065921,-0.16364202865145516
7.18359375,-0.4946269954984011,5.874237730311818,-5.761372245791914,-3.6293074861853274,0.11038519216797846
7.1875,-4.608797109118399,-2.925537545079303,-0.575145887494846,9.042627911831875,0.7312624764773048
7.19140625,1.766937514895407,0.6703359724978264,0.5670681450018313,6.13513941912829,0.9383184836867432
7.1953125,-6.067491873751613,-0.3339594445433071,-0.21886875565383815,11.419613828441562,-0.5806733944965821
7.19921875,-2.496663507232068,-0.2482024491068091,-3.323246264339475,-5.836695618298458,-0.3763477047447129
7.203125,2.5740223756908596,-0.8673958819503128,1.5709298967103444,-11.714855908973846,0.05830395694258965
7.20703125,3.0787858898574596,-2.2543415196353482,-0.8533688023246008,10.785101481368097,-0.907514072398011
7.2109375,5.999321879845746,0.6567519290570716,0.26051528462340956,-4.461540223420086,0.19741704147784123
7.21484375,4.058321456128213,0.7862932545150663,-1.7430970132458208,-1.00636556409538,0.020453484467025693
7.21875,3.5356478538633134,0.434075722602873,3.3037489002855875,-6.7662757306938675,0.20906769725132782
7.22265625,-3.325300645919471,0.5241596917101619,2.0261434367888227,-8.866734110908467,0.23435487699077379
7.2265625,-3.2533978933689065,-1.7986463573683866,1.2735078974245397,-1.2225454325747243,-0.17519073334383498
7.23046875,-5.1658764719346495,0.8735405113455872,2.4469219082263125,3.687466963214092,0.41064028103970385
7.234375,4.238917001832056,3.574215557956492,0.8131087805211534,9.925280004047192,0.24597576936180876
7.23828125,2.661019633056842,0.7109747301575667,0.7840907507832958,-3.7698615120322208,-0.13699149238000655
7.2421875,1.9137395844629992,-2.6492180981805005,-0.5292778194386802,10.609745202465806,0.058658241389868845
7.24609375,-0.9834816060351578,7.017439425643525,-0.10749139741154934,13.717162806426188,0.6816247730112883
7.25,-3.170399827987023,3.7280094412040996,-1.6617861773671165,-4.735718487890826,-0.21764665937931676
7.25390625,2.048414013773538,-1.007412480742531,-4.232190611732731,6.050009881878626,-0.12625094790154773
7.2578125,12.648680262422182,-5.480720900477952,1.2003337909568375,-2.9725577427924876,0.33873340768200305
7.26171875,-0.08380885410459092,-1.6642063329060202,-2.0093952382464755,-5.848222008478581,-0.43536921371428894
7.265625,-1.6713884850466498,-0.4469366293566341,-4.264981693800404,-2.143019178187315,0.4381998631611874
7.26953125,8.670251886440036,1.9845824314143197,-2.4696650600261183,-13.267123337972304,1.2909261572451907
7.2734375,6.798055961493902,-2.455926784592308,-0.10519525502033011,-2.4195985020598867,0.9421879626869919
7.27734375,-2.2451613179579852,0.1600005746852297,-0.1741952506879021,1.852660332802504,-1.2904303260509793
7.28125,0.23457621868379,3.9450477551988543,-0.589116983435809,-11.12706601974696,0.23160147486109528
7.28515625,3.6224766501558214,1.5664669851790425,-3.44294551655398,6.613959069424875,-0.10185280574622615
7.2890625,-3.008301936928126,-0.5540320315624006,-0.19215820049844545,16.96888156598691,0.2081217342214071
7.29296875,3.0172933763621073,-4.323631677327908,-3.7139657306538414,11.815321413470278,-0.1571672112034551
7.296875,-5.0434642909208085,-4.637737587991315,0.23670451077186228,5.394479174590187,-0.048087430770787865
7.30078125,-0.9416731256205414,-7.5381811058284605,3.9276464535783355,7.760768290206834,0.8454462767325535
7.3046875,6.12421783404802,1.4836170740609167,2.7637043110877757,-1.0302481942406037,0.8314733377569165
7.30859375,5.111714239568559,-3.872902894654092,-4.399044559790213,-11.083706375640135,-0.16579435863715872
7.3125,-0.9570688464667549,-0.09643619766866421,0.0901454381437018,4.975561683331444,-0.4879959424138278
7.31640625,-1.3844497488192928,-1.0610917954393977,1.6063288965102738,-8.399873590513824,-0.5202806909133914
7.3203125,-3.1521506678017075,-0.1975965450921242,-0.3556127547407406,-2.303051041979313,-0.07824682943549649
7.32421875,1.7662380105418063,-1.8752489132084853,-1.806384716711053,-7.58009154867557,0.4233925654286951
7.328125,2.839280959004773,-0.770762098103347,-0.5153202497697313,-5.272123028881731,-0.19041245311450206
7.33203125,1.4273125975109497,2.7645592985549303,1.9411147207305623,-7.556867376022026,-0.6080759700225083
7.3359375,-4.558926055241392,-4.72939347223295,1.5080429247031581,8.506358065620542,-0.35484391794273823
7.33984375,4.563325637564169,0.948996039594459,0.1289497119681554,-10.116340703695235,0.7012374637000518
7.34375,1.3961137052329229,1.920079202461168,-2.873882660362275,7.789847090457912,-0.16475997536589504
7.34765625,-2.5633173400097404,-3.509403707503587,-0.9815144582772551,18.250816647181967,-0.03571997320223779
7.3515625,-1.3141355504151953,2.111181946481745,1.4154810818065795,-6.955111702873513,0.26984068807133177
7.35546875,-0.12572391193715687,-2.6226821345596187,3.942180782315756,-13.13571064483936,-0.16245545965646535
7.359375,3.4056734528259702,-3.7362516567267243,0.14766532381811448,-13.65190795786176,0.3141198142654301
7.36328125,1.7888422133424033,1.6443022801351714,-3.8618810128653553,-21.221126508329817,0.308100440634395
7.3671875,0.54567918882312,3.6680597104955437,-3.207876587828169,-9.979162976138962,-0.4355915347109848
7.37109375,3.1377026583111634,-1.7863382307525786,-4.052686232603696,-7.481887158535775,-1.0467490193704825
7.375,6.989198055033896,-0.30687274433539,-0.6657143306716506,-19.425452547196002,0.09618986257108537
7.37890625,-5.02424357917272,1.6433514754816188,-2.6394133556713344,-7.269601866517675,-0.0037536951217141006
7.3828125,-6.545289217062993,0.6776009787759253,0.7739256501110663,-9.87374279928978,0.5509134655278597
7.38671875,-0.6405198104659288,-3.104129046959465,-3.327967540235682,-3.5579921016138067,0.013879084332811925
7.390625,2.8729395406832965,-2.6156639989102914,-3.800664641053185,-6.236975870260372,0.8558448885439621
7.39453125,2.230602718441581,0.7192067043894009,0.2610831832423407,7.393304727688414,0.20595516079783416
7.3984375,-4.529337478484102,-2.2114663645613604,3.914680893696934,23.492895311048485,0.245505163604257
7.40234375,-9.036661671793325,-1.5296849036784892,3.152403228375039,-5.815994549845598,-0.30645581889959683
7.40625,-0.03439605959080359,-0.7050816218209108,-0.5552563791591419,-2.6209459279424845,0.6511584860694956
7.41015625,1.6321573046753344,-1.260516302845792,0.14805818672246973,8.672739169777417,0.05096583623448135
7.4140625,-2.20097774240648,-3.3697603659030824,0.4324229311108466,2.2211486570208274,-0.19779594298048805
7.41796875,0.4052044618517793,-1.3642752077401201,1.7543736882393794,-8.219736533345074,0.08520676703061254
7.421875,5.9616762220389745,1.2421265263156287,-0.7369426746554175,-11.927133209960811,-0.11469117138417999
7.42578125,-2.7837188528748613,-1.5311787206125143,2.754622991701507,6.594233403251093,-0.33860050817197723
7.4296875,-3.7867554332801623,-2.120632517765564,1.3682688272162715,-0.09583915138087118,-0.8882662024565512
7.43359375,-0.9562429081543536,-0.842574659417689,-1.7617663809007285,-6.082273257050497,0.0436787461995527
7.4375,5.276939242711682,-3.692055769062259,2.23912482892963,5.578416315661025,0.036068358191036286
7.44140625,-4.530383479046134,-1.795353435142749,6.314603025050183,-3.530560129856822,-0.2629742143881925
7.4453125,2.6745751267694553,0.14551806360221461,-2.5059350333768413,0.754767706055162,0.011563223462167576
7.44921875,6.024996954403023,1.0397928588086573,1.254692728369332,9.058365331235528,-0.799212604940993
7.453125,0.9881290311331902,2.647013868291746,-0.3473948003010095,6.638734050485568,0.2525771919602722
7.45703125,-0.14297413786696908,-0.8479437333839352,-3.1592001707886115,0.23937744710571618,0.575147814154926
7.4609375,3.9123438839965456,-6.030572885729493,-1.3622205976311186,4.141343617453875,0.4192554992970361
7.46484375,-0.3321706414993086,0.6368579711243476,-0.13694071560936005,4.525993013809362,-0.7735875413442435
7.46875,0.5592653363044716,4.537796839950574,-2.599952652295152,14.909522999707752,0.71623002679962
7.47265625,1.9884629733638917,-3.597820230473628,-1.694508025486712,-3.728569526658173,-0.29236195203945875
7.4765625,0.06811886554861814,6.049923138000472,-3.9982974819427985,-8.4185085142826,0.34115110147978006
7.48046875,-1.6114206968228613,1.926896205960421,-3.3821011416212965,3.481906499729458,0.21889976454684226
7.484375,-2.811747424972194,-0.8349615716576888,-1.4374434450778568,4.714237967543961,-0.9617713674110477
7.48828125,-1.8545159173455108,4.510017854182815,-1.9544135777995377,-15.603284046340974,0.11428084443977862
7.4921875,0.3344940878021303,-0.2988262486194562,0.07649991303498349,9.019076611905136,-0.5422824199933902
7.49609375,5.4685649605933175,0.9699511034496362,0.6567352457488083,-11.155375563154356,-0.05437715711807916
7.5,1.979406394635295,-1.9995255217175736,3.587886524961629,-7.014454615720808,0.4602003874285998
7.50390625,2.039196280402724,0.6265287717228467,1.5910703342492976,11.338305049173954,0.3155532758512663
7.5078125,-0.838683045109893,2.696027460486117,-0.6229603493803042,2.0585592994901667,-0.1263673775290556
7.51171875,-3.1334951479376487,-1.2361159046087051,-0.8518719767839615,7.814422942805684,0.5890101921694856
7.515625,3.0372636975808582,-2.787509811549659,1.680988406914617,13.731082771134044,0.12448272775857826
7.51953125,1.1718023726686815,-4.059173445725999,-2.1037563528159384,3.1781449661991763,-0.6324925754046006
7.5234375,2.3574304787377693,1.7076794045442827,-0.909587771715987,16.75593541577267,0.01997947095765985
7.52734375,2.024505283663835,2.599183617321332,3.175900977427019,-6.279702094120902,-0.7798385905750732
7.53125,6.222140588327294,-0.7194230244205104,6.17908792002009,-11.436424290703595,-0.46260617269761894
7.53515625,-0.40456249326262494,0.6762256045581496,1.0541691995520817,16.35407894232771,-0.37685741399341505
7.5390625,4.45650237869403,-3.7324054901161796,4.938550278172756,-9.374746018231473,-0.3094852897258006
7.54296875,5.481231894939322,0.041365736079019576,1.2043930611927502,-3.410597415825281,-1.2215041188298827
7.546875,3.727759376093638,-2.333645163376141,-0.5829412717254993,-11.554433071588633,-0.23405432336872764
7.55078125,-1.2979070979283014,-2.428949382770226,3.774325679366564,7.335992834541059,-0.4490817001694808
7.5546875,-3.5745753953059003,2.3649285939453666,2.6800792157521314,-7.053229511681227,-0.46660777276421583
7.55859375,-0.4056707435756596,3.4961172388457706,1.308502646847046,-8.668799654692256,-0.2951024051511721
7.5625,-3.7704694988544385,5.973979970902461,1.076302637038387,18.290437960190427,-0.39285150691957277
7.56640625,1.1628071221888532,0.23695129832916884,1.3287285381059457,-15.300260852191231,-0.2500290835713455
7.5703125,1.232421572648383,1.6253137985509853,-0.15143905699578775,-10.77669902976984,0.011470904270990874
7.57421875,2.433762626694066,-0.18841141517047486,-1.0501948863469242,7.152801648043303,0.3584361853771795
7.578125,0.5648725923853692,-1.860086612446803,-6.572508062301224,14.743609655415394,0.38171150362977163
7.58203125,-2.829875823023052,-0.31618997439003904,-1.8016688183939948,2.58210788530547,-0.19418165567866225
7.5859375,1.3213307927414826,1.7217927180561536,1.3588089373994328,-8.510870154904659,-0.1641840017831774
7.58984375,4.235028620291228,-2.393498747854176,1.2897313559154022,5.030870585053073,-0.17443257610207
7.59375,-7.983105375937304,3.4640716874004998,0.8348144008745119,-14.998632514667303,-0.4127839620143639
7.59765625,-0.07675803676301246,0.908315271787606,-0.36012698983183533,-23.064739043317264,0.8753631571337467
7.6015625,0.5471533368084213,-0.13437042641952812,-1.2755822437501436,-11.55723254346405,0.26097255954867926
7.60546875,-1.0667879818895634,0.2509076863936878,2.325868379574187,-14.079040992206336,-0.38439467346977096
7.609375,-5.638619935148085,-4.653288543104434,-2.2543960536019325,-9.612204619037799,-0.4958376527841718
7.61328125,-2.780327153156514,-0.28443375950327643,-0.6851655829646508,8.592071595206162,0.41711497189508756
7.6171875,-2.0727714802982624,-4.755331418917225,3.427734401938321,12.660879549255444,0.18959560722258376
7.62109375,-2.3290342112176257,0.08074197680013044,3.5289704191729907,6.587340911745917,0.2912529207605529
7.625,-0.987402788830732,3.452631511325451,5.493804001773853,14.302035612547085,-0.3322333831343735
7.62890625,4.219203441370224,2.072355098537201,2.2543324271900307,4.1714289058986225,-0.47458095002907325
7.6328125,-0.29590132377056294,3.0636696975439466,1.1858252144082895,-7.164248025429203,-0.640125171475965
7.63671875,-3.204393464515802,-3.530735008796343,-1.548669834525745,7.625463396893255,-1.1617055728977346
7.640625,5.8757541132948905,-3.5674716568720894,3.2859313541371327,1.3613407668954864,-0.6510787061052424
7.64453125,0.4454384513553544,-0.6544727196037197,0.7978850696097586,-9.405302018610087,0.5118777973669252
7.6484375,3.6713246541922695,0.7588299985866969,-6.594096141866202,-8.280298240997269,0.904121238235865
7.65234375,3.962168185370589,-1.1198775070141838,1.0547573303589917,-16.901170127409888,0.00840140254211021
7.65625,-1.7523797817484545,0.39418335456641657,-0.5276634554052941,12.622396500093513,-0.03048876863916755
7.66015625,3.60881873876241,0.5491384397585726,0.3402807805830056,0.000869733483783719,0.2678341087462875
7.6640625,-3.6209364508168016,-0.2337530478198032,2.9658335965963945,14.389265999254222,0.11879842161401884
7.66796875,2.213351056771789,-6.546044517056711,-1.9543272998302017,-7.290580566691947,0.46872108580481886
7.671875,-4.400779760413422,-3.493610597330307,-1.6278489028100687,-13.862117925204197,-0.33564816550226306
7.67578125,-4.030138783353957,-2.5866150552209612,-0.3776545916714875,10.453405796249271,0.4596732296797757
7.6796875,2.8332923842593734,-3.3777126138154996,-0.424497640357153,-6.433041136818375,0.5040621967419256
7.68359375,0.8343702915152869,-1.1150649569007263,-5.9610881658217,16.189939107432913,-0.08933650597894145
7.6875,0.6187800980608409,-1.2967149649591274,0.4284537670164228,-5.586082742994529,-0.5698712423098852
7.69140625,2.3261901437262664,2.269733566314524,-0.3478333514738434,10.219571657704567,-0.19094002871105503
7.6953125,0.5255781889419274,2.2024094038776063,5.46099366829961,-12.744017160521452,0.09600428007760328
7.69921875,2.915667139044847,-0.8705358855557708,-1.8667820605536336,1.8342648512989377,-0.29732051993673375
7.703125,1.51234525291945,-6.663065634905988,2.5526628193886314,-12.655011570846382,0.6081947643376693
7.70703125,2.032766024799886,4.5006535596620445,0.5823000756317723,0.06689165043113654,0.09263011108334109
7.7109375,1.3586191468483428,2.3104776781439638,-1.0475913055370478,-0.10616662629752405,-0.49614621118192204
7.71484375,-7.040783170261863,-1.6946368264466354,-2.1857086449595706,-22.086898003776447,0.7941595370169109
7.71875,3.5492956565741247,-2.75765344672045,0.7517516326611101,-7.082725986960851,-0.17900724110675614
7.72265625,2.6523230963272484,-4.395898560832954,3.2977903539882836,12.323506588820981,0.3189905952632363
7.7265625,-4.218922461490395,-2.287121105185238,2.558894159508088,10.68586429469121,0.566401182897744
7.73046875,-3.045980669642637,-3.519073381662677,-0.023409780344624043,2.4841772706752163,0.06998613626857843
7.734375,-2.916280435415586,1.0738317793559198,0.39094527147908953,-0.014239610563507199,-0.7907777831319881
7.73828125,8.540855707683942,-0.49566173335691865,2.530094454405785,4.232108399442863,-0.4408343650567506
7.7421875,-1.2122775513230843,0.5672564051638423,-0.4048494065630066,14.030743789011936,-0.09482724762590981
7.74609375,-0.682744414615156,-2.8155319879273164,0.7420506733638537,0.7267791670839006,-0.1954639516812526
7.75,-2.0271626680502477,4.512274508399544,3.98637094788527,-3.832139677450035,-0.25726639376890875
7.75390625,4.733547982652905,-4.249320650009274,-1.5996984406570682,-0.1784345322698342,0.22480754552704998
7.7578125,2.7417570901649215,3.7510333577574286,-2.361763470504635,-0.14562125795729308,1.4587727851777395
7.76171875,0.2481178261428876,1.2035896073638226,-1.3386534459829293,-24.670224790733954,0.6223479929833368
7.765625,-1.5999705460925033,4.638037995866373,-2.3817611343865135,-17.00759094171898,-0.8791560863222295
7.76953125,3.9936813820153203,2.6839090367551335,-4.690104943581592,-13.125138996199375,-0.0587251725753748
7.7734375,-3.4701043373799685,3.6705353994466288,-0.8661899198252555,1.149742143620525,-0.18884153067119175
7.77734375,-3.832180797568647,0.45472378657548196,-0.8221952500713894,-8.645884805803975,0.15163550178925908
7.78125,3.5797429682050064,1.4212861015593738,-1.0283752536706268,3.3532947231904866,-0.21907775407275767
7.78515625,7.021260401238254,-1.5210111651597304,-2.1437645732862705,2.586937565431479,0.20024425322436995
7.7890625,-3.2427241004539313,-2.1915742854334326,-0.8387458760135901,0.7159131023677592,0.2594409496473133
7.79296875,3.9943771860990447,1.4073378564732768,-3.639882583599679,0.5988646428742408,0.9061269088581143
7.796875,-3.851412769460865,-0.0891957290712205,-0.5691912738603754,-17.09460731973858,0.5426708868962797
7.80078125,-3.7591628340199943,-0.09131222014710072,-0.6391880091493931,-3.3535741557710828,-0.03352890603921961
7.8046875,4.87200968665057,1.303821738474661,0.45669152234768773,-11.089836157378643,-0.15632824608052437
7.80859375,-0.4022176015412985,-7.441146544494876,3.5569634198965554,-4.859853708297183,-0.3847021245720966
7.8125,3.121522483021283,2.516228195441371,4.409413994443008,-11.267528916111022,-0.06550214220995795
7.81640625,1.1783302953859378,1.405624023444525,-2.712559006329454,-9.715706601114274,-0.31807111950460665
7.8203125,-0.7672561935819694,0.9530502092693856,2.5073288631826673,-17.278544176301423,0.4602522863535082
7.82421875,-2.3432701337803543,-3.8517849802337185,1.7497439566186186,-13.475853786108964,-0.4989720683544101
7.828125,-5.079026180650296,4.058841350833967,1.2192254049433064,-5.200495714677162,-0.34971402738138524
7.83203125,-6.789274320885014,-5.26210702380161,0.5387531184987902,12.52378085292687,-0.21685660501873003
7.8359375,4.432072947033737,-1.3520654913174464,0.05081864268303171,12.16409741199779,0.3712275088684135
7.83984375,1.3752993206576334,4.022969684557583,2.0517031781975077,7.311654814066057,1.1503786147088975
7.84375,7.263545383187327,4.03596594474955,1.3426681197793928,-6.899430956531712,0.7074002932371813
7.84765625,9.78146878848538,1.4193671293959753,-0.2877868136373488,-4.545327258005505,-0.20283505034430846
7.8515625,-3.9753450482551194,-6.1719331010362986,-1.9703632905209525,5.670445015235678,-0.4599002053702631
7.85546875,-5.105534560899516,-0.960531345044793,-0.9110999418129965,0.026061009911079402,-0.7406929749481093
7.859375,1.238576990704575,-0.5073723673601065,1.0146539612549093,-9.195479099605866,-0.678624615700292
7.86328125,-3.035880176752123,-3.306390500916373,-3.836398830332073,0.12065261600034982,0.14688454133086049
7.8671875,5.87701943958988,-0.23626575528649807,0.904697475789551,-1.8125357279251815,-0.31299847694598004
7.87109375,3.601291967967241,-2.082566815319729,-0.13615201144487643,-3.1203637450643154,-0.4575567238833259
7.875,0.18299461693432997,-1.812252014616948,0.7866920826021286,-1.0179393238058472,-0.12813284885760676
7.87890625,7.463662699281053,2.5074071713562427,-0.18578477030814944,-6.197507876386374,0.8268260090448096
7.8828125,-4.3611404361346136,-0.2872769728671762,-1.6509553682772875,-10.068115931190736,0.9459291433084275
7.88671875,5.164562227470999,2.304786011395852,-1.5540555412716865,0.29284747851915927,-0.16882406399491373
7.890625,1.6125522107167831,3.020830853049496,2.0439353842135475,7.931045282598925,1.0225627576399745
7.89453125,1.4876772578904798,-2.749826844587245,-0.5625784958809334,-3.5787171150180135,0.058216646408186024
7.8984375,-6.065440893947571,-0.3314201765303667,-1.604195825625063,6.260411732612712,-0.9336527537023844
7.90234375,-1.2701943055366225,1.13280649525391,2.0155282117630997,8.63217230387125,0.4431176800715589
7.90625,2.0308240739011003,3.6475006378549892,1.4537245467356725,5.689243280596784,0.6763070029284691
7.91015625,-2.386111820810372,0.1060837069754759,0.9818018333862084,-6.817816098345265,-1.0401794440052117
7.9140625,1.7438891272141792,-0.6002001499922437,1.8097155332390344,12.33647761880141,-0.9643830784852357
7.91796875,-5.900892491254198,-2.445027814274629,0.9985639357444075,-15.570066668162053,-0.09771434485276365
7.921875,-5.236850935355262,6.194678643601366,-2.458560331821671,7.6693031112915575,0.027408404656259332
7.92578125,-1.9438538645942918,-2.94013247643041,2.348387322949787,5.474282678400222,-0.5945766183836121
7.9296875,-0.688101963178642,-2.9625898790036223,4.650346403989175,-0.5013440011275385,-0.03669475812363979
7.93359375,0.41886203158866187,-1.0178058371554854,2.7996361884882113,-5.08877188628841,1.0606071760766815
7.9375,-1.7401088183447584,-0.7135205294989333,-0.7483298989358802,-3.181737579878493,-0.12832775277016545
7.94140625,-0.4310619458802395,-0.7710996188183774,-1.3345184383948836,-1.0539048199705676,-0.08676403198358708
7.9453125,3.073860487259007,2.1683022121455666,2.6191555696823894,-9.722970896739453,0.6386693170219224
7.94921875,0.9118277130700151,4.092977716326811,1.603799373196909,1.881898234106222,0.5327226458774915
7.953125,3.5488381042161543,-0.9915092724196986,-0.14688982285943517,23.260596041331116,0.014620975190189976
7.95703125,-3.534502021792946,4.51471855619001,-0.38411549685499513,-1.5334893604996198,-0.49144500722078605
7.9609375,-4.236703686191595,-0.9587414581134466,0.2474817400169973,-13.852962024368853,-0.32712575709575004
7.96484375,-2.557265856520033,-0.1904220693159763,-7.050917931015149,-0.20432311168599515,0.06826319567016949
7.96875,4.329140081397551,-1.8984865237281254,-2.775094166124707,5.295129122084326,0.07848574042135983
7.97265625,0.3630944602574371,-1.9248219012486776,-1.1224726017908304,12.190698389755706,-0.40578512410379614
7.9765625,0.45300964125565546,-0.49148329296339754,-3.1625087847269837,0.165017530938806,0.8627437239809642
7.98046875,-0.4712403545431172,-0.5877541457609577,0.29796894880340985,-20.63870157091305,0.389430749706726
7.984375,-5.284158469738625,-1.3228615907658525,-2.5740952757899254,-16.58630806456913,-0.5345742218551965
7.98828125,0.6796727113598015,-1.6489653893464784,-2.428074695229268,1.4645598693334545,0.01769241918668962
7.9921875,2.701484257839682,1.1248819631361742,2.4439828122926093,-4.2836184629121155,0.3512695843929364
7.99609375,-4.211824203157624,-1.0469311094476015,-0.7885278472228563,-5.986464529630409,-0.03014843096995093
8.0,-0.6483886991156586,1.1414851726932211,-2.0381247399025217,-17.54662470918234,0.15068326735866214
8.00390625,5.732029784315318,0.8285481741155412,1.3365746854998162,-0.6477742977535725,0.421405059715019
8.0078125,-0.3247044657432345,1.6338120935695737,1.8821392994940336,-2.3077164655055737,-0.07059188945761898
8.01171875,8.322214196386199,0.23878620792807656,0.7943779649365679,8.260726468748391,0.6768821163825294
8.015625,3.353261044711605,0.8276728899274202,5.067912298159774,14.151608725209552,0.33549366133212727
8.01953125,-0.8493594890397461,0.6759663115801695,1.9415930495674427,9.628668993498618,0.11987591489818082
8.0234375,0.029290873244884424,-4.073823744936149,3.076860207820138,7.777256726029188,-1.2750435180939852
8.02734375,-0.056768734016243355,7.143290119194946,1.263736046172103,10.54576416634838,-0.23540072775534654
8.03125,0.22279712328526596,4.271440618391877,2.7490263534624653,-6.616149224166291,0.20580496726248487
8.03515625,2.5351850533252205,-3.295922504249586,5.5532310559787454,-0.1821209121545868,0.2242229026078575
8.0390625,3.144668183021101,-4.616778001175737,0.04374971976245434,-7.142966877369119,-0.13925266373722578
8.04296875,-6.113918747074802,-2.5861434598147297,1.6796708790087376,15.970908189919893,-0.143602207419951
8.046875,0.47860376380832875,2.8625622891962696,-0.7526028805692716,1.205420252177463,-0.19239935443545483
8.05078125,-2.300925440166166,0.7671598039449872,-1.9550535749600924,0.3737786195614641,-1.081727289742238
8.0546875,1.7590428682909667,-1.0904632885512346,0.41793780730430696,-9.321737631587407,0.05046292418418438
8.05859375,3.6862500851070297,8.421322462415947,-4.497944830387229,0.9336813554028931,-0.3391745639349832
8.0625,-0.5290579340070565,-3.4360189735835327,-0.1818484008502501,22.00056957089308,0.3623047557365978
8.06640625,3.864435406994207,3.274436049196119,-4.3641866843150074,5.05521923430568,-0.24931420766124893
8.0703125,0.7569654985761239,3.4073983199597615,-0.580274093938115,13.792951291926562,0.2573688011652571
8.07421875,7.217798556117274,1.1690566325106226,-1.6198753770201944,7.256893948912964,-0.14190271564970508
8.078125,1.6139681897968983,-4.678240327100899,-0.6878420383563555,4.365883045851896,0.4249986393010511
8.08203125,5.283797574524675,1.207807571075151,-3.1336484961493802,-3.425840167374256,0.09975425160491314
8.0859375,0.06487311367448664,4.625857560574932,1.9003597804687256,2.8201675171569,0.1970930666924473
8.08984375,1.2153543953289223,-2.697542844046051,0.0880748984238875,-11.738985970180433,-0.022861953573074686
8.09375,3.6235385252576338,0.7327808117882602,-1.7177633797568481,-9.76300097022776,-0.42591618144467397
8.09765625,5.662944604569886,-4.906018373881953,-0.04488187941059463,2.2697067297726914,0.9740867113137455
8.1015625,2.124744959704045,2.189911093909231,1.0245527426283965,-18.574235980984007,-1.1132584098302478
8.10546875,-2.8517838905960513,-1.3010950713655314,-3.7844544649368417,-12.874166977120959,1.391882533795199
8.109375,0.19704284330349972,-0.5491765482443489,-1.2816844119552133,-0.2880052915810377,-0.12979885342755282
8.11328125,6.054010537029063,0.10800598033527717,2.211484465008483,8.276183308501562,0.05243543799810356
8.1171875,2.1685978783905906,-5.634617175695634,3.991113839751401,8.662050039039904,1.3703614237091115
8.12109375,1.259467816975961,-2.6036108478423596,3.922939008094305,-1.5142750893219263,0.10971527660603814
8.125,5.201915746868424,-1.5514184704919356,1.4029749514062446,0.023908193542348855,0.19249335588453162
8.12890625,-4.285493699913737,-1.2939189937187277,2.4311910143696744,-3.220781174026122,0.05794661531746928
8.1328125,9.769070318776553,0.6682737665014984,0.9031743931006944,12.345786754196652,-0.1788931698222084
8.13671875,2.7916084940965207,-3.2780404372665854,2.337760348705744,12.272787291341237,0.050591801848978636
8.140625,-3.9533810491986143,-4.841084172454616,0.6931791185606728,-12.608753143426592,0.17862962759195372
8.14453125,-0.052512281452559324,5.5330485544697305,-0.08382308590883025,-11.453374871752153,0.638250556156011
8.1484375,-4.936930734895423,-0.864442971598876,0.4605372761906221,-1.1559918692171047,0.1744751418255007
8.15234375,2.2308071952631248,-4.110940594562781,1.2428091126122118,-5.560161121674961,0.5798092544504286
8.15625,-9.078318100048516,1.7727522193449339,-0.08776791522555083,-18.398517283014712,-0.8972112750884409
8.16015625,5.517908060219415,0.41336452762501896,-3.980508615952109,-9.928284971057344,0.45045101803005233
8.1640625,0.3033472944050166,-2.101155358161115,0.8260271247157576,4.367949273772319,-0.07015168816727786
8.16796875,-2.0271804604673633,-0.5377587541489544,-0.7108316174456754,-14.087663916684653,-0.35632747075269894
8.171875,3.421234957511946,-2.388906638304414,-1.5990771128122525,4.429053229042437,0.5235598995391754
8.17578125,-5.557789101476179,1.390108717944769,-3.9479254999399505,6.7712310562995555,0.25605627974398837
8.1796875,9.517546597571844,2.425190535499374,-3.909965299176518,11.57650680833271,0.703081036448618
8.18359375,1.9793161645005188,3.1008264790575497,-3.808074200054818,-1.5133756235130873,-0.586757075392578
8.1875,-0.010809302456678679,-4.754320853775825,0.02965883595168939,6.648051550474355,0.3954660837255737
8.19140625,-2.673354041528884,0.23802373598144294,-2.820420052230073,-5.8632100337554265,-0.31942254076421744
8.1953125,-2.0620603187928843,-0.051636881859944014,-0.5508485445591507,-6.131609059256419,-0.5478910291201474
8.19921875,-3.1407177679592757,1.2307508087411123,-2.118324028617829,5.023103651977867,0.0864024836609003
8.203125,-5.4236747114937875,1.4423716952852106,0.5480366548206825,0.47310031471314495,0.46926426908561886
8.20703125,3.7036786471637604,4.750650626636359,0.7898793318875226,-7.864454052251476,0.5094833704466643
8.2109375,-1.1001280970114014,2.5334942544650763,-2.0522209054737535,-6.4985096296634035,-0.46907729737398624
8.21484375,-0.9628507639599089,-4.1324370175015,1.5780682005431532,9.449831015428021,0.5413999795452132
8.21875,5.1747123222906515,1.6470141362350397,2.8586314344693955,-15.844794734085754,-0.41605214343586827
8.22265625,4.359534922727796,-2.2083627655819233,3.785516433894971,0.7726748445930262,0.4170796380270492
8.2265625,-0.23670327855078968,-0.9008180435555254,-0.5879694362360681,5.14901354029494,-0.16818172599088912
8.23046875,-1.3831207209995258,3.2949531809181734,0.9445059002923774,2.2173580750716297,-0.11983878388151754
8.234375,4.921754694549449,-1.335855829168669,-0.18257014161200602,8.536751936071743,-0.6532241641144273
8.23828125,1.3445957583493835,3.7762600800013546,0.10653268473488242,-9.397812664896112,-0.10520792240398275
8.2421875,-14.537849182814107,-0.17498036746912177,0.670519974578739,-10.64493180638513,-0.5937915509005832
8.24609375,5.697260332250582,1.051715257568107,0.4411622601945241,-6.746266069685973,0.499021593029079
8.25,-1.1017680294233492,-3.346475629976858,1.664708013661352,0.836750420236991,-0.14248645373828217
8.25390625,-3.58595689269135,-4.159122682094662,0.19860296940647243,-9.452769524932219,0.6959118399681478
8.2578125,-1.7576029524412369,-1.656791788701391,-0.9884424089053991,-19.70648511175714,-0.7452471276556673
8.26171875,3.2395168728194714,0.676408118142286,-1.4087349915831893,-3.6247200159955866,0.5893642584317709
8.265625,-3.1936171054120264,-0.42499647350287006,-1.6994021846338636,-14.367608330062739,0.17338207926507732
8.26953125,-8.46315066131108,-1.30330904331413,-0.3945774399022153,3.1505799850888145,-0.05458617299345986
8.2734375,4.422228370584469,-2.2947352901676723,0.2229575921128235,-0.33844704299901185,0.8829719735481687
8.27734375,1.4316396078255627,-0.8871063387572928,0.7123812284140554,-3.763289220516735,-0.12376313844480707
8.28125,-1.7452097917923017,3.129270310999695,-2.9885800056855354,-5.835575818493034,0.9931867069513914
8.28515625,4.714135948455695,0.1462488608351237,-3.278668390254014,2.7858344048270234,0.8572694794666674
8.2890625,-7.402244023430859,-4.235508127527995,-1.3708785326304471,-1.614236445427161,-0.010423536236394937
8.29296875,8.309045971088585,1.9076368959034107,1.5937068843788111,1.8310731672067,-0.24857498319114282
8.296875,-2.073461459551274,-4.986423947200395,-2.532451853549566,17.32899773411438,-0.04821439645421349
8.30078125,-2.76714553120418,0.4338057070157819,-0.9652926875506724,3.4392999102438395,0.18331049674510685
8.3046875,0.9059255328006451,-4.342467135086684,-0.2061912217902157,7.782344618654005,-0.27914996658862645
8.30859375,3.609167800546639,-0.5267027056370924,1.1454273623944542,-1.3455657916986905,-0.08162600305819345
8.3125,0.8149142230984665,2.5909789593123524,1.772218919760501,6.0822870365600314,-0.27856372697078235
8.31640625,-0.10034099921870991,-2.2269543729775574,1.2895549648765967,0.8079737886678471,-0.7574038934676048
8.3203125,-2.184822926985334,-4.069624418406157,4.468614428015453,-5.613050144021134,0.21497800947148793
8.32421875,-1.2635443754663729,-0.6722990030628715,1.251509375100003,-9.67089098538817,0.7152447717732227
8.328125,0.22048616577309704,-2.0530609718442796,4.1323263253040725,-7.1845622751381,0.4952061944350673
8.33203125,0.3078254995729477,1.994471307088562,3.7908458915557075,3.6664005464380676,0.2199329905861517
8.3359375,0.47195904608590067,1.6395574832076472,1.7237364635115524,6.107205766585377,0.6197606790343122
8.33984375,-3.362588254294369,1.1495155598744071,1.7869188405297018,-5.161747614086716,0.1380777087717221
8.34375,-7.040604726236111,-0.3134032414853308,3.672113165853377,14.361930605589455,0.08187899736896136
8.34765625,2.761948589430604,-0.9424371366587059,1.0221655320521092,14.186391854615717,0.0737326130013042
8.3515625,-6.052444407879461,1.7384910448546804,1.9918229859353194,5.452681533755298,-0.3188560247041909
8.35546875,-5.036212696733638,2.4264551170432007,2.6282674834168365,-3.6059008902938716,-0.41871439050056486
8.359375,-0.4862754900070317,-0.43190708920838705,1.3484931793836439,10.324353908616956,-0.9848964990843908
8.36328125,2.8775995155521756,-0.7825600893197429,2.1391759968524213,15.473876650965504,-0.7901947638086609
8.3671875,1.5788531680595288,-0.014789520843296843,-1.7031661106025,21.315474809841007,-0.05993586358920599
8.37109375,4.257229959195496,2.7798133570292003,-3.989470439195045,-12.046352620260798,0.05762700078211505
8.375,0.15741218937890175,-2.3721917888910244,-2.9630545995537636,-15.253252453837723,0.6026757108964818
8.37890625,-1.4466400040675071,1.1389305986095748,1.0356294737650038,-6.734627520792348,-0.15116966954739922
8.3828125,0.28633748678911664,2.8831438510266776,-1.5578382761819367,9.064366299675534,1.301336148583461
8.38671875,-1.6665799376415389,-0.0032420423279147592,-0.3449332242884213,-2.694429786683491,0.40094614080750446
8.390625,-6.254584919905467,-3.7564838476911175,-1.5250018430353516,2.592099201649957,0.2947507657443382
8.39453125,-6.07095265658391,-0.06974543466519424,-0.08839340056616302,9.236006597284522,-0.8514933209924223
8.3984375,0.1658720238817273,0.8541687043556222,-3.337527472119386,-9.255850222710789,0.28947064651955545
8.40234375,-4.844163499283785,0.1787918520064289,-0.5422734215921415,-4.804098276714914,0.8002483110338561
8.40625,0.30372192737583253,-0.4148824904699474,1.808419549479954,13.541936780023892,-1.6333842333416908
8.41015625,0.7236559343743867,-1.50062713519683,4.55829776035605,-1.0639728795106196,0.6973239607306227
8.4140625,7.3766568120791325,2.554859122681531,1.4159934790753308,8.828600922900765,0.6341734460042374
8.41796875,-5.20356533326305,-0.24266138397200787,-1.1841150929362019,0.010172137573876028,0.65869009077012
8.421875,2.1244502265259615,0.8916222753979883,0.7543238543854139,-8.797617686304722,0.252822222818391
8.42578125,-2.4120489890303785,-5.256219116822111,2.35309631701856,-0.124871834053355,0.1728964344518107
8.4296875,-1.797020336026711,1.5935092098472852,0.12862841223108656,-15.44036182662961,-0.6593716419681697
8.43359375,1.0472406763687174,2.4991945386532874,1.6953878715267796,-3.515448039476144,-0.009975163057574423
8.4375,-6.320401060614171,-1.4550822394525476,0.29485903829352644,-2.358525441222003,-0.08712404587236987
8.44140625,5.641957700038445,-1.6228206637946065,0.8319982508132097,-10.734977645360122,0.9903735551947396
8.4453125,-3.9344858755783525,0.8016038677231925,-0.6399057427069761,0.04099880215299456,0.28179501517094835
8.44921875,6.970849536683034,4.107308017105688,-0.6634558167757982,3.4588096238106605,0.8028483763000377
8.453125,3.6142368889220604,-2.132194059461134,-2.5820816884265763,3.6356282942252838,-0.9875276129298318
8.45703125,1.1815216002105133,2.752876345006246,1.1880956472548339,1.8730571947256145,0.29332505907396417
8.4609375,6.660392894900632,8.541343388768531,-1.5227729365191909,2.998773039398028,-0.5480467588546678
8.46484375,6.755927260614997,0.3804855614452295,-1.5463517933312971,-5.23017801802219,0.306023015004922
8.46875,-2.890493178230245,3.837283355691315,-1.8193711876739385,1.8629121727365432,0.32810724258890644
8.47265625,6.514064313388476,7.386197676740762,-6.261077782050119,-5.833795037124785,0.26084560850190763
8.4765625,-5.745446998934132,3.207290935933914,-0.9778760251089377,8.510474162659177,-0.08625319139596906
8.48046875,-1.7695450452926444,-1.1022910863326716,-1.5521041102654187,-8.981886894619894,-0.0786053351056019
8.484375,-4.786107118536615,2.881262869647724,-0.38041203446053184,-4.367037511948075,-1.244139928698894
8.48828125,1.2618890164827177,3.6414825415223167,-4.467277625279024,-0.7785168211837048,0.1201665040547969
8.4921875,1.0928566068394658,-2.9003092080628323,-2.3074948803725706,-21.130742635244452,-0.14667079701867117
8.49609375,1.7274156551284456,-1.1969329557533905,0.12413364379711134,-2.725367535976202,0.5108875093917185
8.5,-0.7886187097064697,-4.8213866474162845,-0.4759308419964228,13.15124965000591,0.12516074026018967
8.50390625,12.22995874013912,-4.45951083882449,1.9484450205807704,0.3310409235225631,0.9355396821934175
8.5078125,7.208712084608094,1.781977081828796,-0.04651427405671238,-2.2261954638739,-0.040376421466408616
8.51171875,2.794903489472516,5.720942803538412,1.4216329926635862,-4.4757893387068215,-0.23407858738299295
8.515625,2.5975133740749916,-3.612293133843783,-1.1709168166847723,9.891931491265687,-0.5053100101450206
8.51953125,-0.18078262070540768,0.8710855703341375,2.010904505554728,8.445173217576164,0.725836358373484
8.5234375,-2.5784558256955976,7.1872327813843455,0.7845440739879488,-3.899758428523893,-0.0860458234588036
8.52734375,2.2904425170503386,3.6866133122087343,1.137564409498884,-5.776121682756105,0.7621951844717286
8.53125,4.67621132040282,-0.006942126361344422,3.4117998554589835,-7.505518692059714,0.05827678929413376
8.53515625,-0.019520601800386308,0.8570177060718773,-1.0027780478696031,-17.023580554594762,0.10039691056871253
8.5390625,5.590070840018649,1.0264405543364499,1.8119532714351108,1.628617780496504,0.5912395444324788
8.54296875,3.09350592690285,2.29316533859428,-2.4806246815615043,-11.945821983455012,0.11592791669011418
8.546875,-3.7573386671202935,-0.7397926059819434,-0.11492206292542945,-11.556454578554135,0.2762365309937786
8.55078125,-4.990856900678144,-1.7789637520130124,0.33475920705740175,0.24135442836649323,-0.9057403285830224
8.5546875,-4.066830912547016,-0.5170867419379173,0.2220977263795999,3.56184859017549,-0.870918465001597
8.55859375,-1.123212932276386,0.6225090958958011,0.07613555281298268,15.48290200396825,-0.3315483222193391
8.5625,2.572414370711316,-0.2300996260786921,-2.1077762192428873,11.374938184973075,0.8014555254995852
8.56640625,-1.8202710654104908,-3.0754253401819804,-0.7893854391841422,3.1639173770946547,0.35855116024915146
8.5703125,-0.5281109673386094,0.12844358957232488,-2.669404293162966,7.444425137817759,0.6719064884511603
8.57421875,-2.598307730667981,-0.6030285828486032,-4.995529828637347,0.4176645256528708,-0.19578947119467993
8.578125,-4.2266557916496135,-1.9627691199144133,-2.072401600052636,24.584296721610407,0.10911855586166552
8.58203125,-3.3574013699526404,-0.8236868254499503,2.5356640444635516,4.243785499368116,0.184294116678654
8.5859375,-2.5376084242347696,-3.1778468238915405,-3.554118084768319,-8.33595706246103,0.03208348061830334
8.58984375,6.22433235352737,0.9123443642688602,-1.7126018716175824,-8.85518307001608,0.22651405246468825
8.59375,-0.43326874026468626,-1.0728323380202196,0.506425709213268,-0.35680113015620396,-0.5195581685713654
8.59765625,-2.3498334070146227,-3.3166832410564995,0.12875829764466504,-6.297233759903774,0.04470024804447832
8.6015625,-0.674610617953115,0.49808892633162616,3.5249889775163568,-14.212215170812312,-0.3069516194991553
8.60546875,2.0449343100645865,-1.1879559532008108,-0.45461754158623,-8.442626090270346,-0.6763178786159956
8.609375,3.5845418998298326,-0.20897529639593365,1.2156274665551505,1.02423600697681,0.7326407994014784
8.61328125,0.3868706402261914,1.6227732520051334,3.9867156967313666,-4.397040690918483,-0.36547695589498375
8.6171875,0.6318567535225741,-2.6643993787003066,-0.8788799914141239,11.87620667699776,0.38642918934080517
8.62109375,-2.368613530493278,0.4364853437102917,-1.1193975089504635,10.995701349731977,-0.12068133934109192
8.625,0.8146343402128018,1.3011578172030414,3.5678172489368243,10.915816014093451,0.11887357420658708
8.62890625,-2.432302898032386,2.624773752697463,4.581056944684821,17.37398682725572,-0.1338059319958205
8.6328125,3.1069921064845234,3.2414593781190346,1.0271559732699476,16.992577603667282,0.0741416186050541
8.63671875,-3.906723712273825,0.8158543997285435,2.319133864571417,10.4296393687959,0.24048894507662533
8.640625,-3.0281803819771658,5.452182899485858,0.21807945381131,-2.299340873517552,-0.43121483963630375
8.64453125,-5.5395816699813905,3.0004141840884957,0.7627005455251111,-5.728595434619709,0.489321062046018
8.6484375,-2.736403787488317,1.5257972936736555,-1.6049944414934603,-5.84451250448576,0.36234068565255845
8.65234375,2.2556765926791407,-3.5343314391963148,-2.709135875183791,-28.55827692238767,-0.32643082257533435
8.65625,-5.849522646313265,5.40119640695989,-1.9226636155537273,-9.488209600150336,-0.6694289394934789
8.66015625,2.3808923672113256,1.6758982492457934,-3.0147457612043587,-3.49036975955029,-0.8315849797202463
8.6640625,2.198683470368939,0.5866254262760929,-1.3150447123685964,4.621134426220163,0.2622589996844286
8.66796875,8.396541001712643,-1.5002254150283307,-3.3266537065347572,5.078363414161026,0.894447115102681
8.671875,13.194747397384834,-0.5828553310346042,0.6313422614950364,5.375167494832571,-0.14997886333430893
8.67578125,4.453845894522653,4.555601409862062,-3.4525917672798574,-3.468572652502572,0.4335519567031426
8.6796875,-6.906890517196779,-0.2832616087046189,-0.6313375720282327,19.55413095820539,0.2878592006388995
8.68359375,5.677566708550631,2.27461060845725,3.0286474740317253,11.499297133273677,-0.47898873557372956
8.6875,-0.07742212854255771,8.955338369272713,0.07406297804047557,12.160137199306675,0.13412490330404808
8.69140625,2.252082293181338,-1.6274357120173912,0.00550293718071182,-8.199815971221284,0.14856962249191913
8.6953125,5.746609055113922,4.49121528159601,-3.9948315107693486,0.062294101561311654,0.15689827853524696
8.69921875,5.7574841353141775,-6.867056067554092,-0.27638445717042737,-1.991260629511305,0.8781857964192952
8.703125,-0.0394480947556369,0.4909819288809055,0.7315046969475019,4.247216468098134,-1.0266719745049007
8.70703125,3.920622241072267,0.25689005363418244,2.721379205899543,-0.48019871059536,0.45851242020885163
8.7109375,1.3480192367742205,0.6215775105917285,0.9174864923873375,-20.579626802755595,-0.3496179743277076
8.71484375,4.979495766406767,3.145908079508862,2.4472114102428577,-10.945648849544567,0.12765565824327513
8.71875,-1.0336092190215473,-1.4753823387350358,2.9706039170331637,5.951516872194796,0.1791711424970942
8.72265625,-5.148830876601612,0.03169329476634154,2.101978216481446,0.9922748189284221,0.4267231308256614
8.7265625,-1.4219036671557275,-2.0998466272069334,1.2795736287603623,5.230428650434082,0.4755281304365922
8.73046875,-4.672398823241037,3.709800057486814,1.1115793058721217,-6.642590902190678,0.05413103114023023
8.734375,-4.177587878528241,-0.7487581464568349,-0.07857129667454554,2.4598229834592105,-0.2242730534456814
8.73828125,-5.46345729263803,-1.9397626846510048,-2.1948351129747685,0.6234686544343075,-0.08596332509439672
8.7421875,3.6557111622590335,1.7309098243274272,0.949086997841775,7.550073984610438,-0.11919344781433137
8.74609375,1.5966925470059634,-0.45479657878370944,-3.7181598143714907,-5.622011036199126,-0.3927874362673124
8.75,4.632000026112121,-1.132618555306094,0.23017176578363308,-0.1865474948030409,0.5964204246221733
8.75390625,4.7794041576172805,-3.275130930909145,-1.6959545382538714,-15.564000208571045,-0.2975992419316188
8.7578125,0.7699082623394018,3.4765537003733913,-0.17566902735734236,4.257315441507989,-0.014755533249910927
8.76171875,-5.3428636202980035,-1.562480537613588,-1.3013866764651236,-13.779649126167484,0.37614149059201785
8.765625,1.1816740864615691,0.03373317316744856,0.24566535865742267,-9.845633760256398,0.2314073625045094
8.76953125,1.2481025553618101,1.2298699540577531,-4.675815875939191,-12.579601617908917,-0.2560425252320322
8.7734375,-3.445086265153046,2.4558834581757365,-4.701679670405778,3.7188595077418776,-0.9827228281260892
8.77734375,0.347700332860561,0.6054722162703573,-1.086947361499833,10.756379519245602,-0.7918400930804841
8.78125,-4.928277815049752,-1.428557955240874,-0.613425415224452,-8.582713822702681,0.3657317978336823
8.78515625,-6.461184301130193,-2.8923559885288284,3.1800282074281236,-4.3576745481618335,-0.2862774871999921
8.7890625,4.1370892791363145,-5.185843675513424,-0.21809225550945088,3.856991389042654,-0.013701534074975735
8.79296875,-4.2728432551628766,-0.7252902131414796,-2.51290985211328,15.30432321336868,-0.7024184303939544
8.796875,-0.5701709785069802,2.7507454659878556,-1.0240927587644464,10.40860057173905,-0.8106883896156315
8.80078125,-2.223523908829081,1.112559983233204,3.3668257591144113,-14.294177251687858,-0.07192798821425977
8.8046875,-3.624215612736693,-2.940721703624225,-1.4809038187859953,-10.026005502516803,0.646393027896629
8.80859375,-5.309930475652049,4.669582755157909,2.3808443691461534,0.9791771112046805,0.7343278973428833
8.8125,-5.517581904220334,-4.5056039786670485,6.450431761365746,-6.3169983633477065,0.11911617373757567
8.81640625,5.090067735308753,0.5376724450055725,0.3231007358365706,-10.52792039610793,-0.11499859657456578
8.8203125,9.458866310851386,-1.1377121130384251,3.8750327743922504,-16.285236914687648,-0.16303586144792054
8.82421875,6.025599433915293,1.4086278798476202,4.39129741402947,-12.880049769012231,0.602509693340943
8.828125,4.497921445637391,0.37735750660599504,0.7640945193955054,-10.684344559197475,-0.6028498392428728
8.83203125,-2.2361156746158475,-4.747306379654841,-1.0269577090661892,-13.177698744370362,0.021132964801897452
8.8359375,-4.053072635968367,0.5923148607386418,-1.6121377697069739,-1.0926301529403002,-0.7665161655168949
8.83984375,0.005873117841139181,3.9248847778547984,-0.3944688889863146,-16.091188650926487,-0.27676979072149127
8.84375,0.15141755200918816,2.5370795723278503,4.860460904642416,8.076979056992116,0.2972972483103045
8.84765625,2.564080838256048,-3.193106394382195,0.5778973920489349,0.5469842807809933,0.350430981464157
8.8515625,-2.9942191830225235,2.1788382012344214,-1.455209233512131,-5.12748091284946,-0.6031880990358351
8.85546875,-6.355513330505405,-0.7299512005587898,-1.2390622362983723,15.139703355160755,0.280623632429698
8.859375,-3.0205795848970705,-3.2904627281559398,-0.240755443309438,10.506388994356417,-0.6164748948168453
8.86328125,-4.228261180193702,-0.4086499555306716,0.42570005232767283,-3.0699123287878076,0.3696461455631517
8.8671875,4.362577962877282,0.42109416672324684,-0.7307593317186503,2.4581513837523152,-0.37436219182290975
8.87109375,-2.7010083352270287,0.17056848671347477,-1.1280935141316657,-1.1493281011797416,0.39828834779944117
8.875,-2.1427947737540514,0.7336919399401992,-1.703765349932522,-16.277640956322486,0.24216354064588397
8.87890625,-5.316338635541337,0.0645441032215432,-0.7280432199795005,-16.14143442578579,-0.12670503271190697
8.8828125,1.1461882228470364,-0.4389849035706305,-0.8741749152568012,-3.782692822226188,-0.34507221375022434
8.88671875,3.1547310509282953,-0.48084853966014873,-1.6363970353858726,11.957623023583128,0.46615669671190896
8.890625,-5.612170733972554,-1.3615995934711822,1.5603144263438444,-6.054605678253488,-0.2603027042974294
8.89453125,0.13681728154248066,-5.8718126946730544,-0.2545215022149005,-0.5982194441872761,-0.1585187718487377
8.8984375,1.2600656906791698,2.54164602484957,-2.9854614637729666,7.694402713304603,-0.2247820025369579
8.90234375,0.20241294699941184,-1.8022535005642135,2.2860998586267773,15.428411717722849,-0.10910649873758511
8.90625,2.7854299253476618,-3.215159251728468,-6.892185880614892,-2.806430555655803,-0.7768590284082196
8.91015625,2.5152170459081593,7.961773953169224,2.25966399093543,14.63462202899506,-0.2995446370786792
8.9140625,0.46643212435745046,0.5247267141775612,2.809602521393634,7.520306133620055,0.5592708174752425
8.91796875,2.229668172082216,0.21601373936651785,2.4012969485114946,3.397259087724415,0.7450084314458464
8.921875,-4.923111716672486,1.0762959390232933,2.5727419010841572,1.5676188709157253,0.24610296124159275
8.92578125,-1.7106525232413026,-4.310472439963726,-0.633343995813892,1.0312139119125128,-0.6673659816430295
8.9296875,1.2314165795477987,-1.7107561579657617,1.205030649136305,-11.506443103046607,0.019357931900494896
8.93359375,-3.0657782047589976,-4.410387891141356,1.2012222383504962,-6.495308328059926,-0.05341315900801552
8.9375,2.595064465393028,-1.9196905252758112,0.12258924584874886,17.577385647630653,-0.47438526817020576
8.94140625,-1.073711736790876,4.59762213887355,-0.9381874242738436,-10.618928915389136,0.10428395341513415
8.9453125,-2.903758040807114,1.2293134407883666,-5.219161337694724,-3.1205135982816747,0.6805567735692643
8.94921875,2.759199005338949,3.8229407122018495,-0.28084657544834524,8.024001147275317,0.3876038537726404
8.953125,-4.02373597234597,3.068018471217812,0.4013535297711612,13.877393308787596,0.05762609851799445
8.95703125,-2.7203177230875863,-0.10003561821086966,-0.47954877161350973,5.604049931499893,-0.7204494005691316
8.9609375,-0.8917405033136017,0.0020257897505966483,-1.9335361760405267,16.321816154279908,0.10131992947861347
8.96484375,-4.735727003268288,-1.0679590089836608,-0.5896130500316475,-4.140056261139282,0.5532800919902108
8.96875,-4.633436651181051,-3.9766911533634186,5.266180398793434,-3.374541256095845,0.001716180226838014
8.97265625,2.415166946943351,0.05371344537233384,-1.5687046670526652,10.005203617162348,-0.49051785303528017
8.9765625,1.3703421584915836,-1.0264740686564093,-2.8370866960981957,-2.021490455094931,0.8654056421629915
8.98046875,1.340637135941596,-1.4867549387737553,0.8976282791926227,-16.477339203498353,0.7051992545480769
8.984375,1.9503071079557064,-1.6211479761278957,-0.17733108559301192,-6.371285443071391,-0.43902942001248674
8.98828125,1.4733422689546531,0.2982938160293419,-2.5277254548197226,5.585583785605056,0.19840801376012196
8.9921875,-2.5874130763963428,-0.9847259986287042,1.4097098819070686,-4.908110603161351,-0.5628638889034023
8.99609375,5.152132220686409,0.7182040538590688,2.942954724108593,-20.552408872846733,0.22924720722318587
9.0,0.7395804245956756,-1.65956370168844,0.7633215400765028,-0.8597641097856276,-0.5946002135534176
9.00390625,-0.5262618244935842,-3.537256733515135,-0.7598393611030827,17.041705596521467,0.5542903426768687
9.0078125,2.427989793935486,-1.6394899962979965,1.5984238994045903,11.038397173779538,1.3008585931481902
9.01171875,5.855109686607632,-0.2922034625592485,5.0287546973361605,-2.657869979322408,0.1924790884724227
9.015625,-2.9506735750763697,1.9160051419762736,1.2341924431923035,1.1610094096627623,-1.072401005023595
9.01953125,-2.8181810486384085,5.328964488680126,2.885436251793226,-8.169243653263488,-0.1392233862938152
9.0234375,-1.4142597724261112,0.8806833908038945,2.7733216431261463,10.272537992017291,0.1776781688021612
9.02734375,-5.4577963507536875,-2.4284287620677993,-1.6793398310871002,-8.667920647238645,-0.3148898918981494
9.03125,-0.9623693658515652,3.718732207766975,-0.3466021248194351,-5.544025436910378,-0.34319277503641044
9.03515625,-5.510326561692907,-7.375578781583923,2.025050671273455,-7.611274153022201,0.8848755675704235
9.0390625,-0.24543136180870925,-0.35253830700990896,0.7276236837016176,-8.661166284351847,-0.07541441902611186
9.04296875,-5.766506228613229,3.4513684052585383,-2.108993865763228,-11.964881074435251,-0.9439880802762812
9.046875,-4.237371947421917,2.223681470232863,-1.2109642524098152,4.799161816421,0.9048461480863199
9.05078125,-0.29888599177152086,-1.0417471351408865,-2.3312423679928327,-18.90490686290132,0.7699689266184297
9.0546875,0.2665709151044453,-2.7022242157131453,0.9145120019591336,16.338177513197344,-0.5546576023557361
9.05859375,0.24671903217751887,-2.616019068004377,0.1100125941054012,9.248306192476075,-0.07181787872199026
9.0625,-7.236799877570595,0.6089360240284047,-0.4799227076032325,9.817701879781453,0.718735577401281
9.06640625,-1.951552147385869,0.3704657333303445,-3.7365971203257664,0.3753212022999284,0.04292264920638566
9.0703125,-6.431817577842087,0.43401031034231186,0.9458727096341537,-23.020972661331278,0.1936085360836287
9.07421875,-4.772333064180955,-3.896921504644819,-4.535514186473373,1.4140542537579521,-0.418129736431403
9.078125,-0.2996436157973829,-5.064994194832676,1.585864825183454,16.030920411788184,-0.17141074629153427
9.08203125,1.152683771365661,4.929546617412986,0.15423270511458043,3.8571241874601103,0.77261166593674
9.0859375,0.9565248523329585,-5.051594676592401,-0.07450898607707934,3.1568632729402117,0.012527422115482944
9.08984375,-6.345538752282697,3.778378045520811,-1.1153498547459137,-11.40908070145981,-0.19893696424448984
9.09375,1.746744906974863,0.17067420829029634,1.520976183299306,5.436384885992176,0.18445809944993072
9.09765625,-0.41795573350637716,2.9070889738003634,0.0030945286849935194,-17.71648509247583,-0.7397758231702328
9.1015625,-10.331110524885482,2.2540415179535422,0.30073232355304685,-21.007070764195657,-1.0515770360615664
9.10546875,5.114351016728241,-1.877573432397314,0.26478390987021166,13.90853681281883,-0.4353587647636106
9.109375,-5.130928996744942,-1.6136975880521343,-0.2661863866244325,18.725264295782672,-0.4828299727248848
9.11328125,2.1222666845109357,6.1682338662297855,-1.0326450914060332,10.00716538306711,0.3382302195689392
9.1171875,2.815002228248048,0.46462970607849285,6.542883681851784,-16.621543831943207,-0.64466965420656
9.12109375,-1.368095198575169,3.0822174868866226,-0.38587127652526343,12.593284901284402,-0.0053243104273644586
9.125,0.15394921536832434,2.5899555811074135,1.6574126907907387,12.633809229080873,0.04861362080046142
9.12890625,5.869429614477293,5.071206595615053,0.6696347649686152,10.737719339041835,0.9165413476579312
9.1328125,0.9027885119639935,0.997530210575371,2.423662373591978,13.36896597360346,0.150402465009029
9.13671875,-3.0673003281792197,1.916508730114253,3.8014719020676173,-13.59012454410915,-0.6566380410253313
9.140625,-7.316185222911508,-3.1250977350726052,-1.3387152056208085,-6.6831454264801335,-0.22895355245421406
9.14453125,1.049513973524699,2.340723999921749,-3.033114827522635,-1.922440228984071,-0.3032993533123121
9.1484375,4.026702515594668,4.08446849488416,3.4626339355035687,-3.469655932390434,0.6634273055457478
9.15234375,-0.970821724619497,0.8519342698980158,0.6002810728504475,-6.677597319541598,-0.15271857618308873
9.15625,3.483063437202907,-2.744338704404604,2.4857279278706983,-14.233138229512956,0.11522955180879631
9.16015625,0.10774519410914823,-0.8262604587272004,1.0784450055291748,-6.739152394743872,-0.7075724894175577
9.1640625,3.4258877133540424,5.001363586223409,-0.5843031904074681,11.243528758478858,0.19746305136760617
9.16796875,-1.3172996088481763,-1.670931444386492,-3.2629712775000375,-5.140796419190602,-0.38692136195301824
9.171875,4.334956261803974,1.9726591443834285,-0.6853224295331143,3.6772099443468917,-0.6867631435619682
9.17578125,6.644839819230095,1.0462676931984112,-3.5577160471343046,14.026677075173126,-0.6937419851810774
9.1796875,8.182906478332592,-1.4873584807127451,-4.597598450092971,-3.226298421487952,0.060374803492134727
9.18359375,13.805909559269423,5.159095761419833,-0.3520412084619975,-6.272478943757778,0.11894225073369097
9.1875,-1.6418728980825348,3.0979856514556805,4.385659506363076,11.383293241646847,0.4225404076139341
9.19140625,1.2191373267087176,-3.310339081141338,-1.1557129588398454,14.657546417824598,-0.006155954943038428
9.1953125,-4.007042543425262,-0.39973731043677224,-1.1070041378684823,-8.222812280019735,0.17482309521352213
9.19921875,-0.5031348293782819,1.7521651267753828,1.2131968212226614,-22.47496976693571,0.7095593460445943
9.203125,-5.11227071963549,0.4104579587812303,-0.25038871184096895,13.982838231441407,-0.31495340084014206
9.20703125,7.0910207428149254,-1.9267595481932802,2.278954770805088,-10.21904823414387,-0.27259907804765776
9.2109375,-5.628064391097924,3.728429092862182,3.1982789211515508,3.438640626304319,0.23225880804736238
9.21484375,-4.882330204819499,1.800539477050529,-1.6020835409769787,-10.5482873906749,-0.602888462455734
9.21875,-3.8949640543966644,1.8561278475906349,4.103210177743023,-5.886432990809044,-0.23034695564468197
9.22265625,-2.21968523877726,0.5004380051900061,1.8359503121087695,24.980022842667708,-1.0238844480184288
9.2265625,0.6571554744678222,0.9772621284614076,1.238117491222601,5.760976991103581,0.056172329920619525
9.23046875,-6.494097763004089,2.728132736169175,5.1588618336846075,-0.9386765916067805,0.10996012238389873
9.234375,-0.2845815726404797,0.6546799721250361,2.270023576798425,11.912535073767673,-0.5953114443665642
9.23828125,-11.775823741052328,-0.46475712652378803,2.756114046310529,1.3177208184762312,0.18747574080836932
9.2421875,0.3743668237145493,-2.465069318039048,1.3385300632251278,-2.662685391999002,-0.45417277832953457
9.24609375,-2.3740041256942077,-1.413918580498359,-3.094610940258081,4.818442058295826,0.2721858225973364
9.25,-5.09600626460723,0.5908169468583393,-0.8978318160919349,4.119789141354615,0.1528446088940703
9.25390625,-1.1988136809355319,-1.0776154436936172,-2.245899319674899,3.940316210695528,0.3440513180868343
9.2578125,1.299128992917845,0.20274055580955722,-2.886738435229973,-1.2364026692696104,-0.40482358948927244
9.26171875,-0.803917884732108,-2.8081566529174227,-3.1030830260994517,-1.3405509386099208,-0.3567308919203052
9.265625,-0.9666611361626514,2.5927446861143704,2.320139208684016,2.3033582649700026,-0.59028052274295
9.26953125,5.611407029982475,2.843721530200077,0.7317599275132909,-1.9920999130323818,-0.22309496169671653
9.2734375,-6.48162824693903,-5.818542726578407,-2.7387635831768042,6.317339781580403,-0.06397229692256798
9.27734375,-0.5599079156121937,-1.9834169215747954,-0.8579725591699086,-12.63570635416915,-0.22523145676881806
9.28125,2.0828978294052924,-2.4611136122780124,-1.0676478526588844,11.809565322182724,-0.914471045291094
9.28515625,-2.614870409357547,-1.5105548816319438,-0.9632304296263232,-1.653852769124807,-0.41068024929025154
9.2890625,-5.766503897417539,-0.8727826722970037,-1.9218043499203539,6.12737042151131,0.47029494269131217
9.29296875,0.2121092005833416,3.937737963738992,0.8460328945795457,4.7272434701015875,0.36012008525478156
9.296875,3.5040899410246698,-0.2789775063880404,-0.9072279257053408,8.588820378780726,-0.46764517539703543
9.30078125,-1.2960403074195952,2.385005676482236,1.4354360952302878,10.070902706004654,-0.1797075873972434
9.3046875,1.0233618346324493,-5.757829171744763,1.37870510590345,-9.992020480800472,0.4389240852016517
9.30859375,4.826605348015554,1.4586379689315296,2.5919743046680277,4.979793169768998,0.10407596958957772
9.3125,-5.282128015982939,-0.9213261975192919,2.563228076996067,-7.8207136480702,-0.133281743720822
9.31640625,5.123706623736593,-4.938270680035645,0.928064480632742,-0.27048884752452285,-0.1004945697649234
9.3203125,-3.1424723377361614,1.6013085496194321,-0.5704857545012507,-3.5318871772175093,0.5959414786922232
9.32421875,-1.243500344419443,-3.403171923461151,1.7900331006691932,-3.197256577381941,-1.1852584073940917
9.328125,-2.8020722182956153,-0.3290263969668759,-0.004954537426441696,-9.361955388534113,0.16823087937148404
9.33203125,-5.157552027820539,3.2904849910299427,3.1941378096889936,3.443197398491798,0.7298652430066666
9.3359375,1.9660667292651313,-2.3816060378996204,-2.9162922030375924,11.55208403468931,-0.7774011326589031
9.33984375,8.340924294041663,0.25168216262812465,-1.3316884481683144,-3.3896630954352,0.1649370549679388
9.34375,2.7290363937153326,-0.25602148745473474,-0.20005950230577196,-1.3092274989786832,0.2859644424947407
9.34765625,-6.714974595608561,-3.800268829192712,2.9259841186204465,16.739205344755973,0.3965883959667448
9.3515625,0.10020068334175398,-0.014253902957291478,2.1549002454533333,-3.1707720402448416,0.05765110519296816
9.35546875,5.786711206536857,-0.16610848740415507,0.4081084614202509,8.94757126000789,0.14141400301645748
9.359375,-2.6740611066909294,9.924418254546598,0.6198891403821223,5.449450534523662,0.1310332339350282
9.36328125,-1.9707676585689047,0.30615465574127104,-5.732506637169282,-2.177950431703356,-0.5168998488956811
9.3671875,2.3940241083682126,4.0123145320826525,-0.9134030865166501,-4.39908345490275,0.2530710082247742
9.37109375,-2.611445010860373,-1.5458308159512744,-2.4562148513888022,1.4366630621641674,-0.3925932629488905
9.375,2.1626013493045035,0.19717618355158933,-0.8915919251860227,-8.423513412090728,-0.13130916134815215
9.37890625,-3.8506659468668847,2.0235937824796864,-2.0974129906411707,-2.0380634712807715,0.35877182877227354
9.3828125,3.49160420653398,4.075554312926336,-2.2834823792368817,-7.089954091092661,0.32738058207305837
9.38671875,2.9983734735445795,-3.4536222137620225,-3.6716564240800675,8.278834030448886,-0.3847789344763001
9.390625,5.088812810581844,2.0556107948982736,0.9167811999331716,-5.7526580040139,0.2846382628941543
9.39453125,1.2455463283192023,-0.8793559337874319,-0.6995517029097503,-5.235654781068414,-0.5987891779159064
9.3984375,2.644704256526607,-3.51514392676982,1.0989234996851092,5.387616616519875,-0.22510687354253167
9.40234375,1.154633788403043,-0.49638652402393624,-2.271456747179641,-1.2907421200364402,-0.8329804807030362
9.40625,1.0531044412167858,0.28506912902792486,0.03852447444018259,7.29290097990903,0.2924916320675577
9.41015625,3.8762752557977542,5.219520027794423,2.542613310605419,0.46121864566082316,-0.619788958947271
9.4140625,2.1780336599047976,-1.752436353674212,-0.11649924267873235,-8.962323734290036,-0.18904387134588582
9.41796875,-2.0246812382756936,0.19724746566481854,3.7955523892237597,7.362435710822302,-0.22740835925013841
9.421875,-3.374147255927996,0.39142776349266317,-1.5085019897173149,4.119108871719291,0.2215817572991128
9.42578125,1.4888893318049832,-5.1524935807207815,2.739046246876477,5.38053420878341,0.38071469857531604
9.4296875,6.732182739296833,2.590682653841117,6.189691709792486,-11.329416280684491,-0.39102050831798824
9.43359375,-0.5670020643561373,3.139859273303876,1.05658989397772,3.567810676851405,0.22795565016607203
9.4375,0.047788795863096,-0.09132015973416403,-0.05530885376832173,-24.139007471814477,0.027991433759427458
9.44140625,-1.1279765363958407,0.3479097359348534,-1.976318512555214,-10.797859203056921,0.4743449408800576
9.4453125,1.7723044925354001,0.7855492177552632,2.105891371595241,-5.3780661524047915,-0.2913401415285496
9.44921875,-9.44973506575173,0.16503001930594802,-6.693311637003133,16.417180642626008,-0.9137361539643928
9.453125,-1.2157558237052155,-5.0205598561783145,3.5961772913793157,6.915037100652625,-0.9871576697240372
9.45703125,1.1534047357929291,-1.9993658340498737,1.3053899444446169,14.59817125930218,0.057895964739746245
9.4609375,-1.8635758934006628,-2.1002516121501893,-2.9490581572742522,-2.626221656239256,0.4881680624370836
9.46484375,-3.802399883429327,0.5784955774212286,-0.9808688268460319,6.8746893434799485,-0.09680323794725773
9.46875,-3.4757946772400077,-3.182220296759894,-0.3964071823915938,-7.280181606403232,-0.6597030636143647
9.47265625,0.7160087759431325,0.28305923883329587,-1.6096830085325589,1.1926258900149247,-0.23503809529493758
9.4765625,-4.758512335779641,1.1055693253793537,1.0120672317329953,-7.094668896480654,-0.3959631446516352
9.48046875,2.7421306212676786,2.1421693980899654,-2.841950478089725,-2.9987948484417375,0.11594688730544131
9.484375,4.730368322054465,-0.4935421380795718,-1.229980154982085,-8.254771404852045,-0.7441311843867678
9.48828125,-2.624891842463117,-0.27445984077698576,1.1867740663886786,-8.304565230890239,-0.2593123993510929
9.4921875,-1.4234280251400442,-0.46604855260574785,0.21759909137914224,-7.742920954332697,-0.6093461612026071
9.49609375,1.2351989309814728,2.315654893890219,-0.6607000432918078,7.115725790436441,0.014018954044518021
9.5,7.947262195519359,0.31478278628569617,-0.887418112271893,-1.981027101014013,-0.13643873452400093
9.50390625,4.107045160868765,0.6780324477946693,-3.4102417661674846,10.39066796373042,-0.18204993499487812
9.5078125,6.6034872282742025,-0.10695470424790537,0.7630128450957272,14.185407100309417,0.11913793654983659
9.51171875,-5.285485330774009,0.6896849840074685,3.3200748704769136,-5.342996084865468,0.37650225456303493
9.515625,2.1172097061760886,0.2300251113622822,-0.49621613482458815,20.728413942793807,-0.3996784076186644
9.51953125,-5.435935097406081,-6.022179689620197,1.4823201167648796,4.032506492378086,-0.12414108215351567
9.5234375,2.47163525404723,-6.061736318903158,0.97020752477524,9.32503164032521,0.5055540653410584
9.52734375,0.7328280238966272,-4.138488014195884,-1.0809037282399272,1.2409344523983732,0.6666027785217818
9.53125,-4.175787913204166,-1.571988322734738,2.164926877627331,-0.313459041712012,0.20761100519817766
9.53515625,-0.5097207649123372,4.803440828800256,-3.105513605414523,-3.6980154066491124,-0.24239542355125282
9.5390625,-3.7872954854549183,5.411698538682473,0.018336182579689053,-29.783289757684535,-0.537208826156946
9.54296875,9.187282675073734,3.6884239266046785,0.5386548941771843,-16.03682542280327,0.9556244324797184
9.546875,2.572411725442308,2.7210617558723165,-2.2178162129228314,1.1167410098559056,-1.1395827376640222
9.55078125,2.5537867225677924,0.876544778590481,2.51532607567052,-5.424896602679557,-0.051253181969251806
9.5546875,-0.2643673959558135,5.2935871721327,-0.08658970338584537,0.8776748370798485,0.7339961227449449
9.55859375,6.129863687954564,3.688272334458711,-2.5253508412013974,0.05841886001462826,-0.0443653512256285
9.5625,-1.6526746651722048,-1.166771135629782,2.7644894056849854,-12.639016055494384,0.20278056761226218
9.56640625,-4.611027527051144,-3.461060255236973,1.7543940315964832,-1.8621292591282836,0.08299936129660111
9.5703125,8.391674453175975,-3.3789978624405883,-0.9924546496670241,-6.9903270943275455,0.18743723008352714
9.57421875,-0.8145706426768251,4.9920422151627255,-2.3368303263820365,1.8228337672393948,0.2752728268690221
9.578125,-5.428031711942916,1.4110448402401838,1.3731923082610944,1.1805497641754101,-0.20181589575944633
9.58203125,-1.3406156036404884,2.7731156058247635,1.2774876309703842,4.745752365693265,-0.15659599178434674
9.5859375,5.478799474316928,1.5789999593407753,-1.0134582522484756,-14.06628215893248,-0.2518403717097061
9.58984375,2.6629549478413495,-3.552283454401867,-0.2767694028550547,3.3851779032784153,-0.811922578419554
9.59375,2.8905389044667897,-2.680652281085205,-1.4356923313931793,-11.23992855289307,-0.13583158917768973
9.59765625,1.751207925921574,0.22417522042116972,2.520463413514659,-3.6111877899864666,-0.4161937149411951
9.6015625,4.644283748196718,-0.0012904496543888254,1.2611915951485382,-17.099265517491826,0.20664359678405875
9.60546875,2.3193561260208266,-7.018366357181554,2.0386918604372086,-11.583759772921729,0.3540840166370643
9.609375,-2.012784876816935,-3.4540917563761524,3.3257066594413183,-14.400677235819643,0.5018931904367396
9.61328125,10.307751884004487,-0.3516625940086603,1.79411855115938,-13.966229752329763,-0.027125020118793846
9.6171875,4.793419750410691,1.9718733059985372,3.8422639176900213,-4.238960586262124,0.20267240330828257
9.62109375,-7.773156823043585,0.2398739342668354,-1.117441672976455,9.27496796575861,0.48059613144710667
9.625,-4.3080067822591,-3.1087054268490464,-1.9826223681324158,7.851777825542809,-0.21489124527684475
9.62890625,-2.0262512285231336,3.707991640596815,1.692800991181749,22.962455849008467,0.5980916085342043
9.6328125,-3.20086487593323,-3.193521506321339,0.28151866790372404,-7.017046281308669,-0.6401523943433
9.63671875,1.9976898606503415,2.3477864018134755,1.9136732637581222,-15.894677236389951,0.6101154630147723
9.640625,-0.6321837899346798,0.1779662888656252,-4.811043970494173,-1.2910039663493373,-0.7319961285703787
9.64453125,0.13268276856316522,0.4765105672853993,-1.9681919148836626,-0.5158378903594913,-0.49306373096523404
9.6484375,2.182198082387305,-0.2861186902866709,-0.9872803305021092,-14.598163915568712,0.3188575841319374
9.65234375,-2.9079531403356484,1.6258549507919513,0.08773985462489059,-10.444386285822986,-1.0795221431685886
9.65625,-4.0501808957255525,-1.285004439420143,2.556087042896521,-7.8489676708334475,-0.19453914065470954
9.66015625,-3.1046728675804753,-0.5244566768615266,-0.357532344351005,-6.199866133286131,-1.2288313941458533
9.6640625,-3.710921881621384,5.803358237809153,1.4493206755618306,-21.808138710958676,0.5801749255567737
9.66796875,-7.677837265919553,0.6337207113393244,0.5273576984471013,12.733520180783415,0.4157998792175917
9.671875,1.6428446098793865,-1.9225261567893366,1.2245005647735634,-6.168734895019581,-0.07946598896218132
9.67578125,5.9167771105200835,0.20765568436932477,-6.817145897223353,-8.888103764657174,-0.07193618175866992
9.6796875,-0.22757776414097208,0.9521736907075224,-1.2176270450996844,1.0418751612281998,1.1598939202271894
9.68359375,0.19452166982014074,3.599946557823984,-3.755705777076254,1.9270640281000824,-0.0880501104184398
9.6875,-2.790767482935664,-0.6712168984340919,-0.48359458753257545,2.1210393042482565,-0.3901988965826549
9.69140625,5.00825055757715,1.2835360568132148,1.7731912307679218,-11.018258437346976,-2.120652603104405
9.6953125,-3.4891240320668766,0.2320783131682078,0.32995970014956033,4.298330273296963,-0.7171508814501819
9.69921875,-1.205010001308572,0.24738174046755018,-1.3390520241329376,-2.5669456473210768,0.13197330969827495
9.703125,-5.735658931091964,-4.991814161678076,0.05862984206278632,2.1091242947630136,-0.8071920213643767
9.70703125,-1.5882707733382593,0.5401795007850418,-1.4386863578374594,-20.057450441826532,0.969615647549637
9.7109375,7.280333398758656,-0.7620359263616139,-1.5528908638644325,-19.370525948401987,-0.38168843132483604
9.71484375,-8.498943061516503,3.036152557947779,3.7953275601179954,-4.2726942352164325,1.1548436447228208
9.71875,4.377869775914721,-0.6700370381877554,2.290275945323469,-7.6743426661230725,-0.5352915207469081
9.72265625,-4.254743433240593,5.032976237796709,0.7730683190463992,-2.343005380160844,-0.18545343661106783
9.7265625,6.925068921797479,2.214455318619344,2.4313358365425137,5.731248053229029,-0.4563816679970472
9.73046875,-1.9940785789110627,5.961696721842806,2.4443837901623953,5.054527774365353,0.6970358707710214
9.734375,-9.005969180736281,-1.815192984041866,2.194173979145077,-13.753651210663698,0.010366722849597412
9.73828125,0.7252338933858666,0.7587519981759014,3.4104032440070498,20.92464113415695,-0.3090060072802052
9.7421875,3.3695929494306363,1.9501917906066382,-1.180678774344646,-3.2247019262419068,-0.4714013329336191
9.74609375,-2.398858690542578,2.387354315915172,0.7125017894299617,-5.804198765950858,-0.7404949657163127
9.75,-0.1106495686298007,0.38104158107850417,-0.8124176582040047,-4.560570217113233,0.21442866199346464
9.75390625,-8.263427710728456,1.0721231381895202,-0.5627829510182175,-4.276165783818941,0.34021753923920584
9.7578125,0.07520294554221608,0.6187248384781954,-4.769125688659209,-9.120618085080554,-0.2598424701786168
9.76171875,-0.3347990503983783,2.6994415015322306,-2.2270818604659812,-7.86334923363926,-0.6063964169818943
9.765625,-0.18059331749746757,3.802629866626291,-2.932750945469655,-15.447413208470097,-0.37550125868670087
9.76953125,-5.81487198666031,2.805104312845545,-3.2184779193807507,-5.403815349849624,-1.361196487765103
9.7734375,1.773969316481259,0.5178578021101654,1.3990313776057222,-9.752982367250569,0.032084318845279895
9.77734375,2.8185517129302156,1.3709987241429167,-2.225768879769483,-11.442452217138166,-0.36195915280240626
9.78125,-8.13200277470665,2.2170314497765395,0.22579641160321273,-0.8278552823585894,-0.37766374523954804
9.78515625,3.9771673622499435,-2.0795302272577567,-1.834669560500787,-3.552203059380714,0.4340076656992953
9.7890625,0.954652792454262,0.3011940974757865,-1.3649412159263243,9.925944900218761,0.8453603245918481
9.79296875,0.8951277947462871,-0.33346882399758043,-2.304672058722428,2.8592870084572968,-0.11095286014207707
9.796875,1.7725676153718106,5.655860134288705,3.9541292579547456,6.24820716101714,0.12232120646549866
9.80078125,2.527463460031249,-1.51942458975602,-0.5167360753654181,3.954664494388023,-0.7666296994490509
9.8046875,3.3040383775133133,-2.7067408947471776,0.42128073503806024,-4.325423321206451,-0.5689022940251259
9.80859375,3.7781629228848526,2.502135084298975,1.8368028877013445,-1.0425922323013883,0.5828531928389673
9.8125,1.5512035838757838,-3.989051011605957,1.2294498327944738,-20.71610682030999,-0.3374223570227005
9.81640625,-1.9428123626468214,4.198847328298789,2.8560880717395714,-10.888247982834946,-0.046951813864078824
9.8203125,0.9282311417304784,0.7604461121284801,3.1991316569466384,-6.206781528778312,0.4927372856373608
9.82421875,-2.9918782265665755,-1.797336413023619,1.8143539525098857,-3.9963806874926426,0.26596114110362895
9.828125,2.075445881734982,1.6347069862433283,1.7204989569593563,-10.008220299347851,0.32983243566319326
9.83203125,-4.118291501174458,4.08088644987939,1.2552430679422282,-2.761841187852004,0.46346573961809057
9.8359375,4.6772832917233576,5.338152170102293,4.0653404283286125,-11.76733337472831,-0.7410768466020428
9.83984375,1.1350488581949243,-0.5021609338467179,3.127489087511818,1.003882756218415,-0.8163296855699014
9.84375,-0.956339562130996,3.824695683512914,2.092769322667767,11.3780680847524,-0.07688358040191967
9.84765625,3.1623137856707864,4.589529094687334,1.3508327411366776,16.07743503823717,0.2293592617162239
9.8515625,-4.213097610109238,-0.2151962288933692,1.282196575966973,1.9756549916293147,-0.45193444551159295
9.85546875,-2.3601399706212565,2.0879957728970884,2.3396788370478423,8.856116029769542,0.25094942786917585
9.859375,2.6211036174245375,-2.056980215771903,-0.3053968967191326,-16.45807872061508,-0.3095955247459835
9.86328125,-8.302691055650968,1.7795658957378326,0.12384330150688871,-11.832826901780392,0.25335654238225847
9.8671875,0.26938481811885073,-2.508742688800003,0.5466249240997678,-0.6966166169063421,-0.19426590100884342
9.87109375,-1.1174762314272433,2.5555221949679066,-4.364741381942922,-5.076423891377232,0.09411697524240382
9.875,-5.4297782939176775,2.702933096807694,-0.3666473758545399,-2.4489934260175743,0.08308525727690318
9.87890625,6.057816202772564,2.657728410186067,-1.149601473783262,-0.6429119955781104,0.7222461070163919
9.8828125,1.852578841950831,-4.2427115226399374,-2.4157691407333344,1.653390605064232,-0.10600138378499196
9.88671875,9.510408746822518,4.359675449162315,-3.031678110366527,-9.261188024605305,-0.3724749697484782
9.890625,1.5033634723754439,0.9067185446866024,1.4052825550719408,-9.059772625492625,-0.1993609978446406
9.89453125,2.10111859259066,1.3157782973699654,-0.37431767906770874,13.017282187825053,-0.00436950047716546
9.8984375,5.045338423043896,-4.183958602903051,4.313798597109189,12.442157296490908,0.025881952400965396
9.90234375,-0.9094255598743983,-2.0651465422973687,-1.526271526879051,7.1242114130096885,-0.341662660952333
9.90625,3.791209671477692,-2.728376193885982,-2.038102350237774,9.326418417034077,0.21319594967852482
9.91015625,-5.58933276331079,-3.7806958896023657,2.469361468863822,-14.719482533320459,0.010025460568769816
9.9140625,-2.9898750867759962,1.7692961046797984,1.9500565404097294,8.513176474710525,-0.4883238611157346
9.91796875,-1.6610269722712385,-2.338683689640539,-0.07035250000975513,-4.9539323223735945,0.25426520580930523
9.921875,2.640134281216242,-3.5192227258623574,0.10989743927819062,7.325143446356563,-0.8116305085192314
9.92578125,-3.2581271709693764,1.770947837046859,1.3152094885341912,1.4287246117133483,0.04986221035954644
9.9296875,-6.143931859936853,-2.7562919733187807,0.9779396854859281,2.223981127387715,0.20953777586604236
9.93359375,0.3184938721323698,-0.22695622866689436,2.4278246686149334,5.189251632278383,0.2930594424514865
9.9375,-4.396939905968973,-2.9858773246145778,0.5898109662816895,-6.785792349017282,-1.084019589086646
9.94140625,4.684468181428646,5.759620100472132,0.19586325614271394,6.17353410089367,-0.14296647251208128
9.9453125,4.923187694336174,-2.5560976179307917,2.1413341443695693,-1.6100060293894891,0.2515020950301362
9.94921875,-9.688963949539927,-1.0649359456604122,1.6315158872089734,8.948515706027242,-1.201305462873994
9.953125,0.36814145957083483,0.44385122909438784,2.651486133057322,-0.7203632722299886,-0.33419520991037543
9.95703125,-2.2056482491377514,6.669013137435955,-0.28232634163546183,4.88323660339235,0.9674832579267387
9.9609375,-2.4433586516184818,-2.3853942228543596,0.16054410993257484,5.584390815944874,-0.38430679606273704
9.96484375,0.9612459487339083,0.8222129211250366,3.2452219663752166,11.633400692547237,0.31708151631786796
9.96875,2.746818573020364,-0.4991553704932601,0.8329250706555344,15.248012659449314,0.5287859290276732
9.97265625,3.9083875151910443,-3.6646281914248813,-5.112358212419201,-3.775558478125056,-0.27895289753361613
9.9765625,-1.762169918306327,3.57951052200279,1.4887914986692972,2.4495273419464674,-0.4101515646573194
9.98046875,-0.35074220209653395,-0.2986367051509406,-3.031375841659112,-8.125807269802838,0.1640364519643664
9.984375,-3.0942881515954523,-2.087511868408192,-2.987948634394286,1.6449452694932907,0.3399756306737554
9.98828125,4.727507115924863,0.19141433090059395,-2.2569486766768554,-7.783660421496329,0.1694973550090376
9.9921875,1.2019848637522208,-0.4932921067626256,-2.7058501788015987,-26.669622554987683,-0.6509632178743078
9.99609375,-6.399975623526848,3.096826372156924,1.6847441564282537,-4.141644693636991,0.7155586891997975
10.0,-4.575750030969659,-1.4726282456829043,-0.13298707003871504,-0.17116749184620186,-0.22069314355610897
10.00390625,-1.7910788501240564,1.036433023327325,-0.20829293698548768,4.502738707212955,-0.7860021518193249
10.0078125,-0.640874249154346,-0.72616630870585,-1.9770090435654235,-1.8076111598925468,-0.027090725509761885
10.01171875,4.16144307716586,1.376584389117113,-0.7827431747258633,13.625395502883288,-0.8755046490991234
10.015625,-1.6139883074767203,-5.8525539270800175,0.8102209161105283,5.604949406881439,-0.25416907639815606
10.01953125,3.936263834828,-1.441880558819331,3.959283172797468,-8.936365937749587,0.03641855449149173
10.0234375,-5.5373330505110285,-1.893108394180887,-1.9860860906122015,20.49740752743705,0.15748871056254063
10.02734375,4.285229252417392,-2.7292575824975076,0.12927495643510523,-9.914420542519132,-0.29086815661602633
10.03125,-0.8732620067716274,1.033206124225211,-0.524745705398795,-15.22188979137733,-0.5215049460224186
10.03515625,-0.4060052148758647,0.7055884786931245,0.9715160317584794,-19.842914178544994,0.3151261378724186
10.0390625,3.610426631165637,-3.807680647639403,4.268186010423912,-4.792820077589263,-0.3918030440662341
10.04296875,3.0652070527890234,-0.7903446334906938,0.5600013995041511,-9.01809984428497,0.5179533212600758
10.046875,3.115426019417459,2.4765489911946776,2.754448888543288,-7.932403202009128,0.657236941238134
10.05078125,0.89725590325899,2.6912321828497103,-2.4674682555815064,-7.542058759321222,0.025930565969330428
10.0546875,2.3269984241411295,2.7226628991256865,-1.186794746965901,-4.364750234818817,0.0896436912006101
10.05859375,-1.1277243135495778,2.8636164902800094,-1.3537530919642675,-1.8637448709326132,0.11788108915400797
10.0625,-1.5700523397377195,-2.899449204270354,-0.34426441700723076,1.3368047218604566,0.052875220595759116
10.06640625,-2.4708123887345845,-1.3625054218361583,0.3690804219205688,11.008877404734974,0.6162250713634038
10.0703125,-2.536243295463734,1.0584012642260485,-2.284336225825096,1.2360425975450768,0.39209046970533806
10.07421875,5.776106163437445,-1.6327773348051857,-1.6884596948495263,-3.5598599874104684,-0.12807227361823856
10.078125,-2.33698879878531,-2.3559163255440865,-6.220697793169492,7.149966062986031,0.21736996617195956
10.08203125,5.686382833296153,-0.26899630880862974,0.5764023851149898,4.779926306808953,0.028368236905817072
10.0859375,5.473833467156621,-5.157681125073072,1.020669241724165,5.690009005381514,-0.13624027784877163
10.08984375,2.372809312715086,-2.154153187185469,-2.9721895007808694,3.241096421370429,0.6067180357160916
10.09375,8.158728208092988,-0.009360691887596034,-1.4898475632654917,-10.15271127568279,0.4112076224857402
10.09765625,-2.755701693052955,2.269160894567451,0.017498834065556912,-4.393541387026594,1.0141497987001522
10.1015625,2.150468887819325,1.4215702409595679,0.16480098101015747,-0.8371451052170098,-0.6185119368366586
10.10546875,0.06938191476687897,2.069591935437363,2.915152262320168,-2.6516201543881834,0.2154171133900736
10.109375,2.0368120149939615,3.9075531939447856,3.068108358678007,-4.74521657662434,-0.6134931213431918
10.11328125,-4.74225279724733,-0.25277610019326424,2.782544846813135,1.4231822706561166,0.1665547280258804
10.1171875,3.678625295294107,-0.9859598293177652,4.64661285464738,0.8138264286605388,0.011627607831962221
10.12109375,-1.3332757109607782,-1.9808543283672768,5.115959246129442,5.027732443644483,-0.17246383655462053
10.125,-0.38542696230078693,1.0507347644974938,-1.9024145223658158,19.262619240645364,0.9877228805383526
10.12890625,2.5502602168124375,-1.6452826572424994,2.9781142833513377,11.942763739906784,0.24121011772717102
10.1328125,1.996000436843296,-3.470738713040389,-0.2801618454280008,-1.2638713254066123,0.2892284726505432
10.13671875,4.755708507569581,2.4516982778304657,4.580027120406815,18.595278379204615,-0.052736009851550955
10.140625,3.944883845861781,2.906532997405807,0.28518544396063294,-2.901008621148576,-0.11983471345889861
10.14453125,5.892660780772579,0.38689629637935274,0.9743458815384691,-24.484812657393814,0.15447101116040352
10.1484375,6.419762810662877,-1.7631905719673804,1.9046062527603271,-16.04254417661255,0.34591644761692336
10.15234375,-3.2032924061204033,-2.733973156964975,0.9628212936310073,-4.840714382272675,-0.48987408190837073
10.15625,-1.4888413548082817,3.365104813174721,2.779388601793159,9.844013785186783,-0.5928249826603302
10.16015625,-2.6308076663649307,1.6599841489941598,0.9177713771636504,-1.5834008783423381,0.989019096918755
10.1640625,0.32795545395690356,-1.0125839003669048,-0.5284289675710655,-7.243174475445372,-0.6315353686188367
10.16796875,-0.7389505818271747,-1.2689054086790603,-0.5738994631460218,6.173526659853634,0.49047992586024247
10.171875,-5.210295425477727,-2.715478257363212,-0.08093241660187722,7.0262149948894415,-0.03375894373468423
10.17578125,-3.649197901954001,1.4156947239668687,-2.98710083396631,3.06536164985077,0.30204215762301223
10.1796875,1.8179731867289948,1.1320197306243913,-0.47946581851883885,-1.7694539252117982,0.06905791153939672
10.18359375,-3.7958856668633323,-7.183201889646104,-3.1932365996233676,-2.897960475613907,-0.04322849486806077
10.1875,-2.410506868345951,-1.75511702995422,-2.3669955382591352,-7.582686389961415,-0.3920919504548641
10.19140625,5.734333225516699,-4.146772044757454,-0.40066316413832315,-14.547799795262591,0.31883870019262295
10.1953125,5.256159384507481,-0.6669850650878423,-1.4319473185254878,-10.341065634891635,-0.2291538980319471
10.19921875,1.399158826729709,-7.549464867799777,-0.9531370442173581,1.3840141581774619,-1.1953719148735529
10.203125,-1.3978927618920627,-2.803322736224759,2.5978807730179954,-2.5627535809115414,0.7587750154747204
10.20703125,0.6452902486101019,-2.284741368800946,2.7876341588121285,-13.907905358682736,-0.732573757101055
10.2109375,-3.320156614659033,6.742637564766047,1.5624223281301102,7.088802053639892,-0.5762360043966587
10.21484375,-2.159387235269866,-5.745448439206841,1.9422131544605852,-25.94628783568755,-0.4613296623502027
10.21875,-2.612986795635042,-0.4284058144303884,2.1487228255039668,-5.682850892560052,0.4198257333932279
10.22265625,9.35961125579187,-1.7697016607455147,3.5051229382740967,10.827982040240457,0.25452680260183524
10.2265625,5.876543357750506,0.7356014684405243,-1.3364541492873563,4.680266469934623,0.807427144187087
10.23046875,3.436372616258216,0.6564559840272127,-0.5046140755955615,7.042328401190828,0.1892713731653935
10.234375,-3.358652198661489,0.023869391478790865,6.56749349611135,5.04641428319868,-0.968315770122154
10.23828125,1.152594596386038,-6.493973761542522,0.20106625266666867,5.779237270665221,-0.4478920148546714
10.2421875,2.109885525041072,0.9998931223975253,-1.3995258444646514,-13.447420477759193,0.8863278469024864
10.24609375,2.81279135499895,-1.320796137177391,-0.3171656320615412,-7.67722648845328,-0.20938875497145062
10.25,-7.87170620946426,1.1707139017704167,-0.15201517102841702,-9.425136541026063,0.07752148564853051
10.25390625,2.990144175007979,-0.7513287352831228,1.571603585671577,-2.7843563257797515,-0.506819625031847
10.2578125,-4.718413833634554,5.773615957008617,1.988799410275517,-3.7789730489260673,0.6356919830485309
10.26171875,-2.008910443814672,1.6842042941791022,-0.6665264429130033,-21.704757896345093,0.33954880458536
10.265625,-1.2172695620164478,-4.924567842448119,-0.7727444849021602,-5.299255175690542,0.37015854128036857
10.26953125,-0.6320796046016558,-0.8232022205332739,-3.8178906508155683,-8.637039679065625,0.8313186508134487
10.2734375,-1.8957178502304313,4.307033729486899,-2.1098456533217202,3.0384406092511895,0.2945332319143225
10.27734375,4.010984076396578,-3.4869037139772154,-3.058763703594118,0.25814755894009567,-0.045782111038802226
10.28125,-1.356675597922525,-4.671246263430077,-0.2406099630471883,0.7460981400412239,0.06395754760570524
10.28515625,7.088404111191485,-1.8099811623266886,2.73983547073001,-0.8055389644292248,-0.6109802497367438
10.2890625,1.484550616965679,0.24859204533664991,-1.1030057457100886,-0.8269521670555129,-0.33393999765958626
10.29296875,-0.2692044926752428,4.968543833766335,-5.7251735714002905,7.100717002328531,-0.21425118468496981
10.296875,0.6794528203074471,0.8299345300739664,-2.322113931990439,-0.632100117340876,-0.2965612063205736
10.30078125,4.068272110849115,-0.26914235339301107,1.3514834925962733,-6.559648668606237,-0.6257626948839908
10.3046875,3.4726629312952855,-2.374647346709203,1.5706931957740828,-14.521350045113234,0.7288879559345584
10.30859375,-7.454897430236235,2.1746218126299546,0.9541494581121706,10.271080401947565,-0.4410030188375505
10.3125,-0.08172838313982118,2.2956373326802098,0.44546563850866283,-13.996994874759544,-0.4870039623178838
10.31640625,-0.49596745954857885,-0.8794523798355913,3.78606569436229,-12.000661217439575,-0.3242722247061379
10.3203125,5.090600644306149,1.366780978262975,1.8340948975861064,-0.6326225614034486,0.17138417170310238
10.32421875,-0.2220783302568758,-1.0791186112729712,0.2994364823432667,-24.729203277702084,-0.4375746744027047
10.328125,1.0597073471686016,-0.46444095727866724,-0.8594652797602065,-2.4490860340819043,-0.17268695441784332
10.33203125,8.829263412508132,-5.278760813577256,2.2580221468698256,0.992408441267523,1.0686942697345267
10.3359375,-2.993135229845868,0.6542533491736467,-0.06774852529626552,-0.5512219462843255,-0.27403719528275283
10.33984375,-6.098068006804862,-2.1571853909098184,0.42590008043777405,1.243625125463243,-0.1837680692460453
10.34375,-3.774004145914339,-2.803549500689941,3.085870848849385,7.439446303152188,-0.32792696376985564
10.34765625,-5.036569626380927,2.0988435012843,2.499675724017175,21.849130365838732,-0.09358956335821422
10.3515625,2.146525236633693,2.3303505999086545,3.1258886778082204,-2.983555311505504,-0.23346056985140373
10.35546875,6.048398782365857,4.160531932625716,-0.9660573427354489,3.5075054675972224,0.3462399035483672
10.359375,2.390619899222037,-2.093914148516632,-1.1218040772636653,-4.85576635218295,-0.651714711553381
10.36328125,1.8335888466025978,1.6377106966177377,3.579036924357353,-1.455952672171412,-0.2605608430015532
10.3671875,-3.736021556906431,-4.130335551867219,-3.0038004749484717,-6.675504921644256,0.26672067713860637
10.37109375,7.047661255850143,2.9265929505773607,-1.1399362193449103,-10.94711103129034,-0.753894485604472
10.375,-2.494753856877166,4.516803454922577,-0.8144909792757378,-20.688720186223698,0.8789974616942813
10.37890625,-4.965664036112385,1.9537494705201186,-1.5968197458769284,-4.363648637764233,0.2522622695668652
10.3828125,-3.195630324228975,-5.928966134870805,-1.135691270130182,10.747297581437381,0.718775301414221
10.38671875,-2.958519818968138,3.7890825693654486,-0.9368210659299914,1.7593848197740902,0.46633142595857935
10.390625,-3.259206334680013,0.453104955001068,-2.1563491308997786,5.262853734924023,0.22775034217724308
10.39453125,2.119149258510263,-0.9850451620463205,-1.4730318696169904,-13.235439546391055,0.5232350041384713
10.3984375,-0.8421560364045781,-2.9276155771968613,-2.5561752218782896,2.2852738780750825,-0.04795872687863013
10.40234375,4.06600233564538,-1.7809182044860603,1.5299967259552658,6.2579687826933865,0.7826744387974451
10.40625,5.49714742947934,-3.5105299756716937,4.402762470522903,10.453398342037056,0.4788923645819906
10.41015625,-2.4919196050831434,6.987168559947615,2.8596968559274005,14.335514119166454,0.0513099807398307
10.4140625,1.245964475410113,-0.5034378495736487,1.459341150078669,-12.884283667582539,0.2743250058326582
10.41796875,-1.9760605550518755,2.4744940884125577,-0.12187510479603247,-10.185722465757557,0.4010498525533803
10.421875,1.2184038105934936,-0.10940647675002857,4.320387514271319,-0.4625194118665479,1.1660795821098007
10.42578125,2.0792372992741273,-2.166824325218342,0.6497610725312428,-20.347672629307073,0.26439356201266123
10.4296875,2.479733517322711,-0.038323196720756,-2.8724024344666104,-3.7995830957062986,-0.391710005737287
10.43359375,-4.014944298090834,3.5527151099289176,2.025482485100584,0.1709907301256246,-0.18499836734595332
10.4375,8.171443364776193,-5.8345317960911665,-1.3676613888870621,-11.795645021379748,0.4541893928285949
10.44140625,3.9614035552036073,4.978265240898169,3.4893033524112678,-0.25347327113091733,1.0497447477867228
10.4453125,5.165541846085184,-2.547887472530662,-0.5431232194817717,3.770369434962327,0.3855016606932771
10.44921875,-0.6181032260147004,-0.7433191699605479,-2.467619006892675,3.7079249378981203,0.2107376646928003
10.453125,-4.263173792570529,-3.361825092850948,1.9721635506388253,-0.0951302403645995,0.10972925078086687
10.45703125,11.88374007599497,3.9813304611015683,0.11176703008163535,-1.003051290314577,-0.03292654716380148
10.4609375,-0.5133183608577945,-7.525797420757426,1.2423326685001215,0.26908669017406606,0.20452131293125908
10.46484375,3.192951814552619,-1.3881262656531437,-1.2420582090302155,5.585664375075185,0.2558600078279434
10.46875,6.272517211520488,-5.471072261223972,-1.354934819912665,-4.934682365800152,-0.07719422365981815
10.47265625,-5.914815207828253,-4.791130098993834,-3.3835946709110005,3.0375924956064226,0.0018480582311540792
10.4765625,-6.852142935559037,0.8620679987161312,-3.221748542840851,-21.089221769625215,-0.7801212469236096
10.48046875,6.0201045196852006,-1.6806270936214605,0.23640324875319085,8.779226576685181,0.1893738590886542
10.484375,-1.825981657293237,-3.480068926878494,-1.0498532426727514,-1.77470058676084,0.08015770880998598
10.48828125,-2.8499481111994536,-2.7901650854325717,-4.455062501178594,-17.17662884479283,0.2508511127329437
10.4921875,-1.209160770642963,-0.08482333922632128,1.2380772774228963,-12.8578854862739,0.47302640287591907
10.49609375,-0.9338108799419707,6.028142591879588,-0.03952222536678307,7.341293686775779,-0.7145866779197131
10.5,-4.346297477476088,5.4681008180267945,-1.3833484800285363,-3.139330647048572,-0.02705507068373254
10.50390625,-0.022092369523712276,2.464999219527389,1.2808263775111377,6.1823908759473305,0.09448630781826096
10.5078125,2.4008262738434216,1.8139899004518236,-2.238524529033092,-9.046631401608916,0.15655018236914015
10.51171875,-6.10225348650428,1.4470013724603294,4.720876304264774,6.926934609732964,-0.5677760925843883
10.515625,-1.0443900890585538,-1.564186101789132,-0.28286325378762767,4.186084666080795,-0.5883533083173568
10.51953125,2.8537422850944782,-2.834506033347433,2.771548442787484,9.017125208161495,0.011917546865506013
10.5234375,2.635151855973265,-2.9766764506943932,2.710449697461077,8.028366607110286,0.7309561636424092
10.52734375,-5.917155701490416,-5.563946857910372,0.3797109092336364,-6.895591285094048,0.3244519030274129
10.53125,-1.9191284971552476,-1.9043136769635631,-1.310629733991004,1.390410010205811,0.18043377204302108
10.53515625,3.1826013653012994,1.916489158089568,0.7312470897702701,-12.444812002172936,-0.047414699650528594
10.5390625,2.7806025762548523,2.0114827505613966,1.3974246653003304,-3.01691747933025,0.14535750917835666
10.54296875,-1.2406732295894993,0.2947772218580595,-2.9978918519666236,-2.601397989182012,-0.07960571121802823
10.546875,1.804876244458975,1.606173005613038,0.6925656496618585,-4.680766775547167,0.11803844812044213
10.55078125,-0.008417250888549384,-5.702507536000427,0.60684927711359,-1.3351649491963389,-0.024818475239680553
10.5546875,2.3705518567912818,-1.021325600633674,-0.6649013492823871,-1.8047223618130053,0.12111353278037731
10.55859375,2.990743435084219,4.71994679535622,-3.37441904210373,3.0614128588732106,0.25381352959115633
10.5625,0.10224346207561882,5.294948542177789,-1.346699110085453,-4.823845459875879,-0.31084335073214925
10.56640625,-2.71885502315896,-1.9331143701350229,-1.3967616994230863,0.7000672929578347,-0.25011292775602345
10.5703125,-1.302178379301059,0.7709608332631854,-2.8676381461990736,10.180529513219948,0.6907067073614183
10.57421875,-1.1122315471735922,0.697704394605287,-2.69578005325853,8.590495688241791,-0.11294757942322277
10.578125,2.542994166171035,2.3899278468990097,0.10767875111042757,-3.469613342159614,0.4646408955994207
10.58203125,2.48107209758934,1.3194555442341753,-1.5630721469675675,2.376937033591962,-0.10527144985445012
10.5859375,3.816055631160349,4.014117024542592,4.152936676799648,2.414408305110677,0.012196268270647789
10.58984375,0.696267680285623,0.17525128198733636,1.9594647401839733,-16.531751100463037,0.21861471696260873
10.59375,6.884694212265208,-0.8189244069080517,2.16033282586138,-8.43447710117331,0.059778606155858414
10.59765625,-12.334634522235303,0.5802570427743903,-0.46810425339097705,-9.505866717031981,1.276738915462539
10.6015625,-3.6639924385756726,-2.1042478706311876,2.275247183467485,-14.52738288468859,0.3438004532104571
10.60546875,-3.3747787679903674,-5.453970820142032,1.3257458797464987,14.997265107077368,-0.3673267524806583
10.609375,-5.623377611498915,4.353372259029932,-2.960383470737025,-1.8944373661670442,0.2817731880033708
10.61328125,-6.3184880446338925,-2.2695526500471415,0.612473522479227,-13.837607521920537,-0.08882257278122326
10.6171875,2.845440074701805,-5.802168375856361,2.4906136706965603,7.559250766659208,0.03470769062724492
10.62109375,-7.533951548357345,-0.39008374508162014,-1.1311355965316154,12.165444574785635,-0.294155727544553
10.625,5.308100512460012,1.5449439959343292,2.4332532873588653,3.630694202610138,-0.19129164598251938
10.62890625,-3.8822405677476812,3.139872564572574,-0.4455907063612319,23.21865643277969,-0.7430451469196492
10.6328125,-1.1103094726812641,2.617006425353505,-2.2473083018830833,-5.110171964896278,-0.46959652716347816
10.63671875,-0.49784312356503674,4.397019258205593,1.8100148464558465,3.3526256282335654,-0.6577812521967625
10.640625,2.940659894116531,-4.9394092872208075,0.780436261987835,-9.21151131743572,0.7975537602421998
10.64453125,0.3755875120474395,-4.191390518118129,2.34582924231053,-17.25273925253981,-0.43238423699624756
10.6484375,1.8707088563214573,2.9459411401871307,-0.7374530005285486,-7.979681113732707,-0.7060754504952329
10.65234375,-0.03716492978451346,-7.4601525514385685,0.6372463184713861,-1.7120431202199313,-0.8437808947278587
10.65625,1.3845423555950624,-5.91786792915917,3.101144852360797,-4.5377661761826635,-0.3084698265323793
10.66015625,-0.591053746464931,-2.6439563881999684,-0.705950777545651,6.2736330304160415,-0.25545773699291335
10.6640625,-0.3738666221538068,2.031344920227446,-0.11605789979189374,-7.70161993526121,0.6679160765140695
10.66796875,-1.8882542413263628,-1.169630313826165,-1.274643231959441,-4.983954067615551,0.8733420227616264
10.671875,1.984674506437555,3.9881042945209115,0.659601700933002,1.43686851446881,0.6712388181187747
10.67578125,-5.772212519993004,-4.540239777302481,0.2184199469438437,6.310768441870515,-0.24753439825973403
10.6796875,4.568824655583734,0.07223452894466757,-1.1914554947454745,7.440704292131057,0.315699481632871
10.68359375,2.5452388423054426,4.775672482436285,-2.7077697703635666,6.852791455907622,-0.4145640466159049
10.6875,5.86604530463862,1.4506624589227415,-0.8017644592441434,-3.8129374950278576,0.2907951110427578
10.69140625,0.16687614205870213,-3.772138995493324,-2.7661761334197794,0.9387396689246581,-0.2029842255772888
10.6953125,2.381658293178116,7.05263137479103,-0.45671680914563934,-9.55551913127935,0.36334604686186184
10.69921875,-1.750297272302852,8.18104996462979,-2.337346200766486,1.603228016857825,1.3130608635518428
10.703125,0.6579395144796346,4.610178138581223,-0.1759164571958205,-5.282209045941572,-1.1483261356374987
10.70703125,6.731581222923356,-0.7969066710678473,0.5491687650150339,-12.160793464555091,0.3909854297812421
10.7109375,-0.7312676481667905,0.528348259753426,1.3228276986663907,0.33505962834706615,-0.08450554606639869
10.71484375,-0.9768154935815319,-0.1818926320673988,-1.468121850574033,-1.5274892446507344,-0.23891467198163857
10.71875,-0.8573133123272025,-0.4234492751014204,1.4474311084265212,14.225519182551933,-0.25739880731229525
10.72265625,6.258007290326903,-2.1713536536803457,2.1771030150592354,-8.931396317100015,-0.3835279463275331
10.7265625,-3.640485964692929,-0.5080495779830811,3.2827935760009037,8.444669421333469,0.059709297990706796
10.73046875,0.5068743895519494,-2.95014573749055,3.1968053394254365,9.436158539365534,-0.599613020278602
10.734375,4.205963489213197,3.1239266930923684,-2.077946637346716,11.916971337384645,-0.06808925110849696
10.73828125,-2.5874983966464717,-1.2222066722064915,1.9996344032822533,19.399478355140594,-1.1779900261623157
10.7421875,0.012853705446844006,2.1664018428434466,0.6056116009052541,5.8838947500581185,0.19565156919627466
10.74609375,2.7949176964139326,-6.535571453114845,0.8067385385486533,-3.017109869490864,-0.9583755363180708
10.75,-1.5449613087384373,0.8918388978084089,-1.1137637429932326,-6.801019068649973,0.11954872591128697
10.75390625,4.156804590913029,1.0921545507004502,-1.595239434680075,8.277294574095807,0.11419555652985426
10.7578125,-6.6817248759690635,0.1773736577298295,0.7396264961551247,2.6896736607572764,-0.610590628439277
10.76171875,3.8096697837653934,-2.5927957262799732,-1.6512949509425074,-6.087950575649158,0.6454135657748289
10.765625,5.105858320638182,1.6131921868246115,-2.955394634388383,-10.51654704765307,-0.350958237651902
10.76953125,6.122488234287464,3.7391267081689055,-0.38300829181764673,3.059556947837094,0.2983567210604994
10.7734375,0.06674327430124169,-1.650831596868056,-2.201304816077066,1.9986860484782865,0.38825261328467486
10.77734375,-5.397170719297537,-1.1382785516001412,-0.22476933769339635,8.07358005436938,-0.24018956493985927
10.78125,2.2225936092349405,2.1456490449938643,-1.6403193220226808,-2.709595214966824,0.37756778963855725
10.78515625,-4.17489053695096,1.05314817710434,-1.518522854239779,16.952371336719963,0.21017201346678577
10.7890625,-4.106142657112113,-1.8905684108200513,-0.18869995397714234,5.883080175143747,-0.5298137756518416
10.79296875,3.001177845787058,0.5992023943446251,-2.669624683971151,7.886778452378668,0.011758425041415731
10.796875,-5.103257753478569,-1.7526101202163777,-1.4459530494890132,0.3919787875291485,-0.07063117049950136
10.80078125,4.607035529830753,2.7143152228907907,0.798241419470735,-5.676413412470884,0.6101851089830036
10.8046875,7.0372564926680745,-2.268664173639488,-6.5261631318818365,-11.083418796241126,0.5732435462154306
10.80859375,4.57256245929407,-0.056888694141960315,-0.6671674427776944,-6.020744208071983,-0.05255200710350427
10.8125,1.5807288969181486,-3.158558706710203,0.21479271713982162,0.6474399636899113,0.23868609034744506
10.81640625,0.14544267536533423,-2.6391981532585187,3.954600121900735,-12.347256496513118,-0.09597851742289827
10.8203125,5.925169603008331,-3.0752644629914787,-0.9974092312249381,-4.826221478072124,-0.20091413270946187
10.82421875,0.1521279262113162,-4.246044161482835,3.3454169272983902,-11.93419199502075,-0.27485084659696934
10.828125,-2.3043366414872444,3.4593315794102995,1.2083765336081844,-9.212267691209581,-1.0365359026181429
10.83203125,-1.6022783964311942,-0.7088462863550098,0.22584351968039695,-0.37981291956942653,-0.10411036749534112
10.8359375,1.50903470540551,2.266553275009713,-0.32817500552157064,0.0831336316031075,0.21451696155666627
10.83984375,-0.9893780146965093,2.6577311375187684,2.0450011905207015,3.0322824867258777,-1.072905632610046
10.84375,0.9254699414837679,0.13776293346219776,1.7687502203833754,12.658482600545465,-0.24601643870461395
10.84765625,-0.6238791435662695,-1.0323277212547963,0.3668986791995352,14.84995034407473,-0.639423717416866
10.8515625,1.7452296611173839,-0.729368571502136,1.1776279300582966,-5.64286110309379,0.6809540605705608
10.85546875,-3.5037881434830833,-5.502204457625239,-2.7903609066353563,3.61280193775805,-0.8107001179884988
10.859375,5.823968800871714,1.1284272717421497,1.1636759763504902,3.504679225350515,-0.11442884697419049
10.86328125,-8.279179195215953,-1.3370934351342325,-0.08956346925524761,-10.562474869887048,-1.0380757954667277
10.8671875,-3.577745332643751,1.3759282872145204,-0.860783475763099,5.108095582529468,0.5847170429736238
10.87109375,2.4471918124919934,3.1618216888877706,0.8571513589179702,-2.2692249307070855,0.8895437843479213
10.875,-8.458770131277292,-4.1459555782291035,-1.1070121850094414,-6.963773770216934,0.19368492713810467
10.87890625,-1.5693499283834114,-0.5118022233258797,-0.33114880841424266,-16.78960519481185,-0.08848971707319385
10.8828125,1.8112824180480835,0.02681691101816466,-2.707713211085288,-3.456373505539375,-0.20692709730998507
10.88671875,4.198303654690603,-4.637419419617928,0.8614672326735733,7.878306611892546,-0.14820627036222864
10.890625,-1.3431885589880452,-0.43559035294053805,-2.483527329734881,3.1556089261430462,0.5735341615950227
10.89453125,6.645820307462819,-2.4040867096098006,-0.6615522204146654,19.471667110707777,0.46898887960875496
10.8984375,4.785020432264596,-5.885042211849616,-2.3445634685418173,-5.347554472816991,-0.3741253218741597
10.90234375,4.7613596156965565,-2.056632974349443,-3.1072621448428728,7.705978859071326,-0.4282263613982558
10.90625,-0.48962145372966465,-0.6454370994248992,-3.0889633092516897,-0.5041351238259022,0.1735000499798184
10.91015625,-7.368513716475497,-3.009834386300475,3.6593651938479246,10.47253545806382,-0.1728681006395861
10.9140625,-4.214425546099094,4.906189409785586,1.062533908589089,-0.4465335835041784,-0.05745072960879089
10.91796875,-7.16636371078151,-4.0831677299273075,1.4764455767406157,-1.1607307418740238,-0.4553672392336095
10.921875,4.7017510979119175,-1.020237709968823,2.4767574234961733,7.027045501531098,0.5236264780133053
10.92578125,2.4591249383042517,-4.697670367503871,2.0287835145958373,-9.790150250962203,0.9321289395566572
10.9296875,-3.3169162400510697,-1.873059011055446,0.6516456079877522,-9.743035559118773,-0.42892745121043113
10.93359375,-4.515848689657898,-3.4593101288384416,4.889772192768927,-1.9176907700569905,-0.9867401755691513
10.9375,-1.0051979027338602,-0.9635576094208966,-2.706752961080848,-13.507328258517461,1.5291798401390104
10.94140625,-0.9087141745017056,-5.400449178374499,1.4052561664725733,-11.506449641776152,0.49131789339786586
10.9453125,-0.9693798406514338,2.602161285939993,-1.5944547063100862,5.6889397245604165,0.7541006472613409
10.94921875,6.333532649295219,5.627513020389077,-3.5173054103056245,5.007800783179957,-0.12236066473662355
10.953125,2.422465258756305,1.575605359102795,1.9644845623029503,8.920107234442174,0.30994262935833494
10.95703125,-1.66101179998145,2.406108602521117,-0.988500822803223,17.86574840224514,0.17626134699939883
10.9609375,-2.3488354646083676,-4.894304557402748,-3.791924390651811,13.605911758771196,0.7334800643852429
10.96484375,0.7978518471429421,-1.4746363198490733,-2.96724100769459,3.1594291446536635,0.7033781112625607
10.96875,-2.716639779958543,-2.1267232104964853,-2.2246476496474306,10.234647906522998,-0.1303588477240063
10.97265625,-0.004314389260648755,-2.074077467401304,0.6509570303662526,-0.8516268091796022,0.1963617894600336
10.9765625,-2.46192294375581,0.16089822082456923,-1.665747235033268,10.009368900110402,0.8635976197389672
10.98046875,2.8306916041720207,-4.478825515214031,-6.408504247513623,0.005799227669691653,0.11465358006499313
10.984375,-0.7346053878038811,-0.47633502952174134,0.39707712106068027,-8.492627192807992,0.4041639259594731
10.98828125,3.003443933202486,2.1970421431251883,-0.31806174342034255,1.0146194170093672,-0.14535604904140526
10.9921875,2.322762871810712,3.2703565101342873,-3.2828983549232698,-1.8909018533620343,-0.27512254697924066
10.99609375,1.3359104107686597,11.285172518450102,1.9982162978723697,0.4652106933861284,1.2653607691639497
11.0,2.2794587015589167,-1.9971465108744435,0.22897494268326815,-5.966834133371833,0.9369576418438981
11.00390625,1.3399650257421474,0.8456227061674351,-2.949606318639969,2.699486064395506,0.012692895584525212
11.0078125,-6.206356626633647,1.7906323352863476,2.1177548684099876,-6.490405329037726,-0.1732729224044733
11.01171875,0.3045357041446775,-5.921864384985357,-0.7727184720761011,8.214857392058367,0.174678505072295
11.015625,-1.317429401095447,0.6785459446886634,3.8144819056358057,4.673461616233854,0.6301223267384773
11.01953125,6.847582079429825,0.6210793583252409,2.5429772286389216,3.253767844119845,-0.43213831825488824
11.0234375,-2.43813404886555,-1.8921452460373962,-1.04244218935608,6.456365815086659,0.8312846759327996
11.02734375,-4.215777165209437,-0.8873133114646319,-1.4292095289502207,-3.4848087808384838,0.05216244793749676
11.03125,3.5603255482883256,-0.18624757463502498,2.2216835977549096,-6.989011771490968,-0.478460295252651
11.03515625,3.681818928231566,-1.8658102572938127,2.177140187241251,4.5754543143219655,-0.40827801156775306
11.0390625,-4.258337313687557,-2.8249648347648817,4.121293846357376,-8.587582017161582,0.08524643065928653
11.04296875,-1.1801848827695836,2.7584629937148692,2.98442842281554,-17.60411042296377,0.3244213105209901
11.046875,2.5329486608641196,-0.8902683392062238,1.2518080193528502,-6.196816457737436,0.27377842815251807
11.05078125,3.3263732364027767,0.6955889103423287,1.8446862993754636,-20.933871401834097,0.09319716284390284
11.0546875,-5.196216730472821,-1.9519899384885568,-1.4782500986158218,-8.651743710249072,-0.03199379335106546
11.05859375,0.5901698137943241,-1.7572246935648559,-0.25136839520050513,-5.134273359577736,-0.561602633694006
11.0625,-1.1342962754429295,-1.65151343058549,-2.72105137095632,-8.059383291336873,0.7955287464110354
11.06640625,1.0588095391912524,8.769903821732768,1.8088904972005182,-4.646489814956419,0.8717211890162544
11.0703125,1.7323814679891925,2.88659335215857,-3.202420156233975,-1.4363444700418704,-0.11020562015580367
11.07421875,-3.7598335263021774,1.1601336541067904,-2.150628440632131,-5.682807010661763,-0.7084378968904192
11.078125,-1.2788863879619892,3.494915401724049,-2.0569582405541955,13.987242822911137,-0.2485310536921596
11.08203125,-0.5688489056803803,2.4272014481500297,1.1047788460731975,0.7393909901682083,-0.4324692955700827
11.0859375,-0.8293734459925112,1.148425634165012,-0.6619640439901411,-11.16250925118963,-0.20855726940883565
11.08984375,-1.9971083414936366,3.743021149753625,-5.189762862455142,-24.82164742627287,0.8036890144737496
11.09375,3.785300319598939,-0.18034842436298387,-1.6571942936335837,-19.053319275790486,-1.2946907450127467
11.09765625,6.614678349942664,2.3466674583835374,-2.0829362353693828,-14.443884284855287,-0.5526281824030107
11.1015625,4.702176371415045,-0.03642803283292419,0.2951979399251337,-9.135223731103965,0.025440286017006354
11.10546875,-8.402145305576427,0.056455226436158676,0.9472576849566097,3.9908572785779253,-0.055584616850004855
11.109375,4.796779275577695,-1.3740880904637012,1.7785297181509732,4.290179386133033,0.5253344811377721
11.11328125,2.527121540172145,-0.29515784373704,2.9770167949760067,-3.5370360012730746,-0.04248736413100602
11.1171875,3.431536725593312,-2.3178313464347773,3.72378691426855,10.43458389231003,0.14756089711374404
11.12109375,-0.9855690789071688,-3.9805368047156597,1.5526171011946568,4.645481723115561,-0.034895492392985956
11.125,0.1598904030928546,8.90705256859256,1.8152359558049715,11.02097569751992,0.168475112650158
11.12890625,7.187231589003173,0.20354369165014286,1.5184448601724725,0.391625318071779,0.3518727745898201
11.1328125,5.022566215228449,1.049182299795671,-1.127086024804076,7.657487534275576,0.6443761138023845
11.13671875,2.7116148566247364,3.1500620375797954,4.259031670035325,21.321681767748018,0.25273241379942346
11.140625,0.638369428602712,1.7938922356005387,-0.6760256117921617,-2.373578595768117,-0.509713280119023
11.14453125,3.0355194747121823,-6.43706992506309,-2.090470322563976,-8.365718059642418,0.69103154853082
11.1484375,-0.6052977011256674,5.1636259675979455,-3.0940995228305974,-8.919104568870223,0.4241743353388633
11.15234375,-0.8179320152745251,3.8550830843624144,-0.9653545367111112,-2.129240651620542,-0.10042397560107251
11.15625,1.9705419184661273,-4.6077941354744745,-1.6313940335065649,-0.45133707645378074,-0.37516859704912164
11.16015625,-4.9972806013560485,-4.705323002922493,-1.4250482897697911,4.071313524452421,0.19931957668336273
11.1640625,-3.0299236544362738,-1.3596191043705672,-1.9785736445638982,-6.794041017916294,0.5620720355652543
11.16796875,4.99109047598269,-6.09406722204977,-1.8708834394127154,-5.720046036573898,-0.40276280211871296
11.171875,-0.7198405443136477,-1.2878397167889895,-2.016613438439313,-5.105486363636196,-0.015405662136192407
11.17578125,-0.6113455528861235,1.7009861770285604,-0.8900007955541251,-1.860761599143581,-0.026836167855328833
11.1796875,5.3070488156815685,0.15607137259189247,-2.6303463070879145,13.2749092484189,-0.02877806351705468
11.18359375,4.196616368864603,4.8348938595696795,1.3150385812187269,1.4907118330204154,0.040512239435127634
11.1875,6.684156822902885,0.00949626745572751,2.950214532171274,17.76047837650041,0.42215314793641084
11.19140625,-9.042810243265695,0.22691728857627497,1.7813875366717207,1.538771649327841,-0.10448686369864195
11.1953125,-0.5926847249286066,-1.002890252097064,1.3284172766897961,-2.2324683226231077,0.10531197846079376
11.19921875,-2.002389064332828,0.6373317260723359,-1.6647181228482664,-7.662858603586115,0.5015137033953802
11.203125,-2.074902202750522,-3.1281933728129863,-0.6504754347024528,0.7434028031068811,-0.505688268209787
11.20703125,-0.6127016557155444,-1.1225326194334464,-1.405570950608487,-4.841000802301088,0.7708033657174569
11.2109375,-2.0856433383284148,0.9437016688107414,1.0194243733986648,-3.7126865666736,0.5678318784071958
11.21484375,-4.208665114828336,-5.4939602893155115,4.472892817147226,-12.464821622622921,-0.45537122923434664
11.21875,3.086263879843178,-1.4966228928204397,1.047124743578048,-5.225667141938731,-0.3822658828582342
11.22265625,-0.9783712131944108,3.481233416979663,0.9727665491511661,4.171360687183081,-0.8957446390977416
11.2265625,8.418262118092102,1.297026106984565,3.8678781419736756,1.5812398251847337,0.43412841930361523
11.23046875,-5.393538468357468,-1.0404026807059101,1.2495545781672746,19.669590960986106,0.46324754494863674
11.234375,-7.601943381487619,1.3264465106853736,1.6601419009839589,15.744309286620048,-0.8541816415986886
11.23828125,3.9009892284655847,5.910252701461573,3.327967546476305,6.234230609372549,0.4172275395692687
11.2421875,-8.535486040639597,1.5148578274440816,2.829483643239563,8.59055627856938,0.302254005624425
11.24609375,0.6872504892520354,-4.224415148102087,-0.3295172015388819,9.734333907685196,0.11634329559339684
11.25,0.6353879373484649,-0.3458726249187673,-0.29199014348432856,11.984134064162818,-0.7997003242594487
11.25390625,2.182736874917929,0.39693963762555307,2.3295192537784337,6.8146599723591645,0.5188724643823555
11.2578125,-2.8668659044049187,0.8141523998824405,-0.9561604443246547,-7.877075637551318,0.47387480598909254
11.26171875,4.866847692021869,0.48770157425860555,-3.624865356057078,7.46739784092136,0.5134056365692663
11.265625,2.348664701485645,3.412772774341163,-3.358511339615897,-2.872671533978989,-0.48502480881997734
11.26953125,0.19290203704023381,-0.34920723404377557,-0.45786336745358414,-7.088882055888927,-1.0846415983196491
11.2734375,4.6440247101247705,-0.29813789511086747,-0.03674996396383423,-0.7804931930215528,0.7210311519337116
11.27734375,-5.517629007052762,2.56002426388643,0.9747043703595293,4.539937641666845,-0.35411204638619687
11.28125,1.2492260760131355,0.5117931353922123,-1.6075085559746478,-13.344542405989783,-0.01243044491188271
11.28515625,-0.6201257024485249,3.3069990816443533,-0.5094043304288502,-2.0756520816101096,-0.7394680596525326
11.2890625,4.659866336851909,0.11817326785117539,0.5417233359754512,8.334269042051666,-0.41965995059456557
11.29296875,-3.9038991198791,-1.5309304903764716,1.8656576219518644,-2.191344193090398,-0.01908793880434581
11.296875,3.4224167677717228,-1.3789073589981524,0.5062636706875501,3.1888785410901703,0.13867553011067627
11.30078125,-1.0426245110504229,5.267825507767111,-1.0511979868254255,14.574284180237562,-0.9578738866792409
11.3046875,-9.966781610721146,-3.5819196626456,0.04229679776021733,9.297416094339688,-0.925220209775417
11.30859375,-2.9898190262462268,2.0822362228089704,2.0134913054618298,0.22306961779993095,0.05272883724074702
11.3125,-0.8710123066257516,0.14358582323457036,-0.20125478959649268,-3.235547188653518,-0.42042893106232343
11.31640625,-2.1834537112105714,3.8101963462435733,-0.27655152328143995,-12.21549269095011,-1.0680686484015591
11.3203125,-1.8074511469852623,0.8652333440433462,2.8888992763408314,-3.8154802525818754,-0.22716354135577274
11.32421875,-0.2734759342338549,-2.8548910579688886,-0.6470670707410395,-1.2152341261836135,0.47376739982860344
11.328125,-3.1033224900894196,3.838883901872139,-0.6546618285740604,-4.615911715008523,0.10666574253032841
11.33203125,-6.107754256160583,3.3317780262331125,5.408187271935664,9.198923653126418,1.1747424842634882
11.3359375,-0.5738735519588873,0.39886459478772923,2.5024955118990677,-12.19478433361085,0.32222633379712656
11.33984375,3.8476381055842803,2.997104740933146,2.8709351952488418,-9.353446304295648,0.4372739381138269
11.34375,1.7971836382226154,-0.6469097433014083,-0.3865896620621577,10.585010245571208,-0.5731755840671344
11.34765625,4.129698492557552,1.7946745897802807,0.37719207945722255,-3.9355112742165375,-0.2252224226752467
11.3515625,-2.857497347989492,1.727531535302251,-1.6204799507948644,-2.1842488889435696,0.011185135432059285
11.35546875,7.397087285000596,-0.07161242636296958,2.2731091659478313,-0.029172884765816143,-0.46090010826653544
11.359375,0.8662450709377989,1.153538583688226,-3.778368902030579,11.436388272405,-0.07444815799803649
11.36328125,-1.0635479145150424,-0.1672248135096685,0.4700851618263613,-0.47105919636711124,0.24348381799677704
11.3671875,5.121339836858183,-2.4507032249617273,-0.319616398307327,-1.1775334635834058,0.1469144695033125
11.37109375,-3.714757641391268,-3.1053121010477063,-2.6016672829484886,0.314174570140489,0.1262730415387333
11.375,2.8892985475426585,-3.1253207225206916,-5.425470645265754,-1.515917889353097,0.27167278922817284
11.37890625,3.724424031113708,2.573231416862268,2.080849648245464,16.89977749751914,-0.45273699195211003
11.3828125,2.5976521910309742,-1.7409183705327664,-3.2854625086670928,-10.659795410637338,-0.8430076190917268
11.38671875,-0.30261052980753933,0.41736119515637077,-1.1954400360671222,9.528298970810244,-0.8622258373304226
11.390625,0.08999105378547496,-0.5166087950557527,1.4620744530038192,-5.486713255331299,0.251692101628374
11.39453125,6.001198423331214,-0.7023153833002928,3.2838505481968197,1.4268844003523737,-0.38036017023748775
11.3984375,-8.404878080865997,-0.06926294430361929,1.8148495028248828,-1.0042196837444148,-0.19857370164420562
11.40234375,1.6070228491710499,1.2760281872678663,2.634516815566375,14.838627703909594,1.1189295159855441
11.40625,4.54240576427405,-1.3544319049759252,-1.537321768232169,1.1505080818827897,0.5023530281486578
11.41015625,0.836530803802058,-1.642424400595388,-0.729969817285731,-3.985124538464044,0.42110158282581295
11.4140625,2.6052636302417955,-2.511584610194518,-1.0484103411687844,-13.041625648201965,-0.6245764226773901
11.41796875,-1.0648893326021402,6.420388558860846,-0.06419895824102628,11.505115017026002,-0.7676402930280243
11.421875,-0.5645536329713647,1.3077474937571467,0.3493884530619067,-7.153728945972334,0.1571737543995776
11.42578125,2.923328269513005,-0.11021980801748801,2.6241125603757185,-2.878613351004835,-0.0780672664089062
11.4296875,-0.2260521776221535,2.465846945309751,0.7385943070523351,4.143088385642294,-0.6279657128686055
11.43359375,2.260856993300022,0.8736853484885354,1.0592113560430858,-6.841028471369063,0.021279868838590784
11.4375,5.301159327718951,0.9329290872667437,0.9915256095920513,-6.206043132012856,0.6834672448655962
11.44140625,0.9296061186638129,-2.2175746885855037,2.62421479454407,-1.6001961448787552,-0.2574901583989824
11.4453125,-6.339169925408833,6.856692786847068,-1.3369808114454562,11.835710121379364,0.04088546712869473
11.44921875,1.1787035093723779,2.6984769390132874,4.396465309091525,7.6071448417009915,0.17013979951176908
11.453125,-1.9161342939992831,-6.937396420073501,1.5965743182596386,0.523592206993154,0.4624798337131279
11.45703125,-4.91318439899008,1.7723248789579675,0.6390990508504147,3.707842337760107,0.7954502321265247
11.4609375,3.2490356374155516,-1.752818539763486,-0.9379292673843622,4.220416553048434,-0.04424293982885236
11.46484375,-0.7316108613647335,-1.4553309546484636,-1.5930406132873647,-1.5841833847455966,-0.0507614809603903
11.46875,4.848813643110284,-2.736298565848298,0.0955687468813311,-5.673964615801098,-0.15912833617285202
11.47265625,9.37504033371397,-1.0150786518672943,-3.8080058101219505,5.03971180140142,-0.13228339154773375
11.4765625,-3.717031193159691,-4.635734481399714,-1.8740442068822167,3.9224241893380896,-0.5824893312135296
11.48046875,-2.8326513246611325,-3.552490330710892,-2.318970647178802,-9.110941075066034,-0.8166454970966525
11.484375,-2.582237232099822,0.7188232063588995,-0.9339623720096826,-4.30126834311793,0.9539594058894717
11.48828125,-2.923319732795401,-1.6028886558573339,-3.50326826322667,-10.14811558855443,-1.0868757429179596
11.4921875,-3.4537305712467434,0.8248814113242048,-0.4190674927448379,-14.011165406952113,0.5002990268531253
11.49609375,-2.0682165818991325,2.49761762259999,-2.9466622543387517,-12.234884659557373,-0.22859864754944248
11.5,0.8442606787505205,-2.259314934338466,2.0229524848439238,3.562681631610783,-0.038567677106844556
11.50390625,-3.3316172215220514,4.802817692439541,1.3083306120330924,-3.5303507674849275,0.18453156587177566
11.5078125,-4.764224089567903,4.105023212785783,-0.6184726465309373,-4.326921090261416,0.8985139801066724
11.51171875,-1.2871892646160177,1.4579985805228646,0.20591909377446183,1.9079928585569927,0.5407299600523201
11.515625,-3.81677005334007,2.553901467984983,-0.210884062026522,22.826689335274175,-0.759035509242044
11.51953125,4.5211303568949655,-1.5669776383993037,0.8042254511828218,13.712924969719515,-0.43061720810412474
11.5234375,-1.5566856735123602,-1.0458917445008327,1.2331176221529998,0.38843787745019664,-0.641390259637674
11.52734375,2.0506894490513523,3.8929299711863594,1.0623773043940798,-9.88885205693459,0.09310544711374402
11.53125,3.375835950590038,0.39959619005829733,3.1999383438960436,3.311282032730496,-0.6413127508911404
11.53515625,2.0286632673052836,3.732270651656507,1.0853485490682937,2.6389567917995853,0.09459788568720316
11.5390625,-0.4325381116050621,1.3625156649602939,3.6276010834407915,-0.7354887731934907,-0.6099733144928219
11.54296875,-4.0057443246841,-2.898730105030864,0.8350750726013773,-6.476479674134596,-0.92771517291452
11.546875,-0.6597222776710417,2.7242243032133318,-2.178947969050342,-3.094268006634853,-0.020172764156440117
11.55078125,-1.5521712528298914,2.3331609621298903,-1.234478027027081,5.270608027105806,0.06949742829713251
11.5546875,-3.5747852969850356,2.750724451612368,0.26060174781274253,-2.821727354169892,0.01608380485798459
11.55859375,1.246656999393885,-2.3405345228543246,1.015071955570379,4.399271839427359,-0.28497542084421057
11.5625,1.0473250192267034,0.17397712266354473,-1.5204548515145249,-3.407539458741585,0.7450405195983878
11.56640625,1.0772988060580748,-2.00350550699172,-3.0144930028830066,11.960291906932188,-0.43500384160061467
11.5703125,3.359600013194001,3.4923888244015258,-0.9113997904340606,9.021722523881914,-1.104023382393532
11.57421875,2.4976893633155335,2.369018155991471,-1.5075646550212238,4.765605115831864,0.07753541033322058
11.578125,-1.6147749093055275,2.758141332325443,-3.4652484461322848,6.684861028459575,0.1155966842312739
11.58203125,-3.674887178334942,1.2414539872191415,-1.9055757441438912,9.352981679808444,-0.3513281628322004
11.5859375,3.408156827412554,-2.695059305478323,-1.0491249580509225,-9.791510158514571,0.12739603573323688
11.58984375,-0.8721596010820135,-2.2617602308608364,-0.23187436416427165,-0.9671240062540702,-0.011684137033302401
11.59375,3.703557087663874,0.6181021941683338,0.27728383112774335,-0.8839311270589132,-0.26839341083599144
11.59765625,4.502926496586952,-3.0139968304146016,1.0524248860457281,-5.3539219868640755,0.2235905162504439
11.6015625,-3.1768156623462556,0.4351250809074162,1.4493471305037307,-4.895853316561475,0.09320469982791689
11.60546875,4.686292280351684,6.497407231756419,0.5280839826964453,5.6053764637949595,-0.5941377059038638
11.609375,-3.4402042155609793,-2.1050833617518476,-0.35210097735800283,1.1287032660936034,0.18392526321821775
11.61328125,-4.539565881544839,6.544829908788578,3.5707188724173307,0.3934713637902536,-0.35728014626246596
11.6171875,-0.10647447919239106,-1.4254881274309412,-2.13215784073662,6.214344661482903,0.06626381048157151
11.62109375,4.311339813472544,0.48891993101709674,-0.3342394369873314,3.552511650941626,0.9594725962780023
11.625,1.2708168122793537,-1.2752735959550359,2.222085668691665,-0.9393924318081979,0.13180108372427662
11.62890625,7.124770253369683,-6.634312230113073,1.5756293267470631,20.17612918335794,-0.0012795133417300465
11.6328125,1.8341061653796393,0.9211689127072162,-1.939234094444456,-11.057090291762018,0.043550511735280975
11.63671875,-0.39548314947886715,2.9725966727577036,4.978056303674942,-3.676219248341736,0.4477128040157314
11.640625,9.324455971967586,-3.7987567296723688,-0.8686837809010308,-7.674053301380661,0.3464930128533037
11.64453125,4.766639716946072,-1.92202551561536,4.295248787374801,11.901337163913476,-0.08644612387835478
11.6484375,-5.133481391553082,-0.05506469776659731,3.277607974854459,-11.242404499031547,-0.43566323596784035
11.65234375,0.8684593389664356,0.7800756928743653,0.544859872182992,-1.898978437101408,0.14249046131484552
11.65625,-1.9340499645091762,-3.2165207897275936,4.241428367451601,-11.227534802530446,0.1853437494959569
11.66015625,1.0330374897283239,-1.660307570828356,1.587795807011001,-6.761795639305237,-0.5498371775732607
11.6640625,6.846425338559816,-0.962802295298702,-1.7140554788281888,20.49056347001879,-0.31579980547717224
11.66796875,-0.292048155155408,0.746513388254692,-2.191234152613898,5.789332397845383,-0.3565007483933922
11.671875,1.0280169978705798,8.921407717849942,-0.8547882271050905,6.60662020511041,0.2966159526405167
11.67578125,-0.8350700270329335,-2.3084634201630783,-1.774251499211155,4.5441503767829605,0.34987759399239043
11.6796875,-0.06247448374675791,1.7675902064299098,-1.7736330142214343,6.095004926544147,-0.4037967605033602
11.68359375,1.114176464590702,-2.397762313964569,4.374479170351119,-7.5446480099149795,0.2799101849508218
11.6875,4.415108949832158,-0.44227614528123427,-3.1659271489533163,-10.861767302635226,-0.05752556820628505
11.69140625,2.400185016194957,-1.1809121685625523,1.8642921579352774,1.1691920333034518,-0.11273663179389644
11.6953125,6.033019591452785,-1.0975297810529718,-3.9435151296377096,-3.473327260046492,0.15453644311740902
11.69921875,-0.16330289841408976,2.6343986211812926,-3.891584214870423,-2.5803027226288453,-0.9054923671072033
11.703125,0.7401179019326551,-4.284309113635835,1.6671394719968524,2.3939762314952606,0.23058610582294123
11.70703125,-0.7954489676997002,-1.7523376181728116,1.9916046027102792,-2.798783387640004,-0.21351480476742948
11.7109375,2.7259534646188546,10.895260486087487,-0.24624382822100133,-9.190281278604777,0.06549748409880689
11.71484375,2.8806182612945177,3.44468824784469,-0.35596964124573005,-5.236124752939576,0.5777190221148557
11.71875,-1.7764473210729763,-1.1377480512256481,-1.2198171765020362,1.9790724636061663,-1.172022137493256
11.72265625,1.671260540684667,1.4822734963293294,0.845776811695061,-14.8692767002351,0.38349841382215155
11.7265625,-4.120877107598972,3.5253145839269058,6.149849722190755,7.326639981961876,-0.32030730210203195
11.73046875,1.3116341036452845,0.77949795731058,-2.1415515370535925,7.430194625264114,-0.5382401323425028
11.734375,-7.978840872881069,0.9326687928349133,1.1361997991907893,15.528112396904568,-0.20770232643090702
11.73828125,-0.45711110171422914,6.186849817226425,-0.7113913874751319,6.740389762683098,0.0747220909349794
11.7421875,1.7605685487343403,4.0486564750823915,0.2725074656060595,2.353116670705159,-0.5125007054759011
11.74609375,7.976024015126146,-1.469972495759639,2.658000888561628,9.831004903133838,0.503262171615692
11.75,0.9959997986040373,-3.4120347851773944,2.042207145935396,1.8244929434301007,-0.10526465971662377
11.75390625,-1.78318137689285,-0.6959454694197402,-0.233443540677497,3.516654847960174,0.11330634360276008
11.7578125,-1.6823310658709358,1.8317311797137594,-1.969609693210645,-4.895168398275615,0.05693857806545988
11.76171875,3.888973586548108,-2.3600872841968044,-2.3245500920383773,-9.360070427521599,-0.3218784273944134
11.765625,-5.1298486919944075,0.6504753856884546,0.3193790710761004,-3.278691211140356,1.2378322025574728
11.76953125,3.50051529917581,-1.3571527529557703,-2.1111053944209206,-7.3276759890651375,0.854014227245759
11.7734375,0.1809403956757837,3.371980815497996,-0.793827637613821,-14.623103637747404,0.7764345609510317
11.77734375,7.925490591480559,-5.253085377756417,0.16327459454572857,7.5623874437044885,0.6688434199688049
11.78125,0.37113060365870315,1.3078127648447972,-1.0089800805116056,-1.9644008035740574,-0.4695796138650101
11.78515625,-8.231153437032429,-0.29032749081265463,2.8483426484339436,12.835649122315665,-0.682890525353461
11.7890625,-3.9459075496468623,-1.3506823945361086,-0.6144475721166103,-3.802255798199395,0.24464471522681838
11.79296875,3.532722505613351,-2.4746631022232695,-3.270218268564215,4.90225719532482,1.0560336449235468
11.796875,7.212438319447661,-1.0478896331016223,0.8101083127633716,1.044185628225828,-0.28750094171450796
11.80078125,0.6347673299702765,-2.8606057255156805,0.7213364798154133,-1.2433524660933282,-0.3829552097978265
11.8046875,0.9731868671361409,-3.710353369540484,0.5664690006575883,0.48826584279338897,-0.13267489183108339
11.80859375,-5.254848712901806,0.058101580783721504,0.633228451852025,-1.6530884504982102,0.1763589688014101
11.8125,4.667001028890557,-3.8868033853087205,0.9805878377542541,-5.034664309562121,-0.4219376416381215
11.81640625,5.573441309817684,-4.447093720260318,0.3372630182569525,4.906391843804308,-0.024683543693057704
11.8203125,2.6113987170040374,-4.645218671961182,3.7310407746501135,-15.44809198093914,0.17427787329278452
11.82421875,9.066710034334987,-3.1454642302004245,-0.18203129247193317,4.022540991929267,-0.1673724606581865
11.828125,0.06521462867740795,0.6952764364106958,-2.2557884045379772,3.7487588211352123,0.819064268137315
11.83203125,0.03416110615182202,2.812893775651348,2.106008251098337,11.022541741488388,-0.885530176649429
11.8359375,-1.9851991315701072,0.4319992204913037,0.5076047448649527,-1.7651175553994363,-0.8949139304495264
11.83984375,3.816279726320944,-0.5168190167125477,-0.7580054029750636,12.941147139528987,0.29260541323407935
11.84375,4.228869782461263,-1.4502596121208056,-4.172359980260633,-0.37858654336176834,-0.013978841332934963
11.84765625,-5.043762988524579,-2.252382596593049,2.2144343347435544,12.6504495882856,-0.5862385142933767
11.8515625,2.625993289088449,-0.5333377272990447,-0.5729639053269914,0.20897982511916346,0.239550567536203
11.85546875,7.8001776512803636,2.7327058919524623,-0.8147538734452257,3.0795078785158103,0.034615480385137135
11.859375,1.4783775802555315,-5.116355054170872,0.7614295380996825,2.4161134303322065,0.5873575566960734
11.86328125,-0.20159221781884346,-1.8558228979588,1.8372418647560678,-11.207778402025149,1.0443610341153353
11.8671875,-2.0200744230741123,-2.4421434121765424,-0.8788913107169782,-1.208536713739004,-0.23838386050235585
11.87109375,-1.1552062071594746,3.310650086233476,-4.37383302425968,-20.397073985502175,0.9829566329463172
11.875,2.332415419737386,-1.0588469890629986,0.4701442392305706,-3.7035990090789888,-0.16064244784112547
11.87890625,0.0015247277740565938,0.7475245252538278,-1.5593656152776212,-11.985400583547406,-0.7594751546263503
11.8828125,0.5402031743079295,0.09413020736866602,-1.2672789474604491,2.33185554335339,0.020009187040695906
11.88671875,3.08938463033573,-2.3128646390420604,-0.6049816607807481,3.267833228663176,-0.9775710355457704
11.890625,-3.011502245878872,-2.3277368715864384,-0.8604210064298751,-0.47348541410705147,-0.22652669317039892
11.89453125,4.26610477743397,-1.983337066722474,-0.8915521462658487,2.2975440598583,-0.610700398125133
11.8984375,6.119784868395348,2.7615225245119324,-1.7310950984610514,9.26134052778035,0.06120943074026852
11.90234375,-4.305814712348503,1.1936668338745182,-2.4027216217262213,20.611595626837804,-0.06959616101638587
11.90625,2.0762112394307755,-1.0910860812235927,0.9389807790384436,0.7947318840383257,0.3381057793824562
11.91015625,-0.6723427671412215,-0.24167386889711007,0.9672018207672031,-5.8004960459149135,0.3324263847167353
11.9140625,-3.3376112149200936,0.6430322333769339,4.494193260509759,-1.4090528006383078,-0.7434425257956758
11.91796875,0.43310712262308587,-0.23867160779863147,2.719541260418092,-3.396967348992626,0.02053165881488643
11.921875,5.596863250675364,0.4654139142765435,1.4039527117130848,-6.602987941285315,0.15166686561155004
11.92578125,-2.2287300227010185,4.351499818734004,1.4143707960206495,2.014400116924638,-0.12484353900122054
11.9296875,5.590781653715046,0.6318468380663911,0.9500726561434412,-9.178564385845542,-0.05123711426264094
11.93359375,4.906445793636748,1.688532092673775,2.8523033625504923,-11.726888689549941,0.6790221276190274
11.9375,2.410242744378609,2.4846188566785212,1.1060639381862363,-5.683962437937146,0.2578809934575652
11.94140625,-5.99017167564602,1.8536176796300137,1.845366011765851,-13.26519071970186,1.430510550764593
11.9453125,3.2206048233362212,0.14203761361540546,0.3957433397693647,-7.302254563362583,0.47706597402405554
11.94921875,2.562092028269013,-1.9710532291460465,1.8911322826411623,4.839508350533279,0.1987980568286836
11.953125,-4.774235460647903,-0.934451109771938,1.6668962729806607,3.373101636359253,-0.02480499300541442
11.95703125,-0.9103290912732176,-5.4387777773570045,4.7218799403705765,6.81445146514492,-0.5172247317456595
11.9609375,2.1922845117967773,1.8695232523571805,-0.21312482361099672,5.429985756035609,0.22411176709051692
11.96484375,-3.851735791562766,0.01754182910445378,-0.9124761042972473,-7.015845892865197,-0.04779819372096625
11.96875,-2.468861515259499,1.5391203172080683,0.13869159404420994,2.512467616082914,-0.8393751935959991
11.97265625,4.1167736920739175,-1.1013515710250874,-2.1835204903727057,1.2572196626148555,0.35428249671525336
11.9765625,-2.503730449446339,-1.1369011672616849,-0.8058847581013294,-14.32330214943677,0.26223046557327523
11.98046875,-2.6031478555361227,-0.524312077821451,-1.8234914714657926,-9.773256015042005,0.8980539223726116
11.984375,2.7544253627892172,-1.6805603672624922,0.9767817752202879,4.182553135394766,-0.125742167887757
11.98828125,-0.33656653504129985,1.2531057938997212,-0.505585711876009,-2.268358646364507,0.16558288124696396
11.9921875,-4.506889175265478,0.5603679411397673,0.2776926937253017,0.4684499534684283,0.33284871033585445
11.99609375,3.6616738565871114,-0.7726540062013765,-2.5380463156407855,-18.22695642850691,-0.8427835707248686
12.0,0.7198329378657264,2.1852024018964706,-1.4124773717387975,-7.30487144499409,0.0398094340286763
12.00390625,1.2314582579247872,-0.5738046377710677,-2.8507206389097863,10.654164610472762,1.0444924331340273
12.0078125,-5.548355980920354,1.1449125146108592,3.1570375064286926,7.028535828923167,-0.47968362264022457
12.01171875,0.028854664640927775,2.961656088945345,0.8964866417483979,6.630759445429943,0.1354313740797707
12.015625,0.6217488037424523,-1.453989900739097,0.7878361483689783,17.99918729905067,0.6429989871175423
12.01953125,2.7647852388981784,-0.7852694069677709,4.000789357290022,2.295128807291721,-0.10617319074437462
12.0234375,-3.6186067850307193,-3.3052755292295366,1.6665489250837073,9.273823448791909,-0.3147386491759052
12.02734375,2.619364618447893,0.8281934011106444,-0.1962981629300613,1.426382068420235,-0.2528344781078556
12.03125,1.21975983499936,-3.2747101070714946,-0.16362125396147875,-16.65921847006272,-0.45971504194826057
12.03515625,0.8341226499847054,-2.0074203581386416,0.738590000743105,-8.471221279336357,0.4051678742359983
12.0390625,2.170675144155564,-2.721408830120756,2.1798040966123917,-0.4811203679673257,-0.1063073486579349
12.04296875,-1.082851264190547,1.013727927976249,2.041693171562719,-11.895589045852308,0.47233229257973813
12.046875,-2.739449190851912,1.4054256426353073,-0.934668028851074,-15.57705974879682,-0.1554049236764416
12.05078125,0.38139951280306505,5.193874445726211,-0.37850147356310104,-3.6297677311969645,-0.5948747350213401
12.0546875,0.8077511205984698,2.5553648360251335,-0.2834816276053428,3.0007602329098937,-0.22456839424100422
12.05859375,-1.374044975781053,-1.6075128204319897,-1.494207789490939,-3.9041591024988866,-1.5212988969492978
12.0625,-0.9435883330369357,3.7942417576953953,-2.8621296654950354,8.297488879740436,-0.3365756650956181
12.06640625,-6.490530777009565,-0.8937773753378426,2.3902535920837042,-6.216229467909699,-0.38846974120362837
12.0703125,-0.4302732704049979,-1.408881679059689,-4.24200127589938,11.290818545464642,0.3658241428031834
12.07421875,2.9660209843851897,-1.3180423338492124,1.2329949363324366,6.873119264513886,-0.4483329551901054
12.078125,-9.423416129416761,-5.924586408482348,-3.6646143186224336,1.9848055872974204,0.30579738762919767
12.08203125,4.814300151279688,-2.9892087317528504,3.8112025245085257,0.9282637493836816,0.23519563387341622
12.0859375,1.9958951757001433,-0.29293620397383363,2.8272204768127893,0.39251109287898767,0.8035955294658041
12.08984375,-3.480177650222599,-4.76863732161663,2.01899392216938,-2.3632117778896022,0.49754996582700006
12.09375,-1.2222540248546327,-3.417875358226622,-1.2798107167029658,2.43109519921678,0.10982238627511029
12.09765625,-1.5145960471897797,0.6249471253013095,0.0004225532629862916,7.931422542515309,0.28685265880141914
12.1015625,1.980976543862257,-3.676169382925762,-0.4245980561767104,-3.808431878230569,-0.23575008908820766
12.10546875,2.9333473240956613,1.2834272358299734,-2.9762483773184623,-0.4682081244606118,-0.1778354687923323
12.109375,3.8937276218042807,-0.5674437286960612,1.28306957669226,-8.463784700859616,-0.10823388156243885
12.11328125,4.770110062172925,-4.10014570562865,-2.2557178151594854,11.93550504932673,0.07561766970411148
12.1171875,-9.64247820650549,-2.0027656187546254,-2.6580972271808982,-6.236316507682353,0.6442879241938831
12.12109375,-6.208909548896069,0.9541679490482728,3.988941026502221,14.501054227549194,-0.48458945857558533
12.125,7.26075895876586,-0.11960893380610468,-1.5306403173074994,3.7219326189067456,-0.5978508301482162
12.12890625,4.678918147201465,1.4150599902952483,0.9241818663095873,-2.905682603146997,-0.12131249175724944
12.1328125,0.6360889777951113,4.429304655716228,1.6248658565593757,15.781077988879241,-0.07801150563985197
12.13671875,1.8853221011809798,-4.224342350737435,2.83485585861715,13.909706747645544,-0.4579146012086284
12.140625,3.593692836064672,5.39093649700093,2.5696993265872834,-5.912563725823624,0.08212069333802761
12.14453125,0.5824201825809684,0.9964058195780583,-0.9389498459203796,4.019144283364659,0.2661284212120463
12.1484375,-4.403906453398748,2.582589305668847,1.9054052558203156,-1.6748611361012244,0.14152725633601673
12.15234375,1.119671035559119,-0.37704536941724187,-2.51192427990974,1.8198428856063718,0.02606218003953622
12.15625,4.825779240465618,-3.027225091041772,-2.2182001689051107,4.546335690844213,-1.00204978507105
12.16015625,2.910717225254203,1.7018650017235148,-2.1427234910090154,-10.591578672689247,0.3852626579564269
12.1640625,-0.393298862179666,-2.7202135815983937,-5.941938261316921,14.271179573248661,0.43696312875957843
12.16796875,-0.45658453809831534,-2.1530089102859673,-6.475948904488717,-7.467765652321425,0.45289423143900104
12.171875,4.31978214556421,-0.977038282769007,-3.909523160953836,1.0041434660644244,-0.11747129225885762
12.17578125,5.201701192383493,2.544869150186716,1.0265709615162608,3.509762946881307,-0.5227646288142661
12.1796875,1.5400529391050906,-1.7086103970276008,-1.7572112368608315,-0.7331981463023256,0.2738577737066881
12.18359375,3.3605229766981792,6.419299095426602,-0.6873111657354873,-2.6152988233810994,-0.4476453969142405
12.1875,-1.0255515332726066,1.3921948030920446,-0.2524557188425104,-11.361277300435491,-0.29972444410889
12.19140625,-0.3993916370918868,-1.5269304932999423,-1.1797350567201101,3.47554720403765,-0.12803607574772427
12.1953125,-4.096673526594971,5.4156741405933255,-1.9261867923430056,-5.021359903320047,0.5104834942816502
12.19921875,-4.582700681674013,-3.8704739936916366,-0.3133812128482482,0.41843218245829616,0.11263029790475722
12.203125,-4.5990038345590465,5.253833197537727,0.11536452115928256,-5.7018623727653726,-1.1325068276329155
12.20703125,-1.8720191336464302,-3.93659076775856,0.730734293591732,3.372556525341813,0.048298089216418545
12.2109375,5.824439869819652,0.41813868556925937,1.564029828887924,-10.56883825510058,-0.6260063153511319
12.21484375,-0.8847436671119175,0.8779323539319195,2.52074550587799,-5.137100487838996,-0.311596428765414
12.21875,-3.128787788637567,0.07013423456665178,3.2242128327005553,-14.562671236660705,0.4887692449728076
12.22265625,2.0229509648329387,1.1194716506817728,1.0125467485659059,7.609332290377172,0.3236636490344968
12.2265625,-0.46181506438637504,-0.17335613456709406,-1.8498047471480275,4.530905921778486,-0.4995175248388312
12.23046875,3.8544949325907276,-2.813621030399502,1.818868740648153,25.015940694693214,-0.09873594008536783
12.234375,1.4315092542981787,1.7182865578059525,4.063561805575458,5.35386410220909,-0.4411992206139261
12.23828125,5.61266841227683,2.450385392155461,3.454356212616651,12.268974521857068,-0.5118776022373198
12.2421875,-7.254026167420017,-0.8119051629622319,-1.2332639087033588,-10.25072308186369,0.44629700303735037
12.24609375,9.702739724964403,-2.172452351503674,-0.3910278094683669,6.988706408942967,-1.1446356995214646
12.25,5.08148006782678,-3.8621810201897375,1.3480512760974173,10.036749609887796,-0.33711096285030967
12.25390625,-1.3256438304310096,-0.3881824950418274,2.110538365428632,-4.982473128170302,0.2361224796173047
12.2578125,2.880916322223276,0.27239299399827493,5.295363749343162,-0.8508289669646238,0.036185315349573394
12.26171875,5.695866641675674,0.44136588953798217,-1.1214268244036356,4.827958786724851,0.009735492728005786
12.265625,1.6797758322313787,0.5391780572970837,-0.28960443236249866,5.211150242435124,-0.9002966341025793
12.26953125,-2.07502701600721,3.5238314904109114,-4.861741029572734,-6.192575889117164,-0.17450238883477232
12.2734375,-1.6258774695741407,5.240512142133845,-3.859274466054633,-13.389184355377617,0.49658104260940245
12.27734375,-1.5962458620535078,2.0009038518836664,-1.6041898632226221,-3.39819607888515,0.21252134666649433
12.28125,2.6564351273336078,-3.8786618879713206,-0.8703149946635385,1.57327398195252,-0.09114913549783502
12.28515625,2.185135313937574,-3.6020998756577756,1.6035771229860638,2.3293128695455456,-0.22653276431406125
12.2890625,-7.037747425569534,3.383634255080925,-0.9413378636079706,11.194009209084587,-0.06356691179131967
12.29296875,0.7862878397865501,5.46409498749445,-2.716203409325818,9.095026778091146,-0.7464663608572907
12.296875,-3.066877427171131,-1.3300346684732034,-2.147419096010455,7.130282704365295,-0.14762881140527492
12.30078125,2.326456682790393,5.168824567318037,0.5084743805076721,15.695765800903295,0.11553760269305878
12.3046875,-10.54469072526359,-7.308535105842697,0.10351123238499921,6.973688150523038,-0.020235657750373778
12.30859375,7.059440325758873,2.101689262096791,-0.6733807499840783,3.224295069738312,-0.3895675031464868
12.3125,1.158119359677791,0.6018430282095264,2.871091812001872,7.9255111406582355,0.3841898470879085
12.31640625,-3.923730870980616,-0.17798384464913275,4.3266312759511,-5.816172603128406,-0.3482972588524649
12.3203125,2.0088985158916888,1.3985068148759465,1.043396931323267,-9.699921750450985,0.7201347971327844
12.32421875,-0.9984576340520983,-7.2570797730313314,-0.6698418154784211,-18.328629947139767,-0.5880472448893087
12.328125,-1.7769880409515404,3.432930457293764,1.1477186316006047,5.236733544086071,0.2841444073947385
12.33203125,4.339670823513911,2.2177076594746374,-0.33054664723258975,-6.3069536580797925,0.4740932571947576
12.3359375,4.401163266501508,1.6965079857613037,4.3113436406054735,3.5651494718882955,-0.29423844655893683
12.33984375,4.2613019961985845,2.0472312876958876,-0.3262224691004152,-0.2568495768224004,0.14698077202251175
12.34375,1.729081358833156,0.42854764891843117,1.2124932432182467,11.881435712158105,-0.09359714330368553
12.34765625,4.877061202192738,-0.8113261708730752,-2.6467522050325756,7.814001190248899,-0.13499794182507022
12.3515625,5.466456149703834,-0.9547365787101396,1.963880996348253,23.656138368094012,0.34594662190867753
12.35546875,-3.0303057716440565,3.2030866837814562,0.8687899887161273,-6.050094630977816,0.008277467873085009
12.359375,-4.564669137402348,-0.7079851905112662,0.3980396279705334,0.7910839282846138,-0.9117420225966183
12.36328125,1.8264188948879454,-2.7705363190914736,-0.31449136909121655,-5.119677929839459,0.24670656754970377
12.3671875,0.1897777401555181,2.8113684345034002,0.7738357957727691,-15.13826800955729,0.03729344734120012
12.37109375,3.9681046881399467,-3.315192584192835,-5.560076630555164,-2.8074840759613937,0.0500139465579354
12.375,3.647657074386763,-3.2473847802987423,-3.787062545887958,-6.51148899494698,-0.4220274608499328
12.37890625,2.3957204302719655,-3.785401575759812,-1.3168183088831198,2.8253571970666878,-1.3985413401591715
12.3828125,0.5198584732250193,-1.0712095041505205,-4.683545204067052,-16.750551662627434,0.06942198702438354
12.38671875,-1.2108390812440775,-2.9710786493717056,-2.2652590062541633,4.775923816603889,0.42996093339933755
12.390625,5.06704974838394,2.9660064661739742,1.0660197709427262,5.392429094223791,-1.218297145444923
12.39453125,-0.20145104115038606,-0.2602830993114623,-1.7237226307800508,0.8309925571385519,0.45773968457451863
12.3984375,3.2861133601260644,-0.5410546042254402,-0.7145029187410858,10.863537328452292,-0.9129825008739112
12.40234375,-3.0569404510777125,0.038705704774300215,-0.7967920102701688,-8.522145652125186,0.0873705436104182
12.40625,1.6918239766412864,-0.8974834385626476,3.2618950752589098,-2.70471039237471,0.0995632464502243
12.41015625,4.293965287738014,-2.424576814474875,-1.848506836813117,16.76894439889221,-0.5870089888409937
12.4140625,0.11981159579865143,0.14531263674176573,-0.38535138778885036,-1.8253689459666735,0.4338706011647795
12.41796875,-1.997696885743699,0.9349836149438193,2.2464321795562743,4.839943434394399,-1.017770245092782
12.421875,-2.097567186389303,5.987157915347345,0.5466596038427473,10.910886725691725,0.07958131039764177
12.42578125,3.5399472628814905,2.710028615711791,4.841348158261727,2.6104372429349327,0.665593050004311
12.4296875,8.900710723803618,1.7509486429089827,6.392242359262003,-0.4471562656650745,-0.4698605371541022
12.43359375,0.5870237168599853,-2.7618624108754775,3.7332384415836968,12.010706551071824,-0.5486498205486532
12.4375,-1.868611451352135,-1.518633545329398,2.015019212292363,-12.567218414722836,0.03143802045921871
12.44140625,-2.051859537948221,-1.54035757376625,0.41809483360459704,-1.3446320112560501,-0.1672435162061611
12.4453125,2.7195093893895743,3.8963238483033007,3.9868433978606355,-1.4729245737464274,0.2889375599881097
12.44921875,0.7334165855558236,-3.2075242388211267,0.6488242465935468,-0.6734952356583208,0.46874475419113154
12.453125,-3.6650130511878842,2.69369601917212,2.4669447749011697,2.6227209348889735,0.3375535108447718
12.45703125,-3.573966962927177,1.8208419443413781,-0.9400289273942563,7.148845942515973,0.18221043621702274
12.4609375,0.423701343249523,-0.4193872297558285,-0.9950136477758403,0.4068481760421774,-0.17740844673759587
12.46484375,4.823965168432983,1.4543540880130577,-3.7779004439138495,5.645794160631596,-0.47133315556543015
12.46875,-8.512792365025497,1.4510401195112899,-3.348636690623281,-1.211878044411916,-0.2641359968283955
12.47265625,-7.961408861679984,5.7615076996183445,-1.7684870348363773,-2.895459951940039,-0.1700129148426491
12.4765625,1.6846648983532289,-0.07073999264658021,-1.7479371684703058,-0.6789802814793133,-0.023174057113336286
12.48046875,9.68556082724349,4.168547244116421,-3.1646687306181605,-3.6855026844006353,-0.15626287441632034
12.484375,-2.9240047648381102,-0.719663789679474,0.12767765364101757,-1.6242281968499466,-0.430680352891106
12.48828125,2.8449243953045125,5.397514942030173,-3.2117714095195535,-2.72315771840099,-0.06701684147419373
12.4921875,5.880296044082068,-3.620393839544979,0.42707618616480925,-1.8546321707871738,0.34621213697247283
12.49609375,9.813565013577602,-5.098355123936007,-2.2652077369993107,8.859644827660205,0.6653217241929865
12.5,4.838989892870265,0.0009528093271190961,2.558948420787167,-10.103188849767074,0.2825085421354969
12.50390625,-4.7568261614886564,-2.111534822335407,0.36319842238977057,16.181205201321447,0.29386111106732565
12.5078125,-1.7613856168881594,-2.386839559958563,2.114004924381273,13.942033886737596,-0.44141595433739944
12.51171875,-9.850201111617093,-1.368632196096075,0.3326506975645839,-1.0453166376508234,0.9527478651096584
12.515625,-5.405862645741861,0.24919493451081487,0.2643710935258201,12.814421621938683,-0.4110063125601817
12.51953125,4.505966165194901,-2.7573629452772135,1.452414337240743,4.687759689514739,-0.39448475286963103
12.5234375,-1.5961457175480427,-4.681699069583905,1.8670334798791195,-1.4794992767282058,1.0054381076636714
12.52734375,-1.0885287690965373,-2.3663487235064156,3.1660777014956167,-0.21620901083092037,-0.09030925679050411
12.53125,-3.7953250158824474,3.4406446601965857,0.8033842464827183,-1.8173872491139198,-0.12601747991696796
12.53515625,0.6345990712879096,-0.513745287021933,1.5585613931739453,-14.487110780638908,-0.09612808288734057
12.5390625,3.522330657969565,3.3765504550304657,0.6203974066516096,-10.173694103504829,-0.49080291816965943
12.54296875,8.403860593628124,3.1050739874898805,0.564234495412771,-10.090154972942287,-0.0655513349476133
12.546875,-2.459963025796517,-1.0766453284551871,-3.153989892114787,-13.550772090734569,-0.41489894248091386
12.55078125,3.8036770319408255,-2.148433039760056,0.7817427639360243,-0.788629649232627,1.0191665680617463
12.5546875,5.1195787692703645,-0.5849992150189909,-1.6971466159187676,6.71111313614355,0.8957574846922808
12.55859375,-3.539997470544901,-4.0363965416486485,-0.6178993433657439,-6.7580130471362505,-0.4973374434933346
12.5625,-2.4375211749036163,-3.58498302116111,-0.8005182260275164,4.126586159704649,0.8870795071675378
12.56640625,6.8692474977982645,-2.812320781884786,-2.3888582013668667,11.248086513807003,0.5122734177964118
12.5703125,5.183686979667253,-2.5419231543164984,-0.5725029238380747,11.358336970608725,-0.24590936342573613
12.57421875,-3.715187586359488,-1.668867599340278,-0.5566439935240729,7.816288761507924,-0.09021944656065617
12.578125,-0.1393020804128681,0.09057298696640038,2.824955794168486,-6.407449306280322,-0.5648089437520336
12.58203125,6.363459506635453,0.7928868543141929,-3.1476772204605155,7.980114884808528,0.11496908275826279
12.5859375,-4.005768608478994,4.265720122826882,-1.9800112571415383,9.988914141793776,-0.2275293036014132
12.58984375,15.533014121613673,0.9119136707961804,2.5759145479646044,3.4422936589044815,0.05745099528446473
12.59375,-0.3137174421473749,-3.0862603472868253,1.6975739285140181,-6.417039862334921,-0.09234120149637648
12.59765625,-1.575621930656726,3.060191700293948,0.43485409700118244,-0.6666268540762434,-0.13967477388172195
12.6015625,5.8425290059122625,0.16841593130050952,0.29801479697654143,-3.2699183742265507,-0.38658625941572855
12.60546875,0.7939646261717452,-0.23813050980811792,1.5397669465607664,1.0467509972892106,-0.08528854653329171
12.609375,10.26806272967284,-1.6049186032505185,-1.2622094259997807,1.9288438719018037,-0.687992354959222
12.61328125,-4.353267336973961,0.24919300063910238,-1.9888148914620385,-2.0836209464878976,-0.20789152284367474
12.6171875,-1.1428918595978323,-0.3672071915993167,-1.6266627357216359,-10.72754802513597,-0.07699174466947374
12.62109375,8.395017046550933,-1.0395555279525814,0.4995877523624186,1.432989017724707,-0.0452106945827763
12.625,-2.3012654164318005,3.1460188349073546,0.5942624592917042,6.148202229150438,-0.06956697242353022
12.62890625,-1.525658185087314,-2.7705881712432765,-1.8061416080827255,18.81237727081635,0.5265060608873591
12.6328125,-0.7218809913254233,0.8664706384077365,2.428719840796176,5.850619258665532,-0.8541497366165084
12.63671875,10.68690916815799,2.3307264827313414,1.6233410067250762,19.6876749491871,0.25507991892817516
12.640625,7.722096439461985,4.528780114033919,5.780352065721555,-9.480589526362952,0.7631857937581352
12.64453125,0.9665409861382342,-1.6565327936299354,-1.3213508130269367,-21.242104756163773,1.1927754962809902
12.6484375,-0.8954933722048214,5.034963023419398,5.879263350561842,2.6998229405587786,-0.2805569299853502
12.65234375,-2.159518689232014,-1.9844165182834779,0.3094929961025841,-6.9896447226728835,1.0277588437986562
12.65625,1.6322554431188256,4.493224655096872,2.9422845701903366,-13.346862203195032,0.9415062458324289
12.66015625,1.3540659414479825,-0.7902400731664152,-3.8510937439316772,3.7135382953514924,0.11819100735587476
12.6640625,7.078797585286335,-0.9435093677938323,-1.3089117898972864,-5.239296388687482,-0.041531896709819
12.66796875,1.0790422434506222,1.0808814361405217,-0.6009160148936926,2.449542495473162,-0.3890583839612935
12.671875,-0.9743851158973824,1.3583325988046413,-4.080837451038272,5.620926658283983,-0.19637675080721897
12.67578125,-2.6047740465272073,-2.6020930455506996,-1.6495106313388608,12.31558618994211,0.055888041966044896
12.6796875,-1.1590942226835592,-2.027320248928805,-2.153380074928033,4.250692715292417,0.40093211582258065
12.68359375,-2.0699309723303316,-0.10692966809628612,-2.7004220407392383,9.848486657810202,-0.45407765386397736
12.6875,0.9144617264391484,-1.2716859561676024,-3.5914442892356973,6.658029421509102,-0.3367079367767863
12.69140625,-6.066513417233954,-2.8082187046515164,2.072454917064599,15.725764298141161,0.3074149925587446
12.6953125,-1.5012270824141025,1.4467658691510825,-0.7034665012606467,-3.0449476500351906,0.25137517845944946
12.69921875,-1.8466406702135245,1.926804045922196,-2.8261581620502025,-5.223801652445836,-0.2799450468012502
12.703125,-2.2050314628550884,-2.501511233733421,-3.1075829664227737,-6.631770128612518,-0.7632197167265066
12.70703125,-5.690386250153787,2.6624911812807803,1.2673270831099472,-2.9777848230663233,-0.13381400706573346
12.7109375,1.5961437993593195,2.434674163834062,1.8379775382130443,1.5089878981129674,0.030268437214860302
12.71484375,-2.929827113001218,-7.465706715075452,0.24547337169671835,-8.295412757874514,0.20624343431206268
12.71875,2.9383931677180484,-2.2145700809904487,3.680816566907761,-7.75193296619985,0.06983530772627117
12.72265625,0.13608501902979073,-0.11639078322577148,0.9462435213988826,0.6547521637994972,-0.2937500491639121
12.7265625,3.014453414066609,-2.8093670142961105,5.166311795449367,1.2055097223745757,0.3222446002736903
12.73046875,-1.850568293849896,-1.8936272763256885,1.6794895668720211,3.870793498902754,0.060205465719733765
12.734375,-0.4161891890130118,4.7901633896667395,0.0830085798102349,2.464004734035676,-0.0075300752509273395
12.73828125,-1.7077967095843094,1.7760092777232703,1.0571301102643662,13.497866847214404,0.6964718825734062
12.7421875,4.981048121924714,1.377846461223386,1.9929222467433902,1.0684570703947118,0.8592486520899025
12.74609375,-1.8710811328903025,1.450833610163334,-0.3774950350811395,-10.87808178820466,0.2296871473196475
12.75,-0.7947855994448583,0.3679483990984483,-4.541305148143698,6.2864819272679515,-0.7682437892323825
12.75390625,3.618016583233624,1.710619631471102,-0.02255959948089553,-11.146841914429578,-0.16434161809298278
12.7578125,-5.976900408613176,-3.2750750116802356,-0.6882280426853242,-19.37475473368577,-0.7138931331865789
12.76171875,1.1024445957628564,-2.8820962431030877,-0.3447698485298166,-23.820432209247166,-0.14213340780256437
12.765625,-1.1687793514320612,-1.9693368027328666,0.18933957105534138,-7.850623922361433,0.23380301802232192
12.76953125,-4.4530481743490675,4.357404828878316,-3.1245501271431606,-1.9800372014992873,0.22859559195998697
12.7734375,-2.814152830671336,-1.9892046075855518,1.047609515311105,3.4562611880377765,-0.5470285999071958
12.77734375,-1.5041128117003302,-5.67345727729123,-1.9197645923207913,2.312179002346096,0.4096930361286802
12.78125,1.1651923841421568,-0.9730094565967807,1.5110804459357103,21.415325690911214,0.3655482756541387
12.78515625,-4.366774675107131,0.8872682162650666,-0.12354944821984537,2.866060839719484,-0.2028347750032058
12.7890625,1.4352490254379753,2.553206838855309,-1.0978898872930896,14.543339967913187,0.668407530691829
12.79296875,0.5771258042986501,-4.722488465704991,0.4499500046139483,-1.1011491781062261,0.2772013027151337
12.796875,1.0132711983901854,-2.193479696768999,1.1778192276884951,10.602224711576941,0.5705159182001954
12.80078125,0.6223667836503542,-0.27973522663807854,-0.6865037981984344,-0.014422391095063603,-0.15892698005076922
12.8046875,2.8036208268538925,-2.240907257853449,0.24607572301211025,2.3684884787458036,-0.1200430637276317
12.80859375,6.3083678633240945,-2.148862287623319,3.6917024748843357,9.329559194016706,0.8588963389647047
12.8125,-2.058593158885049,2.4075890705156184,-1.342234500347913,-0.6142744313876269,0.6535219650545522
12.81640625,2.0950691707468043,1.154033705987842,1.7858394354644935,-6.07343783431365,0.3803097460015852
12.8203125,3.9324949251557424,0.3747932843676845,-0.3077885890787926,-9.015200082323807,-0.45337820494185227
12.82421875,3.432879856929349,-0.115523654754562,1.2512943818665319,-3.7560361701001015,0.07238024573979761
12.828125,8.879251461509256,-5.479087339518084,1.6506693652947966,-13.955885387737585,0.19907733676553097
12.83203125,5.158170986671642,0.7750566225887846,0.9462871604482825,0.9146122136685417,-0.7514077398705762
12.8359375,1.8572689594198513,-3.2404515773618123,0.5187394215165628,-8.219316968129183,0.17127097507639444
12.83984375,1.7212723743936666,3.066493867926255,-0.6496105483529512,-4.399986988938895,0.015606683416553387
12.84375,2.6616474542804576,0.36586925520045865,-0.6436212012889629,8.758897089461149,0.17005006918432497
12.84765625,1.3033840399821848,-6.2994432007022,1.6217612961272905,14.985625116023389,-0.06769171277241826
12.8515625,3.170752054328748,-5.828316393065604,-0.7956100356702952,4.324503202504368,0.15380776077797037
12.85546875,1.35294987711608,1.9741612462304428,-0.030331997155867818,5.363379197758787,0.7417425234018059
12.859375,-3.579412966081782,4.303005829086177,-1.494532071213198,1.7163977972024018,0.3150285663014889
12.86328125,-7.032340000952882,-2.2530803914632465,-1.9516786955009513,-7.937590647141495,-0.3129977101655738
12.8671875,5.800669406863689,3.8549550090841738,-1.320423191589763,-4.837048374883908,-0.27357534538195116
12.87109375,-3.6929092234811374,2.1569396651360564,-4.887072359910162,-13.386440052716857,-1.1647635417632693
12.875,-1.2005189182417118,9.468205477127484,-1.299196331328583,0.5934132734897339,-0.17978813200584545
12.87890625,3.0887091161707216,2.91577050112643,-3.588481111220594,-3.6217935635712264,-0.10405726535373512
12.8828125,2.1384796654424165,-6.653797189338799,0.011641460734884923,0.3219527722471076,-0.20671436703849166
12.88671875,0.6681444748919418,-0.048783783955224924,0.7277535885588811,24.186353999224767,-0.09423863713440525
12.890625,0.4283267720885985,-0.42588569205641996,-2.1530882456634446,2.040744235743356,0.02478094715986449
12.89453125,-0.7511178088566286,-1.2564883347067197,-2.1520546739968722,2.5145998667539082,-0.30653251171393087
12.8984375,2.316806433625474,2.0739568583470875,0.7057548258566171,8.460837970977803,0.3215876938069112
12.90234375,1.2602580186262373,0.9739610181018888,4.650664100570769,0.4099683810531083,0.04934573438362744
12.90625,4.082871132299235,1.646127766865717,0.07468871778246855,3.6844402564641756,-0.5570529573283897
12.91015625,-7.45962641628367,-2.7125760554162714,2.899073459120155,1.4312596408471614,0.3641092901910738
12.9140625,1.3608381240766751,-3.4609919192617693,3.799608799360304,10.136180644601879,-0.2769862481335361
12.91796875,1.1322063753661609,4.467781304978802,3.5045928333949936,-13.143666526150374,0.7365737953274024
12.921875,1.1179607381864096,3.34482065966668,4.305494989409347,7.251017072668029,-0.63966521698662
12.92578125,-2.5012029225179844,-2.2083446735600827,2.4458612017370007,-13.786601001146174,-0.3397031004237506
12.9296875,0.9519639216244947,-1.9383504947791486,6.468704760085366,2.1117929583242443,0.31217592987349113
12.93359375,-2.6537671184071967,-1.671320522040264,4.231834108374574,-12.566376774819972,0.22888451978990546
12.9375,-4.265923670672761,2.43535275136363,0.23895023427109052,-16.454437087535666,-1.4020664234126694
12.94140625,-0.8614364768114359,-0.7752660929311196,-0.8039319255603398,-4.810364591366808,0.6319963279028068
12.9453125,-7.3579271376886775,5.875200021879789,-2.305075120381406,-9.154296767297701,0.012784941257296248
12.94921875,3.207962639518652,-4.7090285243933385,-1.0202191291136493,12.233106479325743,0.04644528910844811
12.953125,2.1132178866170266,5.222853145726623,0.552825978457542,0.378679673061602,-0.27630354607483115
12.95703125,13.726242490791872,-1.4650356659930184,1.1605883045946277,13.095129683061435,0.33291107392660185
12.9609375,1.816349674125241,-4.169802574749504,-0.6790615172493915,0.49234092346545033,0.16870792827289238
12.96484375,-2.788302132599874,-0.4984114493832956,-0.24677611656589815,4.505803697836026,0.1686865539730557
12.96875,1.4382254298506623,-0.41429493810792484,-0.015441032424595935,-13.207632071095944,1.2213161673768793
12.97265625,3.1630859128431403,2.2558903173742384,1.1708070863508269,7.0111831207060336,-0.1258092283530345
12.9765625,3.494487172679848,4.875419222317821,-4.114893161519438,-2.0725959940502268,-0.004955564432559594
12.98046875,-1.876366297349865,-0.7971572613889761,1.6069428177045473,-0.8903023497682021,-0.2629584642267003
12.984375,-0.5969896694568859,4.080908775615482,-3.006609430276518,-8.963630056720651,0.27626418540287134
12.98828125,0.23510584509138852,3.057349615187622,-0.4304319381846766,-5.345594453493926,0.08866329525540795
12.9921875,-2.6620302589359492,3.0421634338332364,0.23323367601178424,-17.65135598063445,-0.49408369676067554
12.99609375,-11.269142689869037,-1.829076049400408,-2.6649196212130524,-0.4761242334492546,-0.6736901930295334
13.0,-8.60054216385533,-0.08584431276813285,2.462831049951292,7.113018191507327,-0.20159963425449043
13.00390625,-3.7171034644279155,1.8867368534331013,0.9953821279082498,4.266934703321519,-0.7902282487049685
13.0078125,-0.7841194928022825,0.36244666832980993,3.3998502407296027,4.940495603675736,0.35960116345444865
13.01171875,-1.9169430111965289,2.4598063370915506,-0.462485009543647,14.153537354833043,0.48070636297671887
13.015625,-3.3123535562787443,2.422291972242547,0.9683792934635245,17.644587565582007,0.35230720492847406
13.01953125,4.124558655525779,4.883652002493918,-0.4681947959539232,11.705404517461375,-0.23586362548282527
13.0234375,1.081657056513569,-0.05930613647955078,-1.609379149766867,8.558219570794467,0.5364637870777188
13.02734375,-5.758690993760211,5.153351992364122,2.9952931191674765,23.418728336704824,0.5552941811588756
13.03125,6.36904218555314,1.4546377170766398,2.6014361019775647,4.165601964943531,-0.7326918624246239
13.03515625,-1.8909386878936176,-2.564450527543218,1.040123572020143,-9.261018798768749,-1.3181348771168293
13.0390625,-1.7943881154197197,0.2600220252976878,2.0697535761886843,-11.677152460833453,0.4302166066513792
13.04296875,1.7202124218225472,0.7929565621291816,2.1253871752298163,-13.688683566677756,-0.48650944951080355
13.046875,-1.662309246768578,-3.048338353926301,0.6883175431668941,4.701296071014536,-0.5276164498217136
13.05078125,-1.9849329751928266,2.1044157324715007,-1.60798599331157,-3.149220844999992,-0.7284975267509569
13.0546875,-1.6921011802131605,2.1820957699496843,-3.7817016274673017,-12.95565761067035,-0.38853467727343804
13.05859375,-5.265339066935046,1.9240417986720728,0.939388716770836,1.0986496031310757,0.7837434045422645
13.0625,7.61475272524603,5.31031539693149,3.3764111134805814,3.867727696054085,0.1572616302080814
13.06640625,0.03880202374602426,0.7726352655991047,-4.099950377627605,7.315286146360153,-0.3946077087729892
13.0703125,-2.4666029383594776,4.748179103325501,-0.9545071239063365,12.608633503466816,-0.8508363892118327
13.07421875,-0.9711316346430691,-2.141726410042574,-0.910543407540305,2.1953871968834187,-0.6121597425457224
13.078125,-1.9610035721441423,7.3103328840033335,-4.051427856726134,6.551554602292379,-0.011079860461102105
13.08203125,3.2277525486703063,-5.279667838170343,-2.1622425527709628,6.101790739712058,-0.7282956170236502
13.0859375,7.489048188638893,-1.941926783545169,0.16286549667792483,-5.0062349177183245,0.11100236577227894
13.08984375,2.1540715724003063,1.5123123430172076,1.0771753268217394,2.9412376398891684,-0.20811578839931538
13.09375,2.9400882337990777,2.653276799271782,-3.4675585998301193,0.7714714385023713,-0.7930958560578122
13.09765625,-2.760165561793816,3.2757795632378257,-1.2336439196415876,-11.91323271665475,-0.21713823525994735
13.1015625,7.373785574303197,-1.5732706125728528,-1.527040840251895,1.6578785460115064,0.14219717522183795
13.10546875,2.917052263953057,1.0337244667741767,-1.884555896864194,-2.3201228603430892,-0.3134782224932751
13.109375,2.0488224711290157,0.7027938997206311,0.12192748790147379,-0.7134390686417083,0.25328839090306043
13.11328125,4.276638143532421,-3.993992937871492,0.6505810285085876,9.703762332240839,-0.6854407877970132
13.1171875,5.678785313863092,2.972290568997347,6.46660028685768,9.19783454920659,0.1882452801682635
13.12109375,-0.08247377284954151,-0.2536038601321028,-0.2996744112181662,5.654730225321683,0.1683502045929986
13.125,-1.5804805460352918,-0.35180464980781095,4.654966479002503,8.592190452601589,0.2785434717470405
13.12890625,0.7743654811949109,2.094172789595843,0.9647194269593544,3.303946178747832,0.4326165504884238
13.1328125,3.8558292089192516,-2.037728565455632,3.8017138110153885,8.596400292336075,-0.1703773809995217
13.13671875,1.0874310885628564,-1.7019973613478112,1.6280097936943372,-1.6786970546884854,0.12160988105694007
13.140625,2.5985254435276035,2.08027193087868,3.0123989872091017,4.844972161797968,-0.019667272489159008
13.14453125,0.6508840622933929,1.2843455954650278,2.0199457543170967,12.53430893158896,0.275506485664695
13.1484375,-2.6890580942334754,-5.510180364910175,-2.387607809987434,1.5988275492650024,1.1899566162845765
13.15234375,0.0960511123960361,-0.6310679754772609,-0.16553240263805244,-21.123730055645325,0.25480250109980845
13.15625,-3.076943923659744,-7.803189815716862,2.3788639947507257,0.43727639520196426,0.2290977902221916
13.16015625,1.31643151213478,-5.403179272740137,-1.1172844837606757,-12.632211965965414,0.34033707253034323
13.1640625,-1.401453049438681,-1.8621364549145953,-1.206265496163172,18.322367612659395,0.1777293148901437
13.16796875,-2.120806404743679,-2.5847383089161036,-3.6002314939013487,10.459190968290251,-0.39136116156920936
13.171875,-1.3014677294623376,-2.0140859703233054,-1.1723330248854082,9.044400417782706,0.885160076236157
13.17578125,0.3275436218952224,-1.5352645216492136,-3.7646887558986912,8.50009350564413,-0.4930554264108499
13.1796875,0.05801026181652816,2.4179707026746153,-4.54460469441968,1.526721693690262,0.32256362804970173
13.18359375,-6.414552341132698,-0.21455346992837832,-4.016449814735934,12.952733540895752,-0.575966351428627
13.1875,2.4149228905765723,-2.7489410978136095,-1.5027397066122141,5.2057830376856495,0.36030340230813623
13.19140625,-5.149550867734065,-2.1305210118062,-2.4070942648625175,-0.09375325931349243,0.11702269300155357
13.1953125,1.749308712881512,-5.345995770343166,-2.7840521323690504,-5.209053559991714,-0.11220418950394397
13.19921875,5.946408886536037,3.0075803190478445,-0.38301918184714767,-3.6363948099578374,-0.13782139722437006
13.203125,-1.055696820526097,-2.000642222400827,1.0746564961478018,0.6873861069534621,0.005858460606584423
13.20703125,-1.2286134063232603,-0.9994235872347756,4.561942024343404,-23.46129443617971,-0.21698435968806656
13.2109375,4.3989684990981885,2.751085436858126,0.1838585037110032,-4.021878452637081,-0.6219405464330977
13.21484375,-3.1303664308764008,1.192584852802212,-0.9234258747252271,-11.117871721981679,0.5003901881405781
13.21875,0.21792176478486086,-0.21259860752802073,0.7412663180894411,9.854756548776098,-0.26431923722973755
13.22265625,4.901504199095091,-0.34459510538336224,-1.3840580841461834,13.65255842078712,0.11255356405075337
13.2265625,2.2738119456069854,-2.8729690729629374,0.7704375154755414,9.377200339819817,0.21618370307999132
13.23046875,5.658607400786954,1.4640814640958788,1.7021046353794453,6.397060572512598,-1.0792686596354992
13.234375,-1.9811907478030748,-2.2062784613127557,2.392705996155761,22.382710215676383,-0.16283220970185194
13.23828125,-0.8837926182921533,-3.698019866316166,3.6186282800874547,3.22584797640373,0.23575948113844264
13.2421875,-1.226366060582565,-1.9001142105788489,2.1114205716792553,13.77483837839646,1.0558884215847884
13.24609375,-0.374388175910148,-3.108942128487394,3.1241729091736943,12.548716891744807,-0.4212415477096128
13.25,-4.81233469965393,-2.941241661871432,4.004388777629129,1.7946999329459685,0.12803209130005988
13.25390625,2.7994906919775646,-1.241554227728851,-0.8598629927146236,-17.445072155749248,0.09717956346282705
13.2578125,-2.529210965900427,-0.7194301342208859,-0.8825851792678965,2.434239140209862,-0.5325755534862492
13.26171875,-4.474921178925784,-2.835574181612556,-1.2962577972092895,-11.186544826744143,-1.3516317651865313
13.265625,5.309101938772596,2.288617448135669,-0.1662353854827383,3.836666105856045,-0.11324785779324648
13.26953125,-9.220348492158783,1.0524135795687546,-1.447353815675695,0.5282351446219282,-0.520451751653226
13.2734375,-4.8099473506120995,1.3759908297299366,-0.536202867087896,-0.5919850093793806,-1.173980284885698
13.27734375,1.5903780358538717,-3.4923595001324133,-0.8904387141584034,-15.855436204269239,0.2839095347952036
13.28125,2.0236758376065986,0.04815650809747269,-2.612036800252155,-7.902739001848601,0.409188946358544
13.28515625,-4.991761967126738,-3.0211783429285237,-3.911452170321557,10.78425105883262,0.7736028162345054
13.2890625,-1.8945720738520817,-2.4023700189631607,1.9121252257494392,-6.064293711452034,-0.2546117692562152
13.29296875,-2.9204300661395712,5.30136253540675,-1.3642906615810855,14.33345447823593,0.6479830340586754
13.296875,-6.374208314605036,-3.0446664101921197,-1.6575836573226654,5.362727566118597,-0.43939182052059433
13.30078125,-3.385831304750788,-0.1961966247916222,-4.7218480546962285,21.431460582420595,-0.05758046607906842
13.3046875,3.1340450847738364,2.176426328567781,0.4420321449613241,-4.105802372788603,-0.26416597759840066
13.30859375,5.743196368831153,3.7299994368862137,-2.2168153161716653,-1.398708390007727,-0.40884765399499196
13.3125,4.705999147902575,2.5122660524067855,4.705071239196894,-1.8015952225889587,-0.2577817901903563
13.31640625,3.966561029615006,1.6890397740469485,0.9840476690168707,-13.050025094038322,-0.868224328933867
13.3203125,-0.378076481026075,-3.13589701215252,2.0325236796747332,-10.770284133608067,0.9785240473096914
13.32421875,1.7018174894978766,-1.4512638552324402,3.1451384390148087,-10.86067206063387,-0.30685274748221353
13.328125,4.972257851139434,-5.133089411816334,4.252606971424502,10.46806960765569,-0.2993422750748404
13.33203125,-1.2840340737959883,0.8954030754630502,5.163454178309007,4.179303285508444,0.0323849054364327
13.3359375,-0.3533279341766627,6.508806070574508,0.22047695328617056,8.636270603804842,0.4603609329304643
13.33984375,-1.4499905417975762,-1.2356832846462036,1.0542951188209815,-2.488684003821353,0.08777824526188187
13.34375,-0.4197780638695657,3.4667179645563437,2.5331033446522464,-13.797987276179182,0.8169923923624813
13.34765625,-9.072744700249403,-0.5586579528709833,1.3288470729046926,24.45943574844527,0.6125993634752736
13.3515625,6.759802717310601,1.725114964654989,-3.3503122355919164,9.14735155258956,-0.06635329177383839
13.35546875,1.298506899946084,-3.0965480024073857,-0.1661458735481966,4.444322410664828,0.7241069406786643
13.359375,-4.959546794341939,-2.678630324977185,-1.8504400542845092,6.552547780920088,0.7055710552723903
13.36328125,5.083258220952987,-0.516245034014984,-2.754214494220385,-0.1736770556419669,-0.33215656179123426
13.3671875,3.0348778962328966,1.4859673998144456,2.2568924802307335,-18.258039771838853,0.49716537274234957
13.37109375,5.436479756513195,3.264653663685754,-3.0044168340608355,-15.114192718987203,0.4806135464651949
13.375,-7.042273108253574,0.9254833711314001,-0.745881403468435,-8.434765441676447,0.614684797473343
13.37890625,-1.8024490135487932,1.4128000802150844,-0.6277454545800842,-11.327924699651117,0.7469038415317042
13.3828125,3.840216509300211,-4.302131714368132,-1.9741759372243117,-6.965670981436782,0.9066620454742021
13.38671875,3.791942949384966,4.521092818553327,-2.3732014432306645,10.152030163709131,1.0929301846963515
13.390625,-3.2805963726432106,-3.116576270544906,0.053249160026833775,1.416318246337854,0.17414247304985603
13.39453125,-5.895110266738941,5.5942130831759895,-1.5322275315653935,-1.0302376046914956,0.35815583869609385
13.3984375,-3.9553019817465307,2.4515556414054958,0.0525721007844098,8.071134673151224,-0.43224392200043854
13.40234375,-2.763494579024044,-2.705623613306004,1.2654288706561987,16.124805476838237,-0.23618661244538686
13.40625,-0.986875546218919,2.997118932588683,-1.8963703832627117,-3.656418823231901,0.5254858497155616
13.41015625,4.820785348629875,1.8681338632937976,4.277272311540821,3.3288778867375557,0.14877534824759586
13.4140625,-0.4963596502368738,4.852190163207187,-2.9058980409323403,3.556435797409544,-0.33648527691710023
13.41796875,0.09227006327374021,2.1959495734714496,3.5259292996463367,-15.93797414160993,-0.10796968321749974
13.421875,-1.0288536701727593,3.5043391478434076,3.6701034305081324,-9.799881073291244,-1.2131418140755463
13.42578125,1.3804112380434108,-3.243373948992354,0.15039057520129573,-3.9157104146076653,-0.3136715357448377
13.4296875,0.40940292562678177,0.997359374071664,1.8300696748729126,-0.05620613377508654,-0.23413629351875034
13.43359375,1.5701457084991581,1.8753755210248602,0.6818600127987389,-13.607425136042139,-0.10855400646867336
13.4375,0.3067002801193209,-1.7899380662124895,-1.7061566229489553,2.725406957869623,-0.017762153826367862
13.44140625,-1.3293759680735195,3.7104052131849974,1.6704970120880613,-0.231283881549178,-0.5157547938503257
13.4453125,4.573985655328925,1.0298745371116689,-1.3296725376991008,0.6076541103521208,-0.09664217695298137
13.44921875,-4.370885495425681,-6.6974927953850685,-3.0718129157029943,-2.947245548066493,0.07815044830966372
13.453125,2.9907381692283077,2.3036005406763103,2.9043821109090113,24.979657697577466,0.33191344674823003
13.45703125,-1.9157161054340823,-5.670592992455931,0.7646200674912393,-4.214064055178076,-0.011623451238574145
13.4609375,3.492322382340631,1.8296848672062032,1.2576871837282277,21.417919126291906,-0.8705916868647172
13.46484375,1.2614612809902386,0.7489656790826082,0.7558007728931697,12.12915689087568,0.03649651262712702
13.46875,2.667195516867708,-3.971863000559688,-3.0195093168916136,-4.252542792761586,0.28991878501549984
13.47265625,-3.1347557413625946,-3.2282449687317083,-4.187609992052807,-0.5443141535582265,0.6205880566724973
13.4765625,0.5798544345802139,-2.2382659232485986,-1.273625907789786,13.071714757332206,0.49296700865783916
13.48046875,-4.706801474031659,2.5030135610338746,-2.6100077972167446,-1.5901767554037969,-0.7019622240596105
13.484375,-10.692046694457552,2.87374550907742,-4.943527995926555,-14.784417464383306,0.0687026935033221
13.48828125,-1.3167654191025704,-1.2902570818519346,-3.3498762092161787,-9.038040791769905,0.969231840530508
13.4921875,-0.7366053419566451,2.2957116557894497,-3.217672991769747,3.742213799674918,1.0496460635143274
13.49609375,-1.4188770185106334,3.8345958453366227,-3.025388605621405,1.840362860940433,0.5225402208081396
13.5,-4.010396365877633,-0.553710752942272,-0.5092686800403106,-2.009571793947205,-0.2807112943362805
13.50390625,5.045081363812857,-1.1936744690504018,1.042999130340299,14.88164139367655,-0.4299902571766083
13.5078125,10.201782553520069,0.5431995805836879,2.374624658639726,5.417292085963055,0.02542623282617908
13.51171875,-0.13937671767777401,4.588106650991612,-1.7529944784897222,8.266676997565913,-0.12734493436182412
13.515625,0.5536750386411501,0.8175511746869542,3.761657976029719,-2.8336996604372118,0.01708147785606539
13.51953125,-2.4787414122591067,-5.375780203041865,5.0660397034792,-4.033777290695809,0.07714687692375538
13.5234375,7.0254419409304925,-3.1105349627121903,3.7285447390641204,7.271593584734543,-0.06981559495663389
13.52734375,-5.411626914204275,5.432343212021339,3.5808659610120976,-16.970274425714024,1.0250368527625722
13.53125,-3.3200953282459595,-1.3585574264328515,1.7224916804934827,5.039719077095781,-0.3118020582214297
13.53515625,6.805273820607517,-3.973220905452495,1.2643894090430352,-5.950436564049399,-0.9741035675176429
13.5390625,-0.09139504669729821,2.7405436812510544,-0.16750801376461177,-11.243366820715607,-0.1678667695903939
13.54296875,-1.2764876015661555,-2.039954943600037,-1.4761678124988569,2.2406648306822428,0.033402475805696025
13.546875,-1.634648915078274,-0.9320033231182272,3.792706527365678,-9.07292714381152,0.15823805275193495
13.55078125,-3.6639210884248246,1.4158278601338978,-1.173998323537566,-11.000496917936793,0.28768976293697074
13.5546875,-0.022044225480260003,1.4722838676233205,3.3207703644817697,3.4593298317606327,-0.10154261684902811
13.55859375,3.292126620447597,0.16785186016886877,0.5677718019623978,-10.436694391631343,0.57497045502694
13.5625,-0.4241531665131326,-2.2976375459187173,0.8830268885994674,-1.8012618333621866,0.41643399095534317
13.56640625,-2.3066237499721063,-3.002577049562582,-3.3402973092950017,7.674069857075622,0.27112719936814894
13.5703125,1.4065964410076557,2.529757208930714,2.0737587326669673,10.387728167162084,-0.5602840008597563
13.57421875,5.456532869255221,1.5024219701918409,-1.018683990543182,2.5368129467931135,0.4936952930271637
13.578125,4.053866025850089,-0.3201641604310167,-1.841474492408963,8.253792238975574,-0.09583235192288375
13.58203125,2.741791696736709,8.101166994581162,-2.0711322926294136,-1.1590816907842298,0.5001092829457914
13.5859375,-0.9788488810396041,4.582056431135998,3.3993858843584817,4.221811561152084,-0.4224726465388476
13.58984375,5.701319256630902,1.2999443924208256,-1.9614214871210764,-17.94645151654221,0.3468816015050216
13.59375,3.4021188791305343,0.7457542229475762,-1.3634416510236118,-2.310983802249274,-0.6081072618532064
13.59765625,3.808691677082237,-1.1028216660090508,1.618018801039907,0.8737883331969671,-1.116754397867343
13.6015625,-3.2408796977012053,0.013634252512061441,0.8729430805065327,-2.1304667544344285,0.0959893702104403
13.60546875,-10.885541705332992,-1.0605083171395155,-0.7573582258522927,9.405777203306709,1.0984384538202507
13.609375,4.141017945689818,3.691700870791151,-0.1612530715455598,-1.693364252429139,0.043032783144337096
13.61328125,0.985122948267508,2.89270865742492,-0.3323326254306562,12.924881219082124,0.6702780793948339
13.6171875,-0.8649371355004709,-5.028181184649115,0.6351865180945353,12.539203054761611,-0.07335428749121227
13.62109375,3.5048420022526936,2.7549395610004543,1.8316444740512352,-6.905527960758354,0.167049107202601
13.625,2.2335306610499432,3.467515436465063,-0.8585277876062958,1.9814703821998503,0.42430851283239474
13.62890625,-0.6996817078480229,2.3689313584371234,1.5803827793383867,13.807171445020835,0.02737245015287779
13.6328125,7.8085907951649665,-0.8881651820022953,4.797433765692778,4.313013413331515,0.27856943710051507
13.63671875,7.831273746405207,4.642699582022914,2.0174946684662367,3.1995623363714074,-0.4531752751089487
13.640625,2.942873163791344,2.014978794622589,-0.6461637002965259,-1.7398239974356664,0.21935853925171012
13.64453125,-4.1318811438176,-3.6146621798659258,0.29320225643192405,9.987580010122159,-0.026310641822445302
13.6484375,3.6817177255846087,-0.27364502465645085,0.34988951205855046,5.148991898680427,-0.16570159271361756
13.65234375,-0.07797334308886701,4.832454611097968,1.5871229202132167,-9.311700413234975,-0.3297005331341502
13.65625,3.3128596022103776,-1.6160640109982805,0.8062271298516157,-10.354748262837335,0.4972631324739007
13.66015625,2.4865004476770283,-0.37154340334152386,-2.3187163154654598,-5.787258968008073,-0.03932349530723042
13.6640625,-4.825281740859871,5.959636059713314,0.8997243320861386,-0.2458661681503198,0.17793388062863924
13.66796875,-0.1948291568964338,-0.26358459260880884,-3.024366271999759,7.595011089780498,-0.7196122952680645
13.671875,2.927839620073487,-1.9311556073652927,-0.8215535966657781,0.6445758346895976,0.15827591216452538
13.67578125,-0.6105357987553698,0.20068434641368846,-0.46835364738191765,5.355363356406574,-0.8955608406046716
13.6796875,5.745693664741729,-0.7983112039095452,-1.8356446637292534,11.365659194214981,0.0579432160880717
13.68359375,1.784196140725539,-3.33853291249434,0.9866875545112626,4.726211068728091,0.3134941563267823
13.6875,-1.1845939900439364,0.03643666474618569,-2.265403905758574,6.767288327993155,0.18833803350330752
13.69140625,4.832007627336053,8.499801524875883,1.1837249119001583,-2.7025701279440177,-0.056100895518144324
13.6953125,-4.4042407633656,-2.9799278347060323,1.8072341488340238,-8.936444367331962,-0.3031617809699808
13.69921875,0.31487181457538116,-2.9262911094727713,-4.030812009887994,-12.353015484464578,0.1997110506698415
13.703125,-6.241024674704882,3.705375057255138,-0.38247186662276034,-4.2037841767913,-0.051218854703506574
13.70703125,-6.005881036443768,0.6060274541648403,-0.6992637821235848,-9.59985256792043,0.011525859363967087
13.7109375,4.335987633260548,-1.70677477139634,2.4762606336214534,-5.589415393032542,0.6808175015598521
13.71484375,-1.3008202673646037,5.184032464301364,-1.702841530599833,-2.914726633405093,0.10035491968992175
13.71875,-1.658698769232318,-2.1031117098846512,3.118583885523024,12.791870001036058,-0.09237098701981095
13.72265625,3.8795456851771837,6.476395876030445,0.5860708888192049,-7.323848433261227,0.1368192319946077
13.7265625,7.61980526310032,7.077492481567271,4.064076733532419,1.8742439720723454,0.39661726871872555
13.73046875,0.4326562848290136,-5.100670423744844,2.68268906468177,3.2974656954558625,-0.8673726709526486
13.734375,-2.2454276478712,-6.0908304781829585,0.5726062406112481,16.065016656208314,0.4492828683553208
13.73828125,6.952027590065855,3.1649477217169486,1.916783892227834,10.659372801134372,0.24687884020732545
13.7421875,-1.2833136289323015,3.2229394297510066,2.148556588303382,2.4231599703885025,-1.100692192938048
13.74609375,4.099025783524745,1.1489663750274894,-3.201211733790685,3.2311703843366124,0.004715211521350532
13.75,-5.393239017313982,0.2274109694938601,-1.7418402132536683,14.979542521921106,0.1839651060028444
13.75390625,-0.6394871066223705,0.7832847740555895,2.0351230634555093,-3.9676914199226037,-0.07238437763284636
13.7578125,1.3863395463905277,2.258694300471883,-1.974405648199114,-5.45378959748603,-0.5429185973035044
13.76171875,0.6326000565524768,0.5093892636954211,-2.751778938573109,-14.589774883328971,-0.11435572833125641
13.765625,-3.578653602076535,-2.347743629942571,3.0955830382054708,-14.01016795103625,-0.6780061864519594
13.76953125,-3.9282811299156792,1.737970234836522,-2.1329059451670593,-1.8652402890393631,0.3588422838306612
13.7734375,-4.715012513971676,-0.9920251171817082,-3.4568200827501,-15.249209405363281,-0.04723885237553504
13.77734375,3.0995146399258577,3.4176625587002527,-1.1771065678850743,-5.433388443591318,-1.5592613765174548
13.78125,9.096554344146131,1.4680467517434637,-3.165975722217879,-8.124189154904311,1.26310691426638
13.78515625,3.8042358875210156,-0.4274356472856797,3.3071069521113383,5.9403013065387125,-0.33148369026275004
13.7890625,1.2016759301995747,1.9791088664892833,-0.5322234386952374,-0.5056243867771668,-0.21273442039526655
13.79296875,3.7221452261084282,-0.27810889906276626,0.6057372987185635,12.225704002229435,-0.10374898018275633
13.796875,-0.33492442927195915,3.1345222399042174,-3.679182552883163,24.322204765417638,-0.04179179722727883
13.80078125,-3.1714672111076414,3.806832183799439,0.5855319940920026,0.646607267416246,-0.5054071643096288
13.8046875,0.008615891851865145,1.1774084708196115,0.5116260823433947,7.334938786479146,0.27278800562492916
13.80859375,9.046771682421271,-1.8300985145483182,0.7693460744004168,0.9852903081327047,-0.15219500600949015
13.8125,1.479414024734103,-3.5207328927352792,5.758500062561943,7.574038301056307,0.6342054541816722
13.81640625,-2.282541504739827,0.7755465650064093,1.7736576183047292,-5.172595825321021,0.2856496236994988
13.8203125,1.5239676145963144,0.16479476640396928,3.7076882783605334,6.815015890680909,1.1248168448470706
13.82421875,-1.8437374221845262,1.9593491299771477,-0.04291223866734106,-2.523284729076707,-0.333194196846996
13.828125,-3.2708849547068684,0.49201264479733053,3.205955771272736,-2.976556748823845,-0.1308290650133859
13.83203125,-0.951795859132685,-0.9157946764975713,2.946660168472383,-2.1406165176291063,-1.131447732408453
13.8359375,0.3385827294486795,5.162927276329976,3.389624364290605,-1.6796729591291744,1.0450687305293171
13.83984375,3.1674226937232803,-1.8544759840118763,0.819782272140393,1.2281978156483357,-1.0072488212255815
13.84375,-3.098715558430411,-4.925334587264029,-1.3654222623937293,-0.8411517283516101,-0.946721659650725
13.84765625,-1.1902436779222028,-1.1416523062741075,1.881123337439666,16.117373315257154,-0.14354830530008683
13.8515625,-10.122474086424107,-3.1654832132327417,-1.9289708080921462,8.254336947825559,-1.247165634394526
13.85546875,-3.5232362407174405,1.5571861240818046,-0.4737178803389845,10.556873377718723,1.0100937208029868
13.859375,-2.1187493293504605,-2.1282666553857235,3.7185992583792276,12.43029651872674,-0.6054691202482413
13.86328125,9.029495856917153,-2.9793532729216494,-1.3090338999309827,-3.013824986211798,0.32768355394932064
13.8671875,2.305072685941913,-1.5699955166631936,1.2457370973692115,-9.726558942302514,0.5550822016656892
13.87109375,-2.9280736481793284,-4.816268353975168,1.1303204477005402,7.781097225227549,-0.2331786816787866
13.875,6.485913453296148,-0.07955926721154535,-2.721479871121507,-1.6557862534140746,-0.19114051228224546
13.87890625,3.7498169845689127,0.8053560006850351,-4.361020599151153,-14.4655379197184,0.2944097277141947
13.8828125,3.987179732490982,0.6161060227420467,-2.751042830887155,3.782862894265209,0.11383115538572307
13.88671875,-3.5407698961182854,-0.860467653889015,-0.6315230221440506,-5.743141234087876,0.3905509476566678
13.890625,-3.026031290804697,1.3667946882185624,-1.8982729294744602,-2.7673819382628357,0.033021320575726446
13.89453125,5.71631139328271,0.830254055124557,-4.932105659411645,5.036986535358218,-0.022733371093653112
13.8984375,-1.342668156299051,-3.494091626358725,2.4439881409760598,16.198199845815818,-0.2588769860561678
13.90234375,-3.615146449220607,-2.2675925312813314,1.5061202233304378,16.07204414191537,0.07374031108988625
13.90625,-3.9517247976590193,0.20780233911099144,0.7261426054156672,13.48095213144863,0.11386475154627826
13.91015625,1.2078335082710192,-0.2911303410073682,-2.312419590953828,4.352424172914128,-0.4571164424015703
13.9140625,5.809137446024917,-4.39425877812169,0.6014298023814715,-10.87061662209105,0.5421261662392611
13.91796875,6.659417239243696,-2.656389257066227,1.2780840098816009,1.2244215833586354,0.4852172359415188
13.921875,-1.039917074738462,3.5035183662857374,1.4969435605586552,3.117122141195745,0.6225151623685703
13.92578125,1.5230789811654053,-6.94142125132924,-1.7387172835261855,-4.276263994327447,0.34310383292118174
13.9296875,10.275510375774534,1.2347621810936282,1.3657296937710866,-7.420836728730256,-0.1948354797172298
13.93359375,-1.6816243521262175,-1.186957438848844,0.5960091782277627,-16.455846188140644,0.0026889080059413414
13.9375,3.985190366258935,-0.5189674096214387,1.1035326979522964,2.1510416380534503,0.07180212580684638
13.94140625,-2.4532646526021504,3.704895582280145,4.332601158339228,5.694551371147804,1.0626618949978583
13.9453125,6.748514112900735,2.459883095866508,-0.933591215341291,4.384152653776434,-0.24906164292245347
13.94921875,4.941544267063422,-0.1784881523081503,2.945560933779586,5.026128995682662,-0.9016530076572606
13.953125,5.4924829958719465,3.352853585159,1.738387964607887,16.49681773816212,-0.3403314845579235
13.95703125,2.4819455025985744,0.3171676671680778,1.3499216007618047,-1.608172122194195,-0.6410770050609021
13.9609375,-3.508536841763401,-0.8174630641313843,1.0660088550086146,-3.1193392009285326,-0.3940791912673925
13.96484375,1.361816103064591,-2.707502737260428,1.174371161487525,3.5784932442664914,0.740724870490664
13.96875,-1.3968927989071964,-0.8258920958144469,-0.12245563267156934,6.893142337182914,-0.184332074606836
13.97265625,0.09105153119836942,-3.931313336816517,-0.7552782293331428,-4.754363192357415,-0.7885391634275872
13.9765625,3.3851387881271378,2.6660596935443697,-2.2062808273965424,2.642707066733221,-0.1671021828301375
13.98046875,5.234444318406453,1.2405853418022856,-0.027389141153152385,-4.148879996260743,-0.006182652340865357
13.984375,-11.713740354964504,-1.2660198177127098,-1.923531890582538,-19.800231804797544,-0.9445311901076839
13.98828125,-2.6459375023745833,1.5516274050717769,0.8300942543640064,-10.125323548469044,-0.4080805100771976
13.9921875,-0.5352541928711925,-3.2186816285801783,-0.761441521960414,8.626936011250331,0.31250629617947384
13.99609375,-0.6276653120069959,0.9811165281903125,-3.4243224203145672,3.509381903750987,-0.6599501145855725
14.0,2.4870475522280167,1.8989707036380723,1.2260350834601061,-0.13723583550562538,-0.4315077232803282
14.00390625,-3.732833663402097,-1.6815762357343107,0.5758441218461172,1.948821247651789,-0.03583463648714502
14.0078125,-8.404902146363831,-3.7712904706260417,3.4385885067075472,-3.1407409089536937,0.4826665313455188
14.01171875,2.7951750497856755,3.330300506088471,0.3001268342862973,-9.109571704103917,-0.10679239288800849
14.015625,-4.506381087083042,2.295227201826422,1.4738974596604264,5.772631285349792,-0.07840937888365762
14.01953125,-3.6599146361616612,-1.46211209301722,2.090002519381785,-5.155948171045632,-0.6225322545082711
14.0234375,-4.185306930697999,-3.4993185013978074,4.066254304263717,2.2799599816275524,-0.17349678893249781
14.02734375,-0.3346840400578935,-4.574715123741846,0.7020320860262804,4.7821341710702905,0.2990095147452337
14.03125,-3.990104856592627,1.3090529824569739,1.7005021578502302,-4.297235025702717,-0.25452010557393207
14.03515625,-1.5036691131180786,-2.441260044210816,4.086356349863978,-3.0556923884000944,0.52029887600389
14.0390625,-2.4796517498225303,-3.1212341018224947,3.1043798679971903,-1.5082624283920643,0.6881695314941642
14.04296875,-1.35514192650674,1.2795139969127136,1.2862677559497158,-3.595967414025835,0.536736278027867
14.046875,8.420343216798766,-0.6900176040862797,-1.8629855906736799,-13.111083102488347,-0.31733644099759134
14.05078125,-1.6892094538471292,0.9072020247414392,-0.5753706413138918,-10.561120754579052,-0.23346009529449854
14.0546875,4.759812017629948,-0.6766597079747892,0.7836003517764335,1.9595791233319007,0.008107971827700082
14.05859375,-2.819509719602972,1.5494989432284043,0.8413511619191749,-17.81084189243381,-0.12464328930800805
14.0625,5.127812248768548,1.5860281554421276,-3.2467071936290486,7.914334296774287,0.7093428318403138
14.06640625,-2.227131858096084,2.266748791242507,-0.3101561598566345,-3.1495988546555065,-0.509610324223288
14.0703125,-5.348720494086775,0.22686864099743903,0.01387228405080565,7.819448914179342,0.2635839956211811
14.07421875,-1.1740461399968405,-5.059145523677116,-1.034499383737987,15.649133403508532,0.28370572069169614
14.078125,-3.8362467355343357,-2.5618430780679042,-0.14335248144419355,8.057687905105478,0.313262816755633
14.08203125,3.5912936671430775,2.7963016517326267,-1.2301521257208003,-5.681018159521941,-0.6243906389722687
14.0859375,2.7346040385516663,5.096528936383498,-2.8435498872758806,4.806422677957209,0.26014767681214096
14.08984375,-5.877504764621318,0.8987905598968458,-3.125930272142631,-4.890309397283339,-0.3068116343776515
14.09375,-5.57217839359539,-2.8499861101958546,-0.8987464081497096,-15.339625081043108,0.35598261039815726
14.09765625,-1.4764399424921186,4.404411875316926,-3.5007245590852163,-8.402524918493848,0.8141431400599883
14.1015625,2.232385524736543,-6.254433377020488,-0.7716535889438371,-4.71517358436741,-0.2763208117432655
14.10546875,-4.597701447691052,-4.824461356699127,-0.8790956280945443,-3.885009545498148,0.10061463531730239
14.109375,1.9497261710670692,0.6318322959477298,0.34841206776935635,14.854726362302655,0.6975802092312495
14.11328125,-4.603704523323073,3.315279739149827,-0.35143741401737705,-3.454965762662204,-0.08798214508812595
14.1171875,6.441745555184664,1.9878441850811162,2.6713074966923154,7.39819618876224,0.13484146851883586
14.12109375,3.661193823494311,-1.8133637529636364,-0.9325774916929708,-5.428710630045524,0.07613690115741928
14.125,6.128209983333511,-0.5350357201983991,3.932347792703134,-13.799019231010824,0.21225814495371023
14.12890625,1.0583539293374968,1.398030722753872,1.8530524009658,9.718151905205211,-0.6562094049552333
14.1328125,-0.39674267319812784,-1.7829137058473368,1.0255366225307838,10.280699344767383,-0.10543010173394048
14.13671875,1.5626546816338514,-0.7466835382417389,2.890071886509053,7.943576476427102,-0.9398050871302271
14.140625,-4.75039183087421,2.3346418094651726,0.26584407653365927,-7.760327753060679,0.19006621730543097
14.14453125,1.3302110429344887,-3.6746060282914623,0.1147229964495054,-9.555105543337879,-0.050199739837244864
14.1484375,-6.827242543535436,5.900508747996138,-0.10653458759493603,7.112017400572162,-0.46013869577133776
14.15234375,4.760761850134921,3.173339283615916,-0.7959588164628429,4.994551302797911,-0.4746118219878867
14.15625,-4.00574640616887,2.3136211675302727,-1.7668269279788498,-14.106572716663532,-0.5954449993334956
14.16015625,6.034157256771904,6.348943754088541,-1.3364890796525557,-10.632456082463637,-0.2865153344053305
14.1640625,1.0878248573967308,2.146618771192205,0.20789318062064144,-5.243759959577908,0.32686477622906257
14.16796875,-1.676650727668385,0.2529794369635454,-1.977334454708229,-7.060453007643087,0.10327623633299608
14.171875,-1.3771991322723904,-4.669633872709103,1.6506873589129707,-2.634210693678316,0.313638432806044
14.17578125,-0.8837412429356272,0.5710893466319061,-3.4226434252962337,-0.28167369985510415,0.3709592393003113
14.1796875,5.375101943735427,-1.1606378897850091,-0.18792038254750243,5.983098827723244,-0.7607631527027069
14.18359375,-2.9927038539338673,2.949373034296759,-2.628545520559386,17.41619031276815,-0.17302496361830755
14.1875,3.9862740821694187,1.6003928360053388,-1.6519873886224812,21.682768304132818,0.39507048413204177
14.19140625,2.9266139074033535,-0.3649672832057458,-3.727354186650274,-5.583036865383271,-0.4771730905771804
14.1953125,-5.929996452478946,3.9219840129273322,-2.757407564014903,1.3729047167698396,-0.08629627813092866
14.19921875,2.759624304268132,-0.6970942263111808,1.3974387035652285,-2.5946210302284785,0.06695227646718496
14.203125,3.890476861578079,-8.267506816665431,0.7814440926491686,-11.112496274769446,0.0538470521292878
14.20703125,-3.5554911124101305,1.2205293818949263,1.0286751424358742,-8.539784312127846,-0.18592787087632567
14.2109375,-0.4018796634872856,-0.42504924212795225,-2.2078352837748376,-14.052289349027141,0.5308939759448889
14.21484375,-7.257178628624374,3.595691058201097,1.7874824889478076,-8.218261367288616,-1.172893895105816
14.21875,3.277530860087184,4.934842159585631,2.854072946437098,-0.2919348856153552,0.6017613975518233
14.22265625,-2.2022749166106617,-0.7990105370064797,2.9619930021408845,-7.443358929859495,0.2756420764034756
14.2265625,-5.914631772166934,-6.961427742320568,1.083406565902905,-12.03864523327864,-0.10056450002821339
14.23046875,6.47871587179986,0.7316037035614162,2.0363846403955335,-1.2057249691682683,0.3290459180195394
14.234375,3.1048080630997354,0.7601091422924922,-0.575379866147615,0.37531885829233236,-0.8590213709664961
14.23828125,2.61675133563652,1.2084450898170458,-0.7800185715504389,7.591222344168332,-0.4342749229861005
14.2421875,-3.64188663216597,-4.149884910948342,1.4274869587266612,-8.248168048243807,0.192442263073794
14.24609375,3.109034668273843,-3.1305567841153596,-1.9044620286769902,4.015369030565068,0.11217877550613711
14.25,0.17488806144135233,1.3860242422145088,0.04767121891215944,-1.3603639199558384,-0.3341977043234756
14.25390625,-0.27540378987130315,-1.439376724911679,2.253815614604316,-2.6824283207311694,-0.7677924673556382
14.2578125,-2.1122019046689973,0.358443842377255,0.6506983308605204,-3.2194368172754526,0.013822522133106687
14.26171875,2.4658378922772823,3.5994238772701097,-4.566252099251217,-8.418664445312189,-0.215948085433059
14.265625,2.067461727963719,4.67530348538255,-2.443179707356772,10.866023820395295,0.8018947757661317
14.26953125,-5.820444772663686,6.142153579646861,-5.586397051503463,2.017462467263802,0.8269993954665513
14.2734375,2.7150392120903364,6.632164905621062,-2.1484778637472703,0.7391392577424205,-0.39051935712324853
14.27734375,0.1503649555995352,2.626138325550645,-1.940875948058534,-5.921762376761258,0.21436070582502542
14.28125,-1.098065278693082,-0.3875000428510301,-1.5846629773477252,-6.279260286174872,-0.9033585266242066
14.28515625,0.45516120051499187,-2.6482579210020543,-2.3381840183763516,-1.1269522435132346,-0.5008928484414171
14.2890625,-1.613812667329789,1.728817995493431,-1.1732935347109017,3.98688216537223,0.2412037728249933
14.29296875,-2.496264740365368,-2.111507184029282,-0.2852483174032476,-4.081555676715646,0.5453034706379759
14.296875,2.4205312935436574,1.2427181040797541,-0.5070757357950977,11.728679484356215,1.0490420978127772
14.30078125,-2.916342219965088,-0.24296547825955767,1.2553333093498107,7.4866294456898554,-0.10752433277968396
14.3046875,-0.32544096549703533,-0.617732268549788,0.8186380058925824,-0.2465045268517818,0.4519750922173744
14.30859375,3.8200539851085797,-0.013356811490465834,3.57331078961323,5.421767161235721,-0.6360496073616299
14.3125,-0.9532116972357436,1.636555601660181,3.062099845765707,-12.790252625736567,0.4143238841973826
14.31640625,6.606025362284239,-6.5697844536150996,-2.1560293697983823,-11.179984697819043,1.058173438841602
14.3203125,-0.03638508593054271,-0.10504933481327511,-2.3578564099494237,0.8211382222982246,0.5175348932337728
14.32421875,-1.6488395968978975,-3.593310849618985,5.805321881293537,13.625514182436465,0.3922481520831244
14.328125,0.3966152538291923,1.700155475841305,4.524182795689976,-10.544653853445013,-0.527155986271818
14.33203125,0.3548265907868418,-3.0468691943919914,0.1880253018344129,-15.020911554623414,0.7327576793606734
14.3359375,5.236371252897555,-2.3586585686845853,1.4131728687015168,12.01985226620389,-0.32737036393022695
14.33984375,3.9645144457263446,5.440652080708013,-0.4950968170459288,6.594203717266846,-0.11138243373922169
14.34375,-2.719029720698738,0.8176249964620412,2.782121400006185,19.944922103657014,-0.06438677594228326
14.34765625,9.316645908476858,-0.2595210056775622,1.7259537297181204,15.719450857880918,0.014799450878744612
14.3515625,-0.9421814154204122,0.00315053845137874,1.1387398523891041,-9.034197419654502,0.5050955620674814
14.35546875,5.9310291521851415,-1.5123934995781632,1.216672060549298,5.360771273471186,-0.3547861071222895
14.359375,1.0685747832688082,2.727543547818441,1.8080215911312219,7.059186061509903,0.030709511686512782
14.36328125,-1.4280314496428306,3.541843847568615,-1.2162696211445874,8.02023782184059,-0.15843327459747403
14.3671875,2.506996643040694,1.8705536004803907,-2.1828808662652275,-12.675511238144958,0.148380289901002
14.37109375,6.536181327740896,-0.5909015999768213,-1.499801692624311,-2.861112635638049,-1.459858266682347
14.375,-11.99630065556707,-1.5086256650629453,-3.561193001279303,-13.99537342175432,0.3566155647994182
14.37890625,-5.269698569001423,0.017929866317109643,-3.09951991335457,3.21959256743191,-0.3873977843354533
14.3828125,5.873837660951094,-3.064408104062249,1.2321729289504513,-6.660250484696909,0.38802026791490724
14.38671875,-4.949243920661723,-4.797507435743544,-0.6657214461691879,-2.0956212072994687,-0.6568233280681379
14.390625,4.486278048348636,3.769852345294029,0.44694599536066404,5.009873456564961,0.09863364867110361
14.39453125,-3.568657296703992,-0.082288561003091,-2.8916820865497135,-11.41883194715728,0.8510286630324723
14.3984375,3.137309803211986,-0.08324824859520168,-3.3648629220009676,-4.390571383339621,-0.11929931120164769
14.40234375,3.0634442033302256,2.723686757388218,-1.8485683453639117,5.3866302373143675,-0.402927787716212
14.40625,-8.583424832087223,-0.014012213763929998,3.1776838029471897,14.062898582698585,0.013452506875728758
14.41015625,-0.6121142411940547,6.3775369920100715,2.3224137689672975,2.794695215103583,0.09750501445545683
14.4140625,-1.4107753873054056,0.9654581058878512,3.569536073783343,16.58383872669173,-0.16103324437185376
14.41796875,2.830227647957101,1.7630549032933795,2.2624744531974725,-18.321278431411677,0.5265575803909082
14.421875,-2.573461972019924,0.8950805319949913,2.2887523392890783,3.4547758516740963,-0.2609481374374686
14.42578125,-1.5160576051554424,2.89001161659405,0.01477590390375294,2.35490659763678,-0.00867926428258352
14.4296875,3.7565405423594713,3.532632832602104,3.975769290029901,-17.02731240600817,0.8210427294925506
14.43359375,0.9092049912084587,-2.726013352588272,0.0901458876206207,-13.231337760216807,0.38941457343267494
14.4375,-0.2034565320492563,1.296921936705709,-1.57473948897745,-1.1468749704391206,-0.21277107511242652
14.44140625,4.159972124111299,4.647303888067499,1.9104324912245956,-5.291966005471485,0.4069171099419162
14.4453125,-2.0074433261714653,-3.703524920555494,3.5380834796511977,0.38483064810951606,-0.3290005657601024
14.44921875,1.7392506575171023,0.8794580390577904,0.3925335374382007,-0.0825316050690863,0.22747806655378683
14.453125,-2.192961476597894,1.132817606317342,2.2810473590742437,-1.824562988373212,-0.4463485072036995
14.45703125,0.11437607090645434,2.784793652440623,-2.640635250689772,13.110446970618025,0.03899074135762365
14.4609375,1.716829099396509,4.225598283224607,-4.975726580103896,11.100935235736053,-0.5006473376272627
14.46484375,2.3600325504131505,1.5127628390578252,1.4743385458979943,17.505308285680076,-0.343738161187474
14.46875,2.201779286188762,-5.6057629053513285,-0.12037830559328522,-4.454143667616629,-0.5451347052104684
14.47265625,-5.021765090700632,1.6451832777417073,-3.1728403601638897,2.7872571413973484,-0.323979813635994
14.4765625,3.8172471729880115,0.8461284255875502,2.112646903603637,-2.6648316746171425,-0.42843011761924904
14.48046875,10.323790583513464,-0.6573505171337619,-0.7897059478359978,-7.726618401745769,0.119588494190504
14.484375,-3.0768548787148036,1.7866564753052534,0.36619494028503285,8.44021188094794,0.5042799522720185
14.48828125,1.2425397073578377,-2.857518393638343,-3.356394994660018,-27.276168272424698,0.13251561494173617
14.4921875,0.5507463982785947,-2.5980499052887347,-1.831871017951598,9.552499557580875,0.0442811225250877
14.49609375,-0.17313809487214415,-4.0056504472048395,2.48336811203969,0.032323600369988714,0.5047335674930374
14.5,-5.38247654556999,-2.254606898811157,-2.4239573192072137,4.752028997273342,-0.49067789318471194
14.50390625,3.434209101561865,2.003406606751916,3.2832819935325057,2.4491991717811965,-0.3107224147624989
14.5078125,0.16421751858015432,-3.722536425677605,0.9279434152036662,6.347232845381244,-0.2968967177799192
14.51171875,-9.218817903418406,-0.10959419913977513,-0.38470151543464315,12.832710720251765,0.36393582767814936
14.515625,-6.93147228346702,-2.7858894293361764,1.486418595747489,0.41362100978024685,-0.26783273269620983
14.51953125,4.250763496411295,-0.5356103070911207,3.4615168584957567,-7.595120856483946,-0.1348117048657409
14.5234375,4.284707522746063,-0.9742585452473842,-2.057347720732736,-1.7475479760629975,-0.3912555243847009
14.52734375,-4.977454212006303,0.449380099000119,-3.0716005333211758,9.771196364072471,0.4975759168244377
14.53125,2.643172462221002,0.3334270800904432,3.9246628404565196,-11.140733081263644,-0.41754641894310685
14.53515625,-0.3359979585162365,-2.3816407281604697,-2.5406889335215013,-12.34671683004598,0.5061959124050754
14.5390625,-3.1118512575015194,4.493441300028977,-1.888713201718728,-13.248052949010379,-0.016325496553541066
14.54296875,-5.535760408016277,-1.4959025464082512,2.1105661036187042,2.83425541549399,-0.5381553500906092
14.546875,3.596575168151514,-5.276880874825785,3.6664802639261835,-2.185748566330853,0.023114234417935288
14.55078125,0.8040207364258559,0.9288477178311257,1.1470804616852703,2.882014191978243,0.14339725357985864
14.5546875,-3.610881056194054,-1.8239086512079217,-1.9687433685434963,0.27844178125778973,-0.47751967683927504
14.55859375,7.652535810393412,3.1106098242119646,-0.08310032389273292,6.278359509172571,0.5783465631503458
14.5625,1.5407639325713427,7.796142296612926,-3.194989880294692,17.75874483163716,-0.3192019614287187
14.56640625,3.797698032115333,1.2737761462784556,-3.8506640271710486,-2.15704543418034,0.8015618008106544
14.5703125,-0.31774275537735397,-1.0563025584243109,-0.20845266947094032,16.65371289288458,0.13418637708374426
14.57421875,0.16880029578553993,-6.3283583832089185,1.1250961071513292,-3.259181786598586,-0.4219652686671205
14.578125,-2.640370034604018,-2.4745829848224328,3.484424227569376,-7.16917205407764,0.18326903616845697
14.58203125,-0.3323447514299653,3.252064275809973,-0.6708129613840745,1.5327751013397934,0.18188821489226542
14.5859375,-1.6478312767212653,5.428182616909136,0.8092599589199179,4.787880672819532,0.5443932940314183
14.58984375,-3.7430706276681986,-2.8557391110481,-1.6790718534403006,-10.27179082677814,0.5250099848149993
14.59375,-3.1935403548379786,-0.6272368094265454,-0.8097759190865488,-12.148406250186753,0.267859693395589
14.59765625,3.3007524562851995,2.0429407072222636,1.6203720444195773,-19.213310266477983,0.07002162819589981
14.6015625,-6.985045208530561,-2.7488071437011286,0.1638014165873834,-5.4284905050146435,-0.43627692868221557
14.60546875,0.7920078037366468,-3.7192686184659847,1.6780411107078304,-6.9308443887386035,-0.9543621209705156
14.609375,-1.5706493036954523,2.580379402451705,1.5929396390560997,-4.736469821443322,-0.23413158063303388
14.61328125,5.075499302811618,7.095874777172789,0.8845927482065161,20.766425547690876,0.660193883152222
14.6171875,0.389332678239487,-1.4339638045970635,-0.4043663863947251,-4.720692461486904,-0.22805168025796846
14.62109375,0.3035312010592349,1.2677594990099004,1.8189357951466008,14.592358014474597,0.5359542785396669
14.625,3.6606700682202793,2.3339148930923863,-2.046744502321829,13.15875002288693,0.6573586156458239
14.62890625,-1.6286706099294173,5.98094400926683,-0.5401105167304503,8.089455394961327,-0.2740806490274292
14.6328125,-8.143069065743193,3.6517149726463276,0.4898396826657795,-4.8375585576832565,-0.6199737093982672
14.63671875,-1.0064733783031679,0.7546875224125276,4.779394271377988,-11.227959288423994,-0.864623000610023
14.640625,3.6535549407715875,1.7036322423418016,0.7724445071752173,-14.206600606152513,-0.2054242985762563
14.64453125,-2.632433096362552,2.5142107349748555,-0.7249328295782056,0.37000091027976856,-0.6754115317372514
14.6484375,-3.0991041371548396,-1.989194546989832,-1.9924001806205058,2.264976012773495,0.03889495060629619
14.65234375,-3.94834612410979,9.247888327763476,-0.9015860578904575,-12.838724353210551,-0.39711796873343896
14.65625,7.478518533114227,4.695115198082796,0.9669178010931245,-9.983143607839274,-0.31371373606629877
14.66015625,0.9519807927183919,0.03033508974374049,-3.7130161859257744,12.5733354896739,-0.5821542720112513
14.6640625,-8.148825468674168,-1.2734993613421772,-1.5520011497772204,2.393702031441391,-0.10610100120880776
14.66796875,0.07865898827631167,-0.6836070625456576,-2.7412772236988276,5.1308201233087924,-0.35362989478446927
14.671875,-6.146340742723195,3.1696379493997036,-0.04268071601342571,-3.554605519376828,0.03056826256045396
14.67578125,0.6380771996893957,-0.49437933018173663,-2.5045418748064567,4.619772403635632,-0.20547114297894903
14.6796875,3.3616087843799534,-0.495530543402826,-1.533089446557027,10.803774615185095,0.17076118525619538
14.68359375,0.7177124899651051,-3.5227783138383,-0.4105035810720581,5.991636411723212,0.3102487508554988
14.6875,6.499141867898051,-1.868913903567095,-1.2836934606677148,14.089308807746773,0.43887894523053705
14.69140625,2.749448158462586,-2.141571117771343,0.9022197302351757,1.5374263544583593,0.4720682555638854
14.6953125,0.85864247845535,-2.7562330607370598,-2.031053316568677,-2.239827361760427,-0.5955701378724971
14.69921875,-1.040502490877117,-1.7592061122011677,2.043567572501941,-7.165447968961164,-0.3378571030254215
14.703125,-5.968462600035019,-0.13973983033484383,2.6405528406805354,5.945309722256757,0.14780572447779095
14.70703125,5.37734069102379,1.789077097129657,-4.9683459898201106,5.866597395234445,0.3208486194938636
14.7109375,-4.039293076961275,2.116341769654191,2.724421310881006,-10.712157972306873,-0.2841322755499376
14.71484375,-1.9619140995382907,-0.5436771489092532,4.41061155276788,-12.669641698115441,0.3181567841107014
14.71875,6.636038602339506,-2.33623086859534,-1.6213475790343386,-9.465320475438416,0.21778950766859545
14.72265625,1.5917321336832972,-2.397370416966171,2.7929651122825696,-1.1625053098748994,-0.8171696503543696
14.7265625,4.3930076898388535,-4.663053673804071,-0.7202830544826169,17.762340923434515,0.2114122655400489
14.73046875,-3.8572143175336038,1.3397692733658242,0.744439246516157,14.315267933884645,0.39700516888546006
14.734375,-5.129473950537087,-1.474093114404554,-4.553139578972255,17.252522986761996,-0.10642242986403515
14.73828125,8.118578347421488,-4.446693395599231,-1.3905958948395818,7.988777066363251,0.10362655929547247
14.7421875,-2.548575468136332,-3.2572360732713443,2.528221467157852,-1.4661626844247762,-1.8999833564664312
14.74609375,0.0037052437333282276,2.889975499439722,-1.4612804008343208,2.5871769143110033,-0.45790289747408497
14.75,-1.8246251826991193,-2.2305653578490583,1.42555130151156,-7.980449476232606,0.33258291663770756
14.75390625,-0.6762676321544498,-3.0962495973462882,-0.22996938765821393,-3.9290390673000686,-0.09771973124419854
14.7578125,-2.359843698822511,0.0900661879172382,1.4371816521970024,-1.7315117142195997,0.3318295916097899
14.76171875,-4.189971111594396,0.10389110343691108,2.6383605395986223,-13.432935666682786,0.6549981494278234
14.765625,-3.9829098265074414,-1.076461826952212,-1.2988533702772904,-9.34952042746779,-0.42423827246374946
14.76953125,4.558211081639642,-1.2726044755128885,-1.7341091386054877,-7.1579767557333245,0.27793516648800093
14.7734375,-2.096793003682614,-5.153682328736916,0.0223771490745186,-15.708542203721773,0.19022807497626049
14.77734375,-1.3040038793743842,6.021662853615747,-4.254025234319974,-0.2821471630948792,0.4877397616146293
14.78125,2.0325787033648957,-0.4781378606758907,-0.4113051400860611,1.3031529681179816,-0.8910875531851941
14.78515625,1.4903770815159645,8.4755073124549,2.242850042029412,1.4770742721944266,0.6431957738362682
14.7890625,-7.084811914207,3.624435426560122,2.2999657822845103,6.843917807927257,0.06791577179695342
14.79296875,-2.1214262379515154,-2.5542949121036527,-1.3855675072758757,-8.934693877077091,0.21975096785758663
14.796875,-2.711044306571941,-6.7035207832488855,2.5726869527553755,6.103428842139479,-0.2913519866714906
14.80078125,5.637395234558969,1.1546729827969298,-1.8915716996414313,3.0160746453291853,-0.27791796878606695
14.8046875,-4.346038131047395,-1.093813324295415,-1.5033552126089988,-11.525756607518103,-0.16314464242457477
14.80859375,-4.420162593449507,-0.5937885530118456,2.4240543564184716,-8.963240176690396,-0.2880106138008005
14.8125,0.7835705167427957,-2.7980933203182956,0.7839786836143738,-14.82658654779025,-0.5778816879645551
14.81640625,3.834072757323898,-1.4785889115164101,-0.9015722982034295,-4.6926138017895385,-0.09070326058201442
14.8203125,-3.1379752076965324,0.4354695248139661,1.3503291043985992,-19.362761807610617,0.6232572048688676
14.82421875,-1.6596838963078475,-6.809470134958188,2.2278309796093327,-2.4838628874008006,-0.35769967733046093
14.828125,2.243759342077712,-0.4389537005393421,2.713857204337135,-17.544261697892548,-0.13125669495912354
14.83203125,-4.497464150479875,-6.908385477595161,-0.33224516490786327,-7.094545541269132,0.24512410190257938
14.8359375,2.623652113575714,-0.37230635786635147,-4.732987363351834,9.678926306007646,0.48013065830383567
14.83984375,0.546201333689189,-2.1430239728400724,2.8787267096101496,10.329224604790245,0.40851339852870266
14.84375,-3.9957313375584227,-1.4606125975141298,-0.584088956052057,6.2040388857925794,0.46535914943261725
14.84765625,-5.680681374992465,1.9348402235828055,0.28920878793643534,-7.1845235474877605,0.7807950796792896
14.8515625,1.2359945810706188,4.686227387735723,1.1919544613636146,14.544377347860605,-0.7009696475731539
14.85546875,-0.6991706292541147,0.8870465302253487,0.34521288016513196,22.54651765420794,0.607570031283151
14.859375,-1.4204288776633383,1.641838033402292,3.3975158491760133,4.4875619655189904,-0.050335034383427034
14.86328125,7.7768558695589505,-1.0494444887662104,2.1455359580757762,-6.430575303958101,0.3396638554315396
14.8671875,-4.133846120827753,-0.34084932570536897,0.023799640256394028,-0.10304454589977974,0.07512156526738187
14.87109375,2.3433901767161234,4.891765480961016,2.2253437132814025,-7.416276845590329,-0.2604638983788445
14.875,-2.6293979537916754,-4.522043442560243,-1.7327708409740343,2.1206661720726547,-0.08114275333636319
14.87890625,1.9021404733377048,-0.3851264748228048,-1.0352834999122944,8.567301564567757,-0.2980870724377761
14.8828125,-0.5986409843885347,-1.9246159759231984,-2.471528769496346,-15.41250191342782,-0.21336875059442517
14.88671875,3.2063805933532805,4.655506142257097,-0.6161509206933163,-1.197733358541322,0.6080268275015304
14.890625,-0.46944308311022503,-3.869903205999189,-1.0907151086567695,0.8211916422304106,-0.2894547232435963
14.89453125,-4.438298294282587,-2.5601361339759023,-0.767002009685692,-1.0754415955419026,0.18017998660611526
14.8984375,-7.44437089409934,3.3715362858294906,0.9293684798251007,10.101100593931552,-0.3432975130053806
14.90234375,3.0083795768583395,0.5462373786279318,-0.8695467507605759,0.9553759186379907,0.1001076218595759
14.90625,-5.583253886725432,-3.186537294916526,-4.103926357045067,10.96953955898629,-0.05667997083672687
14.91015625,3.6912249971050364,-3.071977382893307,1.7055152392777817,12.16435276795607,-0.29704088518924565
14.9140625,-0.7883351611445322,-4.491621912928378,0.20367000782468248,3.1055390843525634,-0.10034244370090771
14.91796875,-0.24461904134710083,9.257345405390435,-2.1872703786708363,3.3830253928952945,-0.17021482178838243
14.921875,-1.8519080219424875,2.1876958444764756,1.646198793094513,-15.23752586562724,0.5852082566209775
14.92578125,5.870727054261346,-0.8073149676495658,0.8753819274146043,-5.034417951470809,0.15744397883636754
14.9296875,3.5289374853320044,-1.261569974766609,-4.408672222512939,-1.5151741357902253,-0.6200148708446948
14.93359375,0.49394991326094323,0.26121104772977877,2.1560099541223448,-16.083712571137887,0.1855830155014118
14.9375,-0.861865204191919,2.1792833546015253,-0.7334754445562144,-1.8606134200402114,-0.08155919658834102
14.94140625,0.6074806750327503,-0.8829563003721519,-0.752759287193068,0.038800083970896626,-0.34637360416114227
14.9453125,3.05671699474117,-3.3091214480820934,0.18255048429426152,-4.98871097318584,-0.39766139234478526
14.94921875,-0.062402512765453624,-5.2701166864603675,-2.9307917399704095,10.710100538456302,-0.39663446110529027
14.953125,-4.449984240088173,-0.9565790216822423,-0.553195755071031,1.7339951135391987,0.8886610720795405
14.95703125,4.70791774413732,-4.200907374892973,-4.503061574487286,6.290034054583468,0.43625750397891644
14.9609375,5.622834506267918,0.5025399056044965,2.2613725679173826,12.29426584240785,-0.10911886977663172
14.96484375,0.8605469206784765,1.901110077449411,-1.2768277852695924,12.693603376045141,0.18524462315915122
14.96875,5.490514811287359,-0.9597554326316353,-2.613409664081183,9.231327112041361,0.17619638536348656
14.97265625,2.4290686353633455,-0.4664477185645063,-1.642876854139804,-0.8195853153130214,0.2589552038997695
14.9765625,2.9264930633667343,-2.0030133825860554,-0.9897528614937371,-7.53706906028964,-0.6367973795627366
14.98046875,4.070406023671928,1.78288896472633,0.4824047822773829,7.030786141281478,-0.648367006163851
14.984375,-6.787541013832566,4.019817524606628,0.10653726144794984,5.7137738745741125,0.5226240998814445
14.98828125,1.6660292738683828,2.070916017858999,-3.0858335651705957,-10.87842952826945,-0.632056848269026
14.9921875,-4.467362124796721,7.226384114029834,1.1979206842255765,2.281578420643659,-0.5084778325407339
14.99609375,-3.786411410271856,-1.7556134772856131,1.470674095909379,-7.966922036755295,-0.20927149047354068
15.0,-0.4747923492040033,-3.0232061860323958,-1.4146653077321891,10.946268859324865,0.21711671475075783
15.00390625,4.655890633184622,-7.16338572316398,0.6991690502771457,0.3344919976524632,-0.007813548769799401
15.0078125,-1.5366592855990877,-3.105952150775562,6.197687789235693,5.47380792058893,0.18177627601247248
15.01171875,3.952547684916928,-8.642522643128213,1.7031367062867493,18.844375186353982,0.4474245150669952
15.015625,1.1993777519213518,-1.8228055570087403,2.5142600140691003,7.111839682115432,-0.46863106974343816
15.01953125,0.733360283460876,-0.9290801291973749,5.818573777901441,12.794655521444994,0.0185871382834104
15.0234375,1.0744263647967924,0.48074473851327426,4.940602836382476,0.05538659135606805,-0.17350857938332795
15.02734375,0.6000354039462846,0.9540642882854395,0.4038993308901897,-5.557320751512207,0.5878381866823712
15.03125,7.921420367759337,-2.1732026358211405,2.3569250956393435,6.0767380198512235,0.2197600966207684
15.03515625,-3.8950617915258805,-1.181273564057082,-0.6258404823589003,2.548316253769636,0.1326169268050178
15.0390625,-4.178713791670272,0.3523999683619601,-1.052584568705109,-5.325698384179404,-0.2731472977632904
15.04296875,-0.19787388225727284,0.868571114541219,0.7973934987688411,-15.965980601149646,-0.27395383089627406
15.046875,-3.899059702897524,4.3437696806815165,1.385153336823629,-13.31657803116488,-0.3021596839710428
15.05078125,-2.020256530714052,1.1252627158425728,1.2201151545593851,-1.6961618479699399,0.6756945650371303
15.0546875,-5.320150897852169,1.2407910887594513,0.13925198315947518,19.120696554459144,0.16506669496067805
15.05859375,-0.07305464024430439,-0.21277839697355694,-1.633191973684564,12.14784498538808,-0.14066991157594408
15.0625,3.629378645179145,1.1568370677894357,-1.434592405239398,-7.803819961572099,0.20590426414424737
15.06640625,6.844239827860505,-0.5211585592488978,2.8679526230957473,8.160180033889102,-0.30549710682291736
15.0703125,-1.7624904405929827,0.9427552562160572,-1.8612166527614389,-4.686974116024928,0.760204885862842
15.07421875,-2.5643926168578215,-1.7446860271027735,-5.054427540202411,3.4587640723426194,-1.0597528634373816
15.078125,-5.963509135355931,-4.0618754398400885,-1.3848921705678898,7.885670577390096,-0.1291744618466775
15.08203125,2.2670370354818736,-1.9414928588475808,-0.25952861888468237,3.3330884823538796,0.5340301399616606
15.0859375,7.9810929291504795,1.4472103776214422,-3.229765673236938,-5.822832797436761,-0.30135387575660616
15.08984375,-6.825457138744874,1.9430705674249604,-4.3691026185993485,19.323504594004696,-0.15262338705775563
15.09375,8.341506252367362,0.9765028357881071,-0.19432217020281134,-17.887684629225394,-0.3104301436344998
15.09765625,0.9572988670610283,-2.5243790954247833,0.9145378049932438,-3.5054010568917073,-0.07911089474252618
15.1015625,-1.4724015378192927,-1.922021804771728,0.25922683066474345,-1.4440855300634885,0.24836452968426392
15.10546875,-0.6130303482990879,0.2738058547420892,4.453222643932144,-18.80762429481994,-0.5157405350667134
15.109375,2.643057499780887,-0.11268493298599319,1.6238226517150658,1.149534457491256,-0.36855934199979457
15.11328125,0.8338221016404564,-1.822249749978802,0.3627985616938302,9.033655474901357,-0.26138771989289816
15.1171875,-0.04205010295885956,0.9773928003777204,0.2680479323320355,7.449054032098759,0.6648189014238368
15.12109375,-0.7174369193348864,-0.5460765521821542,1.400520852633199,10.78792266351557,0.2741534291689418
15.125,-0.9143813881826915,3.2967342484296576,1.8262906276763946,-5.513412484914239,-0.33987805379622976
15.12890625,-1.7992334436853872,1.479359885356695,2.5883387142517593,22.153407449764927,0.2946692783571631
15.1328125,1.5906361661391342,-2.91886180897154,1.1750685538495995,0.5106419544475584,-1.1361567399451007
15.13671875,1.670552539579485,-0.4424607265757687,3.326452836180701,9.454337844505343,-0.5768737783596574
15.140625,-6.942376852721345,1.0994684157608492,1.8559058925782026,5.285735776101977,0.2753281732630209
15.14453125,-3.2929875250386846,-0.5028035356133865,-1.476866963523285,-27.626479154909944,-0.2786160831210429
15.1484375,-8.481090307853641,-1.6831467406059404,-0.06094411851046272,-14.267077920746747,-0.7270465884719762
15.15234375,8.159708439361117,0.5198811119690676,2.419463740729532,3.474586074239105,0.17655643920320033
15.15625,-5.155472440663546,-0.19800958164997337,2.2671605157435764,-5.1571956063627455,0.15614295205001671
15.16015625,-0.0021807954352080485,-1.9134686581731426,1.7507502510714463,-9.635029541812312,0.015746081363640203
15.1640625,1.1625844093970588,-1.2524238810938264,-2.3416453794812324,1.984312296459001,-0.7457676224852823
15.16796875,1.1621566522964788,1.6423552094880125,-0.9125928047687355,2.447224104508009,0.2113677801975082
15.171875,-7.907467437646399,-0.28408930224410733,-0.8232714732027199,4.452483411376715,0.4234442454869066
15.17578125,-2.2425552431806577,-2.431652500222767,-2.1823104739542396,11.340463616326808,0.5400980220740897
15.1796875,-1.2105133994486468,6.0491743004773575,0.5044520255739513,23.729622035649516,-0.07850469782625255
15.18359375,-2.1803122785991533,1.3196582123199918,-2.9919078800423673,1.6776052197670381,0.14995826405715093
15.1875,-5.47124825331246,0.8905285840648116,-1.0013559075768177,-12.654141972881845,-0.49851964398246945
15.19140625,-2.8081683267305397,1.2966283227835707,-1.6984822989647965,-5.760473887987514,-0.193868845986978
15.1953125,3.0116114008458554,-0.029642563904127804,1.446316852251832,0.2317787865437465,0.06361239671679154
15.19921875,0.5099361427695339,-1.4721309051576312,-0.704915288950427,8.932716027701439,0.0028547184772561626
15.203125,2.3170225253887766,4.530644641603423,2.779207979721486,-9.036439672135813,0.555622081479941
15.20703125,1.4426435874865744,0.8133326191471115,1.620515139741407,-14.980208648194447,0.3777763333941667
15.2109375,-5.482159437429068,1.4196018640005947,0.08250954329434701,7.830505225562097,0.17388839730957587
15.21484375,0.7255358608660559,3.493693201491482,0.7873888453276305,-4.685281949167344,-0.925130439754083
15.21875,-3.4796262041189623,0.7816033945470475,0.7766895389319994,-6.453370849402854,-0.38856702097806206
15.22265625,3.3794258330482383,-3.613560060066925,-0.9760494117214569,8.667570635505102,-0.0419100838670904
15.2265625,2.0393375295138187,-2.9531215115957985,1.9385988336857392,5.639555081042143,0.2493947109166019
15.23046875,-2.5154084158847754,0.9241772356827649,2.068191727795564,-4.176808623785038,1.1292227497073315
15.234375,3.4265528900757176,2.961923014381971,3.3740186240115784,17.92846323267471,-0.9081690122088079
15.23828125,2.4326421011275086,0.458746724659415,-0.44254015187783136,16.403702986950158,0.46642345258873513
15.2421875,-3.1596659520210144,0.363390243925241,-4.380430269137924,19.46496393269007,-0.32026509334256803
15.24609375,2.327932868710061,-0.39657953128473855,0.7373824091751394,6.009861372285399,0.2704371869225472
15.25,0.8290040596851254,4.287189994290166,3.375476506726932,3.8760141183035763,-0.532781243895281
15.25390625,-2.5015861233866894,1.5951757962860305,-0.7108449686815819,4.290627335593756,0.47491581923657805
15.2578125,2.603125159118768,9.172604377619866,-2.8562140832326084,0.1752143959904826,-0.015314272535101925
15.26171875,-2.2156952013045332,-2.106825196847894,-3.5016350743146227,8.356855263716648,-0.0967191478007382
15.265625,-7.122141014730379,-3.1134743898981574,-4.120315094462734,4.678692107263823,-0.14094295832560713
15.26953125,1.4938630323928288,2.6616614713957722,-0.14224331242884092,-7.458564935821173,0.09351741874607651
15.2734375,3.2876051452618937,2.0418744631817165,-0.2425403503816932,6.026159632039643,-0.1408478987461744
15.27734375,-5.948258257122005,0.3488206813364954,-0.2817048787716838,-7.991751792628362,0.024200331201220514
15.28125,1.3159844255885895,3.6532346037264354,-5.009884986876074,-6.861840248791341,-0.30291580529341355
15.28515625,0.7446895894420746,1.0392446981974492,-1.5824213396783313,5.508605743441837,-0.3209076643980101
15.2890625,-0.8785769419918418,-6.518207406747415,-1.688623045842757,9.38333100446342,-0.04963594583722198
15.29296875,5.096803625079185,-3.4748648665774517,-2.9074165745613225,9.520800910241581,0.21494588426552833
15.296875,-0.7352614353618511,-4.856048278993727,0.743547709118346,5.10275248384252,0.03653319751715099
15.30078125,-0.8453524077799075,-2.0984859789743666,-0.25613633472190106,-3.0315111846696126,0.45251072743088183
15.3046875,-0.6656465290562832,-3.2015047841841078,-1.3708751559856556,7.815613535356382,0.0040093272359264
15.30859375,2.3826211194513744,3.9558412891413655,0.2560937336792014,-7.886343696666638,0.9216277811672967
15.3125,0.5069204730897106,3.093272740889135,-0.24425151421044,3.598458643390657,-0.5631390951772628
15.31640625,5.306956408464242,-5.857412177372922,-0.7795609614389478,4.21497020846455,-0.11543018848015597
15.3203125,1.4746655267729012,3.0981107309999945,0.9746085580033237,3.4753597605262163,-0.7484719685149356
15.32421875,-5.002798427807508,-1.792284590261127,7.172575871234278,-9.165028902487085,-0.6869141914264799
15.328125,0.40939815386982265,-3.3417215387308046,2.3302478442022103,7.233134293728657,0.406875977446779
15.33203125,-7.354941198600498,-0.2962241239153278,1.0508325360220878,-8.152029301025769,0.03694868551810739
15.3359375,4.915400133261134,3.259549920133317,2.8232827300866834,-5.9110272138089535,-0.23117502037625176
15.33984375,4.184887817467713,-1.7338286091707684,2.9367188745301647,1.1618131418363862,-0.4123307603394995
15.34375,6.616197358248865,-2.6397621455205136,1.2597049228721122,9.988959128767032,-0.12191413260268784
15.34765625,1.047955407123185,1.1812761863256478,-0.7917449099552544,4.716506353517311,0.1595141739168223
15.3515625,3.0154733367892175,-2.198912395361583,-1.4474938606840804,-0.31715024363766986,-0.4514616044415738
15.35546875,-4.836153281779225,-0.27919727512063286,-0.9709740945652553,8.388570577810903,0.18774517818128006
15.359375,-0.5299360186320377,-0.579106181844843,-0.354971070215777,-6.042294011157311,-0.07419626799763403
15.36328125,-4.716953188107453,1.4064012520076052,0.15180015009126446,-3.712216937975172,-0.1253566194708566
15.3671875,-5.943542316463441,1.7178392602107393,0.800040741080654,6.349212960478241,0.17879197910446154
15.37109375,-3.7244085541996923,-2.8420977528668843,-0.3804320208966432,0.3749457381635146,0.6477274871762361
15.375,2.87184098836842,0.9650608580485551,0.10645242892318407,-8.750946395198735,-0.28373855709173523
15.37890625,-3.144560313884482,2.922654087678179,-2.077651096278437,-17.87630798704109,0.30924957997594155
15.3828125,-6.379770373110651,-3.519628720615356,0.154463760726806,9.210901757204054,-0.13917289141884095
15.38671875,2.6187342517530303,-1.9113011106242341,-0.11064282066577302,-11.8416375560984,0.0722273579940793
15.390625,7.218817451271067,0.06614316740328999,-1.890711016090079,-8.881241904658662,0.458903905309093
15.39453125,1.3634781505491593,2.033567309237981,0.7095688185384539,6.949028335570556,0.3598709588836368
15.3984375,-5.910065436981976,2.9204140693571237,-0.39520210333313566,11.635082853655462,0.5736664439303908
15.40234375,-1.3929399950109675,-1.656513419381136,3.0020730827487943,-0.38904809133832163,0.826483377973641
15.40625,-1.9243346211033225,2.933005557952108,2.1474376931619563,-4.969742041988152,-0.1294715557782775
15.41015625,-8.019353729267257,-0.3363558070749961,6.153268294520164,7.397884238805352,0.0776123869267886
15.4140625,-11.114784375506702,0.4868368549147169,-0.9785307678217352,5.819971948648672,0.5682301614710006
15.41796875,0.9514114889769457,-3.588269730774972,2.3862484310683256,-10.263908034175165,0.16621775838646982
15.421875,-5.337216766316772,-0.7021369503142515,1.564976870542846,-10.326211685709934,0.18828565200490668
15.42578125,0.3766746170794862,0.8221546149955737,0.6371772059290266,-7.786156077683671,-0.5373605252230331
15.4296875,-1.2266732453205675,-1.1072639818263996,2.886050584717246,-9.919690900452522,0.441409028006064
15.43359375,-0.37333578238017257,0.07456321493126969,0.2367795293053303,-1.6755589232229924,0.7624663700425102
15.4375,4.030857042848309,1.5040558655991632,-0.9255318385988627,-1.7331791996276587,0.7410448477146542
15.44140625,-4.219170012148147,5.179960521857682,1.6462788983317649,5.731528883241937,0.460018460297046
15.4453125,0.48226457383011223,-2.404160807563204,-2.6590488078307595,1.1637196123369509,-0.42295675839038577
15.44921875,1.7634908243663339,-4.7457659794485405,0.7695778731837322,0.20096084240487588,0.19482463801500327
15.453125,-8.190895842367338,0.8181560332089746,0.964671418748846,7.084253544603549,0.565552644167927
15.45703125,-2.0779056991738933,0.7525728126696618,1.187546518892737,14.750759333827222,-0.7782935334561936
15.4609375,-6.284879091737757,-5.3543200005233995,-1.6514486594788529,3.7964830061224517,0.1759528587883702
15.46484375,5.444001627475279,-0.5672394928683655,-3.3106366657781914,1.668488612469663,0.2499655637874181
15.46875,0.2423411257584434,1.428870033452614,-2.3164540246491923,11.566321881209346,-0.23663462378702937
15.47265625,2.509928336629022,-3.0932650846543632,-0.8472185062284845,5.499975937845153,-0.344077378687775
15.4765625,4.93859444944604,0.31947669802381157,-3.538896228445848,19.143973917526978,0.4516049406205567
15.48046875,0.6991028334953514,-1.532586184561716,-4.624308950653614,1.5393847738328228,0.5456922769093344
15.484375,-1.8558002028469454,-2.776394497906912,0.4729692357526676,-5.9629723886165795,0.08387269973339859
15.48828125,-3.977071881294964,-3.7135660586434667,0.006625511499969816,-1.6924875300989148,0.22652241333615034
15.4921875,-1.124656755154174,-3.2245322979886235,0.26789781677581315,-19.92035197263525,-0.5322128937921649
15.49609375,1.6358690783198433,1.9818364375805984,2.7242467047811387,15.11861602354081,-0.8098706432696636
15.5,-1.6215574466063025,6.213104145148651,-1.5377424688049577,-9.967124639353608,-0.436113056088651
15.50390625,-3.525970620325841,5.755211949778481,-1.8033396725638424,10.712789834166255,-0.20184673652031102
15.5078125,6.050110753348592,-1.231769835348003,0.22223764040847793,12.394323920132827,0.07444369789568665
15.51171875,-4.487415059692441,-2.4408681280868914,5.644468739646554,8.214944021485552,-0.04380929515863442
15.515625,-3.829655523741065,-0.014393945036648845,1.9360946679098339,1.3737741710486793,-0.6680784457384216
15.51953125,2.170448085335582,2.4484917126856933,2.088072968744677,-1.4548634985230322,-0.9194007878045534
15.5234375,-5.605657732215,-2.212726999267082,3.306023146872231,18.187411790036215,0.021887893088855817
15.52734375,-5.8453939295225394,-0.5655852920764415,1.335880008041598,-20.830789287516893,0.16821202433799387
15.53125,2.2798273321030096,-0.638782231979246,4.865403828836342,-2.3923580945303713,-0.21245184551326526
15.53515625,1.3428632749634581,0.12218031427300274,0.5289601336113187,-8.992384148682321,-0.44011560591634813
15.5390625,-2.640813442737158,4.575558119582254,0.8623512510436423,-10.310350252192194,0.5329931898429225
15.54296875,0.2432052902255358,-2.9850379449054802,3.304556915470495,-2.856436972333377,-1.099663921100954
15.546875,-0.9467766806690248,1.626120522651564,0.3816638108987185,5.384330814337824,0.026834853107317102
15.55078125,3.694081262712527,-1.6969012369067167,-1.9335028389570519,-3.666298035354102,-0.1494610379357876
15.5546875,5.8895423023456726,3.706790040274826,1.8201575704681892,-7.239820319880904,0.07826513337700639
15.55859375,-0.1864544867269551,4.756781605192963,-2.1078433605056484,2.2978013778414668,-0.19382766703507848
15.5625,-2.6766703408484007,-4.862428848041906,1.794867916924638,6.667905140421418,0.04249342730295432
15.56640625,-0.9165003916097969,-0.5907116632797982,-3.6030508168227744,7.404890823203504,0.10642089793721457
15.5703125,-6.376317158567811,-2.906467311364959,-0.31898584825992016,13.067592361064161,-0.19591022257409957
15.57421875,5.365922262649204,2.6545048529796023,-4.136463150648616,-6.720758784657412,0.5086551109308146
15.578125,0.8226090481484246,-0.8727879147774313,-5.338190769965006,-2.249922639872911,0.28809992980806054
15.58203125,-5.576320684078908,1.1270758635171554,1.6979446183717941,4.827205376444973,0.3050045135552717
15.5859375,2.2466788528306023,-2.3933743383940103,-2.3997076517225056,-5.274096664866664,-0.45915706443160453
15.58984375,0.9458362219281585,-1.1400690148619987,1.8920923744836275,3.1178110992362305,-0.6859266628540927
15.59375,4.610724856518643,-4.049163572160666,-1.0114476534966794,-1.5189515737434691,-0.3661061243396193
15.59765625,-6.975933754061236,-1.3902856518590143,0.5322407065624641,-2.6534258534240522,-0.25973575467467275
15.6015625,2.5761135374217963,-1.34986020197748,-0.7952925475922161,-8.461349005387945,0.8722570891093783
15.60546875,5.477644234176009,3.1429319809525795,3.452946875960415,-3.4245882162400956,0.40111980840274253
15.609375,6.810731428261971,-2.372593922293316,1.1589852963647997,0.5653478776489462,0.009250944384707667
15.61328125,-0.6045788142648367,-1.7637203290101837,4.1024516966177655,-2.782635843041727,-0.0547290588064515
15.6171875,2.966130610966636,-0.707777655287869,3.845459268721137,14.535598982413587,-0.5016638660549108
15.62109375,-0.6983894460775542,-2.7235615327806943,0.11604214370753363,14.851508175806206,0.0018140184034713667
15.625,6.196389119282724,-0.2862744693921565,4.3056534879620685,8.076589933028668,0.12324228683191822
15.62890625,3.6774811083279366,0.5051476376434767,0.9915184397160717,7.889179945653179,-0.6406808225633092
15.6328125,-2.6045190978687836,-0.5558377939908122,3.341937461747701,7.696216717518607,0.38013775860124427
15.63671875,1.5507794251392621,-5.480336931664782,0.3274266162078321,6.611369404226839,0.17816854673712046
15.640625,1.235769254468159,3.1759678725364022,-0.05198704120869069,0.2001521861505875,-0.8205797876365162
15.64453125,-1.0722597600862045,-2.7762588873654224,0.4053182932181684,13.48325343289667,0.36141497578126663
15.6484375,-2.272326459545587,1.388734392573483,-1.8173118990361,-10.311883117129781,0.09793220970873877
15.65234375,-5.572693882737298,1.2079419362487491,2.94041835587607,-4.52402596259495,-0.3750640018832492
15.65625,4.200552596343504,3.3288664382997064,-0.06871062373752779,2.3428581744193275,0.23931354107182348
15.66015625,-1.018228899794781,-0.8472934208586962,-0.23770911424907903,1.6915327473763728,-0.12392150194654959
15.6640625,-6.460578663242799,3.939231117072138,0.7090349318739237,-7.060227927415346,-0.2754128092757155
15.66796875,2.9926236871424767,-1.0000199508282055,-1.2256579694310146,9.865840108138576,-0.8024962071506565
15.671875,-1.30771482618513,-2.1577598148921044,-0.10011759326331071,-2.5584319358113694,-0.1432141320104358
15.67578125,3.3006868011350488,-1.3374711545603009,-0.04736081354781585,9.220175501905032,-0.022459844654954025
15.6796875,0.012600441360010494,3.0320745197870114,-1.2739066293233186,-2.115815337885331,-0.6423443600995276
15.68359375,-1.7033408945753694,1.400822537074199,-3.1057056514208856,19.73215070435642,-0.37340126786283045
15.6875,1.4254030302956497,0.7647356554461769,1.6679773631800252,15.648926990462336,-0.4456933922341066
15.69140625,-2.3818081003684037,5.6709096356888065,-1.6371007691942145,2.2213172390291764,0.22026931497055832
15.6953125,3.1360597617038795,-0.870112992578143,-1.365493874983987,6.747954106631241,0.06423761002545338
15.69921875,-1.1756590073021194,2.7697803862310253,-0.14370160700490517,0.27520390059479727,-0.11722548102082839
15.703125,1.0736975235095276,1.5545238851681487,-2.8973896024572285,14.47865098569872,-0.5535103549035955
15.70703125,2.039110653457799,3.778765944065303,3.4879567844276176,-14.067232585609474,0.20764208199462347
15.7109375,-2.7119881706409106,1.3945679866171483,-0.45020283166342634,-3.574764690168745,-0.6658319868608102
15.71484375,-2.162105812882741,-1.8840562111214745,0.8003593328550527,-8.081444828292277,0.5024933157624376
15.71875,1.1891843305189078,-2.667908493535739,0.7107049023284843,-5.826056811921316,-0.13251749660718584
15.72265625,-0.32532299942664517,6.963589213383973,-0.43049276982811224,-0.9578797850787238,0.33838943299820773
15.7265625,-4.606703105767376,-1.4345692474384408,2.5366085102031963,5.90054675551224,0.9613658205119826
15.73046875,-4.052718486971391,2.5095332814433116,-1.09983681237967,16.64125060202241,-0.37166040018117696
15.734375,-7.385337988947825,1.8302805577861379,2.7328016922371408,8.455567461408263,-0.2703910783354001
15.73828125,1.384172713734569,1.8950318115216154,0.03657358674157318,12.544120676807506,-0.2902301198418567
15.7421875,-2.1622343557979615,-1.223859501009076,0.7685265861299897,2.3150936146948093,0.17429500240211213
15.74609375,3.2835177990321966,-2.101986662600485,-1.4835234692413113,4.916989453499255,0.23126391132728025
15.75,8.76707134710616,0.481240890414527,-1.3644105285321453,0.8832348256275585,0.2919735113621138
15.75390625,-3.1658458194037533,5.038540574945559,-0.8147275989944311,-2.1227558105489672,0.591248806557457
15.7578125,0.0008041928381439384,-4.238628351394469,-2.8704307945858947,-6.48937504414614,0.2112269110499488
15.76171875,-0.2927099165386979,-2.555723573771962,2.0049548749983384,0.40038132768299395,-0.06818381037902656
15.765625,-4.079065649259158,-2.424098442493545,-0.9607073325333972,0.41158243983359544,-0.41259469290790995
15.76953125,1.0794063893986319,-4.3069956681808454,-2.0899050993364603,-8.763336953824854,-0.44276483365461733
15.7734375,6.9486074691825515,-0.23078518830590788,0.2924202251926662,-0.7608829076052555,0.2673866265771536
15.77734375,-3.38564412934752,1.8529097934429726,-1.0357570313325486,-3.9073170921389746,0.03242785093871974
15.78125,2.4458804193327137,-1.0797885970054284,-2.785139636962777,7.661132561824594,0.19578579832545617
15.78515625,-6.997617021961834,0.9136281798254408,-2.733127464881143,17.63164803358874,-0.7467395601021356
15.7890625,5.0703549255363685,0.23723940126099083,1.0818283032525629,6.524041432724509,0.8371456265122698
15.79296875,-2.753196454420605,0.4862505743101586,-1.8350148607711156,4.762286725675958,0.12845952991274556
15.796875,5.402470260618312,-3.809229025574452,0.015413870757395198,3.8420617081193233,-0.5027276984231415
15.80078125,5.820582541479074,0.7905262271736334,-0.5942876358531501,-1.1596772638167705,-0.35505762775926347
15.8046875,1.55510801293911,0.8310355686052173,-3.3773452848290297,-8.569493330595785,0.5613111682021649
15.80859375,6.4949751283149935,-2.2025806777693773,-1.091893283715541,1.6818181761131843,0.001486421896484065
15.8125,3.9307901751599914,0.09054487593319838,1.3651156373376763,-2.4879656455770567,-0.6194305004216847
15.81640625,-2.286816906761231,-2.6739340821954483,-1.329586316929784,4.613416362645498,0.6801235940883175
15.8203125,-13.38913366592458,0.217343444406227,0.22313499915008528,-18.175285778821472,-0.4132019543513331
15.82421875,-2.8538529146320015,-4.572927621570005,-1.1404454771722023,-8.113782621376854,-1.1573405755342572
15.828125,-0.3625040931285255,-3.913056487436192,1.1368319284711204,-1.923297425602177,-0.391850531414907
15.83203125,0.6951044226395641,2.2972074720214,0.9172812354811912,2.446782220210042,-0.4250695846392553
15.8359375,-1.9462742110285793,1.2034541370791216,2.2764239989053467,2.990338484157272,-0.22696221351775725
15.83984375,6.880768556708562,1.128772659482563,2.081569164391045,-0.8723700185363539,0.1639876549295061
15.84375,4.0718405478579305,1.8000080977228916,0.9673490033320864,13.524498449663174,0.18682470578145843
15.84765625,-2.4679615912037454,2.3220481067627525,0.6864672106778658,9.195807386979652,-0.08204466839206245
15.8515625,3.5750331058612312,4.063496448692044,-0.8481547536490672,13.829674691160044,-0.13689602902459194
15.85546875,-0.1787188766594343,4.063226788173452,-0.9365874290470069,4.643153495311753,0.9266083586343261
15.859375,4.31701031599017,-1.4834723694710727,-2.7565687412090147,1.2451453918665192,0.30793237063618417
15.86328125,-1.716738726936936,-6.486289067678843,1.128621416491016,3.197982315701551,-0.10839296680240905
15.8671875,-0.05035265578335721,-1.4821629353825654,-2.3809723532915834,-2.6484039950578815,0.18041092461348465
15.87109375,3.4990906274192133,-2.801387703788572,-1.1714765520498132,-5.584318295208542,0.20627380538391815
15.875,-3.4388310289187647,-4.769977237410218,-2.387407823320072,-9.765032525870705,1.0205422199738157
15.87890625,-2.775980732733497,4.393262393728733,-3.798690736260281,-1.6676697885718115,0.29488768210699623
15.8828125,-1.5711467796375853,-1.0813092658007881,-1.1563165054953717,-4.955570020106025,0.29946214459777387
15.88671875,-1.6255751078707668,0.20837404342889526,-3.5207686646031195,-0.7128388732151191,-1.2794245514994336
15.890625,3.7049145603592404,-3.587399965334889,-0.46086143815489083,-5.194338103028334,-0.0006601712720766769
15.89453125,3.5588124044923752,2.541589494111736,0.40379840228828634,-3.707070766487054,0.41386973737766136
15.8984375,-1.2698817459367238,0.2888097161332023,-0.1106093352950574,9.153659351578469,-0.03859342947997428
15.90234375,-2.954397595701328,-1.2138419564949974,2.422488006746936,-4.748173963065366,-0.3315779050172035
15.90625,-2.5729244451385425,-0.339155224465579,4.4719184609964415,3.558625103483317,-0.2878749248628481
15.91015625,4.399517374381226,2.5968199442811697,-0.2879417640399319,-4.418535616599186,-0.4658648084392433
15.9140625,-3.9558493848513847,-1.2025303299064105,2.589221911133887,-0.494281993015836,-0.6914298059614681
15.91796875,0.9180235227873051,-4.253494960153012,-0.2968515381967338,-4.8385082281076475,-0.8980692149816139
15.921875,-9.118683578243086,-5.345264129660352,1.3645240513524308,-11.198893898855772,-0.35097283831514164
15.92578125,2.971894108070045,-0.9639846913285742,-0.7155596748823934,-7.652383525276281,-0.01619329657905961
15.9296875,4.997995168007963,-4.014374195433948,2.0978771922094017,-5.48971614919586,-0.055974952209950475
15.93359375,3.8784977391185973,-1.48144889670112,0.6322298695995225,-4.137788524775023,0.058717523053676876
15.9375,-1.265157708913825,-2.2692297844609546,3.091460533111886,12.651826320807496,-0.09227079005730178
15.94140625,2.4670223872083326,1.6223925247789328,0.5903013998435283,4.83872655561232,0.15859193421323714
15.9453125,4.9464990099204975,-2.00770077548487,3.052755518789765,2.787282459792182,0.32087025318743573
15.94921875,3.2585789202688265,0.4930996852217763,3.0136036799638,9.348296066563295,-1.2308045563492684
15.953125,-4.188491350528796,-4.515677549234493,-2.0912884805572434,13.680319887237179,-0.6539684936935347
15.95703125,-0.6714445248428625,-1.156142314123568,-1.2363767754019832,11.173937846815146,0.7007363896475549
15.9609375,-0.015707804488104674,1.1632140318962558,0.8314547710221694,1.8609861570497834,-0.07865545890567399
15.96484375,0.5970020628446245,-4.327031683123436,-0.413815090810026,17.69380028065464,-0.2562416135981907
15.96875,-1.9014047432625951,-2.898566938032622,3.1724449570075643,10.082574159776343,0.7325076321683841
15.97265625,-1.272829425162252,0.2572416745902441,-1.160667970780261,6.144098180618621,0.3835041539210355
15.9765625,-2.065720457134925,4.159780630125677,-0.31646736510082585,-15.031396219961064,0.2768154170342382
15.98046875,-0.0315302822765469,2.1515376956453838,0.6014281952670717,-0.7094282405537351,-0.023305965349897952
15.984375,-1.2641644822859892,0.624590187117357,-0.6823145785572543,-2.344985241197227,0.15519812462531438
15.98828125,3.995895121030676,-0.7745012346548853,-3.755366869243658,-10.7402239616402,-0.3599328110637237
15.9921875,1.4114657919979532,-1.4424667140718728,-1.8207461241256622,3.9593015051309575,0.6533418891622518
15.99609375,5.111718225153234,-2.630121929128091,1.149848926200392,-0.5011170001243688,-0.1756038707920031
16.0,-5.6626498694580585,-0.8392747469350139,0.8014413816908683,-7.6197697846748635,0.4525772598810405
16.00390625,4.052366080456694,1.29607270260114,0.004047010886557567,-3.2872600268091023,-0.9275014548047176
16.0078125,1.1200937191551292,1.959538749543883,3.374640030098176,7.836079363924692,-0.7708910045903644
16.01171875,1.042901305272799,1.898206307052968,-0.9972891110790079,3.4179276897080615,0.6286607157674234
16.015625,-0.4349533879246172,1.1696782598434148,2.779371484407008,-2.046890004617614,-0.3162514971529761
16.01953125,5.888880042398603,-0.5372134442253991,1.2557087843104109,-1.7670551594738662,-0.18462316771693313
16.0234375,1.1796502806845275,-0.8577248194273268,-0.2585529565239717,-3.584773013658633,-0.31233338927735943
16.02734375,0.7485020380839931,2.256043313930216,-0.18958645857605982,-18.391830057790564,-1.0905836234472315
16.03125,-3.337843263986877,-1.7175109712760475,1.3022814932310058,14.972180759831106,-0.4509949275026025
16.03515625,-0.048438062049477766,3.414471120434388,2.1331071477375736,-14.58384286227829,-0.8140260376125633
16.0390625,-3.4888933401038944,2.862751998684327,-2.0753621699677383,-8.219427210372865,-0.08395467098738586
16.04296875,2.3970666928951063,-0.2477889136854179,-0.4771942345977629,-0.8732599059841295,0.42550098417377413
16.046875,5.144310842891327,-4.241503819178693,1.895353437487565,-16.14163488315484,0.3861235850437582
16.05078125,-1.4916306559970294,6.019700561951652,-1.8068318807623387,13.805081587175877,-0.17294343789931815
16.0546875,-7.169902844053927,-6.318748709469864,-3.2519993437375003,4.184550067893296,0.032114118875210214
16.05859375,1.0046871900292476,-1.1000409288433197,0.9143684649055003,10.99771977685447,-0.07101692585439581
16.0625,-0.47822213585221857,-4.492285220765883,-0.22770805460572696,1.8443316931713172,0.133020345970053
16.06640625,-1.5793173897966128,-0.4387009647832058,-0.8876276704732112,-15.578581215201622,-0.21732931985923024
16.0703125,-3.8880820576763147,-3.7604635183597246,-1.7310818028173949,9.297346310352028,0.5792723417178438
16.07421875,-0.44534596751576894,1.525761031145218,-6.49386153258073,-3.8942370572318197,0.41867908622140204
16.078125,-5.102271794884358,0.9613233760067288,0.6207437140571674,7.982268859488633,0.2531312065754995
16.08203125,5.229571379673088,3.319880178534294,-3.840894798396459,5.35019039730268,-0.16911798054034033
16.0859375,-0.33231002593451664,5.329037377104991,-1.5045442442611665,7.864506399830028,-0.37145234428442087
16.08984375,-1.4456260754410908,2.7598309129771628,-2.6624451814729033,7.249667173779724,0.140252721651157
16.09375,-8.75936085936117,2.012828878675214,-1.9368090237339635,-2.879018952135939,-0.6174662104316937
16.09765625,2.1334091278557707,2.0502245929104275,-0.4603702458753638,-16.338777907710075,-0.08844644926065684
16.1015625,0.33747978584373217,1.7155608090265093,-1.898866510824196,-7.159507316111311,-0.20219725509323141
16.10546875,2.060769822495879,1.843330965136046,1.2489266183623324,5.850146762874192,0.23717469182589904
16.109375,-6.675962428102986,-0.10069098355806919,1.068607252607134,-5.218069482539292,0.5538863371797076
16.11328125,-2.8138642792811974,3.31531107133743,1.5039025411405276,-3.4769974250053592,-0.06233875986934682
16.1171875,2.3941019195847395,6.270065552595509,-0.15097853434729402,-1.7032113142076377,-0.5055625293323875
16.12109375,6.374415890220813,-1.1330493640029649,2.449806064360232,5.987159023116642,0.043120857222299885
16.125,4.380893753803657,-0.04030201548217745,1.0855020907136976,15.35542596705568,-0.19143485316965364
16.12890625,9.140421247437807,-0.8212975970802239,1.260324021816786,11.437109061944668,0.10195100796570085
16.1328125,-5.073744669137666,-2.9418697062105603,4.629486900483485,19.349626852543413,-0.8749465789399603
16.13671875,2.612740922145471,-1.7467756484956944,-2.4197931806850064,-18.49811392133749,0.09468603073956108
16.140625,-0.9561720167275356,1.5032738128531846,3.6921333709868396,0.34547713756128196,0.339437036142031
16.14453125,0.9700281328467638,-0.16873468881620926,-0.008170461608344781,-5.304732637320393,-0.36168863089161435
16.1484375,-0.8632952035244628,3.5606507969792465,-0.39588675139103496,-2.9467634790562536,0.6461992309284023
16.15234375,-8.134335029549423,1.3478933704369411,-2.5991144513985587,0.72521021012916,-1.3310683974169029
16.15625,5.174184260807275,-4.361255138306776,1.3505421319017985,-7.740711063763481,-0.22168195621885806
16.16015625,-3.270392288325876,-3.225870371382142,2.888700915279177,-8.049836555281253,0.4447705565696636
16.1640625,-3.685771809514207,1.350708220773644,0.6940175542142326,-1.4595484253318365,0.26890083711089574
16.16796875,-4.97779332262093,3.679849112434052,-0.7033439196637544,-3.2257654275434353,-0.3577496287708955
16.171875,4.514385004729745,2.405928059078193,-2.3160142673352992,9.817837480379172,-0.7221134272744578
16.17578125,-1.306156778793316,5.360112822672706,-2.6631684057810356,-0.7618317410280984,0.23593815684825736
16.1796875,4.204881662795021,-6.17707179500635,0.7575699222319088,11.606144504590052,-0.0689437306608708
16.18359375,1.0984749567883951,-0.5629898083686506,-0.511645641279017,-10.41351560559335,0.7425697703816928
16.1875,3.7067635192162,-1.2542172409933068,0.33092338163665724,9.185736431041313,-0.7269354307513707
16.19140625,-0.20017558879416508,6.044668966689597,0.14642397402357687,3.5873850981720183,0.7448691127069998
16.1953125,-0.6308282735428671,-3.960133935657013,2.843388112539584,-3.495878963629411,0.08293668125440844
16.19921875,-6.8107415662917825,8.122281427548053,3.667027653032042,-6.61365423175072,0.31473504403073654
16.203125,-0.7152779793175839,-4.948962559249226,1.1894135625357494,-1.9649415691361654,-0.8671908545286859
16.20703125,-0.4243248438521035,0.3110320416387792,2.166199217988502,-1.8607987936599892,-0.4788892684434123
16.2109375,0.46911201418679777,-3.855758833252031,-1.4481636990072178,-16.644159607139805,-0.060548429481919526
16.21484375,-3.5781973318779454,0.34198749397405415,-0.11251205241348461,1.9314459018076562,0.9141592839968908
16.21875,2.779320959669414,3.460769994560539,1.0822608637102071,0.4333742134816543,-0.3665012886120462
16.22265625,1.6387755734112484,-3.089126078547399,3.325353120891484,-10.88078090434228,-0.11829332117942734
16.2265625,-1.7817249793456296,-0.5023607049216637,0.7671524718088228,1.19095937367955,0.5420638825660511
16.23046875,-1.3666322151801258,2.045809045958932,1.4404518953452217,8.763811842139159,-1.1406101223726663
16.234375,-0.33407944278925916,-1.2035222150248557,4.871733098104288,9.333180107023193,-0.06321188218722204
16.23828125,-4.082552147720069,0.13085812405154615,1.437903112767681,8.319974784587714,-0.2534807195840606
16.2421875,-0.8686963889223187,2.6279549398664956,0.3388529822231437,3.5126424092876833,0.710341084071127
16.24609375,-0.37905673816651486,-0.32433806601903925,-1.8966454662628882,5.460551282406351,-0.7464781849648351
16.25,-1.8965533473469127,-2.5308935136660176,-1.625808517260052,-14.076999081701144,0.11235667629756046
16.25390625,-5.64816310995255,5.910383468599312,-3.471504572911086,-1.2065337746355085,-0.7101395764925201
16.2578125,-4.733650354904358,3.027493851340326,2.4731338575307262,-15.598578047839805,0.47054309169473135
16.26171875,-0.08705027995665995,-0.4008644843027461,1.4969567214034771,-11.10244231287496,-0.3349204646312017
16.265625,3.2701338827730124,3.1066438500486364,0.06362833238832688,-7.4660405073467775,0.4949420116029935
16.26953125,-2.5438122903476637,-3.4573950290953555,-2.8950289004559924,-9.665378253768024,0.03504876134975673
16.2734375,3.657869340908149,-1.8127148369049189,1.6849536999632058,5.276443638915461,0.18969043295223068
16.27734375,-8.5465693690589,3.6591138802951306,-6.166889407780477,5.780856796770772,0.05067174744598242
16.28125,-0.7652800686446054,7.850865126657924,-2.224252206372496,-1.2469523354692837,-0.42033110906293325
16.28515625,2.251093193076828,4.62776547259497,0.11181869840450598,-0.790424058422281,-0.03288058332226722
16.2890625,0.8081884698770799,5.803209219341399,-1.9817899064056463,0.7671450479219688,0.020381487767534647
16.29296875,7.871061652620309,2.5134828946532046,1.039336035756039,10.322267296476506,0.11317178200131882
16.296875,-1.4097187834461533,-1.3007918071977633,0.19062052489047382,22.785997740251496,0.01985710320803484
16.30078125,9.073084191642067,-6.347678487909528,-1.649379143671104,18.86096201146184,0.3662139181875243
16.3046875,-1.1428496828368946,0.07919958065794089,1.3651728158757543,3.153314734734475,0.7197751715680509
16.30859375,-3.387118101243752,-0.38605111893954014,-0.16285339570433388,-9.317875403490913,0.7479736290085791
16.3125,0.8805098660504355,-6.461205927669507,-3.7090579308487985,2.0483672110177302,0.6676382582706553
16.31640625,1.7091734967837893,1.401725171482267,-0.4234683639639061,4.083431738714179,0.09281496980175709
16.3203125,1.9601211557939109,-0.1549876180997023,1.0054732972169191,-6.617325064501574,0.12741459769968222
16.32421875,5.185128849713844,0.3766279746449711,1.2158331480309301,-8.225836793195832,-0.5759334664049972
16.328125,3.450431947517549,0.26314502357683156,2.4496922804260675,-5.082748460019673,-0.3775863998860459
16.33203125,4.3257412756940585,-3.150089222007346,2.201395410747635,-6.283388329887575,0.35952544507053397
16.3359375,7.0453735073482715,0.7678799506851646,0.5595693564709441,10.461210064581833,0.2895368252227394
16.33984375,-5.936687751181847,-1.0461930676085527,1.53482893105051,7.42963119594447,-0.15223443088547023
16.34375,3.567260778061479,-3.413587126206221,1.5879979236213604,-5.610105708884239,0.26627213557610047
16.34765625,0.6565896728533323,4.835199702036776,-2.293274074846833,2.5346510049004753,0.6612857536721769
16.3515625,5.877726045493191,3.129000224372703,-0.005874067601683575,-9.543850270260036,-0.042340128134307195
16.35546875,-3.1147484475963783,-1.172197619950515,-2.8225709949352975,13.005521033470455,-0.33166730883981727
16.359375,7.0430498049372225,-0.7907592720696546,-1.9679280156108074,-3.585446832536852,-0.44480490447024384
16.36328125,-5.077229887217468,6.359483288169612,1.152021727205217,2.607498860028107,-0.25021369819704214
16.3671875,2.8444544355955115,0.3551003856287136,3.213039375987601,0.5426856433914726,-0.1264221783649785
16.37109375,-1.1323824082515115,-5.569239821684207,-1.7082745096434404,-5.513986595030792,0.279895608136787
16.375,-4.576278586464543,2.2371177825713846,-1.9186460197164488,-0.7998559594826542,0.13506039495299468
16.37890625,0.48839303170879816,4.897671639627948,-0.7343598226166788,-7.817208119835995,1.074135959200624
16.3828125,-1.9967306292696072,3.657890046558641,-0.5258182436474589,6.721703676339603,0.17914087946290844
16.38671875,-6.701994891084402,9.500244119602058,-3.936750176375956,-11.558580148722543,0.13349604472024565
16.390625,9.603782116863341,6.077495375382657,1.3679338881520429,-4.469182172992398,0.010714333076936717
16.39453125,-1.1836752244948225,4.037457837191621,1.0705763383171534,7.041396904915122,0.3724956620012144
16.3984375,-5.169780586295724,-2.547645332420215,-0.5272176533590519,10.937422194384672,0.39149180373505355
16.40234375,0.8367244522687499,-1.1802103473410115,0.43744180251765363,1.5796265677036265,-0.3178374581516484
16.40625,-0.25320074395364983,2.4825007327371034,2.669070078483552,6.661224376185375,0.1420589040423143
16.41015625,-1.2691751166770195,-1.2077075316724408,-0.3365152055795049,2.698182967319168,-0.07799454305215338
16.4140625,-1.8182141980410877,-5.733049834189787,2.0382756155602615,12.288059677423021,-1.0490674767744281
16.41796875,5.770773619460041,-2.302128247592366,2.311191078423776,-13.30550401430543,0.8593538017096372
16.421875,3.1743018314400406,-0.9224213184595236,-1.8643854830236872,-9.49331484841628,-0.16419572930785864
16.42578125,2.831865773675828,-0.4359920550042555,1.504362085453453,0.43151278022726824,1.1174564295720877
16.4296875,-0.5097998256122503,-0.9303099542387124,2.0583450599837647,-3.397438256857403,1.3001563408847778
16.43359375,-0.9855135572412935,4.593806704095561,4.267197815618239,5.138495721802667,0.2131360644876809
16.4375,-1.0547618687771603,-4.526830661535408,-0.4467332140275473,-9.059428320668994,0.2333580550463975
16.44140625,-1.201493630406884,-1.0554494980862252,-1.5338348157510369,-3.219434995877399,-0.2962212466468758
16.4453125,0.34127189382095324,-4.271970508876721,0.2226472469554544,2.911515387311969,-0.36280172316685294
16.44921875,0.5076152139537771,-0.7965758354160746,1.0150819704578478,-14.437139064008441,0.29287314711565793
16.453125,1.027183909182589,1.3397170165780352,-1.0069172157118653,-0.2007476692278649,0.48217989649543186
16.45703125,-7.828129701025541,2.114471405734677,0.05333167542949235,14.08123221570191,0.21119367277089857
16.4609375,5.737744668272031,0.17392158150179118,-2.8709044302687348,-3.5545145210074125,-0.3863093946142144
16.46484375,0.9678880572347774,6.022584647571993,-2.306558778112806,-0.4259472664159132,0.5863589454999613
16.46875,6.971755602009361,-2.358170980285505,-0.201198408032079,-2.894290140355934,0.3409373734664197
16.47265625,2.9331505683376893,3.1502383939546803,-2.3830927994858957,-1.6023251818639879,0.49779482003044395
16.4765625,2.106856048765999,-4.413855659545477,-1.046335274849945,-12.136686714340987,0.45038699821492456
16.48046875,-2.834569085666845,-2.1866971290555317,-1.7850883154657393,-15.508846995155807,-0.018797977016479454
16.484375,0.22142979221941184,-1.3916970627194982,-3.08443471699967,-9.29776137361692,0.016588268988726812
16.48828125,-0.6319911975879552,-1.234796451342752,-0.43490617565311207,-2.76171361892696,-0.291210843355986
16.4921875,3.599565219072586,-4.824585895960061,1.7679957964137207,7.639675881579487,-0.7948038244699214
16.49609375,-1.0850854314587037,0.03246624433515276,0.017114973576022208,-7.298751191814868,0.19943085811812633
16.5,-1.7395130610864287,-3.659166891613933,2.406909370788943,-1.7613823576633763,0.48937217245891873
16.50390625,-3.054812031122053,-0.09374351893495342,2.448880450189197,7.687818512872635,1.5766908760741256
16.5078125,-2.279548158854662,6.206349100759278,1.7202461751568916,17.354735398518855,0.6075639880598968
16.51171875,2.8269064495052545,-0.667161519453378,3.613563900895028,9.027548927114244,0.5438461450818795
16.515625,6.559151519093941,-5.860447360188219,2.7039857533318408,11.57209566321044,0.2925849073022973
16.51953125,-2.1533056375362665,1.278548419961489,1.0640192578908207,12.477194672808679,0.0896405419054893
16.5234375,-3.984775790182179,0.3992177014998408,-1.7192674196075108,3.0413523468867227,-0.6370464576347471
16.52734375,4.477572363611558,0.32348298582177615,5.817268659632872,0.2779733799523756,-0.19659875672052926
16.53125,-0.8678385840224021,-1.4108820520087826,1.0469454878760698,-9.430701279158466,-0.6977809573449132
16.53515625,0.04729626087223835,-4.186221180356489,2.5179295163332385,-4.630934643719693,0.19901939122276627
16.5390625,-3.1108913430447287,4.287204835525929,0.19366247009365367,-7.370544367280063,-0.05635985620621626
16.54296875,-0.30494309826643745,-0.23373112233448545,-0.29919973747327777,-3.787276414920523,0.04303348449918945
16.546875,-2.562693627477924,-5.722094996023567,0.9238097261054701,-2.359628885372301,0.15459391566960762
16.55078125,8.948229159537487,-2.0375091112633994,0.4160397251003415,-3.793330304814833,0.20456617373249164
16.5546875,2.004260385657109,4.034956316613865,-2.7073724098588055,4.180826116449875,-0.4737339867440608
16.55859375,-1.7477528322088096,-3.9344690724252165,-1.1312804525237474,7.953088778184111,-0.2776629730576278
16.5625,-4.871304168569531,0.33497904937457107,-1.6147274341526636,1.1423308888774253,0.7240790906377079
16.56640625,2.377869980446987,3.2492396697694805,0.48350661307793596,7.440979586801323,-0.04292032168174522
16.5703125,8.091155559556451,3.9846121921637545,2.0277411734946744,11.255260920671816,0.16745294089434962
16.57421875,7.8946146384773925,2.520755671375028,-4.08534492647782,1.8895732567047165,0.22711385937936732
16.578125,-0.012923484984140686,-7.845360881411379,2.949125570612483,10.463554113745511,0.15642887583159412
16.58203125,-6.541193652905865,-5.688432638198892,-0.951277268332668,-8.544415492873977,0.39588016919374713
16.5859375,-4.3329872153256,2.696997927082714,-1.310948782487194,-2.292320502509458,-0.8055569357324429
16.58984375,4.314120753918522,0.5085557973229562,-4.748227751404312,-7.547276009005227,0.45673558899461103
16.59375,0.08128158095708667,4.761676393683369,-0.9376433048021566,10.43876456941679,-0.16341462871338766
16.59765625,-2.359747169995365,-5.566798899308582,0.2677965448892115,5.142195342799293,0.15848837671629384
16.6015625,-1.020716428540271,5.414629427454769,0.6079801546730231,-14.947963562629276,-0.14279971689640353
16.60546875,3.4814871409397368,3.7718346974228805,0.8362703822054824,-18.977714893472125,-0.7485496124953693
16.609375,5.58236425452756,1.0364657249501907,-1.8919948976104801,-6.000955990845611,-0.14677081705037892
16.61328125,3.319383587586894,-6.051451614542586,-0.9551196113946241,-0.6823834075511881,-0.16205371242753933
16.6171875,-0.1795312340011443,-5.614114292994376,-1.6347859872245394,2.8620086128965148,-0.6445052094314329
16.62109375,5.17278866838693,2.7355049012925394,1.472670832061816,19.534191005890115,0.009032087091991053
16.625,1.3410172003543375,-0.42134395061449237,0.30380259115433894,2.6942140192380486,0.7514816151083841
16.62890625,1.4848161451323583,-1.342253896603413,-0.015182865997721118,20.46525663899545,-0.18217161379490476
16.6328125,-0.2674541387327496,-4.363021033473622,1.8612123450197635,14.085613884202928,0.22741106483379775
16.63671875,12.147073527315113,2.056795154438,3.632877432368586,4.86000538920611,0.42190983708115154
16.640625,3.3448528426110866,1.0760433129320937,1.2188246614455687,11.350433456076779,-0.6143653266670437
16.64453125,-12.430119329062892,3.5574625186977173,2.3694337344603174,5.300655010873285,-0.41498359211167807
16.6484375,0.17634800330586295,6.367409533472648,2.972932600800519,-6.346005508970601,-0.4525729924654148
16.65234375,-3.0096236136017502,-6.128066431774177,-0.5745544851796336,-19.82903128508314,0.6502790947753376
16.65625,-0.8535753917710438,0.1323711489386367,0.541199941584795,-1.4957852749236515,0.45977460510339074
16.66015625,4.685098478849865,3.2062134133029963,1.2692133235186924,0.958098563582932,-0.006891696502112276
16.6640625,-1.8393489878325717,1.2945242142707076,-2.678944436702853,1.1046012364997728,-0.012616763137176464
16.66796875,-1.1890199912598884,3.5972070964063905,-3.3339067373458375,-7.001544267344466,-0.19790738482719394
16.671875,-1.3983131426658986,0.4118792925447011,0.6764984212349203,-3.2515208015142156,-0.05765291810044378
16.67578125,-0.8874088750033529,-3.8021877780344187,-2.6711514124490003,0.011999538722728964,-0.33219970246850433
16.6796875,-2.361051595311105,0.7185255023518982,-2.2662125032051295,-3.0499605365271893,-0.8937632864504167
16.68359375,-4.257845223092355,0.266643744060675,-0.6258910476796355,1.217757901260489,0.35356859009476455
16.6875,-4.607723951999042,-3.734634749052458,-5.748893130444831,3.222989564527931,0.10044519450816303
16.69140625,3.3492685944281124,-1.2585104404128369,-1.786599959866827,-11.265830226811588,0.4686135643287577
16.6953125,9.169528382146458,-2.013200633673165,-3.3172351167594094,-13.192776198529833,-0.2658661570950097
16.69921875,2.084505013772644,1.5470986638164077,-1.0158964996796904,-11.441603646892597,0.4004608722120036
16.703125,-4.694281684727095,-8.151200088671969,1.3772382980107016,-4.570905728614539,-0.43141115912720135
16.70703125,3.889087028892183,-2.786150720085764,0.18160979390434157,-3.8103419929894797,0.30412389780012616
16.7109375,4.661233818640807,1.2841379753848314,1.0948151834101638,-0.5243749964256548,-0.867776229563658
16.71484375,-2.8514440692596232,-0.6133745449781661,-0.46612562263285207,3.0846691732965725,-0.7704344200385765
16.71875,-6.720423750680488,-2.3995827094069533,2.5737105227048196,-7.453982178995323,-0.9632538399035404
16.72265625,3.3003344838753077,-0.7539458944803233,1.9309289435215213,-9.85390456490927,0.6449091397377329
16.7265625,0.8457533387921276,7.303521817925734,2.509413267632314,10.356384445359618,-0.52991286714403
16.73046875,-7.557000709584758,-0.09193381821961091,1.6462626565708605,-7.6232122558226525,-0.5928576688297217
16.734375,-1.8915885234576553,2.255793584868856,3.0698840646405188,8.712692924938978,0.16083849042308868
16.73828125,1.566303174891226,-2.3604175202704964,1.7908549796019133,16.67139409897926,1.0055088716959044
16.7421875,0.45813926058209836,0.13927717635788694,-1.4762998374807814,-4.573551149216865,-0.5448022125308816
16.74609375,-3.3535896518264927,2.1534071343999166,0.18136954908230873,-12.59775807794019,0.2347851206713434
16.75,-1.918132743365381,2.529550166713908,-1.9546046892707096,-5.689760167966207,0.1622561693641372
16.75390625,-3.7092800320187083,-2.8350730190940365,-2.9088430008490835,-9.19078084216011,0.07824668937675888
16.7578125,3.050861095856108,3.88702313594353,-3.502357688394603,-8.58139262568477,0.7406167392362609
16.76171875,-5.362097108524397,2.6359022819669424,-1.0629998684083282,0.07735887011832165,-0.6585201510778855
16.765625,-2.048479612277675,-1.6432962653244,-3.1868222730710083,-10.783445278445011,-0.2938292460179031
16.76953125,2.6161454407427547,-1.334333899285319,-1.1578641839724249,8.40070165847822,-0.6648168020619695
16.7734375,4.817225584585113,0.1758674990488032,-0.22168063736065413,-7.6967172405295585,0.060100940458894025
16.77734375,-3.8378495690874552,-3.1978106132495565,0.006515903870119466,4.522903236254276,-0.7547081065702395
16.78125,1.1828809632860866,0.37513103567869616,-0.6737626243199434,4.9663144619284,-0.447649227336898
16.78515625,-3.1860122695301416,3.553353543195189,-3.3600568433237137,-9.937727934579945,0.5291528440427662
16.7890625,4.5135227009412695,-0.2870371185915873,-2.164387097785294,20.08420171905954,-0.03793516685486675
16.79296875,-0.6927780076846315,-3.174280483958004,-2.061660867512849,4.446605622749844,-0.6134165397564986
16.796875,-3.957426447594206,-0.8804234125746635,-2.3822972231740565,2.9644830562685307,0.05860482814685036
16.80078125,3.3038567632276545,-1.9035285063663947,1.4646943672333974,1.950679711716752,0.3041362017788524
16.8046875,3.737644306562352,-0.9164719601441202,1.3830687790375085,3.8619633981068646,-0.07284568192232604
16.80859375,9.186673440034285,-3.2494771639819158,2.527005637678851,2.122830020251305,0.8869961099912995
16.8125,-1.833847228066701,1.9211774995195048,1.292949918109779,5.470361868563554,-0.6716038896245569
16.81640625,4.764332203279614,0.9450145390977527,-1.0841964304724163,1.9341715248356337,0.24579293422882745
16.8203125,-1.6344566345953264,-3.6324838378399003,-0.1271521663108217,-9.08047030700923,-0.06290031144310433
16.82421875,5.94952472272255,-0.5474968693850311,3.1860537717129587,0.35267675745556293,-0.4235659413515467
16.828125,-0.25540851388043573,4.157541841358963,3.4580681321899167,0.7938248941385222,0.05819884860531292
16.83203125,-5.891122685034039,1.866600305435421,-2.729356999101473,2.4238458754979826,0.4126350578700503
16.8359375,10.346613060250954,2.9248275911359025,2.2430926600901815,-2.125727245920206,0.19909071874357626
16.83984375,1.4729385542051974,-2.3354031754392492,1.3902664065760866,-2.600720699733782,-0.09446523950991031
16.84375,1.8396573426116647,-6.012287579818743,1.0899056173707273,-0.20745886309994166,-0.3055759926987646
16.84765625,2.9016760603896574,1.059350508124475,0.10627609663203207,-4.103331343407675,-0.2157392623514674
16.8515625,5.705795987815382,-2.753824692647745,4.8239564078064685,7.518967682945087,0.7376732901284648
16.85546875,-4.2771990240792315,-1.6651446283290903,-2.587179489492253,16.209025404841398,-0.4991621764456693
16.859375,-1.0349440776457575,-2.004569352208109,-0.405107849403941,0.8572063959663927,-0.30708655483970326
16.86328125,-6.16292064513551,2.0090608366850304,1.9431022949182564,0.8338020414207796,-0.49944283889709123
16.8671875,5.815026495999949,3.9618201957863857,0.6272729245374853,-5.603848328457972,-0.40368146035369834
16.87109375,-4.78470425801339,-3.5094302131088035,0.498077458601895,7.070650754383431,0.1900135815173442
16.875,-0.5384865728713449,1.8493645798324763,-5.812563523689349,-4.723507203092291,-0.6073662700915536
16.87890625,0.11539695007919963,2.993566828449687,-2.0159590785005834,-9.065190114701814,0.4393717665416566
16.8828125,5.8510999110770525,4.854695228440436,-2.737294810677028,-19.0752704553451,-0.8392735065748886
16.88671875,-1.07996793952371,1.4479194629301964,0.4708260366157433,9.894392345237781,0.05904514336534428
16.890625,-1.4263414074759888,3.2271958657120017,-4.63457860530454,-4.469945518252686,-0.6740769694910678
16.89453125,3.9134017133742494,5.360763030909135,3.7178611749706816,-5.402748726104922,0.5696111906284252
16.8984375,-2.855672842962478,0.6757612483509562,-2.919653102891705,-4.014500608803591,-0.20593916833810483
16.90234375,-0.7629442962538356,2.783866046831841,-2.9151501781558777,-7.269533252184955,-0.31989810593624146
16.90625,2.1722578226994074,-2.8488603629820797,-0.17830055989066118,3.688586065134195,0.6542003496981977
16.91015625,-1.5681396383595858,0.17201590833467464,-0.46435546693960883,0.4131841380659247,0.9291855304992158
16.9140625,-3.72106581835459,1.662862187083231,0.30303445005822016,-16.67911232392391,-0.8275670718651355
16.91796875,5.774053310201462,-1.772019745088155,3.363282400486567,6.313689890096512,0.03136821322320808
16.921875,2.5901155392194926,-3.6860016892290144,1.0977109200417756,18.555768392802836,0.23218314350463354
16.92578125,1.840445216789917,-1.943422645357697,3.1972203941436477,5.80743570906687,0.49059960328100627
16.9296875,-2.7875745543601713,5.050537809991197,1.5654541349914646,-13.846330291436924,0.48156483175374803
16.93359375,10.180065467781318,-7.527058062658558,-1.0824933453102532,-15.224036906586441,0.9921426917572969
16.9375,-3.0346604809282716,2.044392965620964,-0.6910407721848089,-9.044604323064076,-0.5141536492896382
16.94140625,4.464262429194313,2.514865033263968,-0.3564143818616652,-6.110800221967278,0.35810222517770346
16.9453125,5.422484098004274,1.7024008356851408,-1.3412584995285441,5.5343983817669145,0.04404401777440512
16.94921875,-1.1923076353573083,-1.913254819439361,-0.3300083279389351,11.406831227681469,-0.00522033505404664
16.953125,6.557174804605531,-2.8475136336694264,-2.0562308823888005,11.019079638972455,-0.4917699776753681
16.95703125,0.34350680334327566,2.866132017284837,-2.6510832033167824,8.372539166636567,-0.3358372692403275
16.9609375,3.386000581459095,5.518246153751248,0.34652559173545716,-8.068990447032716,0.31648937826830686
16.96484375,-4.389443534474955,-2.264156357501231,-2.8458264083585227,-5.146130478063486,-0.6239009151652478
16.96875,-6.544153650665699,-3.3861558887910785,-0.3153758413242318,-3.842457629967196,0.4986534143269031
16.97265625,0.5876538192988068,3.172538616997281,-4.4379001657948995,0.2786247067308938,-0.4219853365327836
16.9765625,2.285020067746498,1.6033842474869862,-1.913120873609305,-13.370080738887935,-0.5488779059147346
16.98046875,-5.582611305872949,-0.15763575629356802,-2.4767565975706596,-8.580696143530913,0.7068831409370637
16.984375,6.136807234707331,3.2044238140842944,-1.6364382586171424,-14.153522828253621,0.6037360025437941
16.98828125,-0.06835820175974773,-0.5715504417212512,-1.5928449884871512,-6.407553454417908,0.21184846866476284
16.9921875,-3.057666533187659,-6.883913957180088,-0.5970977572826763,-18.781916175554848,0.955920209278416
16.99609375,-4.865273187055861,0.3182622609163518,1.6541662185381192,1.2130559863637944,-0.38014188973741453
17.0,1.5774413361202304,-1.071663305731337,1.8415021365974749,-18.04307390314954,-0.12285134830425257
17.00390625,-3.1499238823548503,-5.4183983675541025,3.8431659297720255,-14.420721347229687,0.4367210361450316
17.0078125,3.4738190123639643,2.5283519295770374,1.2933814590154522,12.20990747765818,-0.6302978101113659
17.01171875,-6.3116062267084425,1.0937802847339668,6.683720027318732,13.299901937091734,0.17357429908645983
17.015625,0.5647623028333886,-5.8710630492865405,-0.9543064713960487,12.413507158857081,0.05613908244557525
17.01953125,3.14589651421877,1.3708062633943117,1.5414055023340911,21.678730180513156,-0.13404166031883682
17.0234375,4.478875951849099,-3.5944006368495955,4.311510904641138,1.143928000136202,0.7456788317592723
17.02734375,1.1227956792818916,3.067906132388305,-0.8230606671487086,-16.414310902418546,0.6383036850871069
17.03125,5.870041268152077,1.849882923756414,2.005398126068595,-10.639390544434805,0.9937953263336705
17.03515625,-6.88717485941965,-2.092696214923283,-0.23777037638960175,-13.725130833962188,-0.02045110768320682
17.0390625,4.738249048244935,3.59477798410517,-3.358631763053056,-12.614405666393827,-0.30314513991728886
17.04296875,2.3310330268875923,3.694139840741916,-0.6965105600575938,-17.20118083376594,0.8070398655668656
17.046875,2.002994145306612,1.0070005604380172,2.012361242726851,2.590769713437366,0.4319443771192604
17.05078125,-2.168455443754017,1.8205095973875713,-1.337995227547693,-1.4102786852470812,-0.04639514635278043
17.0546875,1.0808798894266847,-0.8663842846725274,1.88496016016956,2.2750899186976206,-0.04037811271948515
17.05859375,3.250208712809959,-1.4420085863671432,-0.9238843090686266,-10.589061795443097,0.12014749504308223
17.0625,4.245276924674849,0.953891827741947,0.7857873904323851,13.77900510423539,0.0013093780237816266
17.06640625,-3.844836956955796,11.227710266389435,-0.6878218971950332,8.281415774073082,0.68475348269326
17.0703125,0.3443894914716683,1.6467596014641521,-3.474730931467411,11.228081687778708,1.0450606482016394
17.07421875,3.3230126291184696,1.0286845889820941,2.6816727521723434,9.518147895978021,-1.1369571086819787
17.078125,0.5556090701455222,-3.560600223588835,-4.30089019401008,13.736744282411058,-0.8734670097026922
17.08203125,-1.793508255741168,-2.9218139709678015,-2.387897643011555,7.235095769186433,0.3644279884628242
17.0859375,1.0469479302762574,-0.23693552539554036,-0.804199318338955,3.5937758373458464,0.31238289898546884
17.08984375,-3.3038303777023184,-1.246156417478534,2.6992428021417063,-3.782398232681045,-0.13581928771617996
17.09375,1.3358342577332907,2.098857608862278,-2.4239146900658586,6.173751936368265,0.6584626199498743
17.09765625,1.3778323108331378,-0.7045220221637918,1.1742603406399927,-10.143231518182617,0.548829609650966
17.1015625,1.604977139375982,0.930034328903162,0.5831742196639365,15.866063472521084,-0.46710629415731364
17.10546875,2.191212484420755,-2.891463813750558,2.6722891197222305,-22.009025063239832,-0.01186362302298053
17.109375,2.066070415427157,4.004082873131123,2.965012365319883,-12.784991711134376,1.2173686264333203
17.11328125,12.411545669695787,-1.682912251887584,-0.1605360722093072,-12.948665531909421,-0.9555800291848969
17.1171875,6.5708496028387735,1.4374816321668593,-1.0813771116857889,-9.922901767203426,0.4428801006977481
17.12109375,0.27106874984299917,2.8225148735210586,0.5904177143844962,7.0361299134466515,0.2987079338126105
17.125,-0.9472750089377434,3.024443123028653,4.0514098084335535,1.988839924481491,0.044643935150563537
17.12890625,-3.4261276460314285,3.3229949735016895,2.9318651607663235,9.634645518805382,-0.36909758003569415
17.1328125,4.844809839365632,3.8668885363856083,4.766067545990227,4.869401973990453,0.09200152114799132
17.13671875,-1.8031682399114706,-6.10893908914327,1.4846429343643133,7.77908097683673,0.03043894354775223
17.140625,-5.281446183234998,-3.262575707991486,2.140416854402655,4.305561871899111,-0.09149835412143886
17.14453125,2.4808646558454397,0.05907271382641621,-0.4902976498401803,-12.738393052728597,-0.8511018685340297
17.1484375,1.7393305023727648,-0.5883175103610432,-5.174284142374294,3.332751643249572,-0.7417737168779868
17.15234375,-9.364033900139285,0.030389173371080616,1.0657042276969553,-22.35521057378369,0.2357927374591086
17.15625,-1.8596101686040802,-5.928335491894065,-3.2946195299006864,-10.797915056029279,-0.15688941270561205
17.16015625,0.24166351527276606,2.1142474527098667,-0.6711417856299623,-12.713252527066484,0.240777547061863
17.1640625,1.8120732348348827,4.765722788260508,-1.2365713337993745,1.7703826595677647,-1.106699019595705
17.16796875,-0.6429346547225754,1.5081600003837565,-0.49198005392664257,-3.380012193328371,-0.1575722898899795
17.171875,1.8399383901682764,-0.17630847277925524,0.29146640442643146,10.130130957217641,0.1119171393735189
17.17578125,5.4124191283941565,-2.018265394860118,-0.5219179874948513,-5.764645808095199,-1.1439640704414635
17.1796875,-3.991827774955659,-5.408294363918267,-1.9261873550468653,-8.891426969048617,0.056042688723832654
17.18359375,-1.8626783750471767,-1.029827519828114,-3.601709246576383,15.771137756400126,0.2284543531325185
17.1875,5.899401528491469,-3.4265668899551462,-0.18457168417688008,9.037236914617797,0.3279436899133752
17.19140625,-0.514447312937465,0.11057186879639658,0.5692774643334723,-3.41877356501006,-0.012261353610502838
17.1953125,-3.4486861878190576,-4.517497682708033,-1.4687920841160458,-8.184955009202906,-0.5033922363945424
17.19921875,6.452820517153761,1.6149780447037827,0.02839994066129191,-1.6655893069402126,-0.788782931654128
17.203125,-1.7974932812269537,-2.1479704241819824,1.608457293705286,-7.677699019468562,0.4714035625779683
17.20703125,1.0444742311630346,-4.787118200275411,0.8436820452361371,6.775005121840993,0.8201763048803331
17.2109375,-3.713495730693726,-1.5150185315929665,0.7109491114125541,-9.642008967822944,-0.907890967729376
17.21484375,-5.568547546545555,-0.012798441735994738,3.5147463081208272,-13.140679770534355,-0.27171753097401086
17.21875,0.11851139627058471,1.4991489500246442,0.5021481621452898,-3.8429518357809647,0.3509335170668561
17.22265625,8.296842199442313,1.9869812461682113,6.892097345534044,-4.937047835910892,-0.04357558481193389
17.2265625,4.709823575708075,3.5343008302322474,0.8969122831353232,8.544553590254923,-0.00558091103036531
17.23046875,3.565088884253483,4.366671043674029,0.7518387231107774,3.5917616954052973,0.013817569727855411
17.234375,-3.1761362342064072,1.3399794178894373,4.411987468753288,22.346747587808522,-0.8434289438503001
17.23828125,-5.250246815813462,3.7916564059294418,2.3382630062310557,5.708488319186572,0.166700637054477
17.2421875,-5.284949856476605,-4.508574241572948,-1.2631237634437609,16.270685275059268,-0.2027487506742594
17.24609375,0.5483205057750072,5.133908527968971,-0.907882825776084,-6.128746454252665,-0.15259097124894955
17.25,-1.7738874005331267,1.0988613243618182,-0.38575257090197707,0.6613362629222403,-0.13562206831880996
17.25390625,-0.5512313842682645,0.8543214952217855,-3.20805391760771,-11.369251883895153,-0.4216658935008678
17.2578125,5.17230091964063,1.045360760333267,1.3763152372818395,7.121973572102627,-0.07240050478815635
17.26171875,4.180290086978156,-5.773787146356103,-3.7798351347222097,1.0601525280789943,-0.4310257271750316
17.265625,-3.9673101021411132,3.861860936844856,-3.624462815349575,-5.383823380561419,0.03837842188392282
17.26953125,-4.129926179648809,1.9128689493384419,0.09166101289053286,-11.435718844689605,0.3053990869108674
17.2734375,-6.356847823265787,1.8930549803465229,-2.834172910998927,-0.5953771573041711,-0.011058073585927123
17.27734375,-2.9077037761528053,-0.732972525283822,-3.800517225733441,-9.257535890452772,0.3934352739254303
17.28125,-5.345755330543873,-4.012397301003775,-1.69707593576351,-1.861370040862869,-0.8822964112999383
17.28515625,7.534040750075011,-0.40170019151094594,0.38290099740052175,-3.4270925624426933,0.2623425578869705
17.2890625,2.982178799135797,0.3034975565171879,-0.421470137262147,3.208984775807352,-0.17569437248352432
17.29296875,-0.8937001249553297,3.8726436644607265,1.394178507257306,12.27743601383029,0.20926632020618696
17.296875,-0.5637712554800952,4.098260860136951,0.2749552963747891,-1.7669642853866199,0.49199665379905544
17.30078125,-0.0645829621708331,1.215571670242661,1.1726703633334026,4.245165353673011,-0.24985251147154158
17.3046875,-4.884372396526778,-0.5169447750823867,-0.48451119962596145,-1.3415758473886683,0.04890447629211512
17.30859375,1.2500055268490595,-0.6147417311297095,0.8266602257875121,-9.733033552056476,-0.5052716832206169
17.3125,1.1688358992965835,-4.063866159872714,-3.222178035988626,-7.1471043339838785,-1.296876210338028
17.31640625,-4.4795278726801735,-1.4617932458422318,-2.2690229058703957,-10.098496797365264,0.11345275565971472
17.3203125,-1.5843331967401426,0.1236595613137346,1.6433179033466057,13.05128720114925,-0.07027537168399715
17.32421875,-2.473247925689121,-0.08278437265713776,-1.6742434195053724,-6.008646344819597,0.24669342447323733
17.328125,-6.755607310726938,1.565162864934344,-0.93692374092051,9.302464833319442,0.28048622480039115
17.33203125,2.2809129505592995,4.734970923090503,3.9409062666237427,9.407040872115783,-0.013269808617935665
17.3359375,-4.297076103970542,1.3151252198070127,0.5298582387974058,9.309578847899347,-0.7391027472941819
17.33984375,-4.582417577837692,0.24789649872006195,1.0621475909387388,-8.793495935453784,-1.136208694055939
17.34375,2.2053490782500154,5.801673116503566,-1.302475780039036,16.463699983890724,-0.3093778127108511
17.34765625,-3.297676153828045,1.2419060160943687,-2.2967090853558343,13.699978682261076,0.20090519840094737
17.3515625,2.211782407510544,-2.280775924613301,2.950429308356465,8.7390032449411,-0.5472033322519624
17.35546875,-2.6035039144786483,-3.6393261831654717,-5.33708327813202,0.2333227235687514,0.5524858224948914
17.359375,1.1593389511143655,-1.2174816062640201,0.7988121374945202,2.976854322794372,0.9065360869344987
17.36328125,-4.936069030570265,1.3951949340414356,1.561984487572149,-4.412862811238075,0.3203696738919724
17.3671875,1.0717028775361603,4.473780860376227,-3.547326030856487,-2.8055575613701755,-1.1519096720199231
17.37109375,2.6439520758343793,1.659645621465009,1.8473895865118064,-6.629340071506341,0.9918274946621544
17.375,-0.9695757575975068,-7.09932794177937,-1.3147195924499306,-14.630457058304753,0.004222633568286424
17.37890625,0.6593555871477863,7.455599031828868,1.9663790455432524,-6.980614157650523,0.06234703142044457
17.3828125,3.1495842891041472,-0.8973020534045746,-5.12885774905194,-9.578416118057229,0.20472952495982466
17.38671875,-0.43661654651527704,4.121073720851167,0.05168636390536574,0.39851229984924763,-0.29958579307295224
17.390625,-5.658461585117489,0.7766574170675529,-4.019925793103674,-6.542702823273435,0.3724935230006283
17.39453125,1.5472105996933887,0.04678428644388093,1.5746377731632468,6.837134337195597,0.5121347416464629
17.3984375,-1.5741948241209163,0.6769164819433859,-1.918969461032198,-0.49307899565778435,-0.818944280750469
17.40234375,0.40583594714440197,-3.580174622673701,-0.8373860865534757,16.322284728707746,-0.5590637219430911
17.40625,-1.8388376054301434,2.07464085507,-1.188164908805891,2.512227130432537,0.5757306147880019
17.41015625,-1.3167145717134523,3.6263625881952715,5.692607138514473,8.249126033852331,1.6456606924537063
17.4140625,-4.636467495497526,0.45731197942900487,1.1416592625874975,2.7344287448091436,0.11168291425139326
17.41796875,-2.7892648880793383,-0.42046604767905793,1.3041056745986057,-9.94105982943416,-0.09712833065067471
17.421875,3.1453897850994186,2.4427546051253013,0.6116049730825042,-12.637177172463678,-0.036622651943628785
17.42578125,2.6783644745010973,-0.06119130595618303,2.3742033961457105,-8.120782607092934,0.5274471875591705
17.4296875,3.078574589838806,3.4038734297840514,3.5599971520429152,-6.673529546627509,-0.1743860779270787
17.43359375,-5.530793970159234,4.3146148968880125,2.575808174766414,5.596205579001535,0.34606031402027526
17.4375,-2.806966905814754,3.4750830492152023,2.358761605418044,-8.257646297052531,0.4352697551668055
17.44140625,-1.96386211526721,-0.8144004478807101,-3.109074437623468,-13.217458199421367,-0.21867282786926212
17.4453125,-5.557588003610642,2.135420382758367,-3.919420644437003,-6.092684416958345,0.44387861857228744
17.44921875,6.527962720435454,2.667927454600396,1.748353161650474,-5.145825363659725,-0.04218024782361818
17.453125,2.2324361239558845,0.6492054758625276,0.23468960512026205,-9.826788379743398,-1.1376618241117271
17.45703125,-3.4744423619753704,0.4123759768155849,-0.8404593669007014,7.32782341663913,-0.5849498450371439
17.4609375,-1.8652400350775724,-0.7454921386821318,-1.0853594812721288,9.626507737888188,0.25079417690871303
17.46484375,2.9822883174763466,-0.17093792766319427,-0.6848983519717977,5.7817454143408975,-0.56677419497178
17.46875,-3.04484139044731,-1.6459141627796117,0.02561626349479007,-3.92322252325955,0.1619348104605611
17.47265625,-1.4227251766022198,2.050525130936255,0.7388098171545601,5.734207218298608,0.13879727593339342
17.4765625,0.6392083174755839,-1.892535158309114,-0.977721528133606,-0.2225375092545061,0.5258681675462994
17.48046875,3.1813926508365653,4.4110348586001855,-2.873312675017675,-20.416862637599746,-0.54672041437191
17.484375,-6.505326932554789,0.7573191929678612,-0.18178436550618993,-2.3267691394482424,0.8125576387605626
17.48828125,2.111743365039258,0.9336516565423352,-5.107737708777919,-1.408371485690707,-0.13929571241420682
17.4921875,-1.1441533278332927,-0.059254488775602826,-1.101837900496903,-7.445910720924886,0.4740052927563177
17.49609375,3.4200484787385874,0.005317678610728226,-1.2043538921222519,4.883191861099375,0.08061459451753795
17.5,-3.570967461203424,-0.06803043052311075,0.45260357831177217,9.748285699439078,0.2917941781163157
17.50390625,-0.6035675199140357,1.9333604431798241,0.977700174314851,11.104872276871564,-1.0529655344125513
17.5078125,0.25076525553527823,-1.7722198863100613,-0.33691175705494447,10.93794088417028,-0.16981964058758064
17.51171875,0.047751406818705,-3.763432808977203,0.15548137440727605,1.5865609181958407,-0.3937675782400213
17.515625,2.0129373777723925,4.023011798256065,-2.3514057777042536,18.539332379786853,0.36967630338419954
17.51953125,-1.0608367351726837,5.292261139735928,-0.9857584926672482,12.272963474425328,0.0789387027737163
17.5234375,-2.3580830894942073,1.797598379507048,0.3714414278116476,-10.99913126831235,-0.10051978027590322
17.52734375,5.163309472763659,3.0598896791658143,2.9296991999710515,-6.004818422785309,0.614576522973932
17.53125,5.570296268597912,1.309336411160405,1.3396686169617837,-6.39737553890571,0.06815319509216534
17.53515625,6.697823219060455,0.24181554384603504,-0.2786848344162427,-8.051087152832741,0.10600063770409343
17.5390625,-2.822178047816901,-0.9293663647700718,2.263809172736189,14.523316970039795,-0.20654661850382122
17.54296875,0.09534801096315187,3.3536687819793545,-1.459849000741106,-11.661696592713415,-0.0839430419387849
17.546875,-3.1386410016189403,3.041144450121535,2.197850793074409,-2.946114392193637,-0.22335392899024925
17.55078125,-3.07035346894851,4.7635233619832,3.3507645404065283,9.976942706634215,0.7630202424163683
17.5546875,10.306950258819727,-0.08604635815801848,-0.8464042396999139,-9.354309405181757,-0.2351378676954416
17.55859375,3.3349510298494374,0.8129884826294349,1.7126026874111602,7.167693294640589,0.42311279607968655
17.5625,1.0963036357172316,-1.8961042052385937,1.4727984223757957,17.997623166165937,0.08254715054493592
17.56640625,-3.1834085703011907,-2.254755410560806,-0.33792125819711405,1.6439762739286499,-0.012604158218483907
17.5703125,1.6345349909322342,2.66643538078331,-4.281323633609528,-0.752107833904617,1.1176618445379032
17.57421875,7.291266675653503,-4.783357911332071,-3.9365099457742483,-2.453380445803525,-0.3719257736971978
17.578125,-0.9815996281145108,1.3674323822903987,-0.10750894501631336,5.957146142532643,0.20372552419943576
17.58203125,0.057244250915553976,-1.4655164942779926,-3.062599350530424,3.274849207337891,-0.3215435264401055
17.5859375,-2.6090552343838525,-6.573488741733183,-4.746412014375408,-10.462168137661912,1.0183373154213766
17.58984375,-2.5342626611481527,0.6242937149269254,-0.5542722992257375,-3.7808183648297065,-0.30642761579304156
17.59375,-11.269982600069067,-1.9189399817551074,-3.9622840746293595,-1.0661250939127784,-0.17262325172803067
17.59765625,-1.5888607526639558,0.5878751584605646,-0.7411598473480925,-17.265096851467856,-0.22764273810944732
17.6015625,-3.404388690405911,1.2829090669752714,1.0046889440454905,-5.403059340491285,1.3546603778535586
17.60546875,-3.4328584292700053,0.5572864830527078,-0.3978289970233071,7.788004498751928,0.2071201976009946
17.609375,-1.4235342108777662,-2.1726027786172213,4.350693496424526,-12.24575888157684,-0.05677968546865756
17.61328125,4.901779570587796,1.1421502857670633,2.4379373507038133,-7.095980623996852,-0.5669575258048165
17.6171875,3.475252673880897,-0.5858972287541857,0.14440064138340847,3.5479529370647027,0.11001377506486762
17.62109375,1.4165850412508512,-1.291556506705171,-0.8602968138072282,1.5144969020083399,-0.08777653744161304
17.625,7.596515201430729,-0.07892954895084159,0.976315207581485,14.309781254409254,-0.3704673164062477
17.62890625,-1.1448521263231324,-1.6688796245623256,-0.25098857586482026,-0.9353334821974348,0.488252306471391
17.6328125,-2.3034527822854365,4.5349032035266,5.056311633951056,10.836559632784747,-0.974842098937158
17.63671875,0.12001776129831952,2.4069661896525356,-2.5333059334296424,-10.522454715451394,-0.21982170055666264
17.640625,4.848468131297369,-4.014116439963545,3.6701252407980487,11.915956156426844,-0.406728640600821
17.64453125,3.3884017012050625,-4.04966410021456,1.2056972780518693,-6.954650325707436,-0.5795536969935106
17.6484375,-5.077260094075425,0.7661880110292041,-4.396135949484188,-13.279680228065555,0.2860905040604958
17.65234375,-3.1374561291727505,4.119272280003911,0.5327656591879815,-2.8274923529483074,-0.12752444353963782
17.65625,1.7792469293849105,-0.5497745544787305,0.8446230132975717,-2.827416367161346,0.8236277419763595
17.66015625,3.352422070443184,2.503373963848923,-1.641693382411698,2.277747523460228,-0.06296437920188269
17.6640625,-1.760582224601694,0.4308961694171691,-0.521081471014127,5.824046772774857,-0.11590104082230088
17.66796875,-1.46383735763247,-2.4556844990725697,-2.8459573643922393,-0.9144671524721308,0.3495886304499407
17.671875,-3.5430081110164178,0.4857159580930786,1.3993682663864062,-3.4468115797194283,0.4242734770008561
17.67578125,-5.855140749785143,-1.1092992812775362,-2.10574818593516,5.195065525231595,0.5301336898129554
17.6796875,4.4952106768491245,-3.096728225533206,1.534296855014086,4.495296640879626,-0.3248857509018366
17.68359375,5.045410391999179,4.143023521133673,-3.829982827813093,5.476718369706595,0.04170845342866876
17.6875,-5.559399906672102,-2.854119445456525,-1.1345247657571413,-5.449052505897941,0.3610963025858857
17.69140625,4.851636479441487,-1.7280556026498306,1.62234471821637,-6.565149730681712,-1.3143084040477
17.6953125,-6.621125033044669,3.681316708062471,3.988945411164014,-10.52601155673095,-0.45318936876931765
17.69921875,0.711424351729929,3.648786331352235,-0.40072479569627206,3.1007232420434825,0.3184914671845256
17.703125,1.2395763195958618,-0.09167101801475992,-0.33979173966877346,5.046727086168661,0.11912727623837548
17.70703125,4.466855298487116,-2.1797401708191866,1.2196956070738139,-20.10448247186041,-0.030763039115941134
17.7109375,1.4223307443257223,-3.6677876948790313,0.37218091573445067,-19.03096218302944,-0.12612654151451097
17.71484375,-3.302615167207353,4.785733623642436,-0.628154570889103,2.2384706158508942,0.9659398798370333
17.71875,-4.110455951717189,-1.8730822648637728,0.12314713685164702,-20.153581739601297,0.07307906547434265
17.72265625,-1.4454379697901705,-2.4432896123975216,-0.5119768059083882,5.036206488992747,-0.6866588068324894
17.7265625,0.9839292006088568,-4.008425256631756,4.688383713621624,-2.86347774051462,-0.0979665319740282
17.73046875,0.8240566900171916,-3.519760026844044,0.403776262858621,-6.054143181305662,0.13155657594632553
17.734375,1.2710782124201754,2.6582494108524464,0.6144004028701407,11.540474684538744,-0.430196885426371
17.73828125,-4.507869828897057,1.626730959957416,1.900309955291204,1.1359233905395882,1.4202260677205336
17.7421875,5.500202141419383,4.397758435042948,0.8823391973771962,12.414164402374116,0.3199466605646457
17.74609375,3.231417043689775,-3.1188240310898676,2.4579304503903106,4.297958088281693,0.6267792173866085
17.75,-3.3058268741373533,-1.474720409527192,-0.39693950519819604,-3.1562879030995004,1.0978519908213058
17.75390625,2.07490383472,-2.615127939530105,2.0608917625782417,4.6075286804526545,-0.20115013918092198
17.7578125,-0.56446878425525,0.7908551792281658,-0.43619028934635257,-7.698748310975528,0.0002563377517135326
17.76171875,6.848543884446745,3.9634280979149716,-0.7867747964485592,3.5781861070643597,-0.08258158841947352
17.765625,1.707254918189872,-5.408438352102998,-1.1461345801855136,-15.067638988681589,0.17106078413603634
17.76953125,5.881333631105343,1.085527541194316,-4.228299351577552,-0.9918459444346985,-0.2739157846228278
17.7734375,-2.2514440936124336,2.502690755958123,-2.307174750013427,-8.174516665464687,-0.19371133193656076
17.77734375,0.5175125830769755,4.234030279377264,-2.965169454954732,5.398954051213825,0.4366249825481862
17.78125,-4.229553594280014,3.52229991007336,-0.14790323154386664,0.022460219607231213,0.5103098904095152
17.78515625,0.6964205011047755,1.7649819818643597,0.04737012308551902,2.4087518745256893,0.46495382972117955
17.7890625,7.251825903881296,-2.091578851161733,-1.1271000642360234,14.122889851945914,0.5908356683822082
17.79296875,-2.845920632709156,-1.3748676640875812,-1.0060805576644887,1.2628458715022441,-0.30027337776582486
17.796875,5.102381303741654,-2.2127420839548897,-0.4075950643196065,4.493645629357634,-0.32215363988383605
17.80078125,-2.9728707325822086,-7.172220904310776,-0.3497965525277938,3.855218065498627,-0.4917248538246217
17.8046875,-7.602447007275849,-1.2996452083503411,0.7884102595022922,-4.333020583306261,-0.15964620821530195
17.80859375,-0.8201869147436628,0.41988735563570334,1.9673044795944092,-3.3701245169788794,-0.3739894376545347
17.8125,1.7447691356819184,2.1881948626331136,1.3225979264856373,-5.138242893765186,0.18204690452209926
17.81640625,1.2471805160955045,3.4638107971645473,2.8064617925115094,-5.144846286580698,-0.09059579417404227
17.8203125,-2.39330202160812,-1.4262025327498928,1.3137138912475501,-20.0103315685555,0.6328474442807878
17.82421875,1.92679871840013,-3.1298682066668952,3.3605473251261637,-6.634833287216255,-0.3882179024376771
17.828125,-2.940312742456094,2.8195729008702135,0.7186342427088321,-3.2889959292173296,0.29239940865628644
17.83203125,2.387787806722132,0.17170885783198359,-0.48881715736717424,-13.430980057690965,-0.12609701800501857
17.8359375,-5.492769772550288,0.6977599415370136,0.4755128691271828,6.850549737671911,-0.33895423192238355
17.83984375,-6.072955208412903,2.684612244180888,3.7104434059457203,0.7859910298649155,0.6815685239490914
17.84375,-0.9073773778863824,-8.61120995523707,1.6079201659201023,-1.806705084783732,0.5403804440065466
17.84765625,4.953357534508405,5.658444373592496,1.996231723268404,8.000315189188024,-0.5832370259492802
17.8515625,-2.966847469194155,-5.14521438185967,1.399583206072212,2.100582720265654,-0.7630652161562257
17.85546875,-0.45905451243561557,-1.6085801665398427,0.6201793384810714,0.08858804615902871,0.012958698915965258
17.859375,0.15540737106901747,-3.73977893270906,-1.0453486037361517,-2.74675845606958,-0.2274015260401559
17.86328125,-3.478367264884268,-4.474717519445181,0.8400100765688456,-15.587466246397765,0.29878727887023127
17.8671875,0.5090679494659546,-1.2245646981067606,-1.6687068706515036,-3.94475218117335,0.05799027638435761
17.87109375,-10.169813027170374,0.01786722853236718,-3.8966876102322603,-13.531677492858261,-0.6627192967274494
17.875,4.356415339567714,-0.5897086706897158,-0.2915092605766696,-2.6523472441834803,0.05709533355099632
17.87890625,-4.036570208858774,-2.31464116410697,-2.386542229065553,-7.967480639856028,-0.09302527790159057
17.8828125,3.718362629544781,-5.710147142580388,2.3938382515430403,3.128243104073449,-0.4946542704437888
17.88671875,3.511812643004661,3.4626379291512963,-2.7736495333447078,-5.524256949916989,-1.300608870485163
17.890625,3.509144773810631,0.35133502908797826,1.6763359874074546,-10.667172122987857,0.003918946890960706
17.89453125,2.049896398917592,0.9074579155923119,2.665556172023156,12.5941064007418,0.16219243052162066
17.8984375,-5.129765698083685,-1.587684342556837,-0.8999522162173916,12.353352976769495,0.41414923417416916
17.90234375,2.457008167163168,7.371964512151152,2.892532964238384,-0.5438672905981106,-0.06994129345099989
17.90625,5.0486961352154625,0.25662975584291975,0.8240376966338607,15.188482034837445,0.28068971200486476
17.91015625,2.259818825857338,0.16925661855114196,-1.6245246243587754,8.012212677126723,-0.7845581774089617
17.9140625,-5.924319354246399,-3.0215983574359595,5.003294197460349,-3.887103047491143,-0.36076142133475664
17.91796875,-2.7391750182081687,-3.8854515541933736,2.7010018133147455,-0.24404970037760854,0.5270842229175475
17.921875,-2.648084551150315,2.9128135819057013,1.1292022226935114,3.546320536702409,0.1870415094002487
17.92578125,3.169324984099411,-0.7025498688481964,2.91447327512153,5.816693601052589,0.11109748307107828
17.9296875,-1.9368350070318059,1.171399372061602,2.832562735818117,-1.4888952484467097,0.3112737763325869
17.93359375,1.521660774680966,-1.1688888900635903,-3.864688992382109,-15.205254391086342,-0.09529599381699803
17.9375,10.669499406410983,-1.9110460258913595,1.2798225822108906,-26.041251761632417,0.25496792588127426
17.94140625,6.241733436731184,2.7191980459111686,-1.5780888174279353,4.445628405591972,0.7383239271844533
17.9453125,3.4844646982616014,3.48056733402196,-2.598933624415887,-9.43687203321914,-0.36483794610606113
17.94921875,-1.423984590251677,1.290710080428422,-2.410289510920927,8.097220810061984,1.359261966260951
17.953125,-0.7133130374409566,-4.34829543587843,-0.2175091361902567,27.594678530548116,1.1599045811211874
17.95703125,1.100014831811472,-0.39740783944701885,-1.2242332326075926,30.77717795109332,0.15208150070622245
17.9609375,-0.3049563438089435,-3.001695595373674,-3.6754809936911843,11.741499409450565,-0.08968162396989104
17.96484375,-3.8567314345456807,-0.3529010140001549,-1.9673168988702,1.6664681072893393,-0.2058071451663257
17.96875,-0.9212414684149234,3.2375024713323795,1.9172834178473956,1.7849763566685972,-0.26781505244568804
17.97265625,1.5359709733759535,-8.578211851566342,-0.9477557931670726,-0.9119914326309639,-0.8679311137993143
17.9765625,3.6916826068154296,-3.159634898673004,-2.3848628727230055,8.534945007082843,0.15288641311121373
17.98046875,-1.2243750454924325,-1.8774942041167777,-1.0606371807880222,-2.472421637113366,0.801149822545414
17.984375,1.65435297819987,3.6589631045120043,-1.2806086021196574,-6.048885415294085,-0.0775869749011798
17.98828125,1.7278779800654354,3.6035726280115177,-1.7740669248586611,-18.69058131636671,-0.06556382413962028
17.9921875,1.3774091981790664,0.810112379644773,2.1397960779451832,1.822041797497346,0.011231908610069018
17.99609375,0.21644726589416435,0.24614177773156634,-0.07786393185950702,-15.331865304535206,-0.48664921640118725
18.0,2.0332978661332426,1.9217727469981476,-1.5222351588361562,6.437238170114346,-0.5796170420585226
18.00390625,-1.3684631158144138,0.5708543330631295,-1.3965177600011396,22.875777210883527,-0.5462459236519304
18.0078125,3.8037668733188488,-0.18915271668499317,2.7254052930771997,3.814118655622134,-0.7071225057849067
18.01171875,2.8336587326882885,3.438649145696144,-2.199513366788157,-7.031545758452612,0.3199130839576908
18.015625,1.9843432989036087,3.017083204183658,0.851300838657436,3.3015913545448736,-0.15346151683155937
18.01953125,0.8234486316555967,0.44969849772109816,2.2980656099137704,6.626982376540879,-0.2242548584699599
18.0234375,-1.6442128439328858,2.7869876411824537,2.716732099711666,4.330520555935876,0.22770514260673821
18.02734375,1.4153837188737863,-5.14136003397823,3.747096367775023,8.60631848278081,0.3649869354274308
18.03125,-6.267673111122354,0.8123842163167807,2.210727713054031,-22.157219584701906,1.4408497485553224
18.03515625,6.143229860478994,0.2484248759308854,2.2092497622224854,-0.4978547857584519,-0.8047631508026006
18.0390625,-5.825655133686058,-0.25552388227927875,0.3956406873861691,-5.7092232409282255,0.05660581290586021
18.04296875,0.6919655088052071,-0.7640497873611798,2.68533117733537,-18.711698437480955,1.1355779101952397
18.046875,-2.3139429749235987,4.631190908379862,3.350338320596243,-15.657340766474206,0.7160012412685341
18.05078125,4.813265323643419,-2.4085709523559187,-0.27142376983807953,9.941843796351485,0.2498931776509541
18.0546875,-1.4916363577458558,4.865394008026222,-3.9179182214069432,-3.1351395755164253,-0.43903509086901754
18.05859375,0.6004900549234534,0.7218806297152363,2.592435084379272,14.057357179733032,-0.371799165239892
18.0625,0.457936572151979,0.05733759748263474,0.06745532846923763,19.300465909446316,0.3200339583388215
18.06640625,0.8909720026505497,3.7377671360518567,0.18504598864290966,18.951688721598337,-0.7062766183638997
18.0703125,1.9217851607274232,-2.6090669093649086,-2.7073661096922184,-1.028174657750366,0.24193779629437775
18.07421875,-3.677539576012522,2.1371433931346395,1.0191633660331139,4.868899929408626,-0.034030581901865566
18.078125,-2.010684267068537,4.794053622269962,-0.29493798638053503,17.43496480765454,-0.6552116252568193
18.08203125,-1.1028508321600248,-4.295536915610999,0.9974826545920124,17.73223894934759,-0.22554862710218243
18.0859375,-1.222327574216993,1.1068166300992988,1.422422367607512,-9.007299096599912,-0.08629063198910031
18.08984375,-3.2371714581031337,-2.022197267382483,1.5102456076526178,1.9186683932758388,-0.035647157855604614
18.09375,-4.7084024045591395,3.163377779413051,1.4158764638234798,1.7498107578742461,-0.35638941157249293
18.09765625,2.381086294655818,2.4600573184031136,2.244583762831087,-7.0293464352207105,0.7096229896109733
18.1015625,-1.4607258763612188,3.056200935243073,1.2325158769992546,-1.075471045174523,0.11359747362921616
18.10546875,-1.5672296605429674,3.480607159608039,1.0394508669451996,-4.393145108263048,-0.09349730091913509
18.109375,1.456414510415388,4.081695018008172,-0.6361299385224156,-11.562783136846136,-0.5244344985695898
18.11328125,1.853847656904273,-1.9110904540870344,7.597907112521377,-11.162528560378163,0.5691455135912006
18.1171875,-5.419184146270972,-0.7534796432764685,-1.542458485837253,-2.1296377783570644,0.3852323260941741
18.12109375,2.059131481948755,1.408926070109494,3.357463032398102,3.1858974422202535,0.4997962138663272
18.125,-5.750038102839575,-1.0429384333996408,2.2443762931036066,-2.7283958269609823,-0.1134223918721725
18.12890625,-0.387932975492852,-0.33676789756699044,-1.8293399857855284,5.071465555337185,-0.7326269567253504
18.1328125,-1.2576835072793033,0.985311061386452,3.454471490042165,12.070809559246511,-0.30108973292937496
18.13671875,-3.0267398971324004,0.07823717140247996,-0.698669098443798,0.8944140542443187,0.23188365851809634
18.140625,1.9128367226872736,-0.38140467044680726,2.264679622919002,0.1605997164424966,0.22986692171754225
18.14453125,0.7124562688118831,-7.010441520131813,0.615906315679042,2.9372458998328073,-0.07511734687086306
18.1484375,-0.6356133782989393,-1.6868782344507844,0.4066136277269195,-1.9063338171055788,-0.17557445153661097
18.15234375,6.789823490348978,0.3365668987951037,0.5198489920389071,6.849223626663931,-0.39473400883641513
18.15625,5.2129675488942615,-8.597281646204282,2.093518461895134,3.4331668841436684,0.5187414852589289
18.16015625,2.1233498176113073,1.4350176077978087,-3.4030978290100893,2.6308194047511595,-0.40649940435006887
18.1640625,-2.980862093642665,-1.2281466535085979,-0.06800941422191875,-13.900575638857017,-0.3617469426471863
18.16796875,-7.0059509830035775,0.38309893821441643,-1.8810177355861348,-2.8685552006289647,-0.31133007756794867
18.171875,-3.844611576396707,2.334358191931327,-2.2573618723277398,-0.27256071817546346,0.826675146853407
18.17578125,0.17750679873959002,0.5026853606109778,-2.315282502817126,12.382206105611065,-2.5939079884433324e-05
18.1796875,-6.557959992420872,-0.3676195901288838,1.1487423616101888,1.3260155124096604,-0.27549418734568976
18.18359375,-4.214537599714532,2.080782537579555,-3.753594355230575,-5.812499810924726,0.31912150991246313
18.1875,0.5542012053732174,-6.464468142723893,-2.653130000007007,24.614647413000572,-0.6711874195140759
18.19140625,-2.024357971377264,-3.289659780951019,-0.06519250044854663,-0.7849641496167452,-0.5081823774174128
18.1953125,8.413115195770779,9.638482844114893,-0.5718298212211161,-6.399516030560897,-0.5016025519573579
18.19921875,0.5231578670971494,-3.5945267680601023,0.5835595294725964,4.5514202450362635,0.3943451295222749
18.203125,1.9423467189410122,0.35927354837277964,0.04957800985714175,-6.937221515214436,-0.27728956316995074
18.20703125,-4.330231435747648,2.048754202159384,1.0716161127884036,6.39319934613855,0.3057544441467787
18.2109375,-2.6651715538341314,-5.423814248053393,2.614753856390917,-6.705666575231032,0.8177806510632921
18.21484375,2.45214892605856,0.6067914095773244,2.118976001927975,-11.480581158285663,-0.025108825493595454
18.21875,5.412084088630008,2.598605343457079,1.09043177289356,1.534162744927257,0.4745806292344431
18.22265625,-3.178525567445246,1.5867338215517686,0.40367089675290546,-3.3224771740800203,0.1440731875825244
18.2265625,1.1193639534027306,1.7399193718875916,0.6813912551509885,-1.3619023140585962,0.37510966594437256
18.23046875,1.1345996494787012,3.828729168664755,0.8180822331318282,-2.749881528206825,0.868198128973841
18.234375,-1.150101029650175,0.3031578236852368,2.424520601572153,-0.40479992729329695,0.8495969611873662
18.23828125,6.551501529732796,-3.021543219434811,-1.4760526825487956,5.58442682115531,0.48951808034441263
18.2421875,-4.739586680626255,-0.3473559896247087,-0.7203710678493521,18.945064646579084,-0.5804465950784758
18.24609375,7.801984284572414,1.6456661446601524,-1.982047098303705,14.877536755120545,-0.25619927727240327
18.25,-4.795721651134469,-0.23610059412497147,1.6533405954866667,4.148158578597411,0.9397625495669361
18.25390625,8.244961802713213,1.0367331045533152,-1.0927089594926525,-9.551733170856945,-0.296785630084935
18.2578125,3.309477074012482,2.2424677261264967,0.712711593324365,-4.318800946040502,-0.12525163485391652
18.26171875,3.1580624253524032,-2.564294491360629,-0.2770370920128066,-7.33264665106135,-0.8592622511615207
18.265625,1.1643942546874375,-0.48580564410093596,-3.54906871391687,-1.7693198381824145,0.149826001237151
18.26953125,7.7511324893115185,1.5487887490979526,-2.1944884922806436,-5.127333022713333,0.16655834616276344
18.2734375,-4.799013722946209,-7.28017931355819,-1.3191092883990472,-6.732762793991058,-0.15587876650267904
18.27734375,-3.273615418519939,-0.6386515378265656,-0.9967323295573715,-1.9837066921088389,-0.023657778939678964
18.28125,-8.073662055324913,1.737400286897246,-2.7063933223904444,9.707111532372233,-0.1366906388130375
18.28515625,1.8548563613526763,2.526056158053858,-0.6652223735264305,5.715873019987253,-0.17569458325676515
18.2890625,-6.6022326200417485,-1.7432098329869796,0.4734705068063281,6.4236629045516365,0.29156227176381744
18.29296875,-2.985247703334918,1.0301027572264059,-1.2415178823721535,0.7183522224016121,0.7222513605749782
18.296875,5.171870151150214,4.73445885344467,-1.175280152382643,4.6865654976559465,-0.3361382159523665
18.30078125,-3.413535473025228,-1.685460672701895,0.971382528931886,-10.54914292071734,-0.5631432213879263
18.3046875,-4.199308806920181,-0.5751812834063307,-2.074716147949793,4.864171866699735,-0.5533390018258569
18.30859375,-2.0234833780078736,3.1866337847278094,3.5186723103246864,-4.465250759405555,-1.0985693782497372
18.3125,1.1105771411591654,2.0314068290125933,0.14445407048346104,0.8818054498676062,0.2720122467816078
18.31640625,3.1968707796127176,1.0840714907914293,3.336630037584341,-20.0991902316186,0.03289425883010911
18.3203125,-1.7679327738945823,0.16521427309117354,-0.9938309717513281,-7.514062184292571,-0.811047570087581
18.32421875,-3.3864243045248186,-1.2526444203323912,2.0789912458248745,-5.04211135083879,-0.06948543509051358
18.328125,-1.5693478098488578,5.442453647822428,5.704323035260403,6.697157636669681,-0.4545957115218563
18.33203125,-4.199901370937908,-1.6251555922891636,4.946270691612646,9.030256751672638,-0.09878186811438822
18.3359375,2.149639340143286,-1.365981759075374,0.45213920638802363,-8.646854735081234,-0.506783866695716
18.33984375,0.9078650493862805,-2.7228645318218385,2.2708880649100096,-4.0957072237129175,-0.06397841218952256
18.34375,-2.936726319944521,-3.705994806766655,-0.8892280568850477,1.201972400741977,-0.26933608809182114
18.34765625,-2.4938083910698876,-0.8064157655634929,1.51873245441274,11.259976754600398,-0.06487005497942021
18.3515625,4.545603508744469,8.062367255181009,-0.41528419415716783,14.10391947159497,-0.04619643972319021
18.35546875,1.1962988213759935,0.8638175260616532,1.3052441508737733,15.102083828391448,-0.6618530842612557
18.359375,0.8062738516718615,-0.8931441071779159,1.8048398574333446,5.579952587530199,-0.171051535933963
18.36328125,-4.63269654943013,0.7987940626740395,-2.5980278518728093,-19.622398398791326,-0.49531299867734563
18.3671875,2.7208197946096715,2.0124314418764193,-7.172360851303385,-3.950842971868173,1.3636959739602579
18.37109375,-0.9439883834498388,0.7442972268968859,-4.317200938525522,-2.920436174366958,0.04350952546497114
18.375,-2.5634783568990005,-2.2759740427310264,-2.236947463284717,-20.09243652821196,0.6981173592940597
18.37890625,-1.5554231811563102,-0.6437091017481447,-0.4857556792475264,-21.81282473481186,0.5274254361535454
18.3828125,2.160356592908089,1.0992699327167643,-5.217913588576627,-2.275274091016174,0.12000650779626931
18.38671875,0.40396874730704396,3.9609950976722796,0.18571946320549948,-2.640061344821996,0.03191265566650695
18.390625,1.880876578358817,-2.348126953868598,-0.9117111426750366,-10.642140059565978,-0.4864981186526875
18.39453125,5.916443442542692,3.0799778811988956,-1.4561125478538175,9.799556537002445,0.7155260142491501
18.3984375,-2.9992937757172555,-0.16193229584357055,0.11558339962358435,17.28956101908058,-0.4047700418344637
18.40234375,0.937349215029611,-5.708665946535423,-0.06291706195303742,3.1190968465280315,0.4998719593751729
18.40625,-0.06105420432112334,-3.8189503012141284,-2.9917379248038873,24.44164048405424,-0.5941716167254877
18.41015625,11.205891433723805,1.3756634645909864,-0.22581697756692098,5.320479324386621,0.47532240063868747
18.4140625,-1.3267951075580038,-2.624036152087797,-0.7217468409035543,3.4647822370723484,0.1337966632087902
18.41796875,10.534383692214043,0.2244926816391063,1.27472244745899,-2.0931478709846063,-0.035453371890573085
18.421875,-4.060686831184551,-2.133671118015402,3.2835880553217107,2.8541160820779687,0.36218372467942317
18.42578125,-6.484494425145,0.03178637813590068,1.2267204600445276,-15.508481678069014,0.9944053309323604
18.4296875,-0.862695698398143,-3.4505863342312524,-0.7341847608810841,-5.902856996574204,0.27936260489476905
18.43359375,2.946103995846791,-0.839153715540155,3.9860581637100334,-1.6337555082235244,-0.8444100316568738
18.4375,0.42642249249496483,0.8563475885010017,2.128964555723625,-13.42734084018373,0.8991362120673974
18.44140625,4.505363421972462,2.1489436065263683,-1.1201977437772908,4.867251346997198,0.32050889189286724
18.4453125,4.8799836788284985,1.944781280944049,-2.7861033085631077,17.01681147739662,0.42025861230544564
18.44921875,-0.163780716434893,-2.6178705074152644,-0.7069345325166917,14.058235790570468,-0.38759965117115586
18.453125,0.793273601717311,-2.218090277185133,-1.9071187287699964,9.131612622854348,-0.042416600209460316
18.45703125,-3.7783443688152984,0.8164001534558545,1.8576480650616778,14.853003889548386,0.3187879337906202
18.4609375,0.42333684585459425,-0.45759438777592754,0.24245186397077712,6.427969364592034,-0.749172946342213
18.46484375,-1.0137482806425893,-1.8688123459980945,-2.167140858115143,8.740744764165527,0.5046050054831465
18.46875,1.165132817074036,-2.467305732136923,0.9408165309554781,7.0927986458574726,0.05839894892390093
18.47265625,1.1031417622529924,-1.327289874745614,0.9146556082739477,-0.8071600150075844,0.2953522099514588
18.4765625,1.803938001924085,-1.8976280816806956,-0.5941928997931071,16.441840553822377,0.6239440396411283
18.48046875,3.0922706828518383,-3.591648206375707,-4.643274395087715,0.14261502385151648,-0.4039872957328675
18.484375,-3.5763495722156717,1.8005514743772688,-2.34161037427898,2.168470950479838,-0.3328255107016635
18.48828125,0.6595110835267012,2.1375600249181588,-1.6296603394904263,-5.239918754433995,-0.839031453183766
18.4921875,-1.0355049463205228,1.61253894338975,-0.8955036689101596,-5.097954688648843,0.12353524803648948
18.49609375,-2.0822856080288745,0.5790081446026519,-1.8840889679914943,8.226662346467661,0.1483059333914018
18.5,2.0689453339006216,-2.0478465554807572,2.987681123540295,6.0555226902016885,0.6461600177020524
18.50390625,5.830781259700033,3.2536982096512594,-0.6594160832960838,-2.025136207309087,0.5400030445251799
18.5078125,-0.7825778061742457,7.255795085333264,0.9582326339146998,1.4145461753864192,0.15355682213762098
18.51171875,-4.163035532864289,0.1989024200247709,0.3544395735887783,17.966161432367002,0.5802270426036866
18.515625,-4.563376795039622,1.5418832580117159,3.7830471163056543,2.047797854325882,-0.9702776810343067
18.51953125,0.5727981872030898,2.4208856154537144,5.244665154112427,2.9984001600588295,0.12114720654157929
18.5234375,-1.822520770272149,2.8841083053742165,2.7018214466037005,5.157860830968589,0.11183405180621171
18.52734375,0.21557164849943977,-0.993904811436801,-0.7415682452981096,11.490368811687887,0.2738583052937058
18.53125,-1.9484062776216502,-4.333495898144223,0.701765464247311,-10.423369101971096,0.010385284774032492
18.53515625,5.560878631206076,2.6991267158458516,-1.9414944585643075,-17.84571656147621,-0.17123529679868482
18.5390625,-6.941577408410983,-1.8464124605879801,-1.7910757887112647,19.441945495322695,0.7221229673239378
18.54296875,-5.8155846078095985,-1.5838083699387528,1.5150717297893026,-11.355225934379686,-0.16198544165928241
18.546875,7.708736594894112,-3.784061347401964,0.6213620469557126,-6.230535896674077,0.024732950420078822
18.55078125,0.7651482011408142,-2.7069494352378314,0.27058244135898774,-8.477426407500925,0.2744141752421156
18.5546875,-6.380654995876376,-2.6110811300050827,-0.5534537914898382,9.584334577483068,-0.7359840094935033
18.55859375,-3.2423946754288995,-3.2708211627090806,1.8026518800420726,-17.705611249628785,-0.2027414013001149
18.5625,-1.486758632267941,1.740835578133486,-1.4345436132526075,7.033643623903213,0.22280498185278572
18.56640625,7.926904303706598,-1.668843739407822,-0.13465009586505872,14.153527754764704,0.7884135383618609
18.5703125,-1.873146415953402,0.6867305661589576,-0.006009318659506935,9.440820083810749,-0.23566365509222717
18.57421875,-1.3197303809680925,-2.94280114086294,-2.1826251339753826,7.935845776870945,0.40728485422986294
18.578125,-0.3062752413939271,4.35398169754924,-3.775018241092836,3.778371281890279,0.7395682841550121
18.58203125,-4.907817126740062,0.9853684058368753,-0.519540100509376,1.2148394427049884,-0.016808567643493415
18.5859375,0.2530454029848103,0.37201034982529657,0.8292305873618586,-15.444931927739676,-0.31322539375188246
18.58984375,3.9950917759891516,-3.9534124646997624,0.32143382414528365,-3.315537465355928,-0.18098052056091948
18.59375,4.823538390659174,2.0836106616126346,0.7687150685741724,2.6910460240673366,0.6808475408086111
18.59765625,4.986579232191264,-2.8340819877187675,-0.23624833640760462,-8.169157949909756,1.0110823143522683
18.6015625,-5.259781784662866,3.6642956463855265,1.1643031484340909,-10.13662494875594,-0.35452827570315404
18.60546875,5.6846627814645,1.7169289183354244,5.55066472699698,-16.08075814475289,0.16501320324668753
18.609375,0.6298029843581333,-3.5090199193438067,1.5977921747528683,-1.736480364492746,0.14033225937926552
18.61328125,2.3606514701125874,0.23428288511818116,-1.8335572822060233,7.536008860557864,0.052878693427733846
18.6171875,3.757074634539409,-4.721677849740994,1.2035782346514026,-1.8986585950462138,0.2046490297549857
18.62109375,-6.393997918020438,0.4634688386594525,1.783520428573615,-9.654575990100355,-0.7806202577178792
18.625,2.05959121530811,-4.395873194479725,-0.7564558136690507,17.93205999493258,0.9917893456920636
18.62890625,4.293526499629649,0.9635416418384017,0.1337981293565942,10.673674827617578,-0.20917578892645028
18.6328125,-1.838450768477507,2.9646520011101196,0.30769553066717403,-4.7951323812326265,0.6269192357816367
18.63671875,-1.6361233033952403,7.855069495519935,-0.19155792341929723,-0.7039171104272648,-0.4825256198307375
18.640625,-5.077099954446407,0.16065830612485976,0.775384323759019,-7.186160417943481,0.10395272902406233
18.64453125,0.10443247223267123,-1.0493188240939122,1.7885031091258454,-2.0807989401966975,0.5632225728127853
18.6484375,0.45669278097727656,-0.11588796095926407,-0.27373940032497035,-2.769312136430835,-0.48847368252438383
18.65234375,3.3900978065821596,2.753182070868177,-0.4965350653483613,5.803168698378766,0.3857246434525013
18.65625,-0.9304266786400006,3.25044021539356,-1.2422077054389442,0.699153065701184,0.5318162185280194
18.66015625,6.834099402626586,-1.4428522107103552,0.03947348554346686,2.4535785468112286,-0.32591260810387845
18.6640625,0.2749676907890411,3.1321090786463115,-4.044708276882184,-10.588059749097939,-0.35112471903491616
18.66796875,0.2725366950068981,0.8124794171212748,-3.2223310900540527,-16.785087599294798,0.10932696179860482
18.671875,-2.045200903551596,1.9504642809769233,1.5165037424411627,3.9409936233337164,0.3302841263204498
18.67578125,6.810237819233733,0.6884210141289466,-2.2755418465851744,9.448879075452709,-0.15123562505727772
18.6796875,0.21558235106035004,-1.3619659961984318,-1.9942676794333007,15.554251511034753,-0.00398901533761925
18.68359375,-1.3860621154542696,3.3733903367789413,-3.5526911075662535,3.981448329670413,0.05760155031625664
18.6875,5.630590257714427,-0.34702466304346213,-2.850782401988388,4.159637038890781,-0.2647381666497928
18.69140625,4.89718286452536,1.1348422197148618,-4.466676345051377,-7.394863003672962,0.724001623063543
18.6953125,0.8546735643761612,1.9336909018566173,0.02624853438100433,-11.45694967769029,-0.1455693555893443
18.69921875,-2.4235325734218534,-2.5985792302185833,-2.5639179872350715,3.1551052901045837,0.2021692339966767
18.703125,-5.5683616378142125,4.807707641783885,-1.606174776963819,-4.98706894396669,0.49337973649735267
18.70703125,-0.2561988576664333,4.728784695197739,1.0059600230471504,-13.773056712542559,-0.9590263575405713
18.7109375,6.112643786721774,-3.6131095003859417,3.6022513968115666,-0.14287005106233686,-0.43289490424314775
18.71484375,-5.364086597117307,3.904322580477629,1.552799988101513,-2.9052019262881075,0.2598838392067779
18.71875,-6.755702280539418,2.5182097407113404,0.8458934775706353,-10.082434716005647,-0.07900976383127972
18.72265625,-6.28539007892947,4.238663222591813,2.4739170904092664,-4.332122563516564,-0.18590369269720217
18.7265625,7.183333605530449,1.2556767704283107,0.7526515418725281,13.434877534317437,0.1902484594424784
18.73046875,-1.493807199456511,-6.857755890168783,2.5143716681185815,4.28274723670283,0.30536796999783516
18.734375,2.438550219271648,-5.24968909896275,4.540847138438482,4.097356454076607,0.1567561868629035
18.73828125,0.7298736391868699,2.0432218396028294,3.385016666104283,9.524510777152836,0.8714612304032614
18.7421875,2.0570373242603037,1.9396696543787717,1.7195095040761652,12.35880811727527,-0.2573003085510815
18.74609375,-1.994778930898908,0.47432563138966755,0.6226919416353546,8.080963670461053,0.3421962533921514
18.75,-0.7728586236149019,6.8235019803397154,-0.8010247860194127,-7.762665663674073,-0.3716164078369293
18.75390625,-3.44705081655237,0.3803339082062358,2.6984236099210213,-7.403148521966908,-0.5551306312669365
18.7578125,-1.6895715448075903,-0.8287948818297157,-0.5664505883151215,-2.7231639291085648,0.3409588529081677
18.76171875,-2.0394839449011393,2.7272927591160747,1.9812896669504465,-3.2411106983739435,0.841680803948162
18.765625,1.7398470453943387,6.9417579417742346,-0.3465686680991963,-5.108301702549445,0.6575571773062611
18.76953125,-0.6606688514976636,2.502356627040262,-4.531208523421159,1.86954538101614,0.8346378031211243
18.7734375,-4.983982356356129,2.247946704926535,-1.9638947075051654,5.758585347060258,-0.5581197402460107
18.77734375,-5.4216137767453265,0.8096851036454389,-0.01087117105914448,-11.978966222858471,-0.694618993128239
18.78125,3.371720448534205,-4.05326741171273,-3.174441109584831,6.31165587291854,0.7588656192762527
18.78515625,4.262366346635315,3.4256582513435294,-2.8919630692727907,7.549976641013965,0.6555886533451293
18.7890625,-3.67204659568748,0.5812080373055851,-0.6589379685027449,1.7108021124614385,0.00959041647168398
18.79296875,-1.2850515713270512,0.04828324151896822,-0.7591241908328306,2.703691501419525,0.07669752875918663
18.796875,-4.370929126130361,3.1770235519754007,0.14726257870723564,20.22315275888345,0.4594194597701411
18.80078125,0.1904708280097101,4.335223556786206,-1.1349156027745764,10.096710404524327,-1.263274107016997
18.8046875,-9.891702014447333,-0.07680400773101881,-0.3061068346853476,-5.3014762074578075,0.15426759014238725
18.80859375,-0.8085439303486426,2.9534112583670957,1.509574386945182,9.258275495741074,-0.7965318366531196
18.8125,2.335946626675344,-4.882802440274038,1.8016324800824075,3.7393054074888683,0.43190646595670246
18.81640625,3.6739114998974935,-5.70113238088157,2.771956897724219,-23.890864733905588,0.17756834908152694
18.8203125,10.277453108038905,-0.07229763243942741,1.151225100098947,-8.936548153987111,0.155241086169518
18.82421875,1.6750308163945775,-2.2152335206948273,-1.6557712136149922,4.095776035796654,-0.49717422486775226
18.828125,1.4576530097647948,2.4216391549981147,0.14101307851093403,8.831578136389535,0.08612660366045778
18.83203125,9.211783345563894,5.587728084471353,1.4464849395935755,16.20042913714118,-0.15241679445784906
18.8359375,-0.9783398202106356,2.0331015576018547,2.7748826400838675,19.447192174189098,0.35022695662174963
18.83984375,-4.811597156283521,0.9634408623045455,1.7000372230597423,1.8323335036201907,-0.1618954006409515
18.84375,6.716718164593077,-4.344123768870308,1.105901131462684,2.6630025610791823,-0.4887275068470236
18.84765625,-2.273124468447257,-3.8838702604023503,0.2783497770478442,17.760674298916303,0.5324601982053625
18.8515625,1.5898709654723961,-3.935838096835278,1.5239392346232816,4.835853440009317,-0.31226481729595734
18.85546875,-2.8838462777863465,-1.892176162753476,-1.6650238186521131,-6.553044389650248,0.0033045462224105477
18.859375,-2.2275685893691892,6.923442306510598,0.0326832269674866,2.0566230735231463,-0.37851298603688993
18.86328125,-0.4047618749640738,3.5586703494061247,-4.498048605150432,7.623722694147451,0.423449323984615
18.8671875,-11.036392251365577,-2.2309174702280874,-3.781492359350804,7.625140410309368,-0.2811881084706646
18.87109375,3.8517381327184492,2.2127630736449353,3.1450486159556004,-3.9546098899751287,-0.4679508232915963
18.875,-6.601627477417648,2.513582016452287,0.8429377787879604,6.048871721395786,-0.22849075636426958
18.87890625,1.9300577305709221,-0.7217350770854171,-1.7844955919279402,-20.048165206890168,-0.030558606351434578
18.8828125,-4.608060247256016,3.6396693335807626,2.065829877234398,1.308112817004233,0.34093816412939587
18.88671875,-7.317066445554017,1.6911362956715577,3.867588528420581,4.904335030454375,0.15435184874237037
18.890625,6.875188870901537,-1.1338234475865692,2.0727442365491298,-3.716451770354841,-0.0967783764035227
18.89453125,8.032163826162478,0.021435333143632686,-0.16140690995654677,6.7477725701302855,0.2865779430385724
18.8984375,-1.6262890684132583,1.4958705826184895,4.465793518638638,11.114604160896363,0.008633555575827602
18.90234375,-3.633906301185437,-1.3064468018751323,1.8042795448463302,-1.2337569520552378,0.33104039570866933
18.90625,1.2286526430338958,3.3739069891404285,-1.7338540766352948,-0.5136046584091769,-0.48588781799669856
18.91015625,-2.9570082547654106,-5.239993283648181,4.400718515544273,7.940893434732567,0.7271369118241344
18.9140625,0.8773522252084258,2.5184216571782727,1.1708393122540797,-1.4570302591409918,0.6294718791222431
18.91796875,2.558781821627947,-2.0746381325124545,-4.618578986213855,-10.894213250339405,-0.06662838247257272
18.921875,-4.315457066970973,4.549505553875083,-0.5785701289434546,-2.164490102912027,-0.7723423666780302
18.92578125,-1.3608041555714556,5.024975084805602,2.071321003544192,-2.2256829987379194,0.5631402361930696
18.9296875,0.6539776109327247,5.091027319788193,3.443704004659788,-7.78815462241929,0.1496663618834889
18.93359375,-6.4263679144149535,-0.5030498348931983,-1.3795447550753115,-20.865882572993716,0.037620490855541235
18.9375,-0.6104426381342447,-1.1067953297173334,1.1831499296687262,1.0555378213919138,-0.6942580313155267
18.94140625,-0.9308650024071022,4.691798155741592,0.17034335980387338,0.9765837517164244,0.5667833807512784
18.9453125,-3.5111792017201715,-3.8017371002263456,1.5591223056382386,1.9178506267209139,0.3847226119874739
18.94921875,1.7689301132714035,2.1667360285055897,-0.09756405243528879,7.88012928363494,-0.5308854237511559
18.953125,2.0205368623298408,0.44987694796393674,-2.8916522714825144,3.0114453599666797,-0.5885329617038707
18.95703125,-5.554105900701619,1.3563237885457393,1.5503510687139304,-0.7986877311849083,-0.9735690491180339
18.9609375,7.263623451480403,1.5137096606291844,-4.336736781193204,5.539092549057146,-0.07232533926301857
18.96484375,-0.004273171532430176,-0.0718106881158111,0.026377876958395774,5.806696163849687,-0.5393812729885049
18.96875,7.528286976162942,-6.770089036965336,0.8520132035999024,11.224855443538566,0.663804347709441
18.97265625,-3.811978004331914,0.6530809634353937,-3.9936643231048135,4.109724129144094,0.5324274501770138
18.9765625,-1.6762958312927831,5.944813229062438,-2.9439305829016353,-5.778991332100286,1.1868889057518424
18.98046875,-3.751533687322265,-3.4654711322205554,0.9617456409155034,-18.520277601991534,-0.6141226139329968
18.984375,-4.541511286662427,-7.639900056761022,-2.0191534947960283,4.954049575987465,1.049136010599043
18.98828125,-0.6823618462785883,5.110151006129466,-1.4060734700019708,-8.916496808933905,0.6971994453547906
18.9921875,2.829545234732458,0.5623867831555694,0.011557826443968522,-4.772072339362858,-0.24041924622650945
18.99609375,3.295161174073843,1.133844491901616,2.0396863936031404,-12.815669134517357,-0.4358051331661733
19.0,0.081040700511808,-1.9249584956021926,-2.0681174877833928,3.3799065114764266,-0.012227311854849026
19.00390625,-0.29540595444092155,2.984641816133072,2.870570748963362,6.0186735940593765,0.4725280964170988
19.0078125,-3.5965228823229403,4.172853418380303,3.7657479504211375,0.6906715454171732,0.7820974508270325
19.01171875,0.3011373306857988,3.7639239440834027,0.044087095607107885,7.124806955945666,-0.24783517889001552
19.015625,1.5601542624247393,2.5572038916010498,-0.4223669688981728,12.18622169157743,0.3164373999155866
19.01953125,-2.2997463075177627,2.8429171587733872,6.407504894419377,4.02839068803418,-0.6314961025079374
19.0234375,-2.73437342485768,0.5158648913009912,1.0455870852491402,8.22661899011544,0.8941856409422574
19.02734375,-2.6889211114734195,1.090971742319785,3.596658463865716,9.550183311066744,-0.5694636173092793
19.03125,-0.9538958269303374,-3.0470372575043045,3.9453099124484554,-24.924316406906854,0.01848169809460935
19.03515625,-6.47203778269662,1.2244652758881527,1.1567875391913398,-6.355142256812707,0.23742469394455087
19.0390625,2.7343360985919,0.1699944129552174,-1.2643358394760809,-18.464933266104754,0.23906731386786365
19.04296875,0.9122352861680404,-2.008913403448912,-0.26824762788469003,-3.678969973414664,-0.13272030177469366
19.046875,-4.338440244274504,-3.4575004489623,4.0492648102973146,8.87051930701193,-0.2627474951824474
19.05078125,5.213300897648092,-4.242173529717468,0.8724336374688206,9.655218883502815,0.04841443242138738
19.0546875,-1.4911748316567537,4.063743014256283,2.5723184025042745,8.806563798199011,-0.5048496925074863
19.05859375,0.83898144378447,-1.6755812794974867,-1.3816221842485867,8.457787120358914,0.6924908998868272
19.0625,1.274530617763338,1.9656494128159463,-1.181324590557168,11.49660333683876,-0.020666933475757293
19.06640625,2.736719143570172,-2.45343168101992,-1.2446629221379395,-2.5314622439765104,0.5967531860197701
19.0703125,5.182368524446395,5.384683971221427,-3.2411265297097716,15.490446537863532,-0.6451900444763297
19.07421875,6.385967722076065,0.06424095383056985,0.6458570293346706,15.357145645745923,0.6947532083733486
19.078125,-4.488264266349439,1.2600522754482582,-0.3254583810131315,7.750648648469103,0.1784223236613921
19.08203125,-2.1898869588676626,2.694009775102971,1.9332815579768865,1.3921326448339126,0.09299420961064517
19.0859375,0.6649095256915085,4.660245215290713,0.3481025653049856,4.303634819491485,0.40184924211902207
19.08984375,8.26516406657133,-2.9702275007053203,-1.2851696919429694,5.086341218074102,-0.8826268456488376
19.09375,1.1778987465013648,1.0894010653932733,-1.0789215603229276,-8.335727505781085,0.18596560782659902
19.09765625,-3.721732717000986,7.193733452677012,3.3710620205967126,3.2559196626953746,0.2070149015795134
19.1015625,-2.9977936531886837,1.3053578084676012,0.807457533951229,6.1659726970832365,-0.2890013122817714
19.10546875,2.142161413519926,2.1616590312483863,0.4217457177866176,-15.29689509370429,0.1601801296335122
19.109375,3.7750127942859,4.506250156480853,-3.4397889601783884,-5.988628228686447,-0.03726341277742546
19.11328125,3.8925199087250593,-2.7925626775672834,1.462245346227268,-8.76720470612941,-0.3613863925482273
19.1171875,0.846915195865149,-0.09654453490504215,-0.3447729200732348,-4.2266680596860855,0.21037115807816414
19.12109375,5.258274745690167,-2.7833383929783,-0.7289401489219662,4.983133846129795,-0.5594845271804582
19.125,-3.4331014597967253,-3.8800711825561587,1.7310027751836619,-11.981696086787299,0.17869091636392692
19.12890625,-0.1644067407585478,-0.7878431706055199,5.010590156360491,-2.436652075297081,-0.1711940559657231
19.1328125,-6.612784709886853,-6.086971650617455,3.7130073893135442,-2.519539169646629,-0.024884496901767097
19.13671875,7.6762443886046245,0.8544746423013778,2.2006108299223257,-2.1128677777462865,-0.5842798366715544
19.140625,1.9015068625640696,1.367569298273745,3.1742791565223087,-6.883974913319195,-0.2411446745516351
19.14453125,2.8477491114660523,-2.0771929175486346,1.969273708507989,10.099426420233211,0.40887600774334115
19.1484375,-2.3756662502498784,-5.249763252103787,1.3661520773661058,-20.482662971527517,-0.0035585286050633515
19.15234375,-1.5375428858345577,2.5332731821523335,-1.2717198351045624,-2.22621256018776,0.3080856864511386
19.15625,-8.719726298466645,-0.10823431467085991,-0.10066900626362174,-2.118707060184711,-1.2462532227446985
19.16015625,0.37251876619618873,2.402252483474282,-1.680822305166811,6.262632473469463,-0.32711988383268986
19.1640625,2.9300729961811554,0.22808439245838658,-2.220620174793444,-15.004136990160383,0.15702281403071605
19.16796875,-1.5250915134088945,-3.6016632602344583,-2.406049330923562,-3.7151370025474324,-0.49735539127543166
19.171875,0.8573171203063359,3.849759544866008,1.594039990473356,-3.1415966827411905,0.4049362334263035
19.17578125,5.47336763371298,0.6644749648203105,-0.709323927358015,-9.109618457640146,-0.43644878921081526
19.1796875,1.3355197788435054,-0.5267254091513716,1.3482059773324058,-1.1863474632916091,-0.3840394911825074
19.18359375,-2.488705472816682,3.929189394751137,-1.1494896311641094,-1.9481099707593783,0.3093560679238118
19.1875,8.183172729073842,-5.965818317557025,-1.1515692948341014,-2.3917492239071665,0.23261240509986203
19.19140625,-2.810179999897643,2.9683302458752068,-5.1739847016446605,3.026121772790319,1.5989577199268357
19.1953125,2.0041346886041684,-6.744786118022028,4.782831859677537,-11.188167449640153,0.6414303175922083
19.19921875,-6.13285220861971,-6.541647125131361,-0.7639634059846019,-8.273864614803344,-0.6473595652771248
19.203125,1.0552856880187187,-2.205672001144503,4.948065708068702,-11.805294256775737,0.06167985617384373
19.20703125,-5.357132122020856,-4.54764045004373,3.2847959964818325,-9.15123429079577,-0.2688747336502621
19.2109375,1.0392624471574081,-3.3435568826933,2.4023507617023663,-4.914231557948468,-0.3163918843755787
19.21484375,0.5258735977874641,-2.2028623491475687,4.775938171225013,3.1804814039181206,0.8616185447482176
19.21875,2.2519786386657716,3.3888484966917405,4.401143230303208,-7.957709643661488,-0.01536385922825161
19.22265625,2.3432372920516493,2.278597586648576,0.3947043180280001,-0.006982868375083329,0.6989022197497299
19.2265625,-4.319633013404225,3.892604524248668,2.877987395315911,13.096520228599523,-0.5259405056420833
19.23046875,2.547081692770374,2.449502809112503,0.16919256708704156,-5.352880043071124,0.27975841599172585
19.234375,-2.5665701449950458,1.2419899929811664,-0.904429981935049,11.885096011910932,0.7209686787567167
19.23828125,-2.1701921853976907,-1.3601490981655866,-4.792475800483857,17.227975259317837,0.08144377683306102
19.2421875,-3.2133956819373766,1.4255084000176277,-0.6748030711689759,-0.20332637675510767,-0.4201559691424632
19.24609375,-4.581735651954296,1.2527848702300572,0.07795551462107259,-14.67234003771566,0.1980793523394257
19.25,-2.429812207991142,-4.572339616275889,0.9534685243290866,14.350334647760615,-0.3903335544030371
19.25390625,-3.2191828754914154,-1.0250001456500468,3.105671527917882,-11.123931539826122,0.12714278560403144
19.2578125,1.514820919575402,-2.6673629235298275,1.0050152973246167,-19.944010429527452,0.08969759378129274
19.26171875,2.033774991502443,-1.0951652034082957,-0.023921139039135397,-6.831634999372626,-0.6085304885332232
19.265625,-7.117298225422889,-4.598121514662877,-2.5941656981689785,-20.452845020731814,0.6668645824531785
19.26953125,2.6867864902008147,-1.3229045706873264,-3.640959995779318,-5.4096925116470045,0.5007998953949023
19.2734375,-1.2911459780048862,1.7773278157103767,-1.4650343954818499,-7.560573529065836,-0.08613759317847473
19.27734375,4.5275488905267975,9.234139230943459,-0.5771574365965126,2.411122347838557,0.6823404335979877
19.28125,3.5665314742047225,-7.904206685845826,-2.725644832666024,3.6493465804001888,-0.5931988323670515
19.28515625,2.372557735049215,0.23277978368593463,-0.6725463926747768,2.469830643414583,0.3377936902707509
19.2890625,-0.28348281652354973,-2.3725813604711194,0.8029421967367327,2.472363577224983,0.13221745109612704
19.29296875,-8.95816655615497,2.2474714714008455,-1.7142942916357362,2.659443857410413,-0.1675369886258888
19.296875,-1.4788880667151836,3.845383316390251,-0.4116050080437114,-3.2265681839519846,0.5059671827792375
19.30078125,5.3626536120822115,2.599211307845305,-0.43432410655808756,13.770047321180867,-0.11267412508443819
19.3046875,1.5347636224614145,4.801179461889001,1.131848498630442,-4.060023503089604,0.1687136425482227
19.30859375,-2.1961460446461287,0.03715088170963553,1.943923152552125,0.8498898699274746,-0.8556906334514855
19.3125,-0.6596782037772584,0.651774263886481,-1.646774342219857,-8.441843293916842,0.14812110633033798
19.31640625,2.9987433038422324,-0.9936032533250069,4.040495111882379,-11.93439721994936,-0.576198419769119
19.3203125,-9.311028236420082,2.682897995046369,0.37792859341341023,-8.799196686549143,-0.9477503334456127
19.32421875,1.3173838880145348,6.590481661491921,0.3866690612794612,-4.937249853319016,0.07656486548183734
19.328125,1.8879196076990166,-0.8805884635791181,3.010038425359122,2.4401352203365443,0.2471297333075289
19.33203125,-0.8288682356130377,-5.13914636344682,3.504474026586115,2.632080668134174,-0.16088617824689314
19.3359375,0.8546160592826566,-2.837562716864336,0.16013377287993846,-6.881257634288009,0.07681846575959225
19.33984375,-0.8265897140860355,0.8422029295469105,1.1688962316240887,-10.41210176680611,1.1412817669121005
19.34375,-5.183550173671619,-2.8397146287446047,-2.0526969312692023,-0.9726308131864769,0.08440883493135268
19.34765625,-0.7234938990260861,-0.2876570489094926,0.10661633068523234,16.306253128875888,-0.24782613892101252
19.3515625,3.7163615006867134,-1.5002146066604132,0.5500958477652944,0.7036381555592177,0.5293649838760013
19.35546875,-4.883472813306359,-0.5288515007625283,0.6261968069681159,7.612671224485252,0.5096028363580996
19.359375,-0.8878631885958971,-3.5657575034501736,0.29369036759986755,2.0635641452386664,-0.14890909994476545
19.36328125,0.024998159121824518,0.21243690366989282,-2.6860406304212328,-10.756701605645514,0.18845151031354285
19.3671875,5.294980586235904,-0.5091153299600881,-0.5266312155062713,-5.351653826503191,-0.10298749036400995
19.37109375,1.008631927145797,5.207058155860932,-1.1547296386448191,-3.9586424386998553,-0.13356745578135634
19.375,0.5104522616035526,-1.9009103046100195,-5.116801088750873,-1.8415010322955911,-0.23139680482657612
19.37890625,-4.939747767433131,-0.5540760000862395,-0.7197964217558488,8.094530527989356,0.6391963477031741
19.3828125,11.41696695654725,6.890536622655228,-2.5965382780824755,-13.520153986976165,0.282055935872537
19.38671875,3.443464226626989,3.6476245413278656,0.8372016266979292,5.3933251381827745,-0.05488309440904021
19.390625,-4.377355863268652,0.1778071290539736,-1.7257959678646866,-12.034928259140814,0.12309084574542334
19.39453125,-6.284447748093,1.2520789294441723,-0.2181172834223003,19.70197730900406,-0.51077359696551
19.3984375,0.49728021318111093,0.25398503923686166,3.3176314484065146,2.1999616693781583,0.36915468125672846
19.40234375,0.562479006679779,-5.052820183292856,4.982169914888365,-0.14156776020954087,0.41407871992620465
19.40625,-0.2539934614804494,-0.06517620805846444,2.5832717198655537,20.505469408578193,-0.4570957183802473
19.41015625,6.96094284499764,-3.9823115197584142,0.481605663470647,1.7508308368744219,-0.6896028225136828
19.4140625,8.631316653523033,0.26750619226084693,0.23981209711849982,11.190119057226163,-0.3021608117174081
19.41796875,2.1077997943445945,3.749685060596354,0.3349354507896205,-14.021589785885986,0.09778895997056833
19.421875,2.6048486653401177,-3.621216350876886,2.916033969398913,14.457721549533467,0.4192504416439387
19.42578125,5.660567336001993,3.3390610862890657,1.231713290103331,5.587666679527036,0.4341238571371195
19.4296875,0.8839372834606851,-1.1865881867828896,1.7738479122619144,-2.654662707987507,0.24913017977943222
19.43359375,3.0652401632274926,-3.0860693699718786,2.673119890523326,-1.6333771434052684,0.12138986949851348
19.4375,-3.5981628277838817,1.6876218495847053,2.9626837949079685,0.47257872751406094,0.987340110676466
19.44140625,0.05561127647583905,5.770978764869587,1.5632258540889397,-20.395300454483895,0.4651900951811824
19.4453125,1.5058553063359474,-0.49020395714599385,0.1773817577807753,-9.526704347128792,0.17708136332670896
19.44921875,4.3652451139451385,1.330144270039841,0.21073157144360405,19.01542415718488,0.36299313365692665
19.453125,-3.428491236720374,-2.825160567043256,0.5870928118953461,11.995726356857539,-0.11859562552248445
19.45703125,5.563422275342319,-4.0741094019854165,1.0108333116650403,-1.232524797377808,-0.5391702106605936
19.4609375,0.6069135854860495,0.01849335738395838,-0.20848573783541702,2.015484179676352,0.7589321573020427
19.46484375,-3.604349598664311,2.248943977870073,-3.4905718660724956,-1.4328388671492052,0.06568340917292746
19.46875,0.6965801787564045,-3.074152658669136,-3.3913293371254496,5.7352519935187,-0.6883686190981124
19.47265625,6.07077871709308,-2.819021571153787,-1.0463952351868475,-5.998147663133889,-0.7007933710784603
19.4765625,-2.7848058745083506,-0.7787461142699544,0.7044500012236483,-7.512774904837761,-0.5763042402161567
19.48046875,3.4674422710994577,-0.6108230346015657,-2.564247708307832,-7.325579951969118,0.3625852615321711
19.484375,3.011116594536891,-0.23066276710321226,-4.53746725699501,-4.664752763580195,-0.08911735052184105
19.48828125,-0.3528173935128364,-1.7493782889908087,0.22579590897138013,-16.472213532455864,0.05378285951014511
19.4921875,2.0302375792681118,-1.8915415267620506,-1.3792696411218932,-4.339175612988431,0.055815018581270415
19.49609375,0.16365271184058772,-0.6148057988908769,-4.045903041402854,-6.364122472541241,0.006231125038075366
19.5,-1.8594432667726286,0.4333229606674274,1.7494327146778363,-2.7771941556779454,0.16082055528464664
19.50390625,-4.308610103516696,-2.961040536791698,-2.564228186929028,10.428421253027427,-0.0062627298318675365
19.5078125,-0.9019109217668936,-2.477838075878853,3.6076167755465818,29.773616058878225,-0.32550387508482237
19.51171875,6.333330892174188,1.990285910616215,1.0327494538707787,20.49102776977666,0.15989098049082529
19.515625,-1.945344391425126,-4.09387369904923,0.8906711237584599,-2.706091247057259,0.8600319906763357
19.51953125,-4.879949940333594,0.18673395516798152,4.45179872863594,-6.27345365868869,0.07314187261137416
19.5234375,-3.056146517725267,3.3824615835626517,0.8994521209058467,-6.411400174967052,-0.45026540683407373
19.52734375,2.522164040715679,0.8832937027868537,-1.2378229581166538,9.544509107356433,-0.6025319842010501
19.53125,2.5034348096701207,0.37755145711059546,1.4771804065547347,-8.933902069767745,0.5780289989489319
19.53515625,0.2033952962720896,1.7811522070022927,3.6311899678002972,-7.586844782961805,0.06986609072985851
19.5390625,3.333317084603327,-4.722948665929658,-1.5534232709328324,-19.26424770195379,-0.13043916130921096
19.54296875,1.7081228207108787,-8.203577444566358,3.292553553873678,-1.0693946927618025,0.09540564162799792
19.546875,1.0948305332057988,-3.339177899429094,-1.5407257475520177,0.8315525332104245,0.560773636838515
19.55078125,0.14673507723194248,-2.237345299121388,3.0485049271602804,-6.954064573471343,0.08316504502590262
19.5546875,6.82910005378626,0.4255400344452995,-0.08492702665209645,-8.386839703768901,0.06964959938936303
19.55859375,0.979222656213965,6.884183345239472,-5.255183998886695,2.1537088097755035,0.4173659474764507
19.5625,-1.4985552445322843,-0.2662687562901353,0.09642657827582801,25.1681393692388,0.5407782021959538
19.56640625,-2.832241230088851,-2.364236876447449,-3.8736473347827047,-0.9613286953355908,0.29760407561824526
19.5703125,0.4133640753708213,0.46554449428928235,-0.2801450234577352,11.86048147012484,-0.05479131930082045
19.57421875,-3.543129678272427,0.6305420070402805,-0.9366058483939362,9.526830270067052,0.08429053755120929
19.578125,5.929067615206398,-4.535987294979141,-1.10843037138075,9.66097017746885,-0.5400447228543274
19.58203125,-5.279085776589862,0.8109434387386834,-4.5275819977772365,-11.604819073927937,-0.12328175103836134
19.5859375,-10.100357327809013,-1.6908212926649522,-1.8682331474524705,-9.955927374331909,0.7729401373748723
19.58984375,-0.9983504144361465,2.730631552262766,2.787851054303231,10.287516020798785,0.04815376829747517
19.59375,-2.4308457182801506,-0.6921339667855126,-1.18972548066228,5.167099426973731,0.8199222641710703
19.59765625,-9.03893727407516,-3.673397273721912,0.4059377088910666,17.410122588211973,-0.17522608267466352
19.6015625,5.436597315750814,1.080342178956999,1.5849458221391612,-2.554298070166236,-0.0918980023833272
19.60546875,2.4183785593290814,-0.584148706126765,-0.9595000183241245,-6.647447731790342,0.6765579690661949
19.609375,-3.661009855793424,0.903368083261484,1.6115253926932045,-1.3634701481995635,0.18996057898502727
19.61328125,5.017495639855111,1.3240881201121921,3.2830337127832276,15.485708965387577,0.12433816161304123
19.6171875,-0.11815884044978686,1.5753710122913382,1.6218361295106833,11.579064740685133,-0.5161006524735111
19.62109375,7.418052438050947,2.000706172672813,-0.8232583349149225,12.660757757494522,-0.5650850157758613
19.625,-2.1690777615389574,-2.7020581725283757,3.9825270623158766,-1.3934675197674808,-0.5185119886126397
19.62890625,-3.651382296051457,2.4759440581006897,-0.3193428525995887,-4.123265779973141,-0.40093900208433264
19.6328125,-7.593130295238979,-2.495026971369873,-0.07371534632074206,3.2027117476943556,0.13967170364443698
19.63671875,3.9380043049605087,2.271449639077463,-0.24319906718954742,8.007429317433324,0.6292122415811007
19.640625,7.948338091714414,-1.3615296594272412,0.14266500628742274,-2.1678012817288623,0.15336791141808415
19.64453125,0.4159056832428872,2.384071568694704,0.2996445279334029,-6.939115578091821,-1.0392932308138316
19.6484375,2.382372721000695,-2.6146434713108735,-0.899277193385007,9.209051431099635,-0.008146666123586095
19.65234375,4.248673739413337,-0.6619251075828587,-1.015984059048039,-4.172405121584671,-0.4555846299516555
19.65625,0.7434744183120544,2.3226719564027896,2.1730667377029156,-20.631780018497636,-0.1151865002364032
19.66015625,0.22631849221189493,2.2821045975368524,-0.8662065147231505,1.4061353299360446,-0.46329032075172477
19.6640625,0.2955612063241579,3.8944991038498404,1.555647461607982,-9.856731973670591,0.14152130902989807
19.66796875,-3.8617758201043593,0.04726704586645611,-2.3053873700142398,19.751549226426917,0.07223897027656835
19.671875,3.967918681849739,3.6997791791022503,-1.1599672301251187,3.291893935222176,-0.20420283589652827
19.67578125,-1.9618000881414581,1.6058522409828981,2.51016014755358,17.018162540816505,0.1424940144089797
19.6796875,5.325548058099984,-0.7334616864041534,-1.0225914538376732,9.177140253431462,-0.07276220578043825
19.68359375,0.6770659244744089,-4.323457530270581,-0.584150148225082,12.578525874037465,-0.2651873092836518
19.6875,-1.8295404356704505,-3.091015241323156,-2.7630628501300833,7.647784764995556,-0.5860187552873015
19.69140625,-1.3081687781748743,-1.053729113699927,0.030260363799848422,4.199139855188662,-0.498258316271597
19.6953125,0.9487865117594642,2.620412164619358,-0.013005614731068371,-11.081292855671439,0.33356773878897783
19.69921875,-1.1070000310750325,0.0009823865302156106,0.5171313502984991,-0.03132204712730813,0.6217971985488054
19.703125,-0.6859960388166931,-3.0281254298383367,-0.7088489223957917,-7.827642959821583,-0.8386847997523114
19.70703125,2.993031677842249,1.633658590261423,2.065137782166857,-1.001536776909079,0.5383305976053693
19.7109375,-2.4961588960894456,-2.307691126841797,-1.23780903188117,-5.547415332268531,-0.41058265812239525
19.71484375,-3.9247860715663614,-7.52398449477569,-0.6765045216532526,-5.28854798480891,0.04704907210763314
19.71875,3.281184918023711,1.3775084044791046,3.4747838606167907,-4.94155131998508,-0.23892424044835528
19.72265625,4.237974417481943,-1.0122189806279733,0.8871984309858962,-11.896014916979524,0.7807357998394517
19.7265625,-1.2356854146399827,0.0376901134335871,1.2558153229952735,10.101816730457413,0.5772842680628562
19.73046875,2.1163514121709794,-6.012944294665532,2.649628296306722,11.297132330958254,-0.801540728720576
19.734375,-5.058778876379991,0.061764774002600165,4.8895270057304385,8.23906887143657,-0.7090764626525868
19.73828125,-2.9579241044380926,4.14624893535582,3.3107236196191607,9.265168960752721,0.06729628750244018
19.7421875,-1.9366330744023952,-1.2424476635989996,-1.991395974005341,5.513127028951371,-0.14219656506577014
19.74609375,4.418488214404519,1.0668592837912445,-2.3269906400922835,5.780778853480568,-0.03445215838595724
19.75,4.239252024024183,-3.191332586559224,3.239028951631014,-7.25254154471834,0.4236575750731078
19.75390625,-6.141366717123161,-3.339357863857864,3.2040334294878137,-10.430119398665756,-0.38915696371287145
19.7578125,-3.577217710605666,-0.2596491823595764,-0.07055395411588672,-13.674796523237026,0.3431832911065014
19.76171875,-7.307769305950487,-0.753065390910152,0.6876434749420817,-9.500715195955175,-0.22551071648696155
19.765625,1.1648230841247325,2.0007027076053987,2.501360568968926,-17.20029067356981,0.10175490848627523
19.76953125,-0.2745456939218269,2.3821243905103344,-1.0395480297565327,3.501898433101471,0.37828313136840097
19.7734375,-1.3686253000656172,-2.0962216067748094,-2.436766098978846,6.063959743855686,-0.18972186489639348
19.77734375,2.5473272292364495,-3.1708611379101974,-0.9983465785441401,11.143659037011657,0.8352070330427529
19.78125,5.75844122051489,6.396272278127075,-0.9925784015460923,0.35875695292488263,-0.2092694866223831
19.78515625,7.6473120114451545,-2.3982324931575123,-2.5120967219492196,-3.854700025314786,0.8589910165759161
19.7890625,-0.28128278537287843,-4.890659510543573,-0.5226813318895098,8.509280623497553,1.0216728950692455
19.79296875,-1.6236752105258483,-1.9570692003023917,-0.11165965307523085,-5.270159868587016,-0.185772470236205
19.796875,-0.9379095054052563,-0.5680399717527982,-0.9119266434534576,-2.004295262595736,0.807943206909684
19.80078125,5.146027864081653,5.579211980317126,-0.8656548908934389,12.908966898991313,0.1310680692703565
19.8046875,1.9744514569620542,-1.015295142119745,0.39795692766064805,1.1160554425839488,0.0014051262985998111
19.80859375,1.1126191164418429,-2.506287854890347,-1.2446294887812206,-9.957777957867988,-0.03514225326826008
19.8125,-1.2717393489383497,-1.2433731796306882,3.8777926640427545,-9.511858519805994,0.6866853269005462
19.81640625,-1.7368122774580725,-1.3599355382509193,2.630946441959799,-9.550489254972145,-0.4777686747457536
19.8203125,0.3246508244832498,-3.936011797362644,5.3450553346149565,6.989148605808087,-0.3974015783115531
19.82421875,0.9985691434960999,-5.802062092738469,2.864406573749817,-9.0407734036894,0.06149562471939616
19.828125,-4.478973990532559,2.981340547227445,0.9959203964773748,12.567173517265013,1.015557573153774
19.83203125,6.291265130384764,-7.961510463892269,-0.23530304232417176,5.538024533694497,-0.22140928722943992
19.8359375,-3.110431441525922,-0.7876190064792967,1.4211069691593983,6.041681240713769,0.551918557736498
19.83984375,-3.5985924340848174,0.051333367952338005,3.8461710194085796,-6.317784208535542,0.39894517143339714
19.84375,1.4320176279975592,1.106638679900088,-1.5225666885969336,15.221959440540957,0.5992629225251085
19.84765625,-5.147830503288841,-1.7532473238052484,2.146724798559487,8.197690987364824,0.5680391657335195
19.8515625,-3.904228656064358,2.292435470446817,-0.8955221739099523,13.740271225765909,0.301822602212156
19.85546875,-3.806104191022843,4.422294358458091,-0.09180309844515833,12.396618289268181,0.48050949641437235
19.859375,6.047229128013917,-0.43195724566380544,0.8377614975579647,1.6849798184209526,0.4039078084965583
19.86328125,-6.5175877224115,-4.5736300347626395,0.033749746888924737,5.796436048168618,0.8766701353276545
19.8671875,-3.832554593311415,0.8172447013615352,-1.7891824933938667,-7.206704817726523,0.2978160070735964
19.87109375,0.023140528966763944,-5.0187344239115586,-0.7278195419316147,-10.492547145649924,0.21730532955333143
19.875,0.4065970662429281,-2.8053418056803934,0.41224964831480815,-16.286160455460045,-0.42322775050126266
19.87890625,-0.8334438746412003,-1.460207828394678,-1.8442386964302178,5.1477155873338845,0.17990900991427494
19.8828125,-3.417031099856987,-4.35709120969072,2.031768742256546,-9.30881783614129,-0.13079219603109982
19.88671875,-0.9864961883378873,-3.904657301247791,-2.774594019595754,-11.212161821348602,0.2225061603888376
19.890625,3.6395332707770933,-6.020782958461101,0.040477255724443384,4.789913016555343,0.66887834446799
19.89453125,-4.758336761141216,-2.858214806492642,0.6828772275556982,-1.9489185663459967,0.2031585347168471
19.8984375,-2.6094089341824955,0.4470452830750293,-2.0408345957558436,-1.6442892249702439,0.6553304111505248
19.90234375,-0.13743562812225743,2.4489700136331582,1.564202792703029,1.7624318384156794,0.7730916834512805
19.90625,-3.24679718082249,0.6128917312861584,0.6456405491181991,8.053232032122915,0.16684876867665446
19.91015625,-0.07080776067685268,5.494268401891675,1.895989739207355,-2.7381672827446657,0.04838459312217764
19.9140625,-2.4849218026484623,2.6290674656532738,1.4224816638264675,-6.45638197002951,-0.1486918690440532
19.91796875,-3.040876864756728,-0.49337489771437626,-1.6810094919809124,-6.797112934895829,-0.1445599987777482
19.921875,-4.7712450224808025,2.3853864717839315,-0.1569080023911782,2.5070011080975725,-0.4035177397667191
19.92578125,2.7276050036326414,-1.706141206060844,-0.0978428889041767,10.035166092251725,0.9840138115517386
19.9296875,1.4017765910843876,-1.170075849480473,-0.024334181728933535,-10.390919534653914,-0.521113087528038
19.93359375,2.3478813597395485,2.882773014222573,2.7775574563856367,-1.2500844515689629,-1.001968918875631
19.9375,-7.096400259088676,-1.6090649946567228,0.35797132577765634,2.660035834343649,-1.035908803575855
19.94140625,2.55734189628607,-3.351141922674783,-3.2792249730747756,0.16962832002432204,0.4608187099952031
19.9453125,0.41876280115636755,2.0794725528903237,2.4894462643651805,10.096378736670085,0.6344677530205297
19.94921875,2.3853775985135965,-0.47566162675452023,-0.8361881020333337,4.274427491481511,0.5483915973276483
19.953125,0.7702852820242241,4.7649851872139575,-0.654015488055548,1.2659345569513638,0.16182298878936688
19.95703125,0.15071019212053474,-4.276871527099269,-0.5129166378682304,21.620737569964543,-0.37399926465504413
19.9609375,3.141722431468943,-2.79691471985725,-1.4121080184331487,2.2743143849328407,0.3642417023056373
19.96484375,0.12630938153898166,-2.349105276468316,-2.359573445407567,-1.636610734638472,0.11343322073261676
19.96875,-0.8763972591449989,-3.8839850313965263,-2.5676618849190636,-9.213325723934284,-1.0969807227113384
19.97265625,-5.230652611259794,-5.2152085068095,-0.6559676201010438,-5.456845738483282,0.28592949019327846
19.9765625,-1.018866201518057,-0.1110908192492886,-2.780306884076097,7.8531383317063135,0.19881096496150047
19.98046875,-3.8882201782220287,-3.249337704456016,-3.20741457622295,-1.9363059903157551,-0.2580359309012376
19.984375,-0.7963552094447278,-2.627774256363973,0.14720610283208124,-12.945572043363617,-0.634042725792875
19.98828125,1.0485166604525171,-0.782632008151509,2.313053211264024,6.752684410297627,0.32201613768006854
19.9921875,4.380382773574819,-5.140131257233807,-2.514782084073371,-4.404241351211047,0.40645742746374236
19.99609375,7.19150251128889,-6.704159512700308,0.5211814812433753,-0.028507231697877167,-0.3572732795189512
20.0,3.116159412029252,5.892830582384795,0.1889132887463853,-3.903258577534901,-0.11741623295879086
20.00390625,0.5698141157670851,-0.23916467214092635,1.104810817603354,-3.3745654394570677,-0.039827437385945706
20.0078125,-1.6186707425029816,2.3076281306077244,1.6109801893449787,5.10539726366611,0.24375486982407552
20.01171875,-3.0782160048307725,4.35632033005545,2.3736186548886016,-7.597314851759364,0.2355217731946745
20.015625,-5.16117243396225,-2.325881456088449,3.137555979923417,24.05674753130983,-0.587002669247295
20.01953125,2.046801391721541,1.7838347920778788,-1.5568005746014555,6.3919018058150625,0.36301536417520275
20.0234375,3.8471895288423608,0.8308241577316778,1.779751838213513,5.058809692527576,0.010247037085547835
20.02734375,-0.6695910245137682,-2.6396564263249114,-1.0928439885355092,3.643822616955082,-0.01198586685164627
20.03125,2.506970657072428,-1.7050914640132597,0.4734836258088233,12.604451658929575,-0.017450616422353717
20.03515625,4.1096941511812295,-0.7534150466061225,-1.2576863817241624,-3.0945540153056337,-0.2496124900583532
20.0390625,1.3907791656963138,2.0768974966415645,1.949655601176537,-8.996243405547478,0.4235777215104668
20.04296875,0.15140518311239812,4.141158428848854,-0.043900530329341936,-4.573784471199794,0.5450322420493042
20.046875,0.53855682599807,3.6329800089629805,-0.597985524387609,-0.1164816096448078,-0.4467460489738031
20.05078125,-2.99975247745382,-3.81583763728501,0.8162412428182046,5.453553377510131,-0.4937475896504082
20.0546875,2.735978838374662,2.4023773906532453,1.6402140504680036,-4.828050700234087,0.859699555942441
20.05859375,-1.3601333250288872,4.0461491858941425,-1.224840055032164,12.421356118024494,-0.3035646945114366
20.0625,-1.6472130783979115,0.18758261521970188,1.6052311963274424,-7.016079098636382,0.8103449457323163
20.06640625,-3.0357845759082935,2.3234334313419915,-1.6120020008409968,-9.969445850590034,-0.8695316006095204
20.0703125,-2.9037623874472627,1.6248151246802802,-3.64568119472443,-4.216376973611292,-1.0568072048276203
20.07421875,8.74510742678451,-3.271827709568438,1.2097443640825927,2.1459924724214,0.7558666032524148
20.078125,-3.3671033565138084,-1.908134703558454,-0.29348757129312686,7.950913429234824,0.36160920001391805
20.08203125,-4.946919700749549,-4.371373457239921,-1.9013064710684522,12.263040239323658,0.4517839696184881
20.0859375,1.2015302990892773,2.799026767758919,0.6983835072994047,3.734185717243852,0.5791870896150577
20.08984375,-0.8754626315277667,-5.830012746311491,-0.8194127375421247,4.695863320117564,-0.02169049361279048
20.09375,-0.9143932552742817,4.386311225403921,-0.3246029712181838,-7.987121639048965,0.24051961043211034
20.09765625,-8.121885267749622,-1.9995172088919406,-0.8226089917095257,-10.92535980999397,-0.5343823482483766
20.1015625,-3.8377575774279356,2.7261814404777645,-1.3201572670682435,1.7548022430274184,0.4887947575144385
20.10546875,-4.622501615312669,3.5589248123384793,0.78156768955052,-7.283477764380166,-1.476499429867628
20.109375,-3.192511289226341,0.5784576469093181,1.5776133291100256,15.409379854832077,-0.5520146989149028
20.11328125,-1.2098837529408495,1.3396566404767367,3.2665353432149113,5.373767755947659,-0.3562885793111999
20.1171875,2.17289927154307,0.6357964906904275,1.6162104455330268,-2.099606982272162,0.40275785363306654
20.12109375,-2.475355004858504,-1.2017859283021424,0.7746916268215477,3.949302958433046,0.2442188853882935
20.125,-1.8631015650526968,-2.374988486033403,2.70840723998983,3.9980907485017134,0.7166510977600852
20.12890625,-2.1482034405602786,-1.396809821082667,-0.10333683582445263,6.159614482051273,-0.271255864072721
20.1328125,-1.8153874827978216,-4.134485354571117,-0.8350508727591099,6.176375099338662,0.8412783191051
20.13671875,-6.43194679284678,0.6017818914167603,0.14308136340383693,4.696413362472458,0.2706373325577612
20.140625,-3.266193088609641,-0.370399137789909,0.3574875372756146,12.55298513734432,-0.3283916216246909
20.14453125,-1.2123123618635756,2.9773394581100083,-0.5168832241590823,-10.426586757457732,-0.5545414904256969
20.1484375,-6.289732730969919,2.782783517449562,2.3622634762124433,0.7022607209910943,-0.491675077515718
20.15234375,2.3867077335416,2.729569950121357,0.31895360775722387,4.55427835622964,0.29553623217773256
20.15625,3.5226953901590514,-5.7667298206912765,0.3258612810905239,-4.7924812425318395,0.15552785481043394
20.16015625,-1.6383511364927503,2.0816009980592334,-1.4575642308472152,-0.7538238583494534,-0.46603353287079125
20.1640625,-1.176696251232529,0.5230096663460697,0.37605939971196944,2.486147470050099,0.5446912243507159
20.16796875,5.840749641432532,1.6564560643801003,-3.3269512903843435,-0.9834177107833524,-0.13732449469898003
20.171875,-1.482501365332899,-0.23789207378298727,-3.465119040505725,8.621217210168876,0.23488449607339593
20.17578125,0.4245720145953898,0.05505829571283427,-0.2526834409749559,-3.5676400343862014,0.2803064498514041
20.1796875,5.290367446785757,0.5729823300698849,-4.471247693533109,6.125868408641067,-0.24202660957557348
20.18359375,-5.923537936394622,1.0508811840639045,-3.985559512790984,1.7976940463334112,-0.24206461938185794
20.1875,-0.9574037098768473,7.097261664509864,-3.304374366914015,-4.9681522377384395,-0.4479207198013403
20.19140625,-1.3243291887681357,-5.902502670519988,0.7964730854514293,16.806922660419307,0.9626059159359281
20.1953125,-5.722172046733768,1.02739362749777,0.4926945037339817,-0.8835761510794058,1.2942501617028999
20.19921875,4.355108951091352,7.512704079259782,-2.045149819572272,-11.226884702773697,-0.10774603181923162
20.203125,-3.832764082365407,2.6423027252478617,0.9495841423817105,-17.013076222220366,0.10769791219585959
20.20703125,-5.988954966100182,1.7753402753828125,2.512107382412654,-28.457478394677686,-0.3480902331454497
20.2109375,-4.438129549199924,-1.37307872773131,-1.772256453117102,-9.850930686958577,0.1519610987084737
20.21484375,-6.303828393925789,-0.7562026297799155,5.766517606342511,-1.9985926776078502,-0.2006468302466067
20.21875,-0.03843051437838046,-2.808825993782772,-1.0445824409066526,-0.8436015318676879,-0.6327307496458418
20.22265625,-1.216758641013649,-7.051583522632254,3.629348242105743,2.2205761042755885,0.6337995385026886
20.2265625,-3.1408160858955254,1.5542150805808852,4.032354449909395,3.8432775273774578,-0.4478395886048961
20.23046875,-1.7621108991917704,-0.8427426168175924,3.6758899756632353,15.777963237036381,-0.5152047846417773
20.234375,3.0716872076414625,-0.7296558051577193,2.915489883832254,10.185539683247068,-0.09562633626812234
20.23828125,3.3296071186179175,1.8511102158518764,2.5485006278064217,8.85958648352361,-0.12337835178201276
20.2421875,1.080685741309008,-0.48649575719770466,2.215925253762423,-6.81605484723896,-0.18396277696691496
20.24609375,3.5675717630412107,-0.11496409331259269,0.484900361751188,6.6775226193179815,0.3171921117169784
20.25,-4.365792898658196,-3.291081201611492,-1.0802341626038334,7.389778167208558,-0.47252840813937175
20.25390625,4.250375667717306,-2.3299905690032747,-2.8622974277674675,6.178027172357195,0.6382324118570926
20.2578125,1.9791969422782367,0.6569909922345625,1.390001790513959,-6.513614602409814,0.30997439193315623
20.26171875,-2.58192679595647,2.380727430999356,2.1383256281373497,0.2132912057992229,-0.12934344895813
20.265625,2.260446373287276,-3.971163881357727,-2.186322606758429,-2.9561984291283347,0.04426387137978289
20.26953125,-0.4339666389935993,-2.8245439120876066,-0.13359325361297603,-12.41146844487951,-0.17157899085302078
20.2734375,5.5272807199916665,2.389918496412728,-1.1510168718838145,-10.09531186555824,0.10491736888508436
20.27734375,1.4157815035563095,-2.3912484164407966,-3.3196948197669585,0.8202904679331474,-0.4806659768048328
20.28125,0.9996004982002331,0.7474838729244431,-1.2271740299279355,6.52904607331578,0.05430925404003583
20.28515625,0.846338688300234,1.6811577746884705,0.6095572571075276,5.530063731418032,-0.20948835921713985
20.2890625,4.504209430636279,0.7293589354625309,-0.9553025434503412,10.176359365635697,-1.1212630227941878
20.29296875,-4.0319500071585175,2.053083847878268,-0.8192197516699499,-8.196748979870426,0.27742978144969593
20.296875,-2.9660484540810157,1.3464433435711607,-1.3148320934734452,7.934999805319606,0.7295557020599531
20.30078125,-0.5999174946272059,1.9220753497221468,-3.7945439487080357,-3.0976546413405988,0.30278392247346597
20.3046875,1.1139641630988126,1.4751552316757892,-0.030169040525230506,-5.770870801368566,0.2208866080983049
20.30859375,-1.3466150556741718,1.9088706943051479,-2.323436252930335,-4.5293904421931135,-0.161106147047649
20.3125,3.3957126131997217,-1.8169887599310837,1.2570806624680104,-2.3953531170391527,0.02674076369422816
20.31640625,-5.589341004495905,-0.8379067361923824,2.8503742065016886,-8.882321021836002,-0.35545256200493613
20.3203125,1.154064559636895,-1.5106486882915622,4.859434665576316,-6.599481995796448,0.5835790347573943
20.32421875,3.219030439018377,2.1795474408208833,-1.264226870248844,11.682881894591855,-0.598686421641125
20.328125,0.0535420542168494,3.663422977605177,2.048288259304674,10.480956181946171,-0.34040559765406125
20.33203125,-14.796526208105139,1.76567637777186,2.6758615262081307,-2.6244318050037148,-0.025914027078375555
20.3359375,-5.012730744933376,-0.10044062621107419,0.9933875259646485,0.5065696883527464,0.8170393775174121
20.33984375,4.496206320678297,7.7776340138243665,2.5713263978160046,-2.47967597404063,0.0993482897414705
20.34375,-1.16828482751866,0.46740146808523503,1.1708099850916167,0.22626046228998486,-0.10521404693087073
20.34765625,7.175015796388782,-2.9064427207426533,-1.5890868508899643,0.2995888105729181,-0.05487232673366121
20.3515625,2.7170701605932464,1.1062178891457586,0.21904964785112915,1.2722767667072166,-0.1596883749506955
20.35546875,-2.5063436979539833,-0.056693832945661944,-0.07989264345608926,27.469181169956954,-0.4862884562424305
20.359375,5.0015853622752875,3.394945987532447,-2.8919109452608707,5.495237997381119,0.5397876358323561
20.36328125,-0.7384506845120152,0.3767025060778538,2.1032063343068748,2.5823611434895444,-0.21341889034949113
20.3671875,1.5082961173726623,-4.939495592526612,-1.3782653974052024,-12.644140190746242,-0.79459958026777
20.37109375,7.007596933120969,1.192808442636293,1.1995727849389812,-15.021205915698232,0.032945348489059854
20.375,2.542340082435829,4.2984247706042655,-1.8009683191510724,4.284923600485849,-0.18469695773798298
20.37890625,3.9137270434497053,-3.034061170034547,-0.06807351022890096,1.2412191484285895,0.7249027577324096
20.3828125,2.554244848812489,-0.739209865048946,0.12324561967440584,2.8301716745636605,-0.06098592560962768
20.38671875,3.13656343981921,1.3666346989007183,1.4094185883659422,-8.760553044526727,-0.05169011026042319
20.390625,1.4121298700558855,-4.283408044790249,-3.24927897295856,9.386492245876662,-0.7813463602075946
20.39453125,3.6658461606678276,-0.5062561291170407,-1.1154043925739228,11.22974806990716,-0.15652824278929825
20.3984375,1.0450526143311238,3.8515090407676125,-4.670461758265733,15.327072510901129,-0.08047202897372546
20.40234375,6.744793723069967,-0.03736218352796147,2.133875185385588,2.2222246135571195,-0.07187629608948208
20.40625,2.5809343705722094,1.8745541812179536,3.665985732211764,-4.716346836021016,-0.027554107597842745
20.41015625,-1.266392278861268,1.826400049245799,1.9242199989790143,16.597969002965744,0.5641508882967604
20.4140625,-3.3449726915085893,2.6691989454723912,2.1649292152573816,-9.877165685981733,-0.7146844176410089
20.41796875,3.1927248562228137,-0.7927863162535591,-1.2577259323016645,-1.6485392337415234,0.11662369010669896
20.421875,-2.315271748968865,0.3011455955590596,-2.7181529830037774,-13.583157031436482,-0.30502120503585245
20.42578125,4.756266903052042,-0.3809598060722311,0.6460643785341017,-7.63466721242664,-0.17112780075268533
20.4296875,2.656818208944282,-1.3491062997569545,-0.21972196293726154,-13.519589086888411,-0.5097549558566732
20.43359375,0.09293949918337417,0.13487052234982277,2.3198633142464367,2.7367293163639186,-0.22642163201567692
20.4375,-5.6127144257694965,-3.381323508568449,-2.7935989788064735,-1.8478503615058606,0.3447528464563709
20.44140625,-2.492556568846385,5.847552020088954,4.292235791459308,0.8747298235579515,-0.11333441002006893
20.4453125,-0.047855144464070486,2.8136955289580188,3.52942839484492,5.073619522499865,0.08782946238570111
20.44921875,-1.4290202847637803,3.467077817543065,1.8847707816110324,-0.941388214671655,0.3611381155581435
20.453125,-7.05126125231633,0.40360810745281106,-2.88615500784001,9.875666414555571,-0.8272901879488116
20.45703125,0.7046343136654606,-0.9702473754021154,-1.0933026608971332,8.251015008022073,0.4645860323055166
20.4609375,5.537668489208297,-3.9051262187912603,-2.3071118826956587,5.876833930852602,-0.20541246029820268
20.46484375,4.353822303473532,-0.37830714527143067,-1.7928902029677831,7.472156616130827,-0.08182061202430863
20.46875,-1.4679618596928201,-1.817548262138783,-2.450043670430385,5.443149425941613,0.09517243057217889
20.47265625,-2.399265385408165,-0.8324286579519931,-1.6588774927551242,-8.551472696843026,-0.38044060012347086
20.4765625,-8.910492390965032,1.3831609128580844,-1.4854435529012142,-2.8363895854018364,0.5986443691854283
20.48046875,-0.9496556098533145,4.034534645980633,-3.9912277717031417,9.127134148360426,-0.6869947733894057
20.484375,3.0769887217371243,-4.94781004290598,-1.1985367879545787,-14.038612810080345,-0.7091114366744177
20.48828125,-5.93282009166856,0.21440420889656353,-2.8666555888510215,-4.2988680085350595,1.0522444330705694
20.4921875,9.598335961569047,-2.916709474078792,-0.655217431252066,17.548000674835162,0.7398690817707915
20.49609375,-4.069576637371892,0.6927172009562655,-0.48183408254521043,-7.874358046346108,-0.4648578974830982
20.5,-0.25668416704709335,-1.1526589339056912,-3.4791205511239047,-1.8648919539434092,0.12475560086526369
20.50390625,3.20185067283712,-0.8095114496147041,2.79977899219555,11.497349141034931,-1.0511085042726422
20.5078125,-0.8072347067283095,-3.9602130639717985,-0.3602683538973701,10.01708222085818,-0.7283191572428386
20.51171875,-1.2592334639988096,4.040550097040649,3.948763003012466,-6.527846783992672,0.15673228042133164
20.515625,-3.423205707157391,-1.805645021703544,1.3369449995841303,7.24648519884948,0.6834249208326487
20.51953125,6.466139687216323,-2.506180674440778,3.0850784757248766,12.353761990811007,-0.5597083112239811
20.5234375,-2.2908428695075242,-2.73755164693152,0.7319500260744722,11.820846146898596,-0.7183929485524616
20.52734375,-8.689377036386427,1.373722494274824,1.930964009925478,5.72490125667127,0.9385216471004035
20.53125,3.6057609146242973,-2.941972861948022,0.8592540227003401,6.829996367965497,-0.32350932173633906
20.53515625,-3.8501009925310363,-0.9019650916909402,-1.8903611319831972,0.9154420739040452,-0.1367060640952326
20.5390625,2.8064844206264903,2.3197485808855487,0.6476430044286481,-7.864335187970671,-0.17976837261558695
20.54296875,-3.5141072884250804,-5.231749033215796,-0.5496066103134274,-5.830495655814465,0.4336798748826328
20.546875,-8.183476035761732,-0.8975777332484669,0.6272848155851125,6.058399667070176,-0.9175094002694323
20.55078125,0.7480909325460487,-0.21732324916756302,4.064100413744349,-3.567589347641932,-0.006182671395664376
20.5546875,-0.24266356422695842,-1.3966906123340133,1.6328672740745076,13.45321585816439,-0.18873329122346127
20.55859375,-0.952613080975031,-3.7440258032392926,-2.413915460765656,9.442871269560735,0.6730329026707346
20.5625,-0.44430963978383264,4.182445784909044,-1.5945603978689502,8.260850188065954,-1.0191847091484685
20.56640625,-2.959147980958129,1.11626336419195,-2.1928146413959477,8.220734648472616,0.08796701287117695
20.5703125,-0.3541506152814786,3.1057287727954113,-1.3947376587922196,10.822115944183592,1.3216126709809228
20.57421875,-0.03509736730496991,-0.06225420333497936,-0.6553286480959966,5.182033734964499,0.3287340738991547
20.578125,1.1907069256587723,0.242268793065741,-1.4973467461544592,-7.316115880221604,0.028521914568423946
20.58203125,-7.839354214463441,5.541230996272894,-2.883066421811186,-3.2552490180672526,0.36662296601570016
20.5859375,3.38783454072789,-2.953633020728215,-2.660546196226772,-13.363735758474773,0.2858603609604605
20.58984375,-0.7491830932132654,0.0937134465235195,-3.5305292086341975,-3.6240372565073495,-0.18947503514112998
20.59375,2.9856203886968204,-0.11963349513585295,-0.61288225150123,-4.366500141505519,0.26818822399001496
20.59765625,2.92551762693827,-2.7604214454707816,-0.8847461012066569,-18.919457738005413,0.14248714916159133
20.6015625,1.4245792669845159,6.990286006576915,-0.2945727977029042,-11.619907406134395,0.12705596723533877
20.60546875,3.679240688665323,-0.5741849260185546,1.4397808254585298,-7.045891343593453,0.16094367399744852
20.609375,-3.6025961492865393,-4.090327584402844,0.5066330803939794,-18.74303343414629,0.04254990378437254
20.61328125,-4.747254846716863,2.4078722868546003,2.7341336000832106,-4.209922126092388,-0.3010801090587284
20.6171875,4.239194563000064,-5.0828559848828245,1.2351028822558596,0.12998434549944848,0.5687155805758731
20.62109375,-2.5218972864828637,9.452514945588534,-1.6183842622741373,11.966945162350607,0.5093810247506623
20.625,2.3426178363818617,5.7385393373230285,1.947728688046812,4.073806716573387,-0.546473956089698
20.62890625,3.9746206014980365,-1.5218070263728318,3.210355403048039,2.2819791072622753,-0.2505421912630546
20.6328125,1.2556059768046988,-0.9022354132038748,0.391055539712052,6.3634712337735255,0.2270671295540487
20.63671875,0.4155388572141596,3.9429605400869376,2.3611485638268412,4.4432955283193465,0.17239507279478372
20.640625,2.5611810272911546,2.535363203732536,1.999682292316055,9.193800604522128,0.5653854618658093
20.64453125,1.0945230994762407,-2.790004024286029,1.974575985304899,-9.493183598012507,0.3635580160530801
20.6484375,1.2298727412387966,0.3281464050619192,0.9804367847223039,0.2925578777444633,0.7948361316861743
20.65234375,-5.434321117776487,-1.7466788526705472,1.0466112123339926,-8.59474040698232,1.0970125769676313
20.65625,-2.7414811788730025,2.9046740212623288,-1.5681854706329956,-7.928640901874133,-0.02909133752744735
20.66015625,-6.577871489103792,1.5154546206704183,-3.408935793074896,1.808532172611307,-0.27093063540748014
20.6640625,-7.947900416134222,5.292004210604707,0.815826396551321,3.4405647304453275,0.38332712609697767
20.66796875,-4.917965767939651,-0.9494529929859028,-4.05363946418724,13.144404488915166,0.5452972609821921
20.671875,0.2098819906647221,-2.134155511776248,-3.8970856151577227,13.367738976922965,-0.2935015172247528
20.67578125,-0.32139521767758095,6.364591698808731,-1.0005585624457187,-3.0235764390004025,0.2610323083742519
20.6796875,4.343081035974055,3.7127763384350767,0.06799642380407755,3.853191740237487,-0.31724118488501507
20.68359375,-5.245983344168292,-4.065924153712198,1.9069636865923838,4.967947236556556,0.3447683303120368
20.6875,0.08151228088500456,-2.5998515653610363,1.338204867782892,5.973424035459673,-0.013650972936874744
20.69140625,3.5577832439857366,-4.991311872055129,-3.632622130467205,0.08788636569854402,0.12938626414703427
20.6953125,2.67000975810624,-4.106878418487772,-0.2514240232326035,-5.479786543308676,-0.5880564502484334
20.69921875,-2.2848572428058156,4.215641890881366,2.2509997976375202,13.67299114899647,0.7784838320023594
20.703125,3.0744509893526546,-2.6383767471855832,-1.9958623206293638,-2.112346788854571,0.1364989280723413
20.70703125,-3.34438128775228,-2.3535092034495175,3.105230215022004,-8.78767264046403,0.6150499048295824
20.7109375,2.8106072720803037,3.3939542131808045,-0.48183602285403837,5.4038979962733364,-0.21838938880166428
20.71484375,8.25022904229032,-0.9723339400398436,6.421886522797099,6.716514816024487,0.10614313167963131
20.71875,0.6045402785233179,5.109651641381006,-0.9302928282145955,-5.36630474717268,0.0673310047854266
20.72265625,5.777257575233499,-3.9920872831599916,0.6863226173645272,1.128433362865352,0.29035399753646796
20.7265625,3.7991847959102665,0.6811897214957167,4.264997703629584,9.893052683587156,0.3982496472545439
20.73046875,-1.3069748916315607,3.45809772243624,2.698468434262645,6.633666657816143,0.25696012962899323
20.734375,-5.2867899135158485,1.2113991150814332,0.595848357281422,4.735965518515629,0.9734644225737584
20.73828125,-3.5687719666438547,5.146741756184122,-2.1472569376166923,3.9396749295943225,-0.4545375357201058
20.7421875,2.8256734519187323,2.4723267994252094,0.18089970959051405,9.776275396717015,-0.49851346539369346
20.74609375,-2.535267631473439,2.497407368894473,-1.738625485182269,-4.3291811012532415,-0.2374591349966895
20.75,-2.4182188539211675,-0.013985917965977503,0.578592007313359,-0.16105484013128563,-0.15952000297834298
20.75390625,-2.6310453288466777,-0.6886118299842037,-2.7251445873925837,-15.313103687127466,0.2851375261372085
20.7578125,0.3071751278247559,-2.327850633616328,-1.3221552847974234,-9.24560793062102,-0.17059182191986447
20.76171875,-0.1868206126723207,3.372481887635417,-3.5655882382759376,-0.7498818434279961,-0.4138833618276058
20.765625,3.827413619368455,-0.2908050228242899,-0.3628687814310829,-8.156538282808606,0.5466916048795546
20.76953125,1.2461490730266171,-6.412902786280155,-5.726357417294283,-15.762229108481622,-0.04379137451060375
20.7734375,-6.089004150788574,0.4761306075123971,-0.5008352356361678,-10.724147114198438,0.8678378833519548
20.77734375,-1.1140365965152268,1.3124046747815556,-1.0956648311338053,1.786953182201413,0.4630006339452597
20.78125,2.345267203792598,-1.4841963697828875,0.9050817043735149,0.18222569403099786,0.6851061773130291
20.78515625,3.546470949130703,-0.7254034783653575,2.02378797727967,-0.5785934700643871,0.3418166974384735
20.7890625,1.531691988633814,1.2653720818313503,-1.3169169525636146,-3.9887838936633964,0.7216277050091274
20.79296875,0.644726245199172,2.9330896724203903,0.775935585083262,0.8453370813130565,-0.1947918998721175
20.796875,6.576206991017093,4.098002804174948,0.5148752568718318,-6.34946557086725,-0.007824524662223706
20.80078125,0.6059349390878429,2.1500232356886757,2.889372261994029,-1.2626661533424821,0.15402104654012552
20.8046875,-0.5316697785233865,-3.738189026703932,-2.148966587346961,-4.445150592433718,0.024862422855677364
20.80859375,-3.8948223020948283,-2.212549722502256,0.269365183651323,-2.9256300305517797,0.002260765005990087
20.8125,-2.173054582894569,4.625133028327378,-2.9162252985885937,-14.850414857049762,-0.1435622752879586
20.81640625,0.20308596906351994,-0.32672644476112794,1.730264361070742,-1.6269788494469717,1.1925082541208532
20.8203125,7.155312860698138,6.697641152939266,-0.15141810659827648,-4.342533145829232,-0.01360512453168156
20.82421875,-8.396081025938694,-5.859184704239739,5.699854226575972,0.9301371300540158,0.6790333278823207
20.828125,0.8404779557602426,-2.2175535287801496,1.2110316051243617,11.618262072980453,0.3195807087768851
20.83203125,-8.59301235545244,3.804871182250044,2.569791728678055,-4.518663498478699,0.42379401847019177
20.8359375,2.580812474979411,-3.973752210884883,5.024126054593563,-3.8893943257287886,-0.008256240200011807
20.83984375,-0.20355733308768106,1.082772082869233,1.1556646879854227,7.275206325709634,1.0307157541012677
20.84375,-2.4040668768447517,3.8829409684366274,4.538019299954106,10.767245108860056,-0.08533661462282464
20.84765625,-8.387806362392382,2.9138214658255794,-4.956728882318299,0.6415521084502815,-0.1802932869170971
20.8515625,2.233507661959059,-1.776065242837965,-4.31277241683136,16.00873639432135,-0.278500619108504
20.85546875,2.5731817377969115,-6.171279463254903,0.505333166915703,-4.195791109556292,-0.19987886364415675
20.859375,3.52249360772842,0.9769887700567623,-0.3971363065945629,9.048322253120308,0.15674452642278153
20.86328125,1.5373136075870404,-2.3273780208509196,-1.0314280172302055,-5.103651777352233,-0.07233192399592642
20.8671875,-1.364177960631014,5.308705029864179,-4.141677479097547,9.850892652174121,-0.6811756029455276
20.87109375,-1.790953032674056,-0.4337411151431687,-1.9048664509924125,2.4691086966697915,1.0548765065947494
20.875,3.15888663315988,-1.1823299631302582,-3.4157179719021826,-15.58794139775594,0.07218278813504662
20.87890625,-0.48635416928023223,0.46006008610898175,-1.3385541871471394,-13.162893486042503,0.576573613075194
20.8828125,3.4848977605361435,-2.5310737426157344,-0.6097263594379748,4.635230350500176,0.1862919949316738
20.88671875,-0.3341377398532581,1.6311846348784151,-3.418809086431173,-8.708985440689341,0.5926238433310344
20.890625,-0.7800788930935655,-0.16528887741326137,1.9441234448966236,6.404428914524153,-0.2693958419729497
20.89453125,-1.2803734323191496,0.8455377237584388,-0.5374782231644498,-16.633562086474655,0.0019172873912213517
20.8984375,-6.523376061354576,0.4000020321566294,3.224032749523454,7.745170932703738,0.09184265539953639
20.90234375,8.27688315237989,1.770809432258472,2.3177422002789663,-4.824958431300549,-0.6055310289906309
20.90625,4.74025510376016,-5.594316699611449,0.7016094983762282,7.8127866360860745,-0.02217614864558691
20.91015625,-1.0588218051125515,-1.476894689738042,-0.15357991273686777,7.940971984520461,-0.13517655007848423
20.9140625,3.9595547606627495,1.4957636680321038,3.951156993661216,0.11649218055906507,-0.8335497595372254
20.91796875,0.8455610749531758,1.8315062416754746,-0.3997928301140019,0.026936130888023713,1.2351787562019676
20.921875,-3.912223605014853,3.6383803755068964,1.418773870996402,-6.2557925085978034,0.13154261852292898
20.92578125,-5.16669027610899,0.48707211428807573,3.547123595698751,-9.3828519465694,0.3524924683778045
20.9296875,4.060235813808967,1.3816293769519414,0.5093881180138765,1.3901171829184564,0.4117473614136715
20.93359375,-3.2588277968353867,3.2801785853044008,3.042581995596132,-8.190439808361253,0.6811969784977693
20.9375,-2.422120942470757,-2.7833359017456347,1.4588031849885923,-20.080356107176137,-0.19445884049380807
20.94140625,2.307829161757702,1.0253112450873347,1.9973127994832165,-11.43356330947454,0.53524963948697
20.9453125,2.1985246161319836,-0.9932049528494009,5.781140118097567,2.2096750861055323,0.2700930699332846
20.94921875,-6.267564304305088,1.4581122048845845,0.9574709043242384,12.289935438219207,-0.1945051533331529
20.953125,-2.6166150148677083,2.3461936286646323,2.2976409582251724,22.205163636017225,-0.8701878054723542
20.95703125,3.9930303378217524,-1.917916123601381,-0.20555120029527102,12.488712293831775,-0.473341507156176
20.9609375,-0.537690836058619,-5.78749869848745,-1.625079990381466,13.506511958761518,0.022377829928836485
20.96484375,1.1723372244289803,-3.1598353595405735,-2.5494175459401047,-12.803867675428268,0.43212391630637614
20.96875,4.185702927291827,-2.9269332458142907,-3.4491363932329686,2.5445544688142414,-0.16716852142856914
20.97265625,0.880391594139886,-5.099970273993566,1.4444215802388902,-5.384222890195079,0.5193401486939121
20.9765625,-0.9654691096011171,0.09991797542226952,-3.0501006082873965,7.084189417342894,1.1010043330613448
20.98046875,-1.1092626788426394,-3.2977455849845905,-1.8118458002492162,-8.57210282590665,1.3020723809445707
20.984375,-0.6316569407669438,0.2690384334523658,0.9117610068768311,-6.746991012402615,0.6657635839073515
20.98828125,-4.90610026435059,-1.5975678634727108,1.4226253242367024,-6.167096602894343,-0.02514844703526538
20.9921875,-9.545331012618204,-2.262387167323859,0.7045623105349952,2.757565149881372,0.11313348738298674
20.99609375,-2.1068348224754985,-0.21879206688778846,-2.816473358574519,-10.149040486238487,0.3938572419964828
21.0,8.051994028472471,-2.581241208644707,-0.6036283946450973,4.843618420607213,-0.23024600452522967
21.00390625,-3.8303017761403644,2.0678637198347545,0.46108872139549595,1.3772861593660037,0.05103068523951775
21.0078125,3.4804756900872564,-1.1386518018116532,-0.5163387916110801,4.422695998246566,-0.9622651004756262
21.01171875,2.532924659280625,0.31285822042227596,2.0317020611817753,-2.7047950409096684,-0.06784782638426921
21.015625,2.658324182016398,2.858499317647019,-1.859598607774678,15.489249935017044,0.2630345976970056
21.01953125,0.2539903753727157,-4.211295549072343,0.7834596726211449,5.20773072508817,0.2353136852012522
21.0234375,3.058259117410023,2.1539802129522716,2.0608188801260754,8.015707661959627,0.7404663138140646
21.02734375,-5.146593746207464,4.1166778344886685,1.8510359167415236,-10.79233576151472,0.6006115097590672
21.03125,-1.83461973618619,0.05690687288140851,2.8914918518581523,-9.40787720792348,0.35620378133438335
21.03515625,3.3951022918549625,-0.6507166824134045,-1.5887423268037977,2.2249352781661997,-0.1628531014105043
21.0390625,-1.616518705104781,-3.209979666290085,1.1338038593103201,-16.092645888077747,0.3861771325090572
21.04296875,2.847371328963261,1.816527242739737,0.5299362250339614,-12.326980097762888,0.5227903317185519
21.046875,3.9872577916107326,-4.367164599441438,4.242007104915523,-6.719359200511017,0.20238394079210573
21.05078125,-1.8890767719467993,1.622319057877923,0.5030618666205776,-18.92289969389465,0.03307874764134511
21.0546875,-6.219591747909398,1.485918773113226,0.2737205582273188,-1.5086364432355301,-0.3655269528593032
21.05859375,3.0280365753053147,-2.3987419399425187,-2.721023275131714,13.321904166600811,0.00047664706134416517
21.0625,0.25360339105226687,5.5924814195984425,-0.11896298810097605,1.3427056614946467,1.1578315693475238
21.06640625,1.7746961014075562,6.986221947153362,-0.6879649741618535,22.918859849507207,0.10179104010132321
21.0703125,2.9850805308514303,-2.793088795473152,-0.976051810090722,3.2568337144658326,-0.023701959630664085
21.07421875,0.12916517800681243,1.686727520233195,2.217872554217725,7.928368164746754,-0.13538393819438566
21.078125,-2.3960618514832523,-0.7005769035658657,-2.155752192877075,11.95190194654467,-0.7400661587532438
21.08203125,2.6135899655771273,-0.3052703142597594,0.09367426565015147,17.16962191671339,-0.03307356995967871
21.0859375,-6.328073732770398,-0.5805109532922837,-1.7479366411965325,1.888727947231827,0.06461296848952505
21.08984375,1.2373108308247416,4.012573361555827,-0.6703178175083543,-10.235893758214884,-0.1999705374911593
21.09375,-3.1186240600496236,-0.6512196671623744,0.048704594918478894,-1.363078340360249,0.5826933150535507
21.09765625,2.9214290191895755,-0.8684235385506825,0.6286742679354572,-2.4871816303234624,-0.30595686727477917
21.1015625,0.5598893092700991,-5.42584296994052,1.487818170858134,-13.53843676260585,0.0764501713613648
21.10546875,-3.3618922226063974,3.231996212964005,0.4210652267269185,5.1354781711226245,0.38845401332539997
21.109375,5.82348516239289,3.6270449226733765,1.3410387391320118,-2.081858815787794,0.5072282395296053
21.11328125,-0.6085676076923106,1.2377851096533896,1.9519982660878084,3.538481689712265,0.8076920709124167
21.1171875,-2.0221287306259983,0.28485985794372437,1.926385706410972,2.542621649515044,0.32050962330848737
21.12109375,-3.1873122360362274,-0.8847841542207208,-0.10542411113777495,17.178680713886912,-1.0521255397379126
21.125,-3.395562118463737,-5.062760349668296,0.5150723338499306,2.099632998824615,0.8835000720749256
21.12890625,-4.510671306532099,2.4183394366929534,0.15671653287612153,11.68863017179258,0.4118763044502295
21.1328125,-2.7071542039975767,3.025561022600736,1.9213128246781617,16.362146064839152,-0.22732798603513613
21.13671875,7.560422519145255,-1.3628705770059502,-0.12540443719661276,-0.6142531807943155,0.05529456022012293
21.140625,-2.152975853035518,-0.2997134300131997,1.557560895814073,-8.517022016497712,-0.5816672794356161
21.14453125,-4.437726432393177,3.7996847373034637,0.09851932821921289,-3.4799651310515802,-0.33858040144847695
21.1484375,-1.0333579537661395,-2.976405717611213,-4.443768909198158,1.3652019589418902,-0.09858878260313178
21.15234375,6.555938269246001,4.644587163232822,2.7501779920464395,2.6479517781706985,0.282993024991553
21.15625,-0.5813922874872043,-3.2237005004771593,-2.1045230265357215,-18.729237879846767,-0.3001859037738628
21.16015625,-1.7063913288725538,-1.418474292164551,-0.2840861025849407,-5.069737215883571,0.33851920306256955
21.1640625,3.7899632057604284,-0.10241280346990067,-2.47269277625953,1.9773296254646713,0.12349203858546873
21.16796875,1.1563705826813644,3.2143752506430188,-1.4286469795647134,6.892307497985814,1.7216505336430303
21.171875,-0.6309934049703037,2.5010452351779353,-1.7467638560552836,6.361655200913674,-0.36566410935544713
21.17578125,0.8710811604322519,1.1181154083131637,-1.4138492864216385,-1.4941356483547379,-0.36869454581445893
21.1796875,-4.5838920046156355,1.7084141969028956,-3.20981784624728,10.169428938196958,0.28209579768272675
21.18359375,-0.32032980078983286,2.3612909012867767,-3.4307594905792698,2.6938845934962314,-0.5915582163027107
21.1875,0.7069421227404447,1.976314068808458,-0.03297376016714604,-0.5357569260294222,0.1182522337956202
21.19140625,-4.173631641238339,2.92126832625106,-0.926141567346586,10.795613802389475,0.7268169025578706
21.1953125,6.027775484853404,3.9430559683300146,3.3072999473744877,5.489567573225701,0.495394311465919
21.19921875,4.205820398205535,5.716587748076627,0.9133523182481508,-5.979001060839298,-0.42077669630260217
21.203125,2.647466816922241,-3.043372146297415,1.8143224586055127,5.2608181359190755,-0.1741280269194733
21.20703125,8.018426620513377,3.636865661984653,-0.08496236850723837,-12.596911254080897,-0.4323322415564498
21.2109375,-1.967440107609932,-2.0709983145041893,2.0993359479218903,-5.040322319155602,0.160468710407231
21.21484375,2.724292283086138,1.1741125818596072,1.89924976496892,-6.717394456800784,-0.5363427120884956
21.21875,0.01845920719833651,-0.3429913904745585,-0.8180346538668943,1.0213546633157238,-0.7676586880961028
21.22265625,-1.5145907520157909,-6.83695041323287,4.5376043739598995,0.6997217362028414,0.1024714935816525
21.2265625,2.729195133495398,-1.759331483207656,7.15679304379858,3.6895005011731374,0.39942936001271356
21.23046875,1.024264721990923,4.168028359723942,2.1676839463868225,1.6208025695097317,-0.8237898981916213
21.234375,-7.637304512021424,1.2537290391352707,2.2176647993113496,16.479684774159423,0.014579655911898621
21.23828125,-3.3369389650581747,-2.476698444722392,0.17849430143415979,-5.0897523259311015,0.9200657912946753
21.2421875,-1.0211193833958243,5.969263620688749,2.416940449039879,16.470204939681373,0.31458440707789476
21.24609375,-0.869803133945177,0.2553854510802998,2.4791927116913866,15.073063736817964,0.5022832764364697
21.25,-0.029434348188735287,4.013096947929852,-0.213195804191633,-2.890467656661604,0.03410067329322794
21.25390625,0.15185754517038996,-7.209455401292739,-1.5008844873093605,-22.90677539115001,0.16571375058727172
21.2578125,-4.164218855206082,3.792507374681125,-0.5888069875792887,-0.6333256848956257,0.2578699586035911
21.26171875,1.4146693576486162,-3.453703697841725,-0.19938961971136038,-16.117428441621662,-0.29429994798429215
21.265625,-5.067044343833643,-2.931052893012397,-2.5906612922440324,-10.423011003412219,-0.2179139674805792
21.26953125,6.785593526059451,5.931514047547424,-0.9419103831525891,-5.919332847175756,0.0715849083313155
21.2734375,-0.9443890890115324,-2.919464836732302,-0.9166718261056407,3.6564572265115136,-0.07535061201895189
21.27734375,-3.1429765135329926,3.3382184926362486,-0.10016984474076707,11.796632922795968,-0.050286780604615194
21.28125,-2.736725916372002,-0.571405040000673,-3.0665444363644845,10.474232478195361,-0.16335458136730416
21.28515625,-4.082237376308263,6.078194518167525,-1.7945586063021741,3.1108831980353147,0.14482347508015175
21.2890625,7.015078250076718,2.624026250901095,0.5107374529554203,7.324284681738076,0.9400065231642919
21.29296875,-0.6740689511060453,2.2632225698637645,-4.280832131337793,13.511588530836733,0.12849144484583358
21.296875,-1.9592922707470197,-4.22018129989759,-0.7167202980792667,5.5584563846423825,-0.07195744497519907
21.30078125,-0.26099847584281816,1.2845245508818017,2.4549030248604735,3.76492280659729,-0.21645411910502432
21.3046875,-4.519235666072884,-4.410378956391109,3.433508076677535,-5.759433229749159,0.687153437034695
21.30859375,-4.16438165350288,0.4600406157873775,-2.559982050624381,-4.095439106907304,-0.27722989853839747
21.3125,1.7501957614493822,-0.7798646209837505,0.7066233036379526,-13.402226806790349,0.29908445197432726
21.31640625,3.334197206286908,2.6308908587673705,2.080541327565047,-12.8307054644408,-0.45537729082068923
21.3203125,-3.267996652158666,-0.09604930498921177,-2.560453234965218,-3.992747983404784,-0.3690037857201578
21.32421875,5.251164149389361,0.6873224115687133,0.7747432612217472,-17.427572274173173,-0.8031039222666227
21.328125,6.70230195619592,2.100198929543684,4.314319325139866,-7.098528428810562,0.8556400295041877
21.33203125,1.3262644634386596,2.1229063485182014,2.2819655982285534,2.5749593574288854,-1.144953788819275
21.3359375,4.616245926830562,-8.084436077465496,-0.44590198756119914,-7.741645822430642,0.07068664743189497
21.33984375,1.457917381309046,-0.21747743146853732,1.7808747751467724,-1.8051069433697409,-0.06148694763097448
21.34375,0.4851682476591994,1.2583713330552004,1.8526178527614645,15.046267759047806,0.5031934486510086
21.34765625,-1.281698741684976,-3.8952629449842036,-0.10717496730599785,13.263206535234275,-0.07327452525870147
21.3515625,2.6410543640080206,-6.532779738485915,-5.418418372897595,11.222270402380286,-0.11863352272916929
21.35546875,-5.995549785889977,-5.097727634368303,3.109258669719228,7.120575066266071,0.020264480799886967
21.359375,-1.6982350347150257,3.113707927956087,-1.10308792391239,-3.311420960617535,0.4207038823507921
21.36328125,-1.642222139626317,2.5555041451867337,-0.21816303042735896,-2.9240668349438574,-0.5869108718080883
21.3671875,-5.895215782891487,3.067202013188266,-4.96090537405167,5.298249027640455,0.02320815037633193
21.37109375,-4.049785545603246,0.09800766693050258,-1.1277582599239042,1.617117200077237,0.9005134420606696
21.375,-6.082448179666409,3.8702764754289816,-2.1700289729999156,4.075461828886304,0.0748713435819229
21.37890625,-2.2477435816104125,-3.5630223508505807,-3.3708999069259917,-2.5351005715247106,-0.04777037490849051
21.3828125,-3.8548881548298546,0.4242236395612299,-1.7515533137600112,-10.251072017754346,-0.43198886315641305
21.38671875,0.3350693550827681,1.1873259124401088,-2.529479859270741,0.44223322338233073,-0.5066427151124185
21.390625,-2.4449023177790763,-0.7311243402568196,1.3693254768255838,7.184217241615615,-0.18557434478638757
21.39453125,5.538492017500447,7.215319455633851,0.5681274349250894,9.359391797361637,-0.4979185219460631
21.3984375,-3.0938986006590343,0.22204097137344986,1.7967037219579485,-9.500673101652332,0.7536746445744692
21.40234375,2.027105039622686,3.2303712808405285,5.164387381614611,1.887487176840125,0.49286884139914117
21.40625,9.655178608711559,-1.2378417874866148,0.5218489063963394,6.106505642026304,1.1068745899837023
21.41015625,3.3974588513581296,4.416403818384969,1.2659692011651744,5.361252509261667,-0.19712491922515946
21.4140625,1.1483732754974219,-0.685081078782197,-1.1777570555111598,-1.5195577079628149,0.2536529499716549
21.41796875,2.7997555132327894,3.534882222160719,4.072736594165827,-5.309576564260592,0.7352654481763089
21.421875,-5.858404111062465,-0.3922452440297929,2.6942285011974048,-4.441533428569024,-0.9865845070698772
21.42578125,2.4252770220666764,8.209344619585199,2.5833291872857815,14.432912039270839,-0.09436629436859176
21.4296875,4.151354876055188,-5.0536751574780325,2.567118157700623,-3.5509937438458046,-0.49371652878876543
21.43359375,5.619258584727818,1.968042087761922,0.5269756386220935,-9.078272910852691,0.30715070459379584
21.4375,-5.829329920879144,-5.7002809199309015,1.7551183373318364,-17.353232608837637,0.8014242494506089
21.44140625,0.6363475835365708,-0.40504869429313156,0.8830805416935504,2.309325149463123,0.06668809702755289
21.4453125,0.43017087969041623,-0.1317521785358398,3.207718249559789,4.512983826773301,-0.2351499263712394
21.44921875,-6.895474116204636,1.6104558398570017,-2.3003610244513273,-15.7792880729395,-0.1292996216654834
21.453125,-0.6065903870637102,0.49100512143320585,-1.788677992872693,7.972274187802007,0.05599283033997679
21.45703125,-0.6282069587679215,-4.541968819017952,-1.2753560242196644,-2.5144717323903425,0.7842197190216615
21.4609375,-4.846076680519546,5.695749369991573,0.9316088830242971,25.11570958011737,0.1977833210689482
21.46484375,2.7816513153767235,2.5168865209217937,-2.244827945609548,15.965994185180257,-0.36321059512353515
21.46875,-1.4716096004335426,1.061974103945338,-1.734094899626991,-1.41875002781094,-0.021789382677455393
21.47265625,2.8461814079649996,-0.09991688346324179,-1.2548534141382897,1.6323123883181117,-0.5597454943246678
21.4765625,0.4960857076513938,-0.8290411203201272,-1.3872799803360343,-2.2938924398952154,0.23620239197535128
21.48046875,5.272113319459131,-3.240326776148306,-1.0391229875534833,-2.9606940139019278,-0.0006526078063132137
21.484375,-8.16938874825955,-0.9743553594121281,-3.922043812709018,-6.594157980035516,0.0069558298253036685
21.48828125,-3.8960391092524156,4.520109927798814,-2.767050524165502,-12.874393416642548,-0.2893516894837903
21.4921875,-1.483264708624313,-0.8975278446443671,1.0480915875023327,-17.804597454521463,-0.004343183464004405
21.49609375,-8.989187118499265,5.698680097961674,-1.0829925891775547,-10.9620198176177,0.40269131369682887
21.5,3.7295706021329207,1.5031770520627488,1.1753971704093704,0.9358827444137957,0.6518572007701912
21.50390625,-2.270192726906958,2.580317867633747,-1.8192262884003516,0.14300061487365,0.08768942354524265
21.5078125,-2.947213071766785,0.47489510354669073,2.6253038768792756,2.7980788914771746,-0.26841080460282757
21.51171875,2.50860971618803,-0.13202260714345412,-2.074906153933727,9.905033743943733,-0.6280002627891801
21.515625,3.5585945843303195,-1.516782039518033,0.1978632844684991,1.0818786905605942,-0.027414926555038795
21.51953125,-3.503061974349046,2.891324742968936,2.952992614756715,7.518234447655397,-0.48834447786006063
21.5234375,-12.96467387451878,2.468494534946661,3.6486493772078545,4.314150301144974,-0.21332756258308466
21.52734375,-4.136758663533676,2.179614633652342,-0.8608239342902679,-10.400310945219738,-0.3085149545905467
21.53125,-6.392014161160423,-4.420568028988681,3.0250053500658387,6.762063478424073,0.6238049895788467
21.53515625,-0.7801106698714687,-2.246202412112227,1.2632033762493522,3.608785082129832,0.007996228689152377
21.5390625,5.714601798148991,3.8881459661257836,-0.02695768436914625,-10.363913755022377,-0.4799874152607336
21.54296875,1.8461699173588588,-0.7227287878550903,-0.7260376165872875,-3.924841657467141,-0.15889299245345684
21.546875,1.8103570534923143,1.5191219767453492,1.88514117206083,-2.8426420049072267,0.5223755933183923
21.55078125,-0.14673368323321068,1.2339291519430091,-0.5246592688744478,-13.804748828318079,0.9135826571051107
21.5546875,0.2427692858214948,-2.0964064032697833,-0.7322055111349727,-9.361995542376903,0.38789731548263634
21.55859375,6.587125311868402,1.0472120830962686,0.2890382218724389,11.685177973395126,-0.3211205140800312
21.5625,-3.578619459055448,0.6977453068310876,-0.9227887927722429,14.325713582712083,-0.43400453215046125
21.56640625,-4.434188038174082,2.040113316608606,-2.1651728264805477,5.58019983573532,0.05947968896859328
21.5703125,-2.107047690959734,-2.6138288773173923,-0.15999047546963419,1.1952927650811116,0.1339340574581522
21.57421875,6.799130287267761,0.21957999993964833,1.7927248736667523,11.251869383393416,-1.4890339810292021
21.578125,2.0668787763507517,-1.8320928720299652,-5.147892782188673,17.700989689196046,0.7604574623509144
21.58203125,-0.42571155412925293,-1.9066706645418205,-0.9095544123472212,-13.548695701137467,-0.7390114759226747
21.5859375,-5.090920630377862,-4.830944032375191,3.23200787187754,-11.52406535519861,0.2953991134716991
21.58984375,-0.8515496322168762,-1.0741413181755077,-1.1899920067812324,-9.508303978369716,0.31369090047502335
21.59375,2.8321300233499853,-1.3386470233999537,-4.559131009657829,5.906344716231619,-0.9143963493109151
21.59765625,-5.082935965982983,1.3510270711971575,1.9387539085671457,-14.943542577363072,0.15733503929585624
21.6015625,-0.8519896054902188,3.9833429139020913,0.5126760458614807,-3.1505045979809916,-0.4555788363563426
21.60546875,-4.365597160934299,3.3405879130822758,-0.08599589952887021,5.2620558907792345,-0.07878212890533634
21.609375,1.9635874514768539,0.4737346739260063,0.83959008668994,3.3619680751961214,0.1771501254611945
21.61328125,-1.1423318281980972,-5.561280126887492,1.9281599991953347,-0.2635718588535496,1.0515685263673564
21.6171875,-3.9544842077802755,0.7408724067879243,0.8660356714466406,7.43010652439712,0.593903559074378
21.62109375,-4.878136926315762,-1.9893826595759914,2.831600547241004,-4.310935087332757,-0.893953817588796
21.625,2.3406189783932194,-0.4105171146251776,1.7352684694359528,9.098396656812014,0.35805642145222694
21.62890625,-1.0669985464791167,-1.4201820937940586,-1.0537695275179202,8.636914718488832,0.17428465808875285
21.6328125,-2.6201913928736826,2.267072545723186,6.421733838066325,17.712410062689003,1.202790997948803
21.63671875,0.5810421329555512,3.948045942712859,-3.2758519616700736,9.135356897004664,0.5147113668524886
21.640625,-2.2244651702031453,1.9232414129692785,0.026515979994206962,-11.427102004229445,-0.3191989949602025
21.64453125,0.6367560226053893,2.012824485616944,1.2742467182980728,-11.21664126565563,-0.006287625040651569
21.6484375,-0.15948897748844884,0.894637562766629,-0.7505707118729584,13.879813331372754,0.4758940035494949
21.65234375,0.1923065316821878,3.527754416960401,-0.8991937599728641,-24.19623535055064,0.05611736262049274
21.65625,-2.147974647105241,-1.0397070774527706,-1.1326521816926651,-1.398711541472732,0.24065576455351972
21.66015625,-1.0356350574072182,-0.9990264853283533,1.4430309694250474,-10.085699554999849,0.3298481637793791
21.6640625,-6.92353591026547,1.7702588726447102,-2.5719147932317963,14.545068644462994,-0.7186668195803743
21.66796875,-1.5260360555617474,-6.624225286489551,-0.40707766237729126,1.5724320452055427,-0.45682993038953784
21.671875,-3.2314606710248324,0.11851212834043728,4.282023330171211,-3.483780629949485,-0.08863978542747183
21.67578125,-7.781837203449741,-1.0713045985822247,-5.334756616510725,9.868761457872282,-0.28563260247943645
21.6796875,2.9099721723953165,-0.5162533838606611,0.04613226769007284,9.832259531529582,0.2534151664486314
21.68359375,-0.24974280657563186,-4.107534453792023,-1.6443958349903087,5.512569192188597,0.7238896620458414
21.6875,5.167304532690649,1.6433428444834988,0.6004076606771092,17.6149370449788,-0.20789536478691079
21.69140625,-2.063376509017205,-0.2556962628043124,-4.090964099033576,7.383189637433057,-0.03959305454609952
21.6953125,-3.0589265224623134,1.4192417828191473,2.0494500124972994,11.337556652924176,0.5283902881074898
21.69921875,-2.2520020099506874,-3.172393983154996,-4.981033831047794,3.99605191254744,0.6783209304874832
21.703125,3.0450954421785226,-2.004766830056583,-1.814510413395595,6.884884633614372,-0.16291389135584022
21.70703125,4.369693489161814,-0.7736654973760424,0.41241775484020216,-1.0949536997475464,-0.040659894038300746
21.7109375,-1.5455575697230992,1.884651587263951,-3.003827250936782,-6.184087149490807,0.6660217773769026
21.71484375,-4.750265825067583,-0.2235652127770832,1.1191358133457323,0.36608937694466626,0.4571703494792025
21.71875,4.236687857441728,-1.0216619757829493,-0.2425989798319521,-8.841785862936817,-0.4352477588036423
21.72265625,-0.7715043831142673,-4.492525367672183,2.4592178685034582,7.739288599790672,-0.14520415476923332
21.7265625,3.0398323661054762,-1.3929788252052535,2.7376298732770215,16.081419167724874,-0.018150679907808928
21.73046875,-2.5777878472161166,4.48498099743359,-0.4303372265227112,1.870349329247464,-0.10097000860490524
21.734375,6.730618462381571,3.5329505388654123,-0.014144077086428064,2.0267013377887495,0.1238998445853986
21.73828125,-0.8300904935450958,0.22749937116702829,3.0396162882431064,-5.49210855586998,0.23607084418925117
21.7421875,2.8098237516936875,0.03594135609093308,0.3955961074044486,-1.8748338828814655,-0.41066453531411123
21.74609375,2.770967619314783,-2.570433302241957,0.7650983293568336,-3.2398036630012523,0.4724865292306205
21.75,0.6805187281984504,1.2957973947274295,-1.5174849913693433,-7.27638258757706,0.7215780714699236
21.75390625,-7.457180530836742,5.052223767289332,1.8260665169913204,-8.64437096465533,-0.319412151029268
21.7578125,-1.3127711628185428,2.6123030730515606,2.3092797880369336,-18.171216198970836,-0.5502784830287162
21.76171875,-8.162224853121748,0.09889375633064318,-2.1523235358829695,-2.3571802765387178,0.37575988765126345
21.765625,1.7700236864647025,-1.8186959312796445,0.4387593294363097,-12.579537455948653,0.1385173243900497
21.76953125,-3.49384754176037,2.4795320058829575,0.44314764546396823,7.293497987566495,-0.7304464667781766
21.7734375,-8.088528974872714,-8.202568045000177,-1.594104935634661,-5.676082962488406,0.07289452970064299
21.77734375,10.244194899866118,2.581518326659187,0.20230376657452953,-1.7863458691985605,-0.9985293506206365
21.78125,0.8155260010677856,5.646674071665919,-2.917144060687976,3.8486638806248683,1.0851917990936832
21.78515625,-3.595878865182924,-2.1051590448687634,-1.0948870503033459,6.763724035880292,-0.07690845326505455
21.7890625,-0.8131634927161462,-3.1134041582050425,0.9498468530642239,12.965847916615417,0.27274479517188066
21.79296875,6.851344747897607,-2.7975520360941784,-4.4881395826950055,6.763134115372928,0.431351008203401
21.796875,-2.6986496717006205,6.392728161236717,1.4499684067580136,2.203038386308025,-0.0680273586065677
21.80078125,-2.0908481521875713,3.3039798657605726,-0.7762026474355789,-0.8750884669226253,-0.33398258353869387
21.8046875,2.7995840932530394,7.109242413989721,2.7674930080536435,1.7692239648509949,-0.8697334446468578
21.80859375,-3.546790201623846,-3.3425793472736625,-3.24232287636847,-0.44892442019129564,-0.06745860834284272
21.8125,1.9494267112996735,-2.5037715444850175,-3.003026883237777,-13.088106677988659,0.6036539191162742
21.81640625,-2.5480506958366482,2.4860652479046625,1.4287488540238749,-9.949037608148927,0.10945346851449793
21.8203125,4.333223916857355,-4.022423815935238,2.0654143415070356,-18.838511679299486,-0.25186766445392306
21.82421875,-7.090192944850621,1.1498265615308942,0.8428747142700881,-5.4564567666550925,0.267928442793401
21.828125,-2.846752874412622,-1.2637512994665288,2.1680104157873723,1.6967654049431093,-0.35705161766916865
21.83203125,-0.15420060370905173,3.893956660737296,5.761584644453534,-4.735108241362947,0.5830664805906585
21.8359375,1.9795199705304274,-0.08452175859067404,1.0082496071001597,-3.726180254411491,-0.36495818838907507
21.83984375,-0.44420196897655456,2.482015352177102,1.7800402226140166,4.352551429643297,-0.22554657042523404
21.84375,-1.9314410055809481,3.0145445457722646,-2.458059472192808,6.092773572802505,-0.8953472100798938
21.84765625,1.8515704130649624,-2.942728083490739,3.411702432402834,7.827512781743508,-0.23378742099042135
21.8515625,7.750440706909386,-0.8450220121188249,-1.0913906010201477,8.19708773722319,-0.2717544560810869
21.85546875,-1.8587406568491798,-1.1167861010378077,2.52347678234991,-8.441839885438313,-0.0889566736122539
21.859375,10.596054781159454,-1.6648348022620238,-0.050903520882302766,22.400308639202017,-0.465830693265675
21.86328125,5.299061250748481,-0.3553444341582288,-2.6745564404612407,-9.949205419173607,-0.29057488276102483
21.8671875,2.329049850304949,-1.8665392552661464,-3.3388676697472928,-13.719426560432833,-1.142147831578714
21.87109375,0.7695744881364499,-3.1921940792427295,1.0842210471612672,-9.756459390482355,0.023375919365595667
21.875,3.034163150001117,-2.5498224343615457,-2.837785577539594,-2.8641282490773223,-0.32905914711215756
21.87890625,2.035368683411781,2.1220372204221802,-0.6664215725806557,-8.412295377940687,-0.010573461329941965
21.8828125,-2.408453807637284,-2.885337921050363,-3.767231484608902,-4.883382082525349,0.3164216702825358
21.88671875,5.552426910154586,0.8526795609678955,0.9364152501229603,-1.0700304915319514,0.4242568499278035
21.890625,2.544265131189766,0.9592851701777483,2.56505979061199,0.875924129111463,0.19088752097205855
21.89453125,-0.6576274904889613,-1.170528790898955,1.2009169761798388,-5.7441728434539145,-0.4365210674591267
21.8984375,4.883371266865608,0.7703410545975768,-0.7232211069281045,6.76503484785985,-0.3136724542819388
21.90234375,-3.8246486317124773,-7.020457992954887,-0.49732085882220617,2.662513941582911,-0.49341497863127265
21.90625,-1.5805365063734431,1.2148432627080403,-0.06490005809552746,8.023574869177533,-0.040583744908352246
21.91015625,-3.3728784190374275,-3.194929924298047,-0.03520681370914269,9.70625736704827,0.3333179157308757
21.9140625,-6.985634736007702,4.301459274387919,4.853278563769311,-12.360627806933854,-0.09490498654511273
21.91796875,0.9368358556694182,6.306285641197164,-0.08008474583805536,0.2305004128075545,-0.03890224018798199
21.921875,-12.884904836074478,1.7870743402277813,-0.508867700675032,-7.486733855737064,-0.003979283194880059
21.92578125,-2.1874111118152997,2.6276885017012317,-0.3027363996472885,0.21522598482793143,0.2445147776987157
21.9296875,3.0025468515960756,-1.444548317966739,-1.1735485775407946,-2.0966919670301807,-0.4263970881091494
21.93359375,-2.7457873300076714,0.5574869826437372,-2.0846830281198416,-3.379610196927966,-0.40140486734297737
21.9375,0.6625386038972488,1.1095576492993673,-1.9854173123077374,1.564712706422771,-0.3495272432088755
21.94140625,0.5204839687486705,-0.6949075701479713,-0.5571006797948126,-14.42142988784825,0.062858412683872
21.9453125,-2.0949829918670826,2.019356326964923,2.3659739445203836,-9.225537589632228,-0.2754212631272294
21.94921875,-2.775269599883417,3.11225094348679,0.5166795567085283,19.403542468938188,-0.9359416275750244
21.953125,-0.3658613255416583,0.6491861241038666,-4.006019276192657,12.962314482445844,0.714406111300766
21.95703125,4.551224243759403,2.4804667691527205,-0.5282946494624023,18.21084964700716,-0.29175372062557975
21.9609375,-2.6416519464401795,2.321459650557141,-2.589243438042386,0.7349831390596124,-0.3541714575642793
21.96484375,-8.386054786031666,-1.5895028228964274,-4.692101992331605,15.511562133991605,0.1920474960227735
21.96875,3.197797332757379,-3.3855506273810976,-0.9936943180681523,18.213509408416808,-1.0448395240479458
21.97265625,6.879342895191472,0.8679643201769389,-4.001469397313986,-1.218520911882204,0.25272921073123666
21.9765625,-6.2587310790388715,-1.8233555405112454,0.039678083178263934,-0.9152178459215115,-0.2438468634005706
21.98046875,-0.04776263209429917,0.9517498427989501,0.4219960099198603,-16.203872066093606,0.08121877134675798
21.984375,6.293415404276259,-2.838248894878851,-2.302071967392391,-15.365513421590991,1.2090516161582165
21.98828125,0.8317584470128699,-3.614530680270013,-1.7896394133042275,-5.168346603149202,-0.3130152797991372
21.9921875,-0.43951222987670663,-1.1377065341643835,1.1372476897958732,-17.097109745639695,0.8391446155045319
21.99609375,-0.6800585620748888,-3.7088465128285657,-3.3998808462723096,-2.4021999203564417,0.09324022969383013
22.0,0.5479549733057968,0.6412250374926769,1.4116319366257397,-1.3354094336697586,0.540519872128262
22.00390625,-2.766700345073759,3.937450484045468,-1.6062707875575477,1.5297228162318206,-0.35025085222171315
22.0078125,0.8381894760533126,-4.393040558001988,1.2102492812172954,13.31876126816664,0.03546814819060857
22.01171875,2.227993240888438,-2.1681191360104597,-0.06825782248693169,6.704261203782087,0.5264463437326284
22.015625,-1.1089686706653843,5.079889765797271,-0.02333887723251249,5.095654493315434,-0.5385126737174668
22.01953125,-0.4288590083203109,4.2449189297741174,-2.1028581100458794,10.656267913752824,0.02011495195524869
22.0234375,-1.592600713416552,-0.6929966135164598,1.0909508031998203,10.23935463295226,-0.3286728350450962
22.02734375,-0.5462615533489843,0.328198905455139,-0.24205527096206292,-0.9526648305049403,-0.41288593386784805
22.03125,-1.5207747989762517,2.6847251903172795,2.3616732986594773,-19.171213896159884,-0.5444425288782515
22.03515625,-4.121315076294618,6.573920410485744,3.2921905563511005,-2.2721458299680983,-0.4679305682493523
22.0390625,4.129345837215603,1.3922993581675287,2.1548624402076806,-3.5642349800519346,0.33250187649464136
22.04296875,-2.8972338362892867,3.4652367648143114,-2.024967481633121,-7.21499960474614,0.3207277648196029
22.046875,-0.8833937494561482,-2.1840479023345822,-0.6847095432674624,-8.558949139398367,-0.19282459238547608
22.05078125,0.22817729183183716,-0.052402630900409086,3.2772962783978863,-8.640108221737362,-0.4405754359706762
22.0546875,3.9387276458471674,3.5496151689908655,-1.2903093700538109,6.279587437625244,0.23073315850980008
22.05859375,-5.219296065193576,1.5698211241844802,-2.090604281627889,11.088277069491493,-0.18513031233208277
22.0625,-1.8901989781857191,-0.05958860579222099,1.3261234152810455,-10.485370200737112,-0.7856379120131357
22.06640625,3.1740108559202067,-0.7148432833256035,-0.10331931022114516,10.474305933591161,-0.7177351192197575
22.0703125,-2.7582996010108247,2.0144835406914394,-1.5418482779596698,5.30497548776321,0.1245359395842179
22.07421875,0.6453826930020674,0.5368692538264183,-1.9312786305492062,-2.913136249194963,-0.05871925562859009
22.078125,1.9302496974851138,0.9004693086566014,-1.0136623882443734,10.516277443179495,-0.149107702115991
22.08203125,2.7666011666131536,1.023423525594289,-0.2849182765888396,7.543596823604177,0.041996953990587046
22.0859375,-2.595765182047005,2.5710503103201336,-3.278216470151766,-9.158181626735768,-0.07514868604414925
22.08984375,1.9448808391103025,-3.415607617147315,2.7730611749878884,10.616134504659685,0.03723619500054736
22.09375,4.845831532308585,-1.643341105441928,-2.3732872843655293,-2.5204831853339607,-0.5912310743076584
22.09765625,1.4989889065979134,-0.7598274529160329,-4.281574237888026,-15.994861106746527,0.3986072062744876
22.1015625,-2.5125813008246,-3.13459347642247,0.14398169721569187,-17.231092752838983,-0.6517669077258341
22.10546875,6.105897523649115,-2.7282182200438485,-2.75791018690267,-8.823941307042737,0.6327224922357988
22.109375,-2.1341381896092964,-0.10913060887864898,0.4117983222474018,-3.0112224937279963,0.736486541832591
22.11328125,-0.5546108234982827,-0.27814740520124825,-0.9113831244192865,3.2639394651278275,0.8597525064507203
22.1171875,-2.8583266225488897,-3.81555859553567,0.44705747277435237,0.47379231277556944,0.23962228286313222
22.12109375,-6.025204483083254,-1.6220761483436612,1.0526744499892566,-8.146378313822591,-0.07166505371237784
22.125,-8.13702922505196,0.481678726931109,-0.48703844072996705,6.81433103312556,0.12452302820905216
22.12890625,-1.208945177348843,0.16729882460279427,3.7368784867919955,6.729779568668733,0.42928196489224907
22.1328125,2.0495847572043626,-2.90787888133141,3.536464665457361,4.456342053027916,-0.34865394233896657
22.13671875,-2.803007884721521,2.396789130989393,-0.12714367317573227,9.025142491880025,-0.5485972281810957
22.140625,-1.0874331171390372,-0.3921062898535478,-5.346681638910017,-3.360114423891653,-0.004441491755340426
22.14453125,0.5553680438710703,7.975455790285805,-3.2868936419047228,-16.534097214563282,-0.12727141244759227
22.1484375,-0.06379422956653172,0.06520702484042512,2.8020274292073246,5.16112981066224,-0.34373615495147325
22.15234375,-4.747272129359369,-1.9851555001342418,0.5694149225741787,-8.019638038491987,0.1294077837189361
22.15625,-3.0938455002643797,-2.5171544308927327,2.0856052952852284,-19.41825214541247,0.18716590927252494
22.16015625,2.812937076508238,-1.5314875013755398,-0.8757533155282808,-8.81513301756135,0.2455996847605152
22.1640625,4.218222986642736,1.0252017968958222,-0.9581976857953746,-5.148396205440507,-0.4128142979276348
22.16796875,1.5714335354395412,-2.5114928719054896,-2.00484371875803,15.838305291422477,0.9136761291248647
22.171875,4.633527176634608,8.143055793168612,-4.4384687208856635,4.100703854482664,0.5055057479613929
22.17578125,2.5574462482922753,-2.946894959116748,-0.7093197778819962,13.008742938839731,0.12896479960535945
22.1796875,2.316448439505545,1.0837845387344982,-2.6391056867414298,16.150361962795575,0.02377059171630121
22.18359375,3.547042107619513,-1.3404411936324636,-3.195039435349303,-0.4862457101689657,0.05232530729576552
22.1875,2.1234367191390295,3.0288192854026317,-0.029909056783778976,10.797946177288289,-0.8798272733133479
22.19140625,3.8194011553799405,0.23115421925211554,-0.43212521026863726,-11.800423528444862,0.34783191530565605
22.1953125,1.4536756120949559,-0.1658508249426408,-0.9663923889795825,-0.3620725168397342,-0.18812890129235746
22.19921875,1.9761151246569755,-0.42355338140639603,0.6497458715635378,-12.63517737612762,-0.18342351991146572
22.203125,-0.3543787975727463,3.770993565845931,-1.25367577899381,-0.4661710450808201,-0.06459654524720936
22.20703125,4.420141053251238,2.4981181816258546,-0.6665531318566381,-7.907301449150951,-0.2900450222634461
22.2109375,-2.6278180789154364,0.8465622654979926,1.2542926557936047,-2.100695104249194,-0.355756589908351
22.21484375,4.3566696852991535,-0.46015198795228884,0.5665838318313019,16.11735943971628,0.0056796152411078705
22.21875,1.701995759319888,-2.6387170863967335,2.4160319960559007,9.658321540899845,0.2556034197232602
22.22265625,2.026911110769587,-0.2716474031280072,2.2333227582311226,7.816955872350437,0.051336675492123784
22.2265625,-0.5828936011597081,-0.21015167926394682,3.5808876918900863,-11.938578856119047,0.1904307595127866
22.23046875,-0.8407649496015618,1.9546022252456796,1.7817906323033654,8.386221429001782,0.39819926998239835
22.234375,1.4192677194834828,-3.8520248548206824,-0.22849054593227902,3.146437878490442,0.0951316183570453
22.23828125,-2.7948658044048824,1.481748473328239,-1.2341773905254194,-9.971381651397703,-0.7034666766806438
22.2421875,3.1981310731869232,5.202807215541936,0.5312572346651779,7.1895101230111464,0.49292446546320207
22.24609375,-4.483561282175364,0.2505930791606452,5.16830480720671,1.8127415761101235,0.7410596699559628
22.25,-0.6303247536184816,1.530488978975391,0.21617636951672892,-1.4290382541938909,0.03932332066951817
22.25390625,-4.995677391912754,-6.019741253821389,0.8572327927995202,-0.012343626491585713,0.34800426044012356
22.2578125,0.7431276618102645,2.6978583096697584,0.9178990246886056,-10.096622276158119,-0.6215397856050578
22.26171875,-3.645683603310079,1.273061205307218,-1.6404694894864709,-2.933336710526153,-0.27402614568544315
22.265625,-2.5398579508173285,4.366249769461696,-0.7891199633720489,-4.574170123379255,-0.0014269243766311184
22.26953125,5.464033636206066,-1.324210613415382,-0.1961282353016962,-9.240149562267622,-0.29579883622930525
22.2734375,0.516814947645677,2.192848739680692,-2.9616582241158325,5.779912571255327,-0.10219599670573064
22.27734375,3.8185976890851805,-1.5363665277475351,-2.0255544133549463,-5.274854065975379,-0.9015476758707195
22.28125,-4.922862992457913,-4.5924780940853625,-1.3369304773682489,13.307930825790807,-0.5130544459802533
22.28515625,-6.57454451451669,1.85389556530463,-3.6625253032744745,6.913204955475788,0.14612429203627406
22.2890625,0.15054392744631312,0.726084007587275,-1.1014914594725713,-5.146311856484846,0.12132717338623686
22.29296875,-0.05854902070255561,2.112777701589282,-2.7389019569404693,2.2172263452358805,-0.4169250028818471
22.296875,-6.116078561615995,-0.036181898113703426,-2.239446279342175,-1.5059556793383448,-0.2058078440992426
22.30078125,7.144711390162337,-0.09662226531489607,-0.6676778484665502,2.9418213817603984,0.043948753213721596
22.3046875,-1.3871921699035896,-1.0300610168420936,-3.3673891991334646,3.0529829547730563,0.014576374300980658
22.30859375,-4.757365229075004,-1.321777901234231,0.8159921900806821,10.60151534639625,-0.861062809602582
22.3125,3.2305188803070273,-2.5963847052599154,3.1950645688410773,-9.496462281321623,-0.5710028699695449
22.31640625,2.6608678647316495,-2.3179246112310805,2.01379941112297,-2.8885595348586066,0.20106659324400383
22.3203125,-3.1088694860072956,0.040325149730368465,2.285860444240868,-19.12955777000559,0.025022196130903188
22.32421875,2.647780770718432,2.1517144787518454,-0.08048731808720122,-6.1718101280257445,-0.5002926717992753
22.328125,5.0760642824548095,5.420855348241968,2.084025532220565,-7.180081202134669,0.06755294961866755
22.33203125,-1.221710884170643,-4.7159900934457255,3.1689418044510553,8.77500529904032,-0.054880855040586755
22.3359375,-0.48314892851145597,4.500277352607213,1.7348697862166047,-4.450712573506038,0.6570939464962398
22.33984375,4.811623886508044,2.833051147913192,-0.07170900901626631,0.37025052222116983,0.3977564275748257
22.34375,4.3262657936536195,-1.5796816690680515,0.5159751594660287,-4.027801641812605,0.3163713112176737
22.34765625,1.6357324312458517,0.6553933003649921,-0.03230487866316911,5.83328988251725,0.5339744365804527
22.3515625,-4.58679237505997,5.194547945914705,-0.4776573196190649,10.843407103548614,-0.25717540713509246
22.35546875,-3.3051000003437148,-3.0479119952450087,-0.08888236708836955,1.7493442464022546,-0.8950362418201144
22.359375,2.737399763148406,-4.51830736938439,-1.9253601575984711,8.643553477457871,0.2253457232275854
22.36328125,-4.07146214498436,1.227326771530361,-0.3409112382043926,-6.27880582694739,-0.1625607117363957
22.3671875,-0.5624053524529118,2.721165048636829,-0.12779875261136064,2.1143952328602333,0.02795955198608568
22.37109375,4.122913218478464,-1.961060197662753,-3.4019602265772164,-0.7108025529880555,0.38337569191272136
22.375,2.562032356664768,-4.887090482614885,-4.839386457229017,8.447730215009857,-0.2470856251917693
22.37890625,-5.883942279356837,1.6418105643334253,-4.38281285512662,9.986529393287089,-0.9175085151162782
22.3828125,4.209162907767646,-1.5162079078992754,2.6573527405565733,-14.211410747361693,0.2951054743279257
22.38671875,-4.609486843514614,-0.5564899566926933,-0.04881390904829663,-5.647609159494761,0.017571083642198847
22.390625,-0.8892140737118279,1.957708088241469,3.613091225485843,-0.0763153630165121,0.044767326372523064
22.39453125,-8.025230890998628,1.0750045934712806,-0.44381386691522906,14.949956277682798,-0.7196866467336964
22.3984375,-10.674217932661746,-7.31817263984323,0.7521330988503866,6.667633556957133,-0.47700178531349213
22.40234375,-5.33921795597031,0.09694899558708889,-1.3883489567953218,-2.041863553527314,0.3976015446100018
22.40625,1.9832321138271396,1.2053942099544614,4.691809918098091,2.321299247361079,0.0746261080137748
22.41015625,-3.856749015593126,2.1797655677826757,-1.4129036316444052,6.184110305279841,0.06405254008760777
22.4140625,2.0001434481901614,0.7853737209801229,-0.30127014615350234,11.941312768205563,0.3849405421770977
22.41796875,8.236013355602783,2.7479790783273073,-2.4100531370908005,5.065787903076695,0.4574433095251417
22.421875,0.6657465908939959,-1.025704608559289,-2.3727790144553578,-6.898379964593429,0.2803911298068176
22.42578125,8.211327308978094,-1.1579039719146784,3.1126924915890193,-2.9092126321810485,-0.87294583884817
22.4296875,-1.9867698004111785,-1.284144571820197,1.3161319540161187,-2.742796756071909,-0.1712097680535856
22.43359375,3.415609784230711,-3.9541876296476417,0.9750935789251216,-9.510764135986022,0.6893333487060342
22.4375,-3.235172061231736,1.9812824101784983,1.5076685163213925,0.25918423074308716,-0.2088112844453699
22.44140625,-3.3891607051885644,-3.9480153539510354,0.8855138301482748,2.0565055500413867,0.12782723884339126
22.4453125,-4.758847807378521,4.539744314506296,1.19182960251387,5.299539264894594,-0.3860943544931258
22.44921875,-0.4931827365015096,2.1840754285169046,-0.08692119458795251,8.090505606801665,0.2963697663370064
22.453125,-2.5377749965419407,-1.0318650504683933,0.004989255656097924,1.4343509393976546,0.07242887064686589
22.45703125,-3.3674624456025,3.1232794454980777,-1.362274409377164,-1.7998772828399412,-0.6701554385820006
22.4609375,2.641764313920754,3.2957633287225603,-1.1337317170292753,3.6286642052020497,-0.7122218449632406
22.46484375,-3.0821846594292213,0.08428331149047037,-0.38646778860165376,11.614845954010304,-0.16414276170214143
22.46875,-2.211592107725979,-2.4136010761685114,-1.8588721270779902,4.0065823958923215,0.09123784909871041
22.47265625,-2.083247645865624,-0.06767810185112288,3.3678374050396487,-11.329770981121339,-0.3756631967054688
22.4765625,-7.100452302559646,2.3924093911549824,1.8142944334777076,-0.8508491210866649,-0.3059830982983776
22.48046875,0.46402119932469404,6.006435522480908,1.1564091018509497,-8.250937242149291,1.1153199093431179
22.484375,-2.7042274401096744,0.6234578925347245,0.04314169055371164,-8.963520579512842,-0.2193256429183113
22.48828125,-3.80427046499185,-0.4620664178272106,2.028183204287891,-7.5921381362127915,-0.8443512470323797
22.4921875,-1.0492245348300226,-1.7887601387115741,-2.6078115942094016,-13.627791478155284,0.16236004366777637
22.49609375,1.8766617710874725,2.9340538224839388,-1.0719545309278218,-12.083140342106981,0.19382737472962133
22.5,-1.6119184958758226,0.48330362225763007,-3.3241218473570853,-2.945682373563474,-0.15967252937928086
22.50390625,8.887565100971694,3.0447516229875573,0.7650028208957416,0.1013240279376153,1.0768744727534365
22.5078125,-4.598946226075282,-6.598176890302345,-1.5094887313201715,-0.1482212176830675,-0.7588675931438658
22.51171875,-0.03738833277459765,-2.254341683840363,0.9521530944456124,0.01973047292459107,0.2991295307741203
22.515625,-3.828578124448202,2.6528479183438347,2.092688416681632,0.6113737685377636,0.3221665456173852
22.51953125,-6.345979291991801,-4.006536597797784,0.8813938639795847,-1.6295082167463573,0.6898036451428716
22.5234375,-7.606571889202066,-2.6308643879160423,-2.722589264105186,3.012713131511883,0.5145572083851102
22.52734375,-1.3793495945417753,3.452131600578636,4.425805817578318,-3.4978387026505158,-0.48094480878808
22.53125,-0.03443937836838845,-0.5957273040627109,1.7628812592126117,3.8724380372224294,-0.005756395526685239
22.53515625,4.092995043879755,-0.7479791980461912,3.1145767539028286,0.7518676080110129,-0.41331742415939693
22.5390625,-6.710714278414122,2.460956831073215,-0.42821087393904333,-9.570676627193231,0.49878599068590596
22.54296875,-6.565791048014023,2.56638583204631,5.2642652089494835,-22.585066326141423,-0.028472654894722265
22.546875,0.3522031505221646,-8.760330962948542,1.3038861506909436,0.007506909976839005,0.5227344145821969
22.55078125,-0.45878479095264146,-0.2268591972208983,2.0098671914182558,5.396637466534476,0.19353154075538387
22.5546875,0.7765318828539018,-4.477443455410516,1.1664200246934462,-5.751973628859797,0.16747662209672223
22.55859375,0.38788167903426735,-2.6267551528620525,2.158569199148875,-1.091418503230444,-0.4883235773618408
22.5625,-12.64927311147839,0.23516930761895566,-0.25988631663245376,7.574600482445708,0.23054285366093877
22.56640625,0.009625984958776073,3.977496651676245,-1.7555997759433473,5.917902701268192,-0.0886568255283863
22.5703125,-1.642314048323812,1.6083800566319884,-4.255122979593742,4.1147161836435995,0.14499640795396299
22.57421875,-0.10175352321219118,1.7755988904223914,-4.928120527774063,1.4848513004523167,-0.1482047099621862
22.578125,0.18212960701468495,0.9267673203769365,-0.27418196792083016,19.33197099375571,0.46620169270278683
22.58203125,1.3182972608853465,-1.1382029397438902,-0.6468010997926046,-12.11259437027678,0.14860865386611943
22.5859375,-3.068877016890927,4.032110316995546,0.1755949115388178,-12.50363597113487,0.0670911050366866
22.58984375,2.640099970803029,0.16653899075100334,0.5439361493644526,0.7278491881382285,-0.02497274299050728
22.59375,1.991324375178094,1.6578335570136895,-2.122265544315951,-2.5827207834313266,-0.5091528477866331
22.59765625,3.4428229952740503,0.32454173549012155,4.475283313670964,-0.39689111068922855,-0.38644047612003707
22.6015625,1.3019190656816417,3.505860463431243,0.16400723414756818,-9.765904120871792,-0.631945459189925
22.60546875,-0.9873237557681892,3.193802521778009,-1.4805258103929284,0.7443221805690174,-0.9377447412502254
22.609375,4.468791830354899,2.1464040498803874,0.33496586109089505,2.155758578581291,0.724004089253391
22.61328125,3.5442063465551716,1.083381088972534,1.9162668142024475,2.5739670720784034,-1.0846121733776684
22.6171875,4.123265623489266,-0.2785137604916009,1.8744071168120795,5.468300700223586,-0.8017317026087579
22.62109375,1.9094090456433528,-5.026931671356931,1.9034304760914824,12.654804131565275,-0.1518180929851562
22.625,0.6196200169796062,-0.6096375260081129,0.33586366331268236,11.141507795287977,0.2723271406046223
22.62890625,-4.798530327967614,3.9234713649245907,2.6562171550635885,5.263546260576417,-0.034854284269035224
22.6328125,5.310123692920133,-1.2348401094536143,1.009357651003315,9.666729204780555,0.4386851063611113
22.63671875,2.08834472570178,5.855641071612814,1.8486757947857266,0.354194493938621,0.34054527425725034
22.640625,-0.910027340431852,-4.976706374071661,1.0078156907474902,-17.57836508922984,0.1648718605197749
22.64453125,2.510595036922662,-0.45660432463429945,4.640704281292314,-10.404063967155562,0.13097500641343246
22.6484375,-0.024456913449342504,-2.298237585454008,2.3518682126962416,-20.221653100951407,0.11757750101835776
22.65234375,4.151239471036639,2.130024507959006,2.1808146905642225,-23.13182359733912,-0.12441629329556471
22.65625,-4.118791016095849,1.9125885175901682,-0.3693023256938105,2.971537703335347,0.1392966462377396
22.66015625,3.054583980396045,0.1865868045419852,-3.802176544151398,-6.146301584113683,0.6148283515873254
22.6640625,3.347893768905475,0.7990603287299094,-0.8670451076626645,-7.333377982359754,1.080265278947447
22.66796875,-1.0815167545694486,2.1233651170095857,-2.4096018666902888,3.800407750260721,-0.6938187525811124
22.671875,-4.105054791222873,-1.4949444016746667,0.8658694625619241,6.6244749538894006,-0.119181396415167
22.67578125,-2.253556057986302,-2.9593543267423654,0.9004227442888268,5.464473910026489,-0.4846870186517203
22.6796875,-1.0554968833633165,2.3043625778194645,-3.6699255853441537,-1.471216344328968,0.433330376656914
22.68359375,-3.4317779325138056,-2.9867423421934194,1.7559286494220434,10.309469951066998,-0.6466472891890166
22.6875,2.676301210978389,3.995478006918167,-0.38765693752116637,2.909676693195307,0.1176191165213622
22.69140625,0.8050979693668909,-2.317932368718403,0.1866396927927808,9.481040220362697,0.7876009819464408
22.6953125,3.006317601158972,-0.5290160487140373,-3.3454768388974747,7.036708673565638,0.3207361617367153
22.69921875,-2.5060644352267802,-2.1790514998550217,-0.165489303386969,-4.426343157131235,-0.7524886522160508
22.703125,3.0587432850103324,0.6557449549566016,1.1702230047625997,-6.486644121969002,0.3891079992956155
22.70703125,4.223741225677982,-2.158675273168957,-1.752882305674308,-9.706530304933588,-0.06700166062225897
22.7109375,0.5049346850993074,1.8123559450617168,2.1305168764369897,-0.7856255179756655,-0.09718359831089605
22.71484375,-2.013447071896642,-6.8305431394744245,1.144489588397346,-6.832973558264522,0.04016381743082807
22.71875,-0.7512103717610221,-2.6418508255206308,0.8421247693092783,17.88448053902349,0.33807746666662747
22.72265625,0.6058294988090165,-6.5735443308493995,0.10736229825146482,-4.711765051879298,0.8515273719543179
22.7265625,-2.118177706416563,-2.114021282990935,3.1207878235262765,-0.0755930182066109,0.35803394056028615
22.73046875,-4.952877532201748,-2.7418036131558554,0.31166090045253414,2.101915601036567,0.7012326406694254
22.734375,-4.6014049532209835,-1.7831255762780573,-0.40568916902451124,-2.3673727494384513,0.9700289280360388
22.73828125,9.198139832543873,-6.975069513073118,4.087012597977558,9.49663643740805,0.32850610279911124
22.7421875,-2.72535033427476,0.7025346553730403,0.44847134028349606,22.838274430935357,-0.2582200640043968
22.74609375,-0.03315066859395995,0.5749700869951712,0.12818448763275658,-9.450212704501167,0.08876691278079847
22.75,-5.953848762572298,4.2868798741094665,1.8558961565262393,-4.410676778059643,0.3609928547031779
22.75390625,-1.2110262887729664,1.4068117866871686,1.03534389985979,-5.98694399674734,-0.09603926162063584
22.7578125,0.6778828235934194,-2.012425488688276,1.855008218457733,-19.502591919155684,-0.8637472288839039
22.76171875,-3.189546276970823,3.258410285630357,0.5731813784430375,-8.974261200900367,0.9968400979394897
22.765625,-6.10123495225751,-2.3193266837148614,-0.8185505796037688,2.4539211475260103,-0.06710423862290688
22.76953125,-4.987246568479644,2.3608047001013004,1.9341466461642607,-10.445613240276076,0.6066099476057737
22.7734375,-0.4891701416228986,3.972466981579087,-1.779892891324982,8.580805417223107,-0.09026372405480886
22.77734375,-0.6930609750120433,-1.7092091894587602,-3.9793833496892264,13.917217257681616,0.436442510094459
22.78125,0.4680259137153934,-2.492639228851605,3.494145061395318,-2.124698348661643,-0.5469995996921828
22.78515625,-3.1201493840139505,1.358143826118457,-1.154456266322062,14.270421860285023,0.03719233671906249
22.7890625,0.6060167091403744,-4.82358264028045,-2.03590222391776,10.52253438446133,-0.18007274456539346
22.79296875,11.794308396842831,-3.186704909510391,-1.8506349381819114,-1.1566025361084984,-0.2686581820057907
22.796875,4.2857138847775245,-1.0108581373710237,-1.285275079861806,19.862504994992523,-0.18418768159907611
22.80078125,2.0825896434220987,-4.035362101782378,-0.09251276219317095,-2.226466925502642,0.06432694879386103
22.8046875,3.754742955975635,-2.1539347419368178,-0.4275963679675526,-14.525708171592697,-0.8969049171194475
22.80859375,2.680575755413749,-0.6044876287205647,-1.7081911129880103,-0.6901863649181152,-1.0560858912156013
22.8125,4.666307482994271,-1.5528849437655654,-0.3669042866320589,15.594869807610559,-0.41062348679125643
22.81640625,0.09729721601191152,1.4626680214652943,-0.7714035597362225,-5.68922836737541,-0.5066220618475281
22.8203125,-3.3048626955676417,-0.36741914819145993,4.831631977459017,-2.2808509510144757,-0.33304452275387925
22.82421875,-3.418595395471186,-1.3603503254882332,3.532623813500737,0.6594884783965682,0.2206344310076966
22.828125,8.560162888454318,5.497194244966191,1.97626125860397,-8.000020195001007,0.20140728406666109
22.83203125,1.6260877290580489,1.5476079551940696,1.8011065620512978,-2.118161344648162,0.43114417564969504
22.8359375,5.643016734034601,1.34116536513663,0.1836909988091826,-2.680433645342651,-0.29464503033378037
22.83984375,0.2142655378523158,-0.6427323569212238,1.3197579812834712,-4.739027056631979,-0.4796158927486448
22.84375,3.2724155006064066,-4.9934213243594145,3.5332644931561346,-0.4055750317885778,0.07076335957871241
22.84765625,0.6692814665744279,2.7443048005268205,-2.8651257156039946,-5.1934179509163325,0.2654681751988238
22.8515625,7.45661449660084,1.0710399264513912,0.4503678260478322,0.008527872077928933,-0.22646490585710513
22.85546875,-8.125213101958801,0.3600127410656011,-0.6623173875753938,-6.153501682847832,-1.0392742596013038
22.859375,1.0652243468265685,-3.7268598730239715,0.4950610233903685,4.840389402423263,-0.1130898745345551
22.86328125,6.290659871012153,1.933465507833394,0.3891045061680689,-2.988489036341951,-0.6219387426653745
22.8671875,-3.31992974744265,-4.286142090361384,-3.02005695085991,-17.369495254926075,-0.007567113585853045
22.87109375,-0.3280907375792956,2.976305731021008,-1.7998993360125732,-3.8533088775814024,-0.21626657169828178
22.875,-1.2675842685289533,0.1315424796956358,-0.7364969526948255,-17.050396061958057,-0.9609299017048784
22.87890625,2.3374364185297902,-2.6550743919541593,-1.151533340778564,-6.718838751655041,-0.11347850612520306
22.8828125,-0.4031166019929223,1.387555687775606,-1.5600950905105733,2.163544849802476,0.24707421772597507
22.88671875,-9.250391031398538,3.460681884400063,0.26386674114733943,6.587293513859165,-1.1683784907091928
22.890625,9.450760388597141,-3.694275160315425,-2.0097280853891655,-4.517544179732049,-0.8889936896956772
22.89453125,4.9511076338134306,-9.019981293034261,0.5224930612264345,-6.836255529117515,-0.775568756871555
22.8984375,-1.1404119011317206,-2.2067228373557657,1.4129572990084984,7.280343298759143,-0.17334973723733846
22.90234375,0.18581218565015772,2.398263508877725,-0.04169411644026799,-6.135228196603182,-0.2310712196042364
22.90625,2.5509041061177724,-4.7752461280761676,-2.095482986175721,16.1118666940472,-0.20089208545816442
22.91015625,4.440776382260673,4.368019872046071,1.0748224682696133,3.7097938346579196,-0.19328648973632226
22.9140625,-0.6666093019205781,0.5069289267477084,0.8507269486995034,1.7773236263807017,0.022879701448158388
22.91796875,3.5109029055094094,1.302350986591267,3.5005926272002874,10.390159883155292,-0.20751735611636318
22.921875,2.522482206335134,-0.5460398975782987,2.180156755253986,-12.32489652190082,-0.06651974028803898
22.92578125,-0.7638499461579119,-1.0259548429093186,-0.07266154535791003,1.4948658303676838,1.0034452542764436
22.9296875,-2.7677504584830395,-1.8101878843887989,1.5100961785439324,-2.1940034498472856,-0.41086367398015805
22.93359375,-2.654091444451415,-2.5641296661014406,2.152895145211828,3.836909809125184,-0.6865249901276143
22.9375,5.243375330694178,-3.313693001363723,1.7276846177172642,-5.17471453638883,0.37129433384930965
22.94140625,0.09938760093477529,-0.2568509874536457,-0.913526624008273,-3.6454939388353598,0.348544222510293
22.9453125,4.881489278456619,-2.5223635827670625,0.16855348558859584,-5.138239934603248,0.55038464434373
22.94921875,5.875624252614999,-3.628244104418931,0.05947206884496268,3.1244916906262596,0.4006124264838013
22.953125,6.321715393870087,-4.007466898767012,-1.4662979558013625,-3.2666577723646135,-0.4459503304182733
22.95703125,4.253441470546972,-6.47822749923094,-0.4628878435042214,1.097563657429883,-0.8849764190432711
22.9609375,2.087340679306037,0.017222098975330655,-3.366542345383726,0.8884826206249521,-0.09617336523741332
22.96484375,-5.821592316226385,-1.412896382300147,1.564975713727264,-2.7339884163536796,-0.03103407225202746
22.96875,-0.5979176274835077,0.40122354941714145,0.813948922630356,-7.517992160774314,-0.7512875043945478
22.97265625,8.058412657532322,-0.570567176605731,0.35737458679663225,1.671533793436705,0.4104443786760786
22.9765625,-1.2677769525017206,-1.932108322273581,-0.21810431512617456,-10.260865077824416,-0.2984827130938552
22.98046875,3.133958589205017,1.2087500977512502,-1.9375987370384915,11.670246610697692,-0.15001775060087053
22.984375,-2.752595216110369,-0.6865515674669991,-3.0830658568432394,-6.948535067290342,1.1461339692841153
22.98828125,2.9122452937166603,3.855398097683296,-3.1532718877251904,-28.325185912212916,0.8904426912294751
22.9921875,-3.932579958008709,-2.464463720262443,-1.9231318753121647,-0.9919391264719026,0.23105367440199023
22.99609375,1.8772921200230943,1.0308440350961097,1.174947198340203,-1.7900720054184989,-0.20563393651366524
23.0,-3.607292972131256,-1.150322036616519,1.2364554806467392,0.4995539596338971,0.02150631669552297
23.00390625,-5.466376867748537,1.8719612543737423,0.2058266832498483,-6.802017961279912,0.5193681395186668
23.0078125,-1.1400852356901179,-3.8601271912258746,-0.5953558636785922,-5.133887104046823,0.8755340745532595
23.01171875,4.465591598013502,-0.5002310495776761,-2.6877115979463,5.012859321553096,-0.5086456412589928
23.015625,6.553604032242396,-4.131690002303998,4.02823196038366,4.2554903057963065,-0.1525289855446994
23.01953125,4.008119389914778,0.937582335082354,-3.1564402360900576,22.588005818866662,-0.17298308896836614
23.0234375,1.3130866900660505,2.4281257199666646,2.411328225539244,-3.2326941496310675,-0.45325223094958134
23.02734375,5.984355611091753,4.696114929008324,5.034220829823326,-3.526348960497768,-0.3895431332057661
23.03125,-6.192626691392632,-0.06044694830120115,4.9654925048844,2.5599345540299288,0.06061872381284993
23.03515625,4.19577825519192,-0.38988499490316864,2.6828149173500773,-9.382051571086855,-0.15470883615132155
23.0390625,-3.3466658258317463,2.2294170748759994,1.0374885054812817,-0.46448968073776964,0.36628639303901395
23.04296875,-1.7662785950608078,-2.8790778761097187,2.0861746876246037,0.37047523250722314,0.3605244316780016
23.046875,2.499318766917754,-5.264510308313835,-0.9544410469837225,-9.274663953475013,0.10789352974185955
23.05078125,-5.467059323306625,-1.6682444228438469,2.857794515556761,9.114772972174293,-0.4730371921014123
23.0546875,-0.23053002493090652,-0.9806725515196928,1.259485971919485,2.333315644360096,-0.002397652478986592
23.05859375,-3.427239570324086,2.96709810106624,2.8305463183730524,-8.270039057947253,0.9785773415561515
23.0625,-6.520495574240318,-2.1320346769668475,-1.3373386499684639,-4.153813953379178,0.3082896325467016
23.06640625,-6.146082067241987,1.3260733021990931,-1.2657565236441557,-6.159878329472762,-0.001088351135922994
23.0703125,2.1877420575451225,-7.293680344252275,-2.325623832234381,0.4299730655236935,0.07019563876465092
23.07421875,2.0097096333845066,-2.3433152957456804,-2.0403613323236893,13.639149989291194,1.3246287163768922
23.078125,-2.180305948422251,-0.02818420755572683,-2.144961860512476,17.124851834169103,0.21329042355763908
23.08203125,1.6743528491768385,-0.8515016374704683,2.5774831201340027,-2.257609737631595,-0.28141188092512426
23.0859375,-7.3010168752076074,-5.3281265056599185,-1.8791066247145394,-12.156087782109338,-0.41490842330921496
23.08984375,0.9864362195305163,-0.6938953264843593,-0.7052233594668714,-8.350247400416588,0.8875832065191411
23.09375,1.0761218185941788,0.9190150277626479,4.121339492288071,-2.3948893823212756,-0.2800331533058302
23.09765625,-6.521782346132703,-3.9514535460622664,-1.0906250877183439,-15.52749586866236,-0.4286147321480671
23.1015625,5.400992019220087,3.0905906236001233,0.807743171012451,-4.519041769102379,0.3109106654965604
23.10546875,-3.6790303240872766,-3.106587971213667,0.531975794022944,-0.06019094720540652,-0.34314709658071385
23.109375,-7.0753942882140795,3.2940030168017103,0.46184884124508024,-9.278437846917978,-0.13760639895542104
23.11328125,-0.7891056596714074,2.3304195258038085,2.409423964027275,11.769019034016399,0.7078270743050881
23.1171875,1.5522577414930514,-4.851394321466172,0.6784176617341138,15.748673330316187,-1.00175615202971
23.12109375,-2.1486345622310843,7.362146151751498,2.9954836713096373,0.2470430019642853,0.20130178396909879
23.125,-3.7394950571206116,1.4767996853668346,-4.176399275847752,1.6973474763612737,-0.7560564079132978
23.12890625,-0.8717402458031652,-1.3685842919934907,3.4537664588639068,17.262907739783195,0.46208521385361284
23.1328125,1.5200262970847795,-2.161936982434587,0.9736526647118187,1.3725053006382653,0.4387325396363869
23.13671875,5.6293441625869365,-2.457543611236087,0.8085484320320793,13.173286278921456,0.06760638983460424
23.140625,-0.18848212471888917,-1.0287144631463407,2.3463359503310515,8.187520317909502,-0.2159001113708739
23.14453125,2.542899183675968,3.4464271845613617,-0.6589020712696154,-6.249279730777339,0.2578965472206138
23.1484375,4.090490149422571,4.648218116095563,2.11034530699165,-7.492331239672863,0.07389104464224455
23.15234375,-0.5527708258568117,1.6447468070850828,-0.5037953780410025,-0.6387030879439903,0.12994767222059406
23.15625,4.966810640403998,-2.070767843649279,2.5975235150045197,-4.4164813454029614,0.6583022583693129
23.16015625,-10.35058107171748,0.2613486703442437,-0.7539914579368866,0.34076948839651244,0.6874949848363113
23.1640625,9.099088726189558,-0.22841582613237577,0.3981373056391486,-10.11193235449377,-0.6331922633680312
23.16796875,3.9466471352525914,-0.012529634618642923,-2.174206751145122,-4.917016289402229,0.5525955542541678
23.171875,-4.578994190266573,1.9326139610466795,-2.858507172610463,-10.700237651268598,-0.5182410033441068
23.17578125,1.4875946603534413,-1.5723233682332345,-2.1835011209939825,12.112824310131936,0.0021639208123442003
23.1796875,-0.718000555592539,-0.5255077489742432,1.2339612760162946,4.412198962767856,0.020567033969215394
23.18359375,-4.251781314814345,2.5185072053915327,-4.217940876833862,11.196007220913586,0.6073744742662965
23.1875,4.535098629969797,-3.18308634457033,-3.71765137260714,0.36479548134391315,0.01130427055116104
23.19140625,5.54612336541268,0.275969711751201,-0.17387168178755574,0.35802701102951184,-0.7054908616487859
23.1953125,-1.8034440090442208,-4.420321223144036,-0.9953998330744508,-2.3884604348134837,-0.05867296863705454
23.19921875,1.4874882250331625,3.66315065126321,0.8783202329116749,-8.598392320952943,-0.12941717275136513
23.203125,1.5083899515189951,0.5371124241754736,2.097981843266446,-7.0381964770670065,-0.746675473283028
23.20703125,3.4043091627577264,-3.9892989420961094,-2.2803132328637368,-1.9224000517753153,-0.6054303752360144
23.2109375,-1.0734300491061068,0.49682394679973474,1.6418006981562039,0.7532061800103822,-0.37789212672723244
23.21484375,1.5557530990833954,-3.558770873040349,2.9697685282858948,8.431441661740413,0.3861231452298625
23.21875,1.6801279684478432,2.341597724642537,-4.1672402391732914,-9.20889923301504,0.5520008305462379
23.22265625,2.75178643302341,-3.8872152829126816,1.6064821122200128,2.8160710134779556,0.08177515387329909
23.2265625,3.9975707103768436,-2.2310024213492294,3.4505624261119507,-4.403667292759571,0.2728517582681483
23.23046875,1.1402213515650164,-2.597010468428204,1.7866656149496234,21.81541441551658,0.34228970186139024
23.234375,-8.630929031774176,1.4818653224133669,-0.3871734859050717,-4.932821531667369,0.06899196709256931
23.23828125,-5.795233112600741,5.63227157839793,1.6115755131843994,10.965593053992492,-0.4183952592654546
23.2421875,5.269718304186035,0.6561621675710003,-1.6717192053383931,22.78309933674459,0.4614562014550406
23.24609375,-2.4472592265056465,6.209800416130876,-4.592373415799033,6.456384097073228,-0.46995231723925796
23.25,5.660059316248771,-0.19333584028597173,1.575670748986256,-5.357790855405417,-0.633690609775487
23.25390625,-2.7380959355563252,0.8712428448337465,-1.043625091741743,14.019182568711306,-0.025518622169282766
23.2578125,-1.4491228380911054,2.846873380503187,0.006314108692974885,-12.787237997862896,-0.15075175850008762
23.26171875,-0.46961949097524397,1.0092933197326932,-1.9057519487320902,-10.439278717368333,0.3263063629503257
23.265625,4.363571349442,2.8813512508960306,0.8233643369885759,-5.19857285522951,0.09746514823868001
23.26953125,5.584698028799299,3.5214376092212323,-3.801387770079048,-1.7701335867434822,-0.3667205578776138
23.2734375,0.4735964551111571,4.266184352190189,-1.0578403331396908,2.2096216381944402,-0.5495737611973186
23.27734375,-1.3425410883446893,3.6038895305287695,-1.9600629237909188,0.9650833454178244,-0.17032136450659605
23.28125,3.6410335514517973,2.9707182965982692,3.09150313920202,-8.051428874227454,-0.5217654939043231
23.28515625,-11.454772520930694,-1.3579425512424441,-1.415298644516816,15.99098567409202,0.10628486628145041
23.2890625,0.375233904505039,-2.3420339258099228,-4.283806571961115,1.40097371920411,-0.19922566449164258
23.29296875,-7.245267459717237,2.2506332858809146,-0.5638011778905229,8.19664454198442,-0.5904301305801262
23.296875,-9.065920156280782,0.0025351983390171674,2.987982553078645,15.284314661702924,0.24501659365412354
23.30078125,-3.250017692678182,-0.9889427461720087,-1.4741787760120824,-5.828193117709241,-0.5072371132977254
23.3046875,-6.476125975402847,0.2816335233303059,3.2670261666756306,0.8801468336816958,0.22815956434943163
23.30859375,-3.928082929073153,-2.1698688947074576,-0.8436099248982439,-6.149871398765481,-1.5955993833270816
23.3125,2.80236977088248,0.2654546961701039,0.2777353583146066,-12.846139503986894,-0.2881446846535575
23.31640625,-3.5075858567244453,4.480408334882168,-4.456207594320776,-7.6091937375961844,0.5277706333420392
23.3203125,5.88578088686631,-3.2373485644619984,1.2068314748576114,1.75676588743835,-0.15125157095587616
23.32421875,0.578623712161427,2.7515854514677827,3.285903516662663,-4.806663808449257,-0.5042315642611622
23.328125,-8.284567697216561,-5.3136584121155845,4.8714508594408175,8.809546930667988,0.005226115808140291
23.33203125,-0.12753611466025924,-0.13384257365468433,1.5586504220564958,10.70288812262986,-0.14337408086556067
23.3359375,-0.49661722273585396,3.6665997722655916,1.419710996548793,5.168915356551992,-0.1076913101803429
23.33984375,-6.511679158304532,-0.9160889271788267,-0.5305844557378852,17.033208320350965,0.7489277408349216
23.34375,3.704941355306623,-4.227109704073988,1.2133129334577557,25.354912304405893,0.2559246467660342
23.34765625,3.709520905836823,3.5792014245446624,2.4368238201535566,12.269949362122627,-0.2662767304499582
23.3515625,4.548794549005845,-1.1381522767240255,-1.1657733564846622,19.620452548247663,-0.09872823433210315
23.35546875,2.4163493948044983,-5.041682855881047,-8.001564172809406,6.1681024884018605,-0.9440584351695306
23.359375,-2.815507292830201,6.337284848949556,-1.238910795993739,3.2499751372679135,-0.47380041893988545
23.36328125,5.584208646677434,-5.921061883298448,0.5777524233074833,-7.521446401655969,-0.05469544405815913
23.3671875,3.752859313512444,0.8746588343944044,-3.3538937775532367,-9.029875941502883,0.29681273991724233
23.37109375,4.288122969044728,0.332410866918831,-0.4576581164355116,-10.675759515136637,-0.4566421019743884
23.375,-1.0113684297196714,1.4930695945507366,1.1796568782161732,-9.846150883327265,-0.19756781543824836
23.37890625,-7.41134027309562,-1.1532247882233664,1.4465421620178707,-6.4261418292291355,-0.11987509545288268
23.3828125,3.0623678639536154,-5.717553624631282,-2.457665996627023,2.759010925949935,1.2948726981869148
23.38671875,7.7886263396602455,-5.7406736718019475,5.898895638736713,-0.8570120890349039,-0.6411292571872451
23.390625,-2.754226912496964,9.452267278790385,-1.1292516595393238,3.647130452050964,-0.2097537118431086
23.39453125,-0.6218514516905781,1.2396238383883365,-0.056402760841763155,-0.6697862852361673,0.06454798660096964
23.3984375,1.6804285813391273,-6.0693311189466215,-2.5256651635974836,5.293499435888982,0.09026029502529294
23.40234375,-2.6873334962070303,-2.1556261300729553,1.6129745626421021,9.048743605379814,-0.49791685092474974
23.40625,-0.3630793456163623,0.8754890492037182,-0.9226237927328513,10.179227966423941,0.3982286688865911
23.41015625,-8.375551584400872,4.537399091890927,3.7456779143954484,-3.591383799678397,0.11855086115631823
23.4140625,-4.540743195550922,-3.7414839849997614,1.6918112982138749,-1.886020070736873,-0.8697689356874488
23.41796875,0.8046718118250372,2.846758979374096,1.7220144252187135,8.53527536977057,-0.7452664505740547
23.421875,-3.1352714907223938,-1.8743993768431753,1.4954736365719272,-12.711663079819566,0.13060928423047183
23.42578125,-3.15897613365986,-4.984175743247561,3.3769047845556406,-1.2101813710797122,-0.26041516440244744
23.4296875,-8.259229850294666,2.7547939638295795,1.8840749455044985,-10.149221362102383,0.06535939165255508
23.43359375,-2.2154695854213653,3.7108220192733654,2.3975857531274207,-4.617999460672153,-0.6285651633778699
23.4375,5.916512882174466,1.2954631456771832,2.662042579211513,-24.57473811333537,-0.510777601785408
23.44140625,2.1619349784363484,1.051959482216891,3.3217333014844397,3.710917340679631,0.0031263149204260776
23.4453125,-5.120990106897802,0.39649590239373855,0.7055175340000952,-4.289284154581278,-0.08934381841690629
23.44921875,0.7192085876685924,4.138029994028058,0.2549639051326126,6.540998125722465,-0.16227721145767451
23.453125,-0.059613865289037234,1.402466112871969,-0.31934385436768437,3.261750605967184,-0.9561347316110494
23.45703125,-4.905969594499688,-3.8644811997493873,-0.8794325140619446,7.824934169010153,0.3524224370580042
23.4609375,9.37137427476619,-4.208882285003738,-0.7822148219942191,11.355657860737686,0.37365817886943514
23.46484375,2.5550206040138423,-4.180937645336616,-1.472196387111195,7.9383191736420144,0.010161028606896702
23.46875,-4.009310482200249,-3.1952767715068435,-1.618632123888572,3.275266534463336,0.8552080923716902
23.47265625,-3.944421467118752,-1.9856008875260664,1.2809893194947488,1.0788037814325402,0.2849998967119024
23.4765625,-2.667984233818485,4.747586360680159,0.16414831468019853,-5.204840821669915,-0.7455098272076491
23.48046875,1.7503503577250257,3.1438333139319807,0.9125109765609625,6.102052740682392,-0.09341531082994997
23.484375,3.8554889329532496,1.8690300408575662,-2.4973235967036533,-14.257665656367484,-0.16393807793822684
23.48828125,-5.093936782892712,1.6967370378854203,-3.1843621643021844,-18.261024225172136,0.4591093300592935
23.4921875,1.9766936123023264,2.666498393948144,1.1372268209706942,3.9674557905194447,0.40014164203879504
23.49609375,-1.5309065369328247,0.26988297191732236,0.1263801903797459,-15.003607209150497,0.039645525230089
23.5,1.4643863265994421,-5.1785649554185955,-1.8319716800779315,8.933699372242312,0.5477265749535496
23.50390625,4.361407518524784,0.6190693867119227,0.4182867476995964,4.104242595429271,-0.17204059200088534
23.5078125,-2.7214377513328065,-2.305050528462717,1.7825135216697137,10.122901207184473,0.8579260558035321
23.51171875,0.8064658158970548,5.263790069993368,1.3743969488343812,-0.14513777320412657,0.11527183381377559
23.515625,4.878175550796358,-0.693666708470236,0.16780001684706192,-3.4585226421636275,-0.4252354022577878
23.51953125,0.31597773270943524,1.5760319970132033,2.677007643462776,11.448582582109239,-0.046759387862789215
23.5234375,3.4057734485024223,0.7762416075257665,5.258455894859063,-0.2731142205679409,-0.9469782215919526
23.52734375,-0.10344997005963182,-2.432179463775537,0.4970478540262342,10.10530873139451,-0.5384223433953919
23.53125,6.888040970284415,1.916428522221902,2.0841873858763798,2.2650465363864978,0.23732316591837357
23.53515625,-2.6410313720379754,0.30899085429966316,0.11153411573774918,-6.1369872833983905,0.46880068456122376
23.5390625,-4.105844037035927,-1.03950983994228,-0.9261170995854819,1.1501392032707685,-0.3005841051155308
23.54296875,-3.282142636125079,1.5723519643619102,0.17609229599219117,-13.13075649048541,0.06314328159508839
23.546875,4.705944294334332,-3.3692096689007047,-1.483787670839396,-12.649950682141451,0.13674434344902056
23.55078125,-2.2692997715197047,3.983398899199722,-0.9929643919141389,7.0665257342079775,-0.5958698423285467
23.5546875,3.2855311088176835,1.4982835173785551,-1.272564798235806,10.463692087102388,-0.2654513232527203
23.55859375,4.463713337771579,-0.4071596270534815,0.6964771047504361,-13.52227992633848,-0.8729901350269574
23.5625,2.2508834605167856,-3.967598645875527,1.8939503865284557,-2.2434972981623806,-0.6075913589879329
23.56640625,5.044238179216705,5.698922666660713,-0.3379635565306226,15.86398145392429,0.01490367985821681
23.5703125,-4.794093711669988,-5.095967781448578,0.40037328945249406,11.666299206400529,0.18414747839158357
23.57421875,-4.885111540385419,-0.31999780421836554,-2.711980607132187,12.25654152990953,-0.557564722608414
23.578125,2.135441072447527,0.4390110067106272,0.7184849103090851,-4.225479983464813,0.571089458116936
23.58203125,0.4969379851937441,-3.1550492024079695,-3.2382183891864376,-1.1096750023852104,-0.011276885790506685
23.5859375,-5.948067816167196,2.056595709440409,0.6081749476180478,9.676728556371085,-1.0820624316262208
23.58984375,3.549239605120721,-2.4680481843353803,0.5591113751858265,-7.322476310757187,0.5153425687541796
23.59375,-4.141781971736613,-0.4660817336858193,-2.2407236429943476,16.6396277103146,-0.24749145301724834
23.59765625,5.512270217736336,-1.622216954142742,-1.0817497718162692,5.017977470608648,-0.5392588111152709
23.6015625,0.33677144190117414,-2.010839384579378,-2.1494270511491376,-9.955859800385245,-0.05628701605024803
23.60546875,-1.8317817266380076,-1.46695277952967,0.6849008483367232,-1.6657732478965872,0.33374221994008174
23.609375,-1.9185513112407657,3.5381683332870475,0.19581189361158724,-9.47367940139007,-0.42281384585374804
23.61328125,-2.854667030500597,-4.4785313241391025,1.5454178856103826,-3.1442961184171434,-0.19349204555003582
23.6171875,3.6678323018398276,-0.5591176276913742,2.0303344242187866,3.5374264641257067,-0.15419322486400072
23.62109375,-4.9465983872270956,1.5634144782383523,3.8077971574937144,19.370950715795956,-0.48012551525041325
23.625,-0.5092380908198626,-0.2684498444092711,1.2796566231867075,6.019878102759058,-1.091903940887257
23.62890625,-1.2456134490016197,2.7017282835107364,3.3356900759652213,-9.957075560530631,-0.2554629986285471
23.6328125,-0.2726285009598504,-0.5567693292009491,3.0630364389062397,8.030468548022338,0.539435094651843
23.63671875,2.0141438131214224,1.9839643922231298,3.089349436035353,-9.63625532364331,0.23896307460638896
23.640625,2.709963376224485,-0.6084514336001259,1.8385854356082278,-1.1947477181369688,-0.06897671966867143
23.64453125,-0.30482531125872153,1.0572337930893,0.540721572962833,-6.584066100528135,-0.4244969967961062
23.6484375,-5.518124566010087,-0.19448276382108734,0.3545694803596983,-10.763830462040543,-0.13772388401857427
23.65234375,2.6692950766156374,-4.487538051196062,-2.257691477151832,3.779778617411978,0.6577980305914463
23.65625,-3.9914108716081964,3.76738329563113,-0.47095024013061965,-2.972622203074617,-0.8374418790561737
23.66015625,3.4665068195477264,-1.6543972613180706,-1.4220111404495723,-9.095740531134828,-0.26001128907816495
23.6640625,3.527091748223904,2.5497184354449587,2.7079515903322813,-6.8288719893015255,0.5517266308293455
23.66796875,-6.328089317214012,-4.250957086138142,-0.054898739191921786,0.02919467836919487,0.07769387634894558
23.671875,1.476671166025449,-1.0125710582585485,-4.505696318690678,12.627497196180263,0.27886217818348996
23.67578125,4.675195456628705,-2.936151688642009,-3.5874610707366363,18.407502596482196,0.4825057450121583
23.6796875,-4.840387378768396,3.4653929369567438,-2.71342940631414,10.80608676464545,-0.0323925026836935
23.68359375,1.7931650396562087,-3.587287791477685,1.4577372653768563,2.034143528142674,-0.6354251666231777
23.6875,5.795328975775426,-4.884480584616229,-3.045475490029248,17.487416881549304,0.1511502439759665
23.69140625,1.378430150937389,2.6488509982372714,-1.285008052092015,8.275146781728917,0.2715683141175674
23.6953125,1.224824109196332,-1.4894226797949428,0.10696601387294652,-3.7586016246207037,0.9363362222387842
23.69921875,-0.49206537576615567,-2.6738042916623606,2.7145583989214277,-5.352996090702005,0.5796464667377743
23.703125,-6.902314866747905,-1.3178201776779974,1.6911447160141568,-5.519740457785085,0.6107424450420729
23.70703125,2.4983876372730736,-3.9645139223942003,2.971332626605772,-7.708419308879725,-0.36075599280507276
23.7109375,3.277540284227033,-1.4665156255884488,4.190885904945394,-14.904040710509754,0.4456831779312951
23.71484375,-2.6081357643200835,1.4484270778441772,-0.1744958522759159,-4.1828034671433745,0.3493867912181956
23.71875,6.1221143353657395,-6.886140796752916,2.243191521107167,-5.475657533196627,0.41029306379816355
23.72265625,-1.7944275951042694,-2.032430873172289,1.0568448705977342,-1.0358741202961996,0.2432103324136917
23.7265625,3.6030846670907177,4.18350095766205,0.13480002162255333,7.760236667026191,-1.1651583982636273
23.73046875,0.9852809421540615,2.304842075850648,0.11958918105053895,4.6751701349230625,0.2225640381125767
23.734375,7.444963444575595,-0.5306752517344071,-2.929033502836127,-4.385184761861716,0.2590436892081879
23.73828125,-0.7911195529725562,0.9581471516440166,-0.03616341920010058,2.9597772841349315,-0.2872907543766488
23.7421875,-5.904907690707713,0.026178842224922137,1.8867142750898833,-8.047710640587997,-0.13369026307864004
23.74609375,-1.5864230537253623,0.2519581083098795,3.0596385325667437,15.442747754598642,0.20532184145743973
23.75,7.902315533418158,3.9452379990832145,-4.354621611472303,15.866830374859571,-0.5003435554309458
23.75390625,-6.8523554482680495,0.7060871071747998,2.3645298038361537,-6.737868767681635,0.6276359373332479
23.7578125,2.7230700051725023,0.8293639684764775,1.6191222660020856,-16.615645219494745,-0.0253407548468638
23.76171875,-0.952442805250734,3.653084481219838,0.4283651129861912,-3.4149553274366418,0.08139303750093241
23.765625,5.184276427761412,0.33129739200787967,0.7750925334611525,-8.73075914824234,-0.6492836899725992
23.76953125,-2.651256152064918,-0.16740877492599643,-2.151775153195982,-4.299299110460492,-0.09662321620264064
23.7734375,1.0300485116255613,7.811815127067208,-2.291645682586946,-9.28880338428839,-0.25494221659660027
23.77734375,1.7619399908607374,0.6822008167453362,-1.711367928854028,12.56645739087583,0.0066735410996125386
23.78125,0.7997004763531634,2.8561287591429396,-5.830229563398703,3.922006235571015,-0.44665534183187866
23.78515625,3.8842392366958434,1.9416716501332758,-1.8087408191763799,-2.605734067029764,-0.16144164293647068
23.7890625,0.7449776085881913,-2.0565662428947644,1.0748721158665986,8.847070808419195,-0.12328683092541168
23.79296875,-5.796822143070526,-2.216783243413029,0.17475455553320574,17.2959839400175,-0.8457134216496867
23.796875,-4.610612002752655,2.63578799750705,-2.83323940538724,9.216089744146755,0.6110444231861369
23.80078125,2.5877274129513723,-1.7526987642884464,-0.3171437716866171,-6.5342470715931125,0.533025711724957
23.8046875,8.536769308636394,8.221416390003661,-0.7067036745439848,12.886602550622872,0.055169044437064746
23.80859375,2.619302612084567,1.3995636548325698,-0.3490125941600981,-8.080632611981756,1.106035295441258
23.8125,1.7771485038499364,-1.3911766442178375,1.8838043368049737,-10.391536523177507,-0.3328330686149915
23.81640625,7.413482766633114,1.2780836003831486,1.1055469252392347,-9.177015731868941,0.4077452080041087
23.8203125,0.1805705328649579,2.1735776509329394,-1.3640349141312516,-11.312577256385683,-0.06210091289974425
23.82421875,3.688190578306344,3.3724005571036546,1.6061779994017085,-7.604116486883683,-0.06633339959563417
23.828125,1.3940254042273283,-2.3660682251183007,2.7591575641735613,-10.272025879766272,0.1882101825066006
23.83203125,0.6390420808007735,-5.544945374852318,1.5028339333877607,-22.696177356293845,0.09175583346173112
23.8359375,-5.283594384747659,0.006116403808232957,5.095593777435716,4.436550157624243,-0.26473069498796475
23.83984375,-5.619071330145414,1.3237885096120143,0.012727864112051845,8.885311250068115,-0.599977598664348
23.84375,0.12904189773692432,-1.1029815520521358,-3.143505500339635,-0.9638032187219219,-0.3433549031872528
23.84765625,1.1734994718474812,-1.8669038637784088,0.694550637102602,13.174181376121329,-0.5140773186249517
23.8515625,1.5759889399686906,-3.5559631377985177,-1.953793890138054,-5.348662693372351,-0.021011372625472976
23.85546875,-3.335535490175504,-0.8103832733819232,1.73916352768281,0.9344188290875453,-0.31586479338111834
23.859375,6.614036962374321,-4.995656275338696,-2.914030419617953,6.348723899540657,-0.02654578375200508
23.86328125,-4.9849856565057,-5.18141165513141,2.4978635514344765,6.74489036242996,0.0631669939196372
23.8671875,5.94492646663738,-2.4839746977256025,-0.46919399425237884,-9.770140241261622,-0.021538487419111796
23.87109375,-0.28345375228886593,-2.724348422014731,-2.2072115839865534,-1.7183134298493168,-0.22750363540611626
23.875,5.662084759444157,-0.7991291206124351,-2.469519366054039,-4.336823113687911,-0.01582633630143854
23.87890625,-1.216147269717686,-0.93064034507482,-2.679981307355903,0.8800201408266526,-0.5424594579882556
23.8828125,0.8625648610043599,-0.916989056745949,-1.7972177706572743,-2.991580344387306,-0.6251597009328316
23.88671875,0.7235851746454378,-2.7365592913802077,-0.4312886034537653,0.3663735659896743,0.09717593541305791
23.890625,1.3211594992570452,3.893426356346861,-0.8470617530720232,-8.98177098087094,-0.2577515142643146
23.89453125,0.05442237731957822,-0.574347256763677,-1.197528805069593,-8.543308248142825,0.25162008742094444
23.8984375,-3.7824770321593717,-4.809979724839557,0.10331709975335232,19.332489209558574,-0.1955230337791781
23.90234375,-8.242643768650336,0.8025938408716412,1.258464362961457,7.4728391620261165,0.049951033218567156
23.90625,1.3183102310860095,2.1257025923670714,0.6107217765765323,-0.5367014708365385,-0.41007231137077516
23.91015625,-0.5204169478992605,-3.3005407858300533,2.485098869358051,-3.3994451796001126,-0.22454143112365382
23.9140625,-9.993902700285938,2.077744339757673,0.118595936776559,5.402249316907636,-0.197474393449399
23.91796875,-2.614234479091534,-4.2642441535696465,0.3628277599365096,-7.1412848024734465,-0.12140263317074401
23.921875,-4.260712286257415,0.3538490361796936,0.34798295123463174,11.463606370282996,0.7603911179032549
23.92578125,-5.426975320158088,0.8675236361470522,2.1761444928496525,3.9247295251243592,-0.01824732411220829
23.9296875,-2.2954262905330673,-3.8833097056238266,0.34192406117825036,-6.262849600995804,0.23489722729598875
23.93359375,5.781691120995536,-0.7473463105195566,2.9553203840317646,-15.769510744982412,0.20443998144574632
23.9375,-5.852808005177637,-4.546315205860644,2.5035963689908174,-2.9244286431438624,0.19496097460083303
23.94140625,-0.3564961193901388,-2.185098115607959,0.06717061444952965,6.792421556994686,-0.505477110519762
23.9453125,1.678947023926679,-0.5013107231196507,3.4062276953973862,0.7867488367964504,0.5406907798079116
23.94921875,-1.8188864449755564,1.4250932101278493,-5.0697966072925675,-11.676304078982472,0.43623847353179596
23.953125,-1.6132685067866068,-3.6036498892681497,-0.04510151271268095,3.6049377402384124,0.1894303853484414
23.95703125,2.4895085540985096,-0.3580817489858291,3.88898569018122,13.01503530796704,-0.13217976582197824
23.9609375,1.456595077584004,0.6463359178157481,-5.4145704232141085,3.311152301957964,-0.5431595039906607
23.96484375,0.751423249553766,-3.7970490768054708,-0.3782580191612184,1.173189224729509,0.23125511917408437
23.96875,1.6120125681227795,1.0308408795703927,-2.100787488685869,11.798898647582527,0.9892030760598145
23.97265625,-3.9932050661906824,-0.3513006945001929,-3.6488589741965862,7.879072591975182,0.05196066112330872
23.9765625,0.3701649416672347,-2.406992050782301,-2.6590367770671426,5.7791020016172965,0.19398853326560325
23.98046875,-0.7816447073612747,1.8872075306689213,0.0851034523125136,0.8720164448370964,0.35405501267660944
23.984375,5.8644564112749755,-5.5281352320442805,-6.938450612610673,-8.76440082488904,1.0815799673933386
23.98828125,-2.928077904380178,0.48154302722893255,0.8489473042038012,-3.1279065602098766,-0.11455325053225027
23.9921875,3.773014634724231,-0.841484603807007,-2.043037412679219,6.069923739125041,1.36037247469394
23.99609375,-2.1343620901299163,-3.0670639777456987,-0.4341913631779915,21.06502982086616,-0.2405308352429259
24.0,4.790308541951506,-0.7558180153563244,2.6650726571248873,-4.312708623860046,-0.11759372395401003
24.00390625,7.714456282757125,4.945816692169551,1.7597031334988327,-15.71143093913776,0.948105998140811
24.0078125,-2.7978287030883244,2.7738647342851057,2.182316150355523,-0.43551133329713654,-0.4317330135984432
24.01171875,-1.8049514109465103,0.5427305961590343,0.34576356880968495,1.0909256033886905,0.5484390000202912
24.015625,-8.26700213782471,0.9943280005249466,2.777419638475017,1.0084358656598145,0.5145211638787747
24.01953125,2.790760593954814,2.217496676518568,1.0811160462640834,-0.31347958347834304,-0.5397677931727547
24.0234375,-5.947946199231455,-0.49232508787975493,1.039721421681883,-1.7557422328617491,-0.06945770937446247
24.02734375,0.18757283524239896,2.453270834605838,-0.6217069927414849,4.168986722873916,-0.3602852628956384
24.03125,-4.2001731998049125,-2.917224927238511,1.9173484214021679,2.652777706134633,-0.3483666505854235
24.03515625,-0.8407508056287303,2.473088806940244,0.9197282251096888,-5.7603732803040755,-0.29542877850967625
24.0390625,3.2553442942027,-1.826240797708846,2.2320476286823503,-3.2642349564748683,-0.976382799107649
24.04296875,-11.553020538588065,-0.505112588578186,1.2223190299492357,2.330267015740164,0.3383132385735699
24.046875,-3.7934711331352737,-5.164876725350509,-2.364304600501211,-14.737786830306948,0.6743358840985061
24.05078125,0.772909863731278,-0.4354990136735763,-4.708832783657412,-8.100959171189398,-0.28197482687423
24.0546875,-8.578200840911206,-0.4850430099315032,-6.266872594949988,5.147751904758923,-0.9227653548181759
24.05859375,6.6788060657245305,0.8376049413356293,1.456112153191848,-5.094136326810943,0.3095240822087572
24.0625,0.05136394641714102,-2.8361979032291575,-1.2827017833404453,9.009354310827174,-0.02564632869393401
24.06640625,3.578751864090404,0.11384644430458307,-0.642417835749758,12.642796462831452,0.5340839501479555
24.0703125,3.7614159069256123,1.0351743847232575,-4.828624884737037,4.835980556316364,-0.712810511068252
24.07421875,-3.0754770122786104,3.3293982326459544,0.0669370298074694,1.9940219903955847,-0.9564032863875692
24.078125,5.582416578401285,3.3047991723106813,-2.0172333835627065,4.033328193467643,-0.6649201236065321
24.08203125,-5.030915623053558,0.5016203613747398,1.0209092273938676,-0.12670677715989953,-0.39546553414239805
24.0859375,-3.629435761924807,-0.8130677939704195,-1.0117289947942685,0.6162472937145791,-0.2868415314692769
24.08984375,-4.946212915958254,-1.0239697588952694,1.6208954358168237,-0.384174469037867,-0.22511652737968663
24.09375,6.26947501682438,5.902818694981402,-0.5533871030076675,-21.5558504726148,-0.010460355121253413
24.09765625,1.1182917143929547,3.3105785163265207,-0.40109181670867533,2.8256582956419596,0.16389238271037135
24.1015625,4.49247789980757,0.7736376035095498,1.0249296100374083,14.53085880084083,-0.8860345302218007
24.10546875,4.086453841533385,0.30417044161139234,-1.6652293123709938,14.3392178263511,0.32839039523134994
24.109375,-0.9362511146511094,0.12192986299772124,-0.3082829717410164,-7.272659556366816,0.1273612367349319
24.11328125,-0.1781380123029543,4.438370040747369,1.4293178825224502,-3.80460272198806,-0.563910950550833
24.1171875,-5.832293590686766,-1.5028435711393606,3.2290794163961634,11.077445093287196,0.16145473200018354
24.12109375,-5.94210795140587,1.2255993798507596,3.7342794110548008,0.00314073266635706,-0.4804757248144516
24.125,-3.1800433766172413,-5.088901678058359,-0.007546028247573888,-4.268409010413997,-0.5824771618358486
24.12890625,1.001197098231708,1.147685494183668,1.945063155556045,14.571940274941063,-0.5278509551541903
24.1328125,-4.940175931188459,3.821348788358758,1.5251148497389084,7.763307754669717,0.021839334070424925
24.13671875,2.3110052721712173,-1.2821810618773717,0.10380160574506303,16.682626501537534,-0.1159493049125879
24.140625,4.550924204120052,0.5239063194000745,1.6363666781706,-9.110764374343717,-0.4509435918260093
24.14453125,1.2166904057861234,1.387396540155502,-2.819388390897887,-6.36135148484494,-0.012995284815172106
24.1484375,-1.2368180251498788,0.2554733987878425,-2.7331507530977737,-4.350338352401162,-0.3863033209689922
24.15234375,4.19943042549177,-1.0141487662146558,-1.153298451775818,-9.78498230674624,0.16972460689580757
24.15625,2.9221461772558706,2.3357614157628808,-2.651997958981006,-16.81897507759579,0.25781364251120314
24.16015625,-4.719824464462648,-0.6334173063573205,-0.20270040362863972,-2.0889371680574946,0.5428457561666268
24.1640625,-2.100159794905419,-4.378968514238194,-5.94521996561522,3.107264639664419,0.011936750599087081
24.16796875,-3.4597755060331297,-5.819494438290848,-0.31854177141116224,-1.5882206515516164,0.18885262332491182
24.171875,-2.611175907477099,1.2718519430065167,-1.3435201127511016,1.7897750278593105,0.035230482539481564
24.17578125,4.640901464895223,-6.339140912459515,-1.5606018803638433,17.772533443837617,-0.3217584377314968
24.1796875,2.336092590278475,-2.095017751346444,-4.790377975720065,18.811663224847774,-0.10559517931069491
24.18359375,6.590971908680701,-0.4862450106707455,-3.0080210902080227,-0.21486040344444834,0.2793275761768247
24.1875,-1.5934230889947625,4.260287203549831,0.7619031565017464,3.2193784180172447,0.7188936917470127
24.19140625,3.4225599279357475,-2.6943356017095965,-1.0029957117188257,9.906290184107434,-0.3690252294708541
24.1953125,0.41346288387772817,3.455023465537212,-2.0153194903990745,-15.235673930717459,-0.49791430441649676
24.19921875,-0.5055835389751054,-3.0517490330146746,1.0657502685957845,-7.445065889190882,0.25206177420484366
24.203125,0.9286716315653099,1.184259374493647,-3.4581669541388993,-12.483704585687832,-0.7476853004703935
24.20703125,-0.13668614621674666,4.978593191275365,1.542873962192611,-4.711104172678018,0.3017697878534924
24.2109375,0.1386787232293993,0.08293412495178878,-1.0525039421579523,-0.3194005422569086,0.08195348283131086
24.21484375,-6.785652238029654,2.7958942901647275,0.11216935014443585,17.931310860690395,-0.6558186874264782
24.21875,0.8533134639117006,-6.102685463607187,0.8864206490438321,6.199600392194352,0.757124547734642
24.22265625,4.611235322454556,1.4758137987054252,3.685715473304627,1.976211860732111,0.7582464932066639
24.2265625,2.308913038771487,-2.5009872605884462,1.5534220985599017,-9.06990302473567,0.5033040528599227
24.23046875,-5.401869420856346,-1.764650150913046,5.042519496922429,7.503341038554489,0.038794441436483154
24.234375,-3.333787582843511,4.469563029368184,3.7022515063553625,3.3056396077093355,0.12044351492975086
24.23828125,0.5169651725504185,-1.405656974166913,-0.5868249303181723,-6.7294495588522105,0.4036736818049705
24.2421875,0.9885615096862416,0.7013787329699505,-0.35295144065021167,-11.657786432679355,-0.34879990614398865
24.24609375,-6.845227842872236,0.8276945698405364,1.6382832628484092,10.075330464949527,0.029472981507958115
24.25,-2.270393553236337,-4.314480045849842,-0.5866211379086037,-11.746076485632573,0.766259671724626
24.25390625,-1.9868588605821937,2.7513559458480885,4.373286312840813,9.856483655896733,-0.5243113249064109
24.2578125,-4.610151082895866,2.1271425248117186,1.2216693452351668,4.681372075834035,1.353135369306663
24.26171875,6.051986054077146,1.0188612876482126,-1.3740302634867092,-1.7102981944856923,-0.7928510264416417
24.265625,3.2903713864503077,-0.8143800578297116,-0.2955820460981555,-4.8376831987329965,0.5832433397815379
24.26953125,-0.10479971909219667,3.3862963673687068,-1.42909825489957,-7.863165007965449,-0.35122434008986536
24.2734375,2.4380854990381575,3.597399774731842,-2.873468061202183,-10.480136257221748,0.2985739152353039
24.27734375,1.5719393928819028,5.382222332415987,-1.3317221122514402,-0.9955760564410647,-0.5924015118601712
24.28125,-5.175044833917016,-4.256952447726318,-0.3234412185754032,-7.370272238491813,0.6781766867636914
24.28515625,3.4964683655436435,-2.7274440595155407,-0.09425568800270168,8.983368103200469,0.4840534089269592
24.2890625,2.6954885916239655,2.1917703203658396,-1.4081375004221428,-1.3857673037786018,0.17170407429652604
24.29296875,0.9033989173737613,5.14609978233991,2.0617547441338413,20.61137901713949,-0.4767933180846053
24.296875,1.5876378588319546,-0.6255434774580584,-2.859894296521564,4.430933030764862,0.051949876532917785
24.30078125,-2.6967290387590483,4.178739760151311,1.5253480225831133,-9.631631035681002,0.03415161525905135
24.3046875,-0.6293093591763277,4.96736797671308,-0.25052149492647946,0.11312900335537052,-0.9242587196377735
24.30859375,4.39525065393373,0.14450325688225954,1.3953641051449135,3.7829747128607774,0.28864641435453836
24.3125,-3.7663616990460045,0.20316905309090066,4.942742678300395,-11.183824414419345,-0.0642452151537827
24.31640625,4.177413685741561,2.287320221559164,1.8043525181278595,-7.676791043047091,-0.005745523803651904
24.3203125,4.386720165561799,1.631004517765959,1.9154779122720804,-3.014000044177066,-0.24756473693934639
24.32421875,3.0621515159022126,-2.980435862294359,2.0547893100568113,8.177463784521935,-2.5990017552134303e-05
24.328125,-0.8818409792613805,2.5072171743441314,-0.041314136274152036,0.49832287843763146,-0.14292111311145944
24.33203125,-1.7600360798158363,-2.1374773506132554,2.3574810012575282,20.409690553167206,-0.6259517973323896
24.3359375,-3.349295057634329,0.6761503780607762,-0.006760705027975433,16.87468759633997,0.10703996049265367
24.33984375,2.0468006438900064,-1.6808541890447737,0.3751945675328229,-0.04063153569680189,0.8784210244986171
24.34375,-0.20018681943804706,-1.1507373764575912,-1.3877783159801185,-3.283826499635474,0.5687053286445911
24.34765625,0.8023153665060219,0.4658262921538294,0.7031055438021268,-3.2679425022970214,0.08482517077967552
24.3515625,-7.400883615057305,4.603869441399038,3.4098779854972032,17.07265660605885,-0.1697268840537289
24.35546875,1.673474331751753,-0.43145911919785296,-0.2524930045554519,4.728318702467739,-0.31978208502686156
24.359375,1.3335299848021849,-3.703078089725653,-1.1257598009833845,-0.7700958361965249,-0.1443863861219909
24.36328125,0.9487039748752915,-2.512474309924327,1.3499116211076538,10.374233557453222,-0.10200058046325822
24.3671875,-9.05846069114795,2.6561675669557974,-1.7142127746131766,-6.127165488886457,0.22705375562394778
24.37109375,-7.874025121028594,-3.6483863259965603,-2.978381531562407,-6.586196604962367,-0.7909550607084407
24.375,0.8725808719843569,-5.19866510155345,-2.375557129568076,1.9459682316085187,0.7297978172908298
24.37890625,-1.6963600223084119,0.8988002639960238,-1.3828756393388701,-5.35104271636753,0.36829860052935065
24.3828125,0.5112953320173224,4.781425001764725,-3.7951813026603682,-0.30028364038194644,0.6602293948403483
24.38671875,2.996948276042435,1.9709455157991378,-0.46805349838455956,14.716121710235987,-0.2974777446494949
24.390625,2.202199246760169,5.222060746581647,-2.661483388425612,-7.973245030985559,-1.4444406141700803
24.39453125,1.6194263919441914,1.1096624145204257,-2.159954745963477,8.418583793976174,-0.10508250127705095
24.3984375,-1.1962629703375736,-3.4542540318129795,2.3396505364014604,8.822843764167505,0.38776551990835656
24.40234375,-3.2911359465490153,0.10904965777782585,1.0874081121968218,-0.4572457607687186,-0.4732760512199185
24.40625,-0.06500833946665888,-1.0473068578039213,2.8758489806104794,1.202886901541362,0.310676633417674
24.41015625,0.9820939106121716,2.5371424143405,4.489042805092991,2.0584049686774195,-0.3429208896429698
24.4140625,1.3241417467991472,-0.9817032902679823,0.9488919003805802,2.396321158690179,0.017847598549923255
24.41796875,-0.9006042660885616,-0.2649147969748943,5.228563101477534,-4.870552079274675,0.5806585170035073
24.421875,3.070797030088528,-0.91431725955994,0.2505453398097699,-0.5650163078867374,-0.6141461812481775
24.42578125,-5.722597973755946,3.880307713402031,1.8595233688404351,-13.48575829663764,0.5604307860012492
24.4296875,-3.871762378400275,-2.307065841782675,3.4081903157166344,-4.165166038464163,0.3550633559683684
24.43359375,-0.16084179773474971,-1.967417292523049,0.4614642763257364,-4.757820989364091,-0.9073439463305166
24.4375,-0.9216329627425023,5.32483601609619,1.0485406583105294,-12.827275221585072,-0.24115898522878193
24.44140625,1.6015115627510847,-3.257287270328555,3.0562601058394225,-5.490610479734578,-0.3596470835566671
24.4453125,-4.19863517645915,-4.812670253927328,1.445215363041537,-15.125577526895956,-0.22527297284329784
24.44921875,-2.276841082967421,5.144301375290755,1.0803129461645316,7.01731191359372,0.5447318983836121
24.453125,-2.6034690026850877,-3.671686484337079,-2.6806114885375574,4.563804421669352,0.6687061699885986
24.45703125,-5.354683039286317,-1.4967483354464002,-0.0517772589615928,8.569889751525293,-0.36834951170348024
24.4609375,3.6374363520768185,-2.276959731682496,2.6837322660321394,8.02376218436807,1.1050269847949163
24.46484375,3.7014717852831844,3.576042030945284,-2.7592579741936727,14.473934591997738,0.051212480856865396
24.46875,2.5268612971018003,-0.5370656231707696,-0.7048362110979725,-5.298480703062964,-0.2008777774823592
24.47265625,-4.298467998843953,1.3163738306112116,-1.820744579990463,13.01371985910116,0.8323337709619619
24.4765625,-5.201992364294606,7.707112329355183,0.14338629994746888,4.9816178655086,-0.26437805810853793
24.48046875,3.604619344236335,4.504920320026917,-3.4661106571728175,-11.91857006834368,0.3531554321511828
24.484375,-2.2866023055618823,3.78502497521865,-1.7057675258709264,2.716913176480933,-0.4074356176240411
24.48828125,-3.0018788273889396,0.1266338265904974,-0.7066201730378491,1.5849533281901111,0.6021733253218549
24.4921875,4.106341116091857,2.9242299152055025,-2.344913717363409,-12.735470676973133,-0.6828372595540327
24.49609375,0.11253075656395925,-1.3864079228548518,-0.6860330675151253,2.484140101759363,0.3250695929809846
24.5,0.7831418505916492,2.966856778914951,-0.2587496117205383,8.4422522737566,0.6886311024804685
24.50390625,-3.8848109406012563,4.747481767289976,0.015343305726980005,2.710393648177496,0.6567333802461354
24.5078125,-1.950986322556437,0.13223656426064212,3.0583217110616263,-5.059589342783266,0.4457113616385461
24.51171875,4.26641322745197,-6.28483449955014,1.9422569781020178,3.4729635776044425,0.014638681089741304
24.515625,-4.755275237750456,-7.352194202360212,-0.08272696588717543,6.909417471079175,0.16938968174331503
24.51953125,-2.006144329750123,-6.780853228109141,2.9901527959872807,0.9567128665295916,-0.3761911387021329
24.5234375,-5.529367870837923,0.5952556046887139,0.9323723068384371,19.074424393619196,1.0682607485567108
24.52734375,-3.9557699831915487,-0.8672042547644161,2.840615074383596,8.052941671011737,0.05409291833206542
24.53125,-5.85097000917031,-2.641649713079624,4.296109798844268,1.2902938652049496,-0.038466764874903435
24.53515625,5.882561367608899,0.5476642639012697,1.4203662392237228,-11.036943684902962,-0.1658832504084609
24.5390625,5.174002840036337,-1.5243159900837124,0.5404599238822666,-8.972176183751323,0.2682955579513974
24.54296875,-5.647389064017277,5.256288061367454,3.4627104202561987,-8.05117132979813,-0.06837905007304027
24.546875,-4.254196311348539,2.025520351744949,0.13820260031256615,-14.179380824528918,-0.2183472042637975
24.55078125,3.854231733059031,-4.017058351775102,1.8354744372840535,-10.823522493558666,-1.021217380927071
24.5546875,-3.184326959356954,-0.2552131772439925,1.3055246902368214,-14.74280831742538,-0.5859200368762949
24.55859375,0.156715366132218,2.8980660133709883,-2.5369838821290975,11.625281069713479,-0.502243079982524
24.5625,-0.6680023051313008,1.5614355003751386,-1.8947396581961047,3.428467537699511,-0.18895071460239496
24.56640625,-4.267795611742955,0.5693518213707884,-2.5425757790824317,-1.1313055867310897,-0.7567554022796759
24.5703125,0.007371285886579679,2.6321676682243167,2.1040121328904977,1.0319334896937518,-0.5677935187810391
24.57421875,-4.682864784812219,0.12563375630308846,0.24937841620069112,-3.8852881331316516,-0.6214150780946538
24.578125,-1.5546402225681,-2.993417675676377,-3.046171937030495,13.99077378792374,-0.8970957900155841
24.58203125,-0.24134822508071896,-1.713648079264018,-0.11025654654989392,3.7704057510265434,-0.5792925177117111
24.5859375,-7.881524085304501,-3.0368971010517116,-2.4525469456423648,-1.804347152727741,0.036041799413955605
24.58984375,-1.752048913505175,-0.5203814764577208,-0.06316604023585781,4.139804907717659,0.4976304063847305
24.59375,4.600271132067991,5.749440296287825,0.6883476086038219,5.781989296276365,-0.14324871695804034
24.59765625,2.2285854267456915,-5.351236473253383,-2.060443780024954,-9.851458417448109,-0.3649305427696474
24.6015625,1.6238555459544206,-1.4783427719962299,-2.8589196916093176,0.31242000678921844,0.6269991928921961
24.60546875,6.415787494059875,4.352122150016111,1.13387496838335,-6.805679167270206,1.4396824338795133
24.609375,0.7150446759597863,-4.142669657087259,3.20313997322655,-11.27328354542267,0.6845706263483308
24.61328125,2.281793306080627,-6.260832673142427,-0.3239372017804787,4.321497418840935,-0.46087355602832536
24.6171875,7.456611812794112,-3.6584379665850397,1.7021747800177367,6.431628964629068,0.23311406640700233
24.62109375,1.6853854738600529,0.3349677893828511,3.904231806156197,13.73462643956941,-0.12704952703366174
24.625,1.0954407020645534,-0.9728891995684816,3.2134677098524613,11.797048938012914,0.3703519871520813
24.62890625,-12.377969978500257,-3.106643836354023,-0.37286769910726814,-0.8550268702813675,0.5574583057558241
24.6328125,3.22316732972543,3.4247413523810626,1.8891087031569451,-0.08422770075659214,0.9536133695734552
24.63671875,6.607001393821847,-3.563741322391264,1.893956528909539,4.570165542430524,0.8619315275042333
24.640625,-2.485261719724759,1.5659551074366522,-0.0037974769160046273,-3.183679150465011,0.5215363639494301
24.64453125,2.9221200647283054,-0.35914263139745417,0.44516369801805233,-3.3668693699473358,-0.34724198597297595
24.6484375,1.26181156488308,9.183738289313379,1.7665000678111071,7.670537606333439,0.28053036416960514
24.65234375,1.984207802442926,1.7446128142728696,-0.8761763867447442,0.18445893648329115,0.4251940691237705
24.65625,0.13627444980123884,2.054879370119203,1.9990957777312983,-12.593724503777402,0.33888825238846637
24.66015625,0.15700899278174896,-1.1014432708360744,-2.5284646066629994,-7.456101833244134,0.1582966989772909
24.6640625,-1.6224857123468048,3.220168803608255,-2.510920900134343,-2.4837579930381866,-0.005840035674981937
24.66796875,-1.1131864469869084,-7.6221103542364235,0.7867713798322624,5.1129640575958915,0.009665300085798053
24.671875,-2.8258756598697685,-2.0922482319682265,-4.96028968543438,7.973375978925132,0.28278365285823087
24.67578125,-2.361998045826161,-5.921197228094488,-0.8177645434111668,16.09183498963425,-0.015038775372613377
24.6796875,0.08893427245899597,-0.023223767981283068,-1.6485435532250008,14.914406705115308,-0.10698206108401108
24.68359375,3.1598197326012687,-5.026968381879484,0.6908229919000299,10.77119821261277,-0.25158876897495874
24.6875,-5.39209330507919,0.5156618616638949,-4.27522198872217,14.268216732566493,-0.6031387918869083
24.69140625,1.7804861258302387,-3.9426680613869207,-2.9391217950931257,0.6705079907057472,0.11826268834331843
24.6953125,2.5173936396154595,3.081979389555472,-2.4479626613625722,5.623106251397839,0.03362045182174419
24.69921875,2.393162182956731,-0.9483554684235744,-1.1252180030271333,1.326636565949384,-0.7102755279848928
24.703125,-7.365669390376239,-0.5423474161476383,-0.2776329037179724,-3.0317759786405754,-0.3446258338419127
24.70703125,3.1286333499957375,-1.5495937450639274,-0.9183460257283004,-4.931329510647869,0.1786164395903427
24.7109375,4.432320817019738,-3.9879785613360346,0.42455702907228465,-9.594140006418744,1.0487825021098882
24.71484375,7.796217581357809,0.8292611105926742,-1.2158925784453425,-6.18375754584989,0.24589467845237714
24.71875,1.5021959887112757,3.2191338961013694,1.5791909203567018,-13.24955586062198,-0.8496374322624833
24.72265625,10.430193211032945,-1.3044339068697903,3.55731387560429,-11.029219752873638,0.405728681093722
24.7265625,-5.880988125123822,-1.137824731369702,4.096734346321858,8.716710582053214,0.12138241736822387
24.73046875,6.065087761070804,-2.2084352699763024,-3.0244898237030577,9.099795047173323,0.07821278460224408
24.734375,1.9116845689834374,3.4437037147189544,5.487294119611003,13.071897934403776,-0.2747139075485209
24.73828125,4.956614720293008,-3.458824687397417,2.785678445318946,3.5635659016379804,-0.06625764496457415
24.7421875,-2.9756728802762136,2.2496548124003954,1.5202255835385436,-3.6178417015536573,-0.13172596261755817
24.74609375,1.646767750211654,4.507245785576539,1.2520717683824396,2.6800542671326353,0.722679799789014
24.75,-0.32388882028579985,0.29668493506560395,-0.5657376307150238,-13.425368536311186,0.3238594230915998
24.75390625,3.7047566916330097,2.2771563566722985,-2.4044302373549926,-9.21158606533446,-1.007660301165658
24.7578125,0.3621123584533335,-0.8627822693061293,3.850437148434819,-18.152713701975607,-0.3063986347662913
24.76171875,10.781758449500016,3.523740310895194,-1.8878260063562065,8.103647257999134,0.20348166649698698
24.765625,-2.883159485338535,-0.08744453851432622,-1.2332994140619389,-3.6953068122853363,-0.23996303901372526
24.76953125,4.249281435612132,1.4246542948707606,2.3642424736666263,-1.6416513000422146,-0.20485793324083051
24.7734375,0.5057556645573801,2.3620353650904526,-3.2209056599461956,-0.14666096792858552,-0.0067163470789002935
24.77734375,1.3688030147574963,0.5388659804175914,-4.694239029399505,1.1669229775644112,0.21376408874241928
24.78125,-7.563428391620461,-1.547474209415793,-0.6124346243516308,7.053306619153126,-0.3693130802126905
24.78515625,-3.457611258181329,3.6685966009867568,1.6806978515236246,12.491475002694584,0.20792869764538136
24.7890625,-4.357379602501853,0.6696997556294193,2.3687157912608514,4.656972459319933,-0.103225163446293
24.79296875,3.3999105773270952,6.342789650914158,0.3704692729328367,-1.3072907917576462,-0.5308308965160358
24.796875,4.184957207442983,-2.6588024054978376,-2.682871971589022,-0.12064412996399287,-0.3190646030811166
24.80078125,0.3059272695216269,0.20241305344630106,0.6043985397827509,3.3973915684041427,-0.2410547598761215
24.8046875,2.492842071734476,8.228871572853187,1.446592713176774,-2.831452733887039,-0.9276798281240527
24.80859375,1.4325882162881898,-0.58745911709676,-2.302584250484597,-1.1052431134534135,-0.5558181656561615
24.8125,1.5525995139052244,-2.7674284444918653,1.1342720996341762,-5.1890379143906165,0.24460184380863267
24.81640625,-0.5583577098472501,-2.0497518557466474,2.586594122946802,7.272684903008155,-0.04482376818052542
24.8203125,0.5073422272844339,2.957314671139713,-1.3594473538085539,-9.429543801078662,-0.3751438822167232
24.82421875,-0.450633840408369,4.871556650709806,2.202971115599408,2.7991932392261303,0.24187238635010744
24.828125,1.100599089713914,-1.5514741181786014,-0.7504836374487067,-8.03321370991055,-0.8098700868143495
24.83203125,-3.4314027478334514,1.6332878172788128,-0.05245823720822407,0.8080076939380358,1.2864925368478883
24.8359375,-5.8659398916117755,0.015991868463384084,0.5736804576729277,11.828984655273834,0.5552024042368437
24.83984375,8.58341271334785,-2.6092847111323123,-0.7882278296485051,5.258210877058607,0.4269141804221414
24.84375,3.1287775700095786,-3.4596743817368405,3.1113307263700603,-2.349067343630489,0.008065529425093152
24.84765625,-5.512357886094253,-1.5867721102546128,-2.334031284938655,15.625935881198473,-0.12164315341155865
24.8515625,-1.8293417902876983,3.0327772194781923,1.8807710123806187,4.031979309239062,0.7597897746025299
24.85546875,0.5639090317022355,-2.6178656624619947,-0.5007344408904915,9.136078324151175,-0.5371569549548344
24.859375,3.6903637900399233,-2.669096258669783,0.08433571706243082,-4.264844954238095,0.1834288150219263
24.86328125,-0.1313949237148963,-0.8313368890976846,-3.0016787616232365,-15.824855490252379,0.45453036430936683
24.8671875,2.2509048078422857,-0.933659177460683,-4.9765540111491315,-7.7742697740255,-0.3672935406550028
24.87109375,0.40125723032817034,-1.677570800215563,-3.274389942274103,-1.0356129290394591,1.5942400582692655
24.875,4.031709423740947,-1.5486427983127382,-1.0598716140276485,-29.70991608682677,-0.7678521783811147
24.87890625,1.9181691802304168,0.2780024181073568,-2.653883522983171,-1.9387051015112413,-0.4104570549191231
24.8828125,-3.1207823518951723,-0.1044942212144282,-0.22326411459872397,-11.41895906875073,-0.8431939145492371
24.88671875,-8.250978780577665,-1.4781800675150467,-1.9943121892268934,7.950599435623724,-0.5956254773381702
24.890625,-1.396138031477022,6.398397480361332,0.21236685537314082,-17.614977259619067,0.6094346656649982
24.89453125,5.52238311318249,-6.0106658760095115,1.6899674218575673,0.21297237488583098,-0.33223437802088485
24.8984375,2.608746362864625,3.444700981483822,2.54284789022211,-3.887207616409251,-0.29131456716581794
24.90234375,-6.268148966573626,0.9157525114052094,7.0554353608306695,23.333243874051146,0.063965406289848
24.90625,4.0379133591583685,1.8258466169492162,2.57245687462051,-5.568122916317237,1.1578277826535681
24.91015625,-4.415462656410526,-1.6740333987578695,0.9899426680086864,25.96236432409745,-0.24709562436724355
24.9140625,-4.931164143697251,-2.92436625636686,2.2733972246414496,7.299913443339607,0.03133146278401686
24.91796875,8.44514208620735,-3.8568046934834923,3.169026096820561,-14.00788925356291,-0.09031500476653605
24.921875,-1.4232850351741853,1.418517839651265,1.2808456548897187,-10.559491216701705,0.5747720841345529
24.92578125,-0.8879768150244418,0.10403654362359929,-0.04356841365333697,-12.15248086215654,-0.32594483035149324
24.9296875,-2.7930516296191072,-1.5034040111633016,3.6039522989209094,-1.2070756451953333,0.46669704252641997
24.93359375,2.421079468078874,-1.4485526737054184,-1.926810696520173,-7.873147362390421,0.2798136086716496
24.9375,-3.080235267349002,1.2189883152293488,2.6876711836277387,6.645691695499586,0.24817748784873364
24.94140625,-5.104023651750623,-1.4480165874578679,2.858671331786631,0.49125159144102915,0.7748950375630717
24.9453125,-8.564666524486654,5.370412605404417,2.496612491950211,-12.652530326743125,0.2429333432747051
24.94921875,-2.270126430615004,0.3237575714169511,1.3999091570605704,12.953706902423013,-0.2573358278096869
24.953125,0.3590941048625664,0.27415640212508285,1.143235142807593,10.37533325606552,0.2829786818556069
24.95703125,-4.378579957738067,1.3207767554761785,-0.004167843405699645,-1.4515357897663952,-0.5995610180380373
24.9609375,5.717443704857033,3.864115610064241,-2.9564331441938183,1.4333131940353123,-0.41152589156902436
24.96484375,-3.589609329081023,0.6107385222289272,-1.1607737298736762,-0.3729048753608897,0.2785732903278367
24.96875,1.764125450755227,-0.9579008805879414,-6.868187161170744,-5.691490880120492,-0.10194265842303822
24.97265625,1.5504781277539517,-4.462020742795151,-4.656592472419133,10.118466886281555,-0.42836437231782976
24.9765625,-1.7010856059282793,2.7075848415806893,-1.0316729438408312,-21.492829574575207,0.7227125216815096
24.98046875,-2.8953330970614233,1.851051087640168,-2.340448870576742,-8.87850336898691,-0.3116755029682854
24.984375,-6.401204189329149,-0.4646546177364883,-0.6778136828864393,-5.941192309327359,-0.1485869302315229
24.98828125,-2.5159656163996007,0.23925982674021223,-2.399303251866272,0.28765639247954766,0.6738520305972834
24.9921875,2.3989954842241072,2.626832854371017,-2.6921777724754783,-12.186233979985097,0.6382095074349485
24.99609375,2.3016850015976966,-4.391000352360798,-0.29429708957395684,-7.967436925010884,1.072955322359156
